tcc_track_id,basin,year,issue_time_utc,current_lat,current_lon,linked_ibtracs_sid,first_34kt_time_utc,label_24h,label_48h,input_times_utc,split,matched_timestamps,full_9_step_match,match_class
100015,WP,1982,1982-03-14T03:00:00Z,6.2,152.5,1982073N07153,1982-03-15T12:00:00Z,0,1.0,1982-03-13T03:00:00Z|1982-03-13T06:00:00Z|1982-03-13T09:00:00Z|1982-03-13T12:00:00Z|1982-03-13T15:00:00Z|1982-03-13T18:00:00Z|1982-03-13T21:00:00Z|1982-03-14T00:00:00Z|1982-03-14T03:00:00Z,train,0,False,zero
100017,SI,1982,1982-03-15T18:00:00Z,-12.2,54.6,1982075S12055,1982-03-16T18:00:00Z,1,1.0,1982-03-14T18:00:00Z|1982-03-14T21:00:00Z|1982-03-15T00:00:00Z|1982-03-15T03:00:00Z|1982-03-15T06:00:00Z|1982-03-15T09:00:00Z|1982-03-15T12:00:00Z|1982-03-15T15:00:00Z|1982-03-15T18:00:00Z,train,0,False,zero
100017,SI,1982,1982-03-15T21:00:00Z,-12.0,53.2,1982075S12055,1982-03-16T18:00:00Z,1,1.0,1982-03-14T21:00:00Z|1982-03-15T00:00:00Z|1982-03-15T03:00:00Z|1982-03-15T06:00:00Z|1982-03-15T09:00:00Z|1982-03-15T12:00:00Z|1982-03-15T15:00:00Z|1982-03-15T18:00:00Z|1982-03-15T21:00:00Z,train,0,False,zero
100017,SI,1982,1982-03-16T00:00:00Z,-12.1,53.4,1982075S12055,1982-03-16T18:00:00Z,1,1.0,1982-03-15T00:00:00Z|1982-03-15T03:00:00Z|1982-03-15T06:00:00Z|1982-03-15T09:00:00Z|1982-03-15T12:00:00Z|1982-03-15T15:00:00Z|1982-03-15T18:00:00Z|1982-03-15T21:00:00Z|1982-03-16T00:00:00Z,train,0,False,zero
100017,SI,1982,1982-03-16T03:00:00Z,-12.3,53.5,1982075S12055,1982-03-16T18:00:00Z,1,1.0,1982-03-15T03:00:00Z|1982-03-15T06:00:00Z|1982-03-15T09:00:00Z|1982-03-15T12:00:00Z|1982-03-15T15:00:00Z|1982-03-15T18:00:00Z|1982-03-15T21:00:00Z|1982-03-16T00:00:00Z|1982-03-16T03:00:00Z,train,0,False,zero
100020,SP,1982,1982-03-31T15:00:00Z,-2.4,160.9,1982091S03159,1982-04-02T06:00:00Z,0,1.0,1982-03-30T15:00:00Z|1982-03-30T18:00:00Z|1982-03-30T21:00:00Z|1982-03-31T00:00:00Z|1982-03-31T03:00:00Z|1982-03-31T06:00:00Z|1982-03-31T09:00:00Z|1982-03-31T12:00:00Z|1982-03-31T15:00:00Z,train,0,False,zero
100021,SP,1982,1982-04-04T09:00:00Z,-12.6,138.0,1982095S11138,1982-04-05T00:00:00Z,1,1.0,1982-04-03T09:00:00Z|1982-04-03T12:00:00Z|1982-04-03T15:00:00Z|1982-04-03T18:00:00Z|1982-04-03T21:00:00Z|1982-04-04T00:00:00Z|1982-04-04T03:00:00Z|1982-04-04T06:00:00Z|1982-04-04T09:00:00Z,train,0,False,zero
100032,EP,1982,1982-06-17T03:00:00Z,14.1,-97.8,1982168N13266,,0,0.0,1982-06-16T03:00:00Z|1982-06-16T06:00:00Z|1982-06-16T09:00:00Z|1982-06-16T12:00:00Z|1982-06-16T15:00:00Z|1982-06-16T18:00:00Z|1982-06-16T21:00:00Z|1982-06-17T00:00:00Z|1982-06-17T03:00:00Z,train,0,False,zero
100040,EP,1982,1982-07-06T18:00:00Z,8.0,-97.2,1982188N09262,1982-07-07T18:00:00Z,1,1.0,1982-07-05T18:00:00Z|1982-07-05T21:00:00Z|1982-07-06T00:00:00Z|1982-07-06T03:00:00Z|1982-07-06T06:00:00Z|1982-07-06T09:00:00Z|1982-07-06T12:00:00Z|1982-07-06T15:00:00Z|1982-07-06T18:00:00Z,train,0,False,zero
100040,EP,1982,1982-07-06T21:00:00Z,8.6,-97.5,1982188N09262,1982-07-07T18:00:00Z,1,1.0,1982-07-05T21:00:00Z|1982-07-06T00:00:00Z|1982-07-06T03:00:00Z|1982-07-06T06:00:00Z|1982-07-06T09:00:00Z|1982-07-06T12:00:00Z|1982-07-06T15:00:00Z|1982-07-06T18:00:00Z|1982-07-06T21:00:00Z,train,0,False,zero
100048,EP,1982,1982-07-25T18:00:00Z,8.2,-116.1,1982207N09243,1982-07-26T18:00:00Z,1,1.0,1982-07-24T18:00:00Z|1982-07-24T21:00:00Z|1982-07-25T00:00:00Z|1982-07-25T03:00:00Z|1982-07-25T06:00:00Z|1982-07-25T09:00:00Z|1982-07-25T12:00:00Z|1982-07-25T15:00:00Z|1982-07-25T18:00:00Z,train,0,False,zero
100048,EP,1982,1982-07-25T21:00:00Z,8.2,-118.1,1982207N09243,1982-07-26T18:00:00Z,1,1.0,1982-07-24T21:00:00Z|1982-07-25T00:00:00Z|1982-07-25T03:00:00Z|1982-07-25T06:00:00Z|1982-07-25T09:00:00Z|1982-07-25T12:00:00Z|1982-07-25T15:00:00Z|1982-07-25T18:00:00Z|1982-07-25T21:00:00Z,train,0,False,zero
100048,EP,1982,1982-07-26T00:00:00Z,9.1,-116.9,1982207N09243,1982-07-26T18:00:00Z,1,1.0,1982-07-25T00:00:00Z|1982-07-25T03:00:00Z|1982-07-25T06:00:00Z|1982-07-25T09:00:00Z|1982-07-25T12:00:00Z|1982-07-25T15:00:00Z|1982-07-25T18:00:00Z|1982-07-25T21:00:00Z|1982-07-26T00:00:00Z,train,0,False,zero
100048,EP,1982,1982-07-26T03:00:00Z,8.9,-117.4,1982207N09243,1982-07-26T18:00:00Z,1,1.0,1982-07-25T03:00:00Z|1982-07-25T06:00:00Z|1982-07-25T09:00:00Z|1982-07-25T12:00:00Z|1982-07-25T15:00:00Z|1982-07-25T18:00:00Z|1982-07-25T21:00:00Z|1982-07-26T00:00:00Z|1982-07-26T03:00:00Z,train,0,False,zero
100049,EP,1982,1982-07-28T12:00:00Z,12.5,-110.8,1982210N11245,1982-07-29T12:00:00Z,1,1.0,1982-07-27T12:00:00Z|1982-07-27T15:00:00Z|1982-07-27T18:00:00Z|1982-07-27T21:00:00Z|1982-07-28T00:00:00Z|1982-07-28T03:00:00Z|1982-07-28T06:00:00Z|1982-07-28T09:00:00Z|1982-07-28T12:00:00Z,train,0,False,zero
100049,EP,1982,1982-07-28T15:00:00Z,12.4,-112.3,1982210N11245,1982-07-29T12:00:00Z,1,1.0,1982-07-27T15:00:00Z|1982-07-27T18:00:00Z|1982-07-27T21:00:00Z|1982-07-28T00:00:00Z|1982-07-28T03:00:00Z|1982-07-28T06:00:00Z|1982-07-28T09:00:00Z|1982-07-28T12:00:00Z|1982-07-28T15:00:00Z,train,0,False,zero
100049,EP,1982,1982-07-28T18:00:00Z,12.3,-113.8,1982210N11245,1982-07-29T12:00:00Z,1,1.0,1982-07-27T18:00:00Z|1982-07-27T21:00:00Z|1982-07-28T00:00:00Z|1982-07-28T03:00:00Z|1982-07-28T06:00:00Z|1982-07-28T09:00:00Z|1982-07-28T12:00:00Z|1982-07-28T15:00:00Z|1982-07-28T18:00:00Z,train,0,False,zero
100049,EP,1982,1982-07-28T21:00:00Z,12.4,-113.4,1982210N11245,1982-07-29T12:00:00Z,1,1.0,1982-07-27T21:00:00Z|1982-07-28T00:00:00Z|1982-07-28T03:00:00Z|1982-07-28T06:00:00Z|1982-07-28T09:00:00Z|1982-07-28T12:00:00Z|1982-07-28T15:00:00Z|1982-07-28T18:00:00Z|1982-07-28T21:00:00Z,train,0,False,zero
100055,EP,1982,1982-08-08T09:00:00Z,9.9,-108.6,1982221N10250,1982-08-09T09:00:00Z,1,1.0,1982-08-07T09:00:00Z|1982-08-07T12:00:00Z|1982-08-07T15:00:00Z|1982-08-07T18:00:00Z|1982-08-07T21:00:00Z|1982-08-08T00:00:00Z|1982-08-08T03:00:00Z|1982-08-08T06:00:00Z|1982-08-08T09:00:00Z,train,0,False,zero
100055,EP,1982,1982-08-08T12:00:00Z,10.0,-109.1,1982221N10250,1982-08-09T09:00:00Z,1,1.0,1982-08-07T12:00:00Z|1982-08-07T15:00:00Z|1982-08-07T18:00:00Z|1982-08-07T21:00:00Z|1982-08-08T00:00:00Z|1982-08-08T03:00:00Z|1982-08-08T06:00:00Z|1982-08-08T09:00:00Z|1982-08-08T12:00:00Z,train,0,False,zero
100055,EP,1982,1982-08-08T15:00:00Z,11.1,-109.0,1982221N10250,1982-08-09T09:00:00Z,1,1.0,1982-08-07T15:00:00Z|1982-08-07T18:00:00Z|1982-08-07T21:00:00Z|1982-08-08T00:00:00Z|1982-08-08T03:00:00Z|1982-08-08T06:00:00Z|1982-08-08T09:00:00Z|1982-08-08T12:00:00Z|1982-08-08T15:00:00Z,train,0,False,zero
100054,EP,1982,1982-08-08T09:00:00Z,9.4,-119.9,1982221N10236,1982-08-09T06:00:00Z,1,1.0,1982-08-07T09:00:00Z|1982-08-07T12:00:00Z|1982-08-07T15:00:00Z|1982-08-07T18:00:00Z|1982-08-07T21:00:00Z|1982-08-08T00:00:00Z|1982-08-08T03:00:00Z|1982-08-08T06:00:00Z|1982-08-08T09:00:00Z,train,0,False,zero
100054,EP,1982,1982-08-08T12:00:00Z,9.4,-123.4,1982221N10236,1982-08-09T06:00:00Z,1,1.0,1982-08-07T12:00:00Z|1982-08-07T15:00:00Z|1982-08-07T18:00:00Z|1982-08-07T21:00:00Z|1982-08-08T00:00:00Z|1982-08-08T03:00:00Z|1982-08-08T06:00:00Z|1982-08-08T09:00:00Z|1982-08-08T12:00:00Z,train,0,False,zero
100054,EP,1982,1982-08-08T15:00:00Z,9.1,-123.9,1982221N10236,1982-08-09T06:00:00Z,1,1.0,1982-08-07T15:00:00Z|1982-08-07T18:00:00Z|1982-08-07T21:00:00Z|1982-08-08T00:00:00Z|1982-08-08T03:00:00Z|1982-08-08T06:00:00Z|1982-08-08T09:00:00Z|1982-08-08T12:00:00Z|1982-08-08T15:00:00Z,train,0,False,zero
100059,NA,1982,1982-08-27T18:00:00Z,13.9,-21.0,1982241N14338,1982-08-28T18:00:00Z,1,1.0,1982-08-26T18:00:00Z|1982-08-26T21:00:00Z|1982-08-27T00:00:00Z|1982-08-27T03:00:00Z|1982-08-27T06:00:00Z|1982-08-27T09:00:00Z|1982-08-27T12:00:00Z|1982-08-27T15:00:00Z|1982-08-27T18:00:00Z,train,0,False,zero
100059,NA,1982,1982-08-27T21:00:00Z,13.4,-21.4,1982241N14338,1982-08-28T18:00:00Z,1,1.0,1982-08-26T21:00:00Z|1982-08-27T00:00:00Z|1982-08-27T03:00:00Z|1982-08-27T06:00:00Z|1982-08-27T09:00:00Z|1982-08-27T12:00:00Z|1982-08-27T15:00:00Z|1982-08-27T18:00:00Z|1982-08-27T21:00:00Z,train,0,False,zero
100059,NA,1982,1982-08-28T00:00:00Z,13.4,-21.3,1982241N14338,1982-08-28T18:00:00Z,1,1.0,1982-08-27T00:00:00Z|1982-08-27T03:00:00Z|1982-08-27T06:00:00Z|1982-08-27T09:00:00Z|1982-08-27T12:00:00Z|1982-08-27T15:00:00Z|1982-08-27T18:00:00Z|1982-08-27T21:00:00Z|1982-08-28T00:00:00Z,train,0,False,zero
100059,NA,1982,1982-08-28T03:00:00Z,13.4,-21.2,1982241N14338,1982-08-28T18:00:00Z,1,1.0,1982-08-27T03:00:00Z|1982-08-27T06:00:00Z|1982-08-27T09:00:00Z|1982-08-27T12:00:00Z|1982-08-27T15:00:00Z|1982-08-27T18:00:00Z|1982-08-27T21:00:00Z|1982-08-28T00:00:00Z|1982-08-28T03:00:00Z,train,0,False,zero
100059,NA,1982,1982-08-28T06:00:00Z,13.9,-22.1,1982241N14338,1982-08-28T18:00:00Z,1,1.0,1982-08-27T06:00:00Z|1982-08-27T09:00:00Z|1982-08-27T12:00:00Z|1982-08-27T15:00:00Z|1982-08-27T18:00:00Z|1982-08-27T21:00:00Z|1982-08-28T00:00:00Z|1982-08-28T03:00:00Z|1982-08-28T06:00:00Z,train,0,False,zero
100059,NA,1982,1982-08-28T09:00:00Z,13.9,-22.5,1982241N14338,1982-08-28T18:00:00Z,1,1.0,1982-08-27T09:00:00Z|1982-08-27T12:00:00Z|1982-08-27T15:00:00Z|1982-08-27T18:00:00Z|1982-08-27T21:00:00Z|1982-08-28T00:00:00Z|1982-08-28T03:00:00Z|1982-08-28T06:00:00Z|1982-08-28T09:00:00Z,train,0,False,zero
100060,EP,1982,1982-08-30T03:00:00Z,11.6,-167.9,1982242N11191,1982-08-30T18:00:00Z,1,1.0,1982-08-29T03:00:00Z|1982-08-29T06:00:00Z|1982-08-29T09:00:00Z|1982-08-29T12:00:00Z|1982-08-29T15:00:00Z|1982-08-29T18:00:00Z|1982-08-29T21:00:00Z|1982-08-30T00:00:00Z|1982-08-30T03:00:00Z,train,0,False,zero
100067,EP,1982,1982-09-09T15:00:00Z,10.1,-110.7,1982253N10250,1982-09-11T00:00:00Z,0,1.0,1982-09-08T15:00:00Z|1982-09-08T18:00:00Z|1982-09-08T21:00:00Z|1982-09-09T00:00:00Z|1982-09-09T03:00:00Z|1982-09-09T06:00:00Z|1982-09-09T09:00:00Z|1982-09-09T12:00:00Z|1982-09-09T15:00:00Z,train,0,False,zero
100073,EP,1982,1982-09-15T00:00:00Z,15.5,-139.5,1982259N16218,1982-09-16T00:00:00Z,1,1.0,1982-09-14T00:00:00Z|1982-09-14T03:00:00Z|1982-09-14T06:00:00Z|1982-09-14T09:00:00Z|1982-09-14T12:00:00Z|1982-09-14T15:00:00Z|1982-09-14T18:00:00Z|1982-09-14T21:00:00Z|1982-09-15T00:00:00Z,train,0,False,zero
100073,EP,1982,1982-09-15T03:00:00Z,14.9,-142.7,1982259N16218,1982-09-16T00:00:00Z,1,1.0,1982-09-14T03:00:00Z|1982-09-14T06:00:00Z|1982-09-14T09:00:00Z|1982-09-14T12:00:00Z|1982-09-14T15:00:00Z|1982-09-14T18:00:00Z|1982-09-14T21:00:00Z|1982-09-15T00:00:00Z|1982-09-15T03:00:00Z,train,0,False,zero
100073,EP,1982,1982-09-15T06:00:00Z,14.8,-142.2,1982259N16218,1982-09-16T00:00:00Z,1,1.0,1982-09-14T06:00:00Z|1982-09-14T09:00:00Z|1982-09-14T12:00:00Z|1982-09-14T15:00:00Z|1982-09-14T18:00:00Z|1982-09-14T21:00:00Z|1982-09-15T00:00:00Z|1982-09-15T03:00:00Z|1982-09-15T06:00:00Z,train,0,False,zero
100073,EP,1982,1982-09-15T09:00:00Z,14.7,-142.7,1982259N16218,1982-09-16T00:00:00Z,1,1.0,1982-09-14T09:00:00Z|1982-09-14T12:00:00Z|1982-09-14T15:00:00Z|1982-09-14T18:00:00Z|1982-09-14T21:00:00Z|1982-09-15T00:00:00Z|1982-09-15T03:00:00Z|1982-09-15T06:00:00Z|1982-09-15T09:00:00Z,train,0,False,zero
100073,EP,1982,1982-09-15T12:00:00Z,14.8,-142.7,1982259N16218,1982-09-16T00:00:00Z,1,1.0,1982-09-14T12:00:00Z|1982-09-14T15:00:00Z|1982-09-14T18:00:00Z|1982-09-14T21:00:00Z|1982-09-15T00:00:00Z|1982-09-15T03:00:00Z|1982-09-15T06:00:00Z|1982-09-15T09:00:00Z|1982-09-15T12:00:00Z,train,0,False,zero
100073,EP,1982,1982-09-15T15:00:00Z,15.4,-142.6,1982259N16218,1982-09-16T00:00:00Z,1,1.0,1982-09-14T15:00:00Z|1982-09-14T18:00:00Z|1982-09-14T21:00:00Z|1982-09-15T00:00:00Z|1982-09-15T03:00:00Z|1982-09-15T06:00:00Z|1982-09-15T09:00:00Z|1982-09-15T12:00:00Z|1982-09-15T15:00:00Z,train,0,False,zero
100072,EP,1982,1982-09-15T00:00:00Z,12.5,-157.9,1982259N15202,1982-09-16T00:00:00Z,1,1.0,1982-09-14T00:00:00Z|1982-09-14T03:00:00Z|1982-09-14T06:00:00Z|1982-09-14T09:00:00Z|1982-09-14T12:00:00Z|1982-09-14T15:00:00Z|1982-09-14T18:00:00Z|1982-09-14T21:00:00Z|1982-09-15T00:00:00Z,train,0,False,zero
100072,EP,1982,1982-09-15T03:00:00Z,12.5,-158.1,1982259N15202,1982-09-16T00:00:00Z,1,1.0,1982-09-14T03:00:00Z|1982-09-14T06:00:00Z|1982-09-14T09:00:00Z|1982-09-14T12:00:00Z|1982-09-14T15:00:00Z|1982-09-14T18:00:00Z|1982-09-14T21:00:00Z|1982-09-15T00:00:00Z|1982-09-15T03:00:00Z,train,0,False,zero
100072,EP,1982,1982-09-15T06:00:00Z,12.5,-158.2,1982259N15202,1982-09-16T00:00:00Z,1,1.0,1982-09-14T06:00:00Z|1982-09-14T09:00:00Z|1982-09-14T12:00:00Z|1982-09-14T15:00:00Z|1982-09-14T18:00:00Z|1982-09-14T21:00:00Z|1982-09-15T00:00:00Z|1982-09-15T03:00:00Z|1982-09-15T06:00:00Z,train,0,False,zero
100072,EP,1982,1982-09-15T09:00:00Z,13.2,-158.2,1982259N15202,1982-09-16T00:00:00Z,1,1.0,1982-09-14T09:00:00Z|1982-09-14T12:00:00Z|1982-09-14T15:00:00Z|1982-09-14T18:00:00Z|1982-09-14T21:00:00Z|1982-09-15T00:00:00Z|1982-09-15T03:00:00Z|1982-09-15T06:00:00Z|1982-09-15T09:00:00Z,train,0,False,zero
100072,EP,1982,1982-09-15T12:00:00Z,13.9,-158.1,1982259N15202,1982-09-16T00:00:00Z,1,1.0,1982-09-14T12:00:00Z|1982-09-14T15:00:00Z|1982-09-14T18:00:00Z|1982-09-14T21:00:00Z|1982-09-15T00:00:00Z|1982-09-15T03:00:00Z|1982-09-15T06:00:00Z|1982-09-15T09:00:00Z|1982-09-15T12:00:00Z,train,0,False,zero
100072,EP,1982,1982-09-15T15:00:00Z,14.5,-158.1,1982259N15202,1982-09-16T00:00:00Z,1,1.0,1982-09-14T15:00:00Z|1982-09-14T18:00:00Z|1982-09-14T21:00:00Z|1982-09-15T00:00:00Z|1982-09-15T03:00:00Z|1982-09-15T06:00:00Z|1982-09-15T09:00:00Z|1982-09-15T12:00:00Z|1982-09-15T15:00:00Z,train,0,False,zero
100079,EP,1982,1982-09-30T06:00:00Z,14.5,-98.8,1982274N13265,1982-10-01T00:00:00Z,1,1.0,1982-09-29T06:00:00Z|1982-09-29T09:00:00Z|1982-09-29T12:00:00Z|1982-09-29T15:00:00Z|1982-09-29T18:00:00Z|1982-09-29T21:00:00Z|1982-09-30T00:00:00Z|1982-09-30T03:00:00Z|1982-09-30T06:00:00Z,train,0,False,zero
100079,EP,1982,1982-09-30T09:00:00Z,14.3,-97.3,1982274N13265,1982-10-01T00:00:00Z,1,1.0,1982-09-29T09:00:00Z|1982-09-29T12:00:00Z|1982-09-29T15:00:00Z|1982-09-29T18:00:00Z|1982-09-29T21:00:00Z|1982-09-30T00:00:00Z|1982-09-30T03:00:00Z|1982-09-30T06:00:00Z|1982-09-30T09:00:00Z,train,0,False,zero
100079,EP,1982,1982-09-30T12:00:00Z,14.1,-95.9,1982274N13265,1982-10-01T00:00:00Z,1,1.0,1982-09-29T12:00:00Z|1982-09-29T15:00:00Z|1982-09-29T18:00:00Z|1982-09-29T21:00:00Z|1982-09-30T00:00:00Z|1982-09-30T03:00:00Z|1982-09-30T06:00:00Z|1982-09-30T09:00:00Z|1982-09-30T12:00:00Z,train,0,False,zero
100079,EP,1982,1982-09-30T15:00:00Z,13.3,-96.7,1982274N13265,1982-10-01T00:00:00Z,1,1.0,1982-09-29T15:00:00Z|1982-09-29T18:00:00Z|1982-09-29T21:00:00Z|1982-09-30T00:00:00Z|1982-09-30T03:00:00Z|1982-09-30T06:00:00Z|1982-09-30T09:00:00Z|1982-09-30T12:00:00Z|1982-09-30T15:00:00Z,train,0,False,zero
100084,EP,1982,1982-10-13T06:00:00Z,7.3,-88.9,1982287N09269,1982-10-14T06:00:00Z,1,1.0,1982-10-12T06:00:00Z|1982-10-12T09:00:00Z|1982-10-12T12:00:00Z|1982-10-12T15:00:00Z|1982-10-12T18:00:00Z|1982-10-12T21:00:00Z|1982-10-13T00:00:00Z|1982-10-13T03:00:00Z|1982-10-13T06:00:00Z,train,0,False,zero
100084,EP,1982,1982-10-13T09:00:00Z,7.9,-90.2,1982287N09269,1982-10-14T06:00:00Z,1,1.0,1982-10-12T09:00:00Z|1982-10-12T12:00:00Z|1982-10-12T15:00:00Z|1982-10-12T18:00:00Z|1982-10-12T21:00:00Z|1982-10-13T00:00:00Z|1982-10-13T03:00:00Z|1982-10-13T06:00:00Z|1982-10-13T09:00:00Z,train,0,False,zero
100084,EP,1982,1982-10-13T12:00:00Z,8.1,-90.3,1982287N09269,1982-10-14T06:00:00Z,1,1.0,1982-10-12T12:00:00Z|1982-10-12T15:00:00Z|1982-10-12T18:00:00Z|1982-10-12T21:00:00Z|1982-10-13T00:00:00Z|1982-10-13T03:00:00Z|1982-10-13T06:00:00Z|1982-10-13T09:00:00Z|1982-10-13T12:00:00Z,train,0,False,zero
100084,EP,1982,1982-10-13T15:00:00Z,8.3,-90.5,1982287N09269,1982-10-14T06:00:00Z,1,1.0,1982-10-12T15:00:00Z|1982-10-12T18:00:00Z|1982-10-12T21:00:00Z|1982-10-13T00:00:00Z|1982-10-13T03:00:00Z|1982-10-13T06:00:00Z|1982-10-13T09:00:00Z|1982-10-13T12:00:00Z|1982-10-13T15:00:00Z,train,0,False,zero
100084,EP,1982,1982-10-13T18:00:00Z,8.3,-91.3,1982287N09269,1982-10-14T06:00:00Z,1,1.0,1982-10-12T18:00:00Z|1982-10-12T21:00:00Z|1982-10-13T00:00:00Z|1982-10-13T03:00:00Z|1982-10-13T06:00:00Z|1982-10-13T09:00:00Z|1982-10-13T12:00:00Z|1982-10-13T15:00:00Z|1982-10-13T18:00:00Z,train,0,False,zero
100084,EP,1982,1982-10-13T21:00:00Z,8.3,-91.4,1982287N09269,1982-10-14T06:00:00Z,1,1.0,1982-10-12T21:00:00Z|1982-10-13T00:00:00Z|1982-10-13T03:00:00Z|1982-10-13T06:00:00Z|1982-10-13T09:00:00Z|1982-10-13T12:00:00Z|1982-10-13T15:00:00Z|1982-10-13T18:00:00Z|1982-10-13T21:00:00Z,train,0,False,zero
100132,NI,1983,1983-08-08T21:00:00Z,20.7,63.0,1983216N23088,1983-08-09T15:00:00Z,1,1.0,1983-08-07T21:00:00Z|1983-08-08T00:00:00Z|1983-08-08T03:00:00Z|1983-08-08T06:00:00Z|1983-08-08T09:00:00Z|1983-08-08T12:00:00Z|1983-08-08T15:00:00Z|1983-08-08T18:00:00Z|1983-08-08T21:00:00Z,train,0,False,zero
100138,NA,1983,1983-08-23T03:00:00Z,24.6,-73.5,1983236N26284,1983-08-24T03:00:00Z,1,1.0,1983-08-22T03:00:00Z|1983-08-22T06:00:00Z|1983-08-22T09:00:00Z|1983-08-22T12:00:00Z|1983-08-22T15:00:00Z|1983-08-22T18:00:00Z|1983-08-22T21:00:00Z|1983-08-23T00:00:00Z|1983-08-23T03:00:00Z,train,0,False,zero
100138,NA,1983,1983-08-23T06:00:00Z,24.3,-73.7,1983236N26284,1983-08-24T03:00:00Z,1,1.0,1983-08-22T06:00:00Z|1983-08-22T09:00:00Z|1983-08-22T12:00:00Z|1983-08-22T15:00:00Z|1983-08-22T18:00:00Z|1983-08-22T21:00:00Z|1983-08-23T00:00:00Z|1983-08-23T03:00:00Z|1983-08-23T06:00:00Z,train,0,False,zero
100138,NA,1983,1983-08-23T09:00:00Z,24.8,-73.2,1983236N26284,1983-08-24T03:00:00Z,1,1.0,1983-08-22T09:00:00Z|1983-08-22T12:00:00Z|1983-08-22T15:00:00Z|1983-08-22T18:00:00Z|1983-08-22T21:00:00Z|1983-08-23T00:00:00Z|1983-08-23T03:00:00Z|1983-08-23T06:00:00Z|1983-08-23T09:00:00Z,train,0,False,zero
100138,NA,1983,1983-08-23T12:00:00Z,24.2,-74.4,1983236N26284,1983-08-24T03:00:00Z,1,1.0,1983-08-22T12:00:00Z|1983-08-22T15:00:00Z|1983-08-22T18:00:00Z|1983-08-22T21:00:00Z|1983-08-23T00:00:00Z|1983-08-23T03:00:00Z|1983-08-23T06:00:00Z|1983-08-23T09:00:00Z|1983-08-23T12:00:00Z,train,0,False,zero
100138,NA,1983,1983-08-23T15:00:00Z,25.0,-72.8,1983236N26284,1983-08-24T03:00:00Z,1,1.0,1983-08-22T15:00:00Z|1983-08-22T18:00:00Z|1983-08-22T21:00:00Z|1983-08-23T00:00:00Z|1983-08-23T03:00:00Z|1983-08-23T06:00:00Z|1983-08-23T09:00:00Z|1983-08-23T12:00:00Z|1983-08-23T15:00:00Z,train,0,False,zero
100140,WP,1983,1983-08-25T03:00:00Z,22.6,126.2,1983237N25128,,0,0.0,1983-08-24T03:00:00Z|1983-08-24T06:00:00Z|1983-08-24T09:00:00Z|1983-08-24T12:00:00Z|1983-08-24T15:00:00Z|1983-08-24T18:00:00Z|1983-08-24T21:00:00Z|1983-08-25T00:00:00Z|1983-08-25T03:00:00Z,train,0,False,zero
100141,WP,1983,1983-08-26T21:00:00Z,9.5,-174.6,1983239N10183,1983-08-29T00:00:00Z,0,0.0,1983-08-25T21:00:00Z|1983-08-26T00:00:00Z|1983-08-26T03:00:00Z|1983-08-26T06:00:00Z|1983-08-26T09:00:00Z|1983-08-26T12:00:00Z|1983-08-26T15:00:00Z|1983-08-26T18:00:00Z|1983-08-26T21:00:00Z,train,0,False,zero
100146,EP,1983,1983-09-11T12:00:00Z,13.4,-96.8,1983255N12261,1983-09-12T12:00:00Z,1,1.0,1983-09-10T12:00:00Z|1983-09-10T15:00:00Z|1983-09-10T18:00:00Z|1983-09-10T21:00:00Z|1983-09-11T00:00:00Z|1983-09-11T03:00:00Z|1983-09-11T06:00:00Z|1983-09-11T09:00:00Z|1983-09-11T12:00:00Z,train,0,False,zero
100146,EP,1983,1983-09-11T15:00:00Z,12.2,-97.7,1983255N12261,1983-09-12T12:00:00Z,1,1.0,1983-09-10T15:00:00Z|1983-09-10T18:00:00Z|1983-09-10T21:00:00Z|1983-09-11T00:00:00Z|1983-09-11T03:00:00Z|1983-09-11T06:00:00Z|1983-09-11T09:00:00Z|1983-09-11T12:00:00Z|1983-09-11T15:00:00Z,train,0,False,zero
100146,EP,1983,1983-09-11T18:00:00Z,10.9,-98.6,1983255N12261,1983-09-12T12:00:00Z,1,1.0,1983-09-10T18:00:00Z|1983-09-10T21:00:00Z|1983-09-11T00:00:00Z|1983-09-11T03:00:00Z|1983-09-11T06:00:00Z|1983-09-11T09:00:00Z|1983-09-11T12:00:00Z|1983-09-11T15:00:00Z|1983-09-11T18:00:00Z,train,0,False,zero
100146,EP,1983,1983-09-11T21:00:00Z,11.4,-99.0,1983255N12261,1983-09-12T12:00:00Z,1,1.0,1983-09-10T21:00:00Z|1983-09-11T00:00:00Z|1983-09-11T03:00:00Z|1983-09-11T06:00:00Z|1983-09-11T09:00:00Z|1983-09-11T12:00:00Z|1983-09-11T15:00:00Z|1983-09-11T18:00:00Z|1983-09-11T21:00:00Z,train,0,False,zero
100146,EP,1983,1983-09-12T00:00:00Z,11.9,-99.3,1983255N12261,1983-09-12T12:00:00Z,1,1.0,1983-09-11T00:00:00Z|1983-09-11T03:00:00Z|1983-09-11T06:00:00Z|1983-09-11T09:00:00Z|1983-09-11T12:00:00Z|1983-09-11T15:00:00Z|1983-09-11T18:00:00Z|1983-09-11T21:00:00Z|1983-09-12T00:00:00Z,train,0,False,zero
100146,EP,1983,1983-09-12T03:00:00Z,12.3,-99.7,1983255N12261,1983-09-12T12:00:00Z,1,1.0,1983-09-11T03:00:00Z|1983-09-11T06:00:00Z|1983-09-11T09:00:00Z|1983-09-11T12:00:00Z|1983-09-11T15:00:00Z|1983-09-11T18:00:00Z|1983-09-11T21:00:00Z|1983-09-12T00:00:00Z|1983-09-12T03:00:00Z,train,0,False,zero
100148,EP,1983,1983-09-20T09:00:00Z,17.5,-107.0,1983264N15248,1983-09-21T06:00:00Z,1,1.0,1983-09-19T09:00:00Z|1983-09-19T12:00:00Z|1983-09-19T15:00:00Z|1983-09-19T18:00:00Z|1983-09-19T21:00:00Z|1983-09-20T00:00:00Z|1983-09-20T03:00:00Z|1983-09-20T06:00:00Z|1983-09-20T09:00:00Z,train,0,False,zero
100148,EP,1983,1983-09-20T12:00:00Z,15.4,-106.1,1983264N15248,1983-09-21T06:00:00Z,1,1.0,1983-09-19T12:00:00Z|1983-09-19T15:00:00Z|1983-09-19T18:00:00Z|1983-09-19T21:00:00Z|1983-09-20T00:00:00Z|1983-09-20T03:00:00Z|1983-09-20T06:00:00Z|1983-09-20T09:00:00Z|1983-09-20T12:00:00Z,train,0,False,zero
100148,EP,1983,1983-09-20T15:00:00Z,14.8,-106.0,1983264N15248,1983-09-21T06:00:00Z,1,1.0,1983-09-19T15:00:00Z|1983-09-19T18:00:00Z|1983-09-19T21:00:00Z|1983-09-20T00:00:00Z|1983-09-20T03:00:00Z|1983-09-20T06:00:00Z|1983-09-20T09:00:00Z|1983-09-20T12:00:00Z|1983-09-20T15:00:00Z,train,0,False,zero
100148,EP,1983,1983-09-20T18:00:00Z,14.7,-106.5,1983264N15248,1983-09-21T06:00:00Z,1,1.0,1983-09-19T18:00:00Z|1983-09-19T21:00:00Z|1983-09-20T00:00:00Z|1983-09-20T03:00:00Z|1983-09-20T06:00:00Z|1983-09-20T09:00:00Z|1983-09-20T12:00:00Z|1983-09-20T15:00:00Z|1983-09-20T18:00:00Z,train,0,False,zero
100148,EP,1983,1983-09-20T21:00:00Z,15.6,-108.8,1983264N15248,1983-09-21T06:00:00Z,1,1.0,1983-09-19T21:00:00Z|1983-09-20T00:00:00Z|1983-09-20T03:00:00Z|1983-09-20T06:00:00Z|1983-09-20T09:00:00Z|1983-09-20T12:00:00Z|1983-09-20T15:00:00Z|1983-09-20T18:00:00Z|1983-09-20T21:00:00Z,train,0,False,zero
100149,NA,1983,1983-09-26T15:00:00Z,28.6,-68.5,1983270N28287,1983-09-26T18:00:00Z,1,1.0,1983-09-25T15:00:00Z|1983-09-25T18:00:00Z|1983-09-25T21:00:00Z|1983-09-26T00:00:00Z|1983-09-26T03:00:00Z|1983-09-26T06:00:00Z|1983-09-26T09:00:00Z|1983-09-26T12:00:00Z|1983-09-26T15:00:00Z,train,0,False,zero
100159,EP,1983,1983-10-09T00:00:00Z,9.7,-131.7,1983283N13230,1983-10-10T00:00:00Z,1,1.0,1983-10-08T00:00:00Z|1983-10-08T03:00:00Z|1983-10-08T06:00:00Z|1983-10-08T09:00:00Z|1983-10-08T12:00:00Z|1983-10-08T15:00:00Z|1983-10-08T18:00:00Z|1983-10-08T21:00:00Z|1983-10-09T00:00:00Z,train,0,False,zero
100159,EP,1983,1983-10-09T03:00:00Z,12.1,-128.5,1983283N13230,1983-10-10T00:00:00Z,1,1.0,1983-10-08T03:00:00Z|1983-10-08T06:00:00Z|1983-10-08T09:00:00Z|1983-10-08T12:00:00Z|1983-10-08T15:00:00Z|1983-10-08T18:00:00Z|1983-10-08T21:00:00Z|1983-10-09T00:00:00Z|1983-10-09T03:00:00Z,train,0,False,zero
100159,EP,1983,1983-10-09T06:00:00Z,11.6,-128.7,1983283N13230,1983-10-10T00:00:00Z,1,1.0,1983-10-08T06:00:00Z|1983-10-08T09:00:00Z|1983-10-08T12:00:00Z|1983-10-08T15:00:00Z|1983-10-08T18:00:00Z|1983-10-08T21:00:00Z|1983-10-09T00:00:00Z|1983-10-09T03:00:00Z|1983-10-09T06:00:00Z,train,0,False,zero
100159,EP,1983,1983-10-09T09:00:00Z,12.0,-129.1,1983283N13230,1983-10-10T00:00:00Z,1,1.0,1983-10-08T09:00:00Z|1983-10-08T12:00:00Z|1983-10-08T15:00:00Z|1983-10-08T18:00:00Z|1983-10-08T21:00:00Z|1983-10-09T00:00:00Z|1983-10-09T03:00:00Z|1983-10-09T06:00:00Z|1983-10-09T09:00:00Z,train,0,False,zero
100159,EP,1983,1983-10-09T12:00:00Z,12.5,-129.6,1983283N13230,1983-10-10T00:00:00Z,1,1.0,1983-10-08T12:00:00Z|1983-10-08T15:00:00Z|1983-10-08T18:00:00Z|1983-10-08T21:00:00Z|1983-10-09T00:00:00Z|1983-10-09T03:00:00Z|1983-10-09T06:00:00Z|1983-10-09T09:00:00Z|1983-10-09T12:00:00Z,train,0,False,zero
100159,EP,1983,1983-10-09T15:00:00Z,12.6,-130.0,1983283N13230,1983-10-10T00:00:00Z,1,1.0,1983-10-08T15:00:00Z|1983-10-08T18:00:00Z|1983-10-08T21:00:00Z|1983-10-09T00:00:00Z|1983-10-09T03:00:00Z|1983-10-09T06:00:00Z|1983-10-09T09:00:00Z|1983-10-09T12:00:00Z|1983-10-09T15:00:00Z,train,0,False,zero
100160,EP,1983,1983-10-11T09:00:00Z,8.5,-101.3,1983285N09260,1983-10-13T00:00:00Z,0,1.0,1983-10-10T09:00:00Z|1983-10-10T12:00:00Z|1983-10-10T15:00:00Z|1983-10-10T18:00:00Z|1983-10-10T21:00:00Z|1983-10-11T00:00:00Z|1983-10-11T03:00:00Z|1983-10-11T06:00:00Z|1983-10-11T09:00:00Z,train,0,False,zero
100164,EP,1983,1983-11-01T15:00:00Z,8.0,-100.0,1983306N08259,1983-11-02T00:00:00Z,1,1.0,1983-10-31T15:00:00Z|1983-10-31T18:00:00Z|1983-10-31T21:00:00Z|1983-11-01T00:00:00Z|1983-11-01T03:00:00Z|1983-11-01T06:00:00Z|1983-11-01T09:00:00Z|1983-11-01T12:00:00Z|1983-11-01T15:00:00Z,train,0,False,zero
100185,SI,1984,1984-01-19T15:00:00Z,-11.4,76.7,1984020S11077,1984-01-21T18:00:00Z,0,0.0,1984-01-18T15:00:00Z|1984-01-18T18:00:00Z|1984-01-18T21:00:00Z|1984-01-19T00:00:00Z|1984-01-19T03:00:00Z|1984-01-19T06:00:00Z|1984-01-19T09:00:00Z|1984-01-19T12:00:00Z|1984-01-19T15:00:00Z,train,0,False,zero
100207,EP,1984,1984-06-16T18:00:00Z,13.4,-102.4,1984169N14257,1984-06-17T12:00:00Z,1,1.0,1984-06-15T18:00:00Z|1984-06-15T21:00:00Z|1984-06-16T00:00:00Z|1984-06-16T03:00:00Z|1984-06-16T06:00:00Z|1984-06-16T09:00:00Z|1984-06-16T12:00:00Z|1984-06-16T15:00:00Z|1984-06-16T18:00:00Z,train,0,False,zero
100207,EP,1984,1984-06-16T21:00:00Z,12.5,-103.4,1984169N14257,1984-06-17T12:00:00Z,1,1.0,1984-06-15T21:00:00Z|1984-06-16T00:00:00Z|1984-06-16T03:00:00Z|1984-06-16T06:00:00Z|1984-06-16T09:00:00Z|1984-06-16T12:00:00Z|1984-06-16T15:00:00Z|1984-06-16T18:00:00Z|1984-06-16T21:00:00Z,train,0,False,zero
100207,EP,1984,1984-06-17T00:00:00Z,11.6,-104.4,1984169N14257,1984-06-17T12:00:00Z,1,1.0,1984-06-16T00:00:00Z|1984-06-16T03:00:00Z|1984-06-16T06:00:00Z|1984-06-16T09:00:00Z|1984-06-16T12:00:00Z|1984-06-16T15:00:00Z|1984-06-16T18:00:00Z|1984-06-16T21:00:00Z|1984-06-17T00:00:00Z,train,0,False,zero
100207,EP,1984,1984-06-17T03:00:00Z,10.7,-105.3,1984169N14257,1984-06-17T12:00:00Z,1,1.0,1984-06-16T03:00:00Z|1984-06-16T06:00:00Z|1984-06-16T09:00:00Z|1984-06-16T12:00:00Z|1984-06-16T15:00:00Z|1984-06-16T18:00:00Z|1984-06-16T21:00:00Z|1984-06-17T00:00:00Z|1984-06-17T03:00:00Z,train,0,False,zero
100211,EP,1984,1984-06-27T21:00:00Z,7.9,-102.9,1984180N10258,1984-06-29T12:00:00Z,0,1.0,1984-06-26T21:00:00Z|1984-06-27T00:00:00Z|1984-06-27T03:00:00Z|1984-06-27T06:00:00Z|1984-06-27T09:00:00Z|1984-06-27T12:00:00Z|1984-06-27T15:00:00Z|1984-06-27T18:00:00Z|1984-06-27T21:00:00Z,train,0,False,zero
100217,WP,1984,1984-07-21T15:00:00Z,21.3,162.5,1984204N21162,1984-07-24T12:00:00Z,0,0.0,1984-07-20T15:00:00Z|1984-07-20T18:00:00Z|1984-07-20T21:00:00Z|1984-07-21T00:00:00Z|1984-07-21T03:00:00Z|1984-07-21T06:00:00Z|1984-07-21T09:00:00Z|1984-07-21T12:00:00Z|1984-07-21T15:00:00Z,train,0,False,zero
100227,EP,1984,1984-08-14T21:00:00Z,14.5,-99.4,1984228N15261,1984-08-15T18:00:00Z,1,1.0,1984-08-13T21:00:00Z|1984-08-14T00:00:00Z|1984-08-14T03:00:00Z|1984-08-14T06:00:00Z|1984-08-14T09:00:00Z|1984-08-14T12:00:00Z|1984-08-14T15:00:00Z|1984-08-14T18:00:00Z|1984-08-14T21:00:00Z,train,0,False,zero
100229,EP,1984,1984-08-16T00:00:00Z,13.4,-131.1,1984230N12226,1984-08-17T00:00:00Z,1,1.0,1984-08-15T00:00:00Z|1984-08-15T03:00:00Z|1984-08-15T06:00:00Z|1984-08-15T09:00:00Z|1984-08-15T12:00:00Z|1984-08-15T15:00:00Z|1984-08-15T18:00:00Z|1984-08-15T21:00:00Z|1984-08-16T00:00:00Z,train,0,False,zero
100229,EP,1984,1984-08-16T03:00:00Z,12.8,-131.8,1984230N12226,1984-08-17T00:00:00Z,1,1.0,1984-08-15T03:00:00Z|1984-08-15T06:00:00Z|1984-08-15T09:00:00Z|1984-08-15T12:00:00Z|1984-08-15T15:00:00Z|1984-08-15T18:00:00Z|1984-08-15T21:00:00Z|1984-08-16T00:00:00Z|1984-08-16T03:00:00Z,train,0,False,zero
100229,EP,1984,1984-08-16T06:00:00Z,12.5,-132.5,1984230N12226,1984-08-17T00:00:00Z,1,1.0,1984-08-15T06:00:00Z|1984-08-15T09:00:00Z|1984-08-15T12:00:00Z|1984-08-15T15:00:00Z|1984-08-15T18:00:00Z|1984-08-15T21:00:00Z|1984-08-16T00:00:00Z|1984-08-16T03:00:00Z|1984-08-16T06:00:00Z,train,0,False,zero
100229,EP,1984,1984-08-16T09:00:00Z,11.8,-133.2,1984230N12226,1984-08-17T00:00:00Z,1,1.0,1984-08-15T09:00:00Z|1984-08-15T12:00:00Z|1984-08-15T15:00:00Z|1984-08-15T18:00:00Z|1984-08-15T21:00:00Z|1984-08-16T00:00:00Z|1984-08-16T03:00:00Z|1984-08-16T06:00:00Z|1984-08-16T09:00:00Z,train,0,False,zero
100229,EP,1984,1984-08-16T12:00:00Z,12.2,-134.0,1984230N12226,1984-08-17T00:00:00Z,1,1.0,1984-08-15T12:00:00Z|1984-08-15T15:00:00Z|1984-08-15T18:00:00Z|1984-08-15T21:00:00Z|1984-08-16T00:00:00Z|1984-08-16T03:00:00Z|1984-08-16T06:00:00Z|1984-08-16T09:00:00Z|1984-08-16T12:00:00Z,train,0,False,zero
100229,EP,1984,1984-08-16T15:00:00Z,11.8,-135.2,1984230N12226,1984-08-17T00:00:00Z,1,1.0,1984-08-15T15:00:00Z|1984-08-15T18:00:00Z|1984-08-15T21:00:00Z|1984-08-16T00:00:00Z|1984-08-16T03:00:00Z|1984-08-16T06:00:00Z|1984-08-16T09:00:00Z|1984-08-16T12:00:00Z|1984-08-16T15:00:00Z,train,0,False,zero
100238,NA,1984,1984-08-30T18:00:00Z,36.1,-68.5,1984244N37293,1984-08-31T12:00:00Z,1,1.0,1984-08-29T18:00:00Z|1984-08-29T21:00:00Z|1984-08-30T00:00:00Z|1984-08-30T03:00:00Z|1984-08-30T06:00:00Z|1984-08-30T09:00:00Z|1984-08-30T12:00:00Z|1984-08-30T15:00:00Z|1984-08-30T18:00:00Z,train,0,False,zero
100238,NA,1984,1984-08-30T21:00:00Z,36.7,-68.7,1984244N37293,1984-08-31T12:00:00Z,1,1.0,1984-08-29T21:00:00Z|1984-08-30T00:00:00Z|1984-08-30T03:00:00Z|1984-08-30T06:00:00Z|1984-08-30T09:00:00Z|1984-08-30T12:00:00Z|1984-08-30T15:00:00Z|1984-08-30T18:00:00Z|1984-08-30T21:00:00Z,train,0,False,zero
100240,EP,1984,1984-09-05T09:00:00Z,15.8,-105.2,1984250N17256,1984-09-05T15:00:00Z,1,1.0,1984-09-04T09:00:00Z|1984-09-04T12:00:00Z|1984-09-04T15:00:00Z|1984-09-04T18:00:00Z|1984-09-04T21:00:00Z|1984-09-05T00:00:00Z|1984-09-05T03:00:00Z|1984-09-05T06:00:00Z|1984-09-05T09:00:00Z,train,0,False,zero
100244,NA,1984,1984-09-13T12:00:00Z,20.2,-94.8,1984258N20264,1984-09-14T06:00:00Z,1,1.0,1984-09-12T12:00:00Z|1984-09-12T15:00:00Z|1984-09-12T18:00:00Z|1984-09-12T21:00:00Z|1984-09-13T00:00:00Z|1984-09-13T03:00:00Z|1984-09-13T06:00:00Z|1984-09-13T09:00:00Z|1984-09-13T12:00:00Z,train,0,False,zero
100244,NA,1984,1984-09-13T15:00:00Z,20.3,-95.2,1984258N20264,1984-09-14T06:00:00Z,1,1.0,1984-09-12T15:00:00Z|1984-09-12T18:00:00Z|1984-09-12T21:00:00Z|1984-09-13T00:00:00Z|1984-09-13T03:00:00Z|1984-09-13T06:00:00Z|1984-09-13T09:00:00Z|1984-09-13T12:00:00Z|1984-09-13T15:00:00Z,train,0,False,zero
100244,NA,1984,1984-09-13T18:00:00Z,20.5,-95.5,1984258N20264,1984-09-14T06:00:00Z,1,1.0,1984-09-12T18:00:00Z|1984-09-12T21:00:00Z|1984-09-13T00:00:00Z|1984-09-13T03:00:00Z|1984-09-13T06:00:00Z|1984-09-13T09:00:00Z|1984-09-13T12:00:00Z|1984-09-13T15:00:00Z|1984-09-13T18:00:00Z,train,0,False,zero
100244,NA,1984,1984-09-13T21:00:00Z,20.6,-95.2,1984258N20264,1984-09-14T06:00:00Z,1,1.0,1984-09-12T21:00:00Z|1984-09-13T00:00:00Z|1984-09-13T03:00:00Z|1984-09-13T06:00:00Z|1984-09-13T09:00:00Z|1984-09-13T12:00:00Z|1984-09-13T15:00:00Z|1984-09-13T18:00:00Z|1984-09-13T21:00:00Z,train,0,False,zero
100247,NA,1984,1984-09-16T15:00:00Z,27.3,-65.5,1984261N29295,1984-09-18T15:00:00Z,0,1.0,1984-09-15T15:00:00Z|1984-09-15T18:00:00Z|1984-09-15T21:00:00Z|1984-09-16T00:00:00Z|1984-09-16T03:00:00Z|1984-09-16T06:00:00Z|1984-09-16T09:00:00Z|1984-09-16T12:00:00Z|1984-09-16T15:00:00Z,train,0,False,zero
100248,EP,1984,1984-09-17T06:00:00Z,16.2,-99.4,1984262N14259,1984-09-18T00:00:00Z,1,1.0,1984-09-16T06:00:00Z|1984-09-16T09:00:00Z|1984-09-16T12:00:00Z|1984-09-16T15:00:00Z|1984-09-16T18:00:00Z|1984-09-16T21:00:00Z|1984-09-17T00:00:00Z|1984-09-17T03:00:00Z|1984-09-17T06:00:00Z,train,0,False,zero
100248,EP,1984,1984-09-17T09:00:00Z,14.4,-100.7,1984262N14259,1984-09-18T00:00:00Z,1,1.0,1984-09-16T09:00:00Z|1984-09-16T12:00:00Z|1984-09-16T15:00:00Z|1984-09-16T18:00:00Z|1984-09-16T21:00:00Z|1984-09-17T00:00:00Z|1984-09-17T03:00:00Z|1984-09-17T06:00:00Z|1984-09-17T09:00:00Z,train,0,False,zero
100248,EP,1984,1984-09-17T12:00:00Z,14.5,-101.0,1984262N14259,1984-09-18T00:00:00Z,1,1.0,1984-09-16T12:00:00Z|1984-09-16T15:00:00Z|1984-09-16T18:00:00Z|1984-09-16T21:00:00Z|1984-09-17T00:00:00Z|1984-09-17T03:00:00Z|1984-09-17T06:00:00Z|1984-09-17T09:00:00Z|1984-09-17T12:00:00Z,train,0,False,zero
100248,EP,1984,1984-09-17T15:00:00Z,14.7,-101.2,1984262N14259,1984-09-18T00:00:00Z,1,1.0,1984-09-16T15:00:00Z|1984-09-16T18:00:00Z|1984-09-16T21:00:00Z|1984-09-17T00:00:00Z|1984-09-17T03:00:00Z|1984-09-17T06:00:00Z|1984-09-17T09:00:00Z|1984-09-17T12:00:00Z|1984-09-17T15:00:00Z,train,0,False,zero
100251,EP,1984,1984-09-25T21:00:00Z,13.2,-101.7,1984270N13262,1984-09-28T15:00:00Z,0,0.0,1984-09-24T21:00:00Z|1984-09-25T00:00:00Z|1984-09-25T03:00:00Z|1984-09-25T06:00:00Z|1984-09-25T09:00:00Z|1984-09-25T12:00:00Z|1984-09-25T15:00:00Z|1984-09-25T18:00:00Z|1984-09-25T21:00:00Z,train,0,False,zero
100267,EP,1984,1984-10-30T21:00:00Z,13.2,-99.3,1984305N13262,1984-11-01T00:00:00Z,0,1.0,1984-10-29T21:00:00Z|1984-10-30T00:00:00Z|1984-10-30T03:00:00Z|1984-10-30T06:00:00Z|1984-10-30T09:00:00Z|1984-10-30T12:00:00Z|1984-10-30T15:00:00Z|1984-10-30T18:00:00Z|1984-10-30T21:00:00Z,train,0,False,zero
100290,SP,1985,1985-01-13T21:00:00Z,-16.1,151.7,1985014S16151,1985-01-16T00:00:00Z,0,0.0,1985-01-12T21:00:00Z|1985-01-13T00:00:00Z|1985-01-13T03:00:00Z|1985-01-13T06:00:00Z|1985-01-13T09:00:00Z|1985-01-13T12:00:00Z|1985-01-13T15:00:00Z|1985-01-13T18:00:00Z|1985-01-13T21:00:00Z,train,0,False,zero
100317,EP,1985,1985-06-06T09:00:00Z,6.2,-89.1,1985158N10267,1985-06-07T06:00:00Z,1,1.0,1985-06-05T09:00:00Z|1985-06-05T12:00:00Z|1985-06-05T15:00:00Z|1985-06-05T18:00:00Z|1985-06-05T21:00:00Z|1985-06-06T00:00:00Z|1985-06-06T03:00:00Z|1985-06-06T06:00:00Z|1985-06-06T09:00:00Z,train,0,False,zero
100317,EP,1985,1985-06-06T12:00:00Z,6.8,-89.9,1985158N10267,1985-06-07T06:00:00Z,1,1.0,1985-06-05T12:00:00Z|1985-06-05T15:00:00Z|1985-06-05T18:00:00Z|1985-06-05T21:00:00Z|1985-06-06T00:00:00Z|1985-06-06T03:00:00Z|1985-06-06T06:00:00Z|1985-06-06T09:00:00Z|1985-06-06T12:00:00Z,train,0,False,zero
100317,EP,1985,1985-06-06T15:00:00Z,7.4,-90.7,1985158N10267,1985-06-07T06:00:00Z,1,1.0,1985-06-05T15:00:00Z|1985-06-05T18:00:00Z|1985-06-05T21:00:00Z|1985-06-06T00:00:00Z|1985-06-06T03:00:00Z|1985-06-06T06:00:00Z|1985-06-06T09:00:00Z|1985-06-06T12:00:00Z|1985-06-06T15:00:00Z,train,0,False,zero
100325,EP,1985,1985-07-07T15:00:00Z,9.9,-102.5,1985189N12260,1985-07-08T18:00:00Z,0,1.0,1985-07-06T15:00:00Z|1985-07-06T18:00:00Z|1985-07-06T21:00:00Z|1985-07-07T00:00:00Z|1985-07-07T03:00:00Z|1985-07-07T06:00:00Z|1985-07-07T09:00:00Z|1985-07-07T12:00:00Z|1985-07-07T15:00:00Z,train,0,False,zero
100326,NA,1985,1985-07-15T15:00:00Z,27.2,-62.4,1985197N29296,1985-07-16T18:00:00Z,0,1.0,1985-07-14T15:00:00Z|1985-07-14T18:00:00Z|1985-07-14T21:00:00Z|1985-07-15T00:00:00Z|1985-07-15T03:00:00Z|1985-07-15T06:00:00Z|1985-07-15T09:00:00Z|1985-07-15T12:00:00Z|1985-07-15T15:00:00Z,train,0,False,zero
100332,EP,1985,1985-07-28T18:00:00Z,10.1,-101.5,1985210N14257,1985-07-29T18:00:00Z,1,1.0,1985-07-27T18:00:00Z|1985-07-27T21:00:00Z|1985-07-28T00:00:00Z|1985-07-28T03:00:00Z|1985-07-28T06:00:00Z|1985-07-28T09:00:00Z|1985-07-28T12:00:00Z|1985-07-28T15:00:00Z|1985-07-28T18:00:00Z,train,0,False,zero
100332,EP,1985,1985-07-28T21:00:00Z,11.0,-105.2,1985210N14257,1985-07-29T18:00:00Z,1,1.0,1985-07-27T21:00:00Z|1985-07-28T00:00:00Z|1985-07-28T03:00:00Z|1985-07-28T06:00:00Z|1985-07-28T09:00:00Z|1985-07-28T12:00:00Z|1985-07-28T15:00:00Z|1985-07-28T18:00:00Z|1985-07-28T21:00:00Z,train,0,False,zero
100335,EP,1985,1985-08-06T12:00:00Z,12.5,-107.7,1985219N14254,1985-08-07T12:00:00Z,1,1.0,1985-08-05T12:00:00Z|1985-08-05T15:00:00Z|1985-08-05T18:00:00Z|1985-08-05T21:00:00Z|1985-08-06T00:00:00Z|1985-08-06T03:00:00Z|1985-08-06T06:00:00Z|1985-08-06T09:00:00Z|1985-08-06T12:00:00Z,train,0,False,zero
100335,EP,1985,1985-08-06T15:00:00Z,13.4,-107.8,1985219N14254,1985-08-07T12:00:00Z,1,1.0,1985-08-05T15:00:00Z|1985-08-05T18:00:00Z|1985-08-05T21:00:00Z|1985-08-06T00:00:00Z|1985-08-06T03:00:00Z|1985-08-06T06:00:00Z|1985-08-06T09:00:00Z|1985-08-06T12:00:00Z|1985-08-06T15:00:00Z,train,0,False,zero
100338,NA,1985,1985-08-11T21:00:00Z,19.3,-79.4,1985224N18279,1985-08-14T00:00:00Z,0,0.0,1985-08-10T21:00:00Z|1985-08-11T00:00:00Z|1985-08-11T03:00:00Z|1985-08-11T06:00:00Z|1985-08-11T09:00:00Z|1985-08-11T12:00:00Z|1985-08-11T15:00:00Z|1985-08-11T18:00:00Z|1985-08-11T21:00:00Z,train,0,False,zero
100339,WP,1985,1985-08-15T03:00:00Z,24.5,123.4,1985226N23126,1985-08-15T18:00:00Z,1,1.0,1985-08-14T03:00:00Z|1985-08-14T06:00:00Z|1985-08-14T09:00:00Z|1985-08-14T12:00:00Z|1985-08-14T15:00:00Z|1985-08-14T18:00:00Z|1985-08-14T21:00:00Z|1985-08-15T00:00:00Z|1985-08-15T03:00:00Z,train,0,False,zero
100359,NA,1985,1985-09-16T09:00:00Z,14.7,-21.4,1985260N13336,1985-09-17T12:00:00Z,0,1.0,1985-09-15T09:00:00Z|1985-09-15T12:00:00Z|1985-09-15T15:00:00Z|1985-09-15T18:00:00Z|1985-09-15T21:00:00Z|1985-09-16T00:00:00Z|1985-09-16T03:00:00Z|1985-09-16T06:00:00Z|1985-09-16T09:00:00Z,train,0,False,zero
100361,NA,1985,1985-09-21T15:00:00Z,29.5,-71.2,1985265N30286,1985-09-23T06:00:00Z,0,1.0,1985-09-20T15:00:00Z|1985-09-20T18:00:00Z|1985-09-20T21:00:00Z|1985-09-21T00:00:00Z|1985-09-21T03:00:00Z|1985-09-21T06:00:00Z|1985-09-21T09:00:00Z|1985-09-21T12:00:00Z|1985-09-21T15:00:00Z,train,0,False,zero
100366,NA,1985,1985-10-06T15:00:00Z,18.8,-65.6,1985280N18291,1985-10-07T06:00:00Z,1,1.0,1985-10-05T15:00:00Z|1985-10-05T18:00:00Z|1985-10-05T21:00:00Z|1985-10-06T00:00:00Z|1985-10-06T03:00:00Z|1985-10-06T06:00:00Z|1985-10-06T09:00:00Z|1985-10-06T12:00:00Z|1985-10-06T15:00:00Z,train,0,False,zero
100366,NA,1985,1985-10-06T18:00:00Z,18.6,-65.8,1985280N18291,1985-10-07T06:00:00Z,1,1.0,1985-10-05T18:00:00Z|1985-10-05T21:00:00Z|1985-10-06T00:00:00Z|1985-10-06T03:00:00Z|1985-10-06T06:00:00Z|1985-10-06T09:00:00Z|1985-10-06T12:00:00Z|1985-10-06T15:00:00Z|1985-10-06T18:00:00Z,train,0,False,zero
100366,NA,1985,1985-10-06T21:00:00Z,18.8,-66.1,1985280N18291,1985-10-07T06:00:00Z,1,1.0,1985-10-05T21:00:00Z|1985-10-06T00:00:00Z|1985-10-06T03:00:00Z|1985-10-06T06:00:00Z|1985-10-06T09:00:00Z|1985-10-06T12:00:00Z|1985-10-06T15:00:00Z|1985-10-06T18:00:00Z|1985-10-06T21:00:00Z,train,0,False,zero
100373,EP,1985,1985-10-23T00:00:00Z,9.2,-155.6,1985297N10201,1985-10-23T21:00:00Z,1,1.0,1985-10-22T00:00:00Z|1985-10-22T03:00:00Z|1985-10-22T06:00:00Z|1985-10-22T09:00:00Z|1985-10-22T12:00:00Z|1985-10-22T15:00:00Z|1985-10-22T18:00:00Z|1985-10-22T21:00:00Z|1985-10-23T00:00:00Z,train,0,False,zero
100373,EP,1985,1985-10-23T03:00:00Z,9.9,-156.8,1985297N10201,1985-10-23T21:00:00Z,1,1.0,1985-10-22T03:00:00Z|1985-10-22T06:00:00Z|1985-10-22T09:00:00Z|1985-10-22T12:00:00Z|1985-10-22T15:00:00Z|1985-10-22T18:00:00Z|1985-10-22T21:00:00Z|1985-10-23T00:00:00Z|1985-10-23T03:00:00Z,train,0,False,zero
100373,EP,1985,1985-10-23T06:00:00Z,10.1,-158.2,1985297N10201,1985-10-23T21:00:00Z,1,1.0,1985-10-22T06:00:00Z|1985-10-22T09:00:00Z|1985-10-22T12:00:00Z|1985-10-22T15:00:00Z|1985-10-22T18:00:00Z|1985-10-22T21:00:00Z|1985-10-23T00:00:00Z|1985-10-23T03:00:00Z|1985-10-23T06:00:00Z,train,0,False,zero
100373,EP,1985,1985-10-23T09:00:00Z,10.2,-158.2,1985297N10201,1985-10-23T21:00:00Z,1,1.0,1985-10-22T09:00:00Z|1985-10-22T12:00:00Z|1985-10-22T15:00:00Z|1985-10-22T18:00:00Z|1985-10-22T21:00:00Z|1985-10-23T00:00:00Z|1985-10-23T03:00:00Z|1985-10-23T06:00:00Z|1985-10-23T09:00:00Z,train,0,False,zero
100373,EP,1985,1985-10-23T12:00:00Z,10.3,-158.3,1985297N10201,1985-10-23T21:00:00Z,1,1.0,1985-10-22T12:00:00Z|1985-10-22T15:00:00Z|1985-10-22T18:00:00Z|1985-10-22T21:00:00Z|1985-10-23T00:00:00Z|1985-10-23T03:00:00Z|1985-10-23T06:00:00Z|1985-10-23T09:00:00Z|1985-10-23T12:00:00Z,train,0,False,zero
100373,EP,1985,1985-10-23T15:00:00Z,10.2,-159.0,1985297N10201,1985-10-23T21:00:00Z,1,1.0,1985-10-22T15:00:00Z|1985-10-22T18:00:00Z|1985-10-22T21:00:00Z|1985-10-23T00:00:00Z|1985-10-23T03:00:00Z|1985-10-23T06:00:00Z|1985-10-23T09:00:00Z|1985-10-23T12:00:00Z|1985-10-23T15:00:00Z,train,0,False,zero
100376,NI,1985,1985-11-13T03:00:00Z,13.0,85.4,1985317N12082,1985-11-15T06:00:00Z,0,0.0,1985-11-12T03:00:00Z|1985-11-12T06:00:00Z|1985-11-12T09:00:00Z|1985-11-12T12:00:00Z|1985-11-12T15:00:00Z|1985-11-12T18:00:00Z|1985-11-12T21:00:00Z|1985-11-13T00:00:00Z|1985-11-13T03:00:00Z,train,0,False,zero
100380,NA,1985,1985-12-07T09:00:00Z,11.9,-78.5,1985342N11283,,0,0.0,1985-12-06T09:00:00Z|1985-12-06T12:00:00Z|1985-12-06T15:00:00Z|1985-12-06T18:00:00Z|1985-12-06T21:00:00Z|1985-12-07T00:00:00Z|1985-12-07T03:00:00Z|1985-12-07T06:00:00Z|1985-12-07T09:00:00Z,train,0,False,zero
100382,SP,1985,1985-12-11T15:00:00Z,-8.9,145.4,1985346S12145,,0,0.0,1985-12-10T15:00:00Z|1985-12-10T18:00:00Z|1985-12-10T21:00:00Z|1985-12-11T00:00:00Z|1985-12-11T03:00:00Z|1985-12-11T06:00:00Z|1985-12-11T09:00:00Z|1985-12-11T12:00:00Z|1985-12-11T15:00:00Z,train,0,False,zero
100387,SI,1986,1986-01-06T21:00:00Z,-8.0,78.8,1986007S07080,1986-01-08T00:00:00Z,0,1.0,1986-01-05T21:00:00Z|1986-01-06T00:00:00Z|1986-01-06T03:00:00Z|1986-01-06T06:00:00Z|1986-01-06T09:00:00Z|1986-01-06T12:00:00Z|1986-01-06T15:00:00Z|1986-01-06T18:00:00Z|1986-01-06T21:00:00Z,train,0,False,zero
100410,SI,1986,1986-03-25T00:00:00Z,-13.8,91.7,1986085S13091,1986-03-26T00:00:00Z,1,1.0,1986-03-24T00:00:00Z|1986-03-24T03:00:00Z|1986-03-24T06:00:00Z|1986-03-24T09:00:00Z|1986-03-24T12:00:00Z|1986-03-24T15:00:00Z|1986-03-24T18:00:00Z|1986-03-24T21:00:00Z|1986-03-25T00:00:00Z,train,0,False,zero
100410,SI,1986,1986-03-25T03:00:00Z,-13.6,91.6,1986085S13091,1986-03-26T00:00:00Z,1,1.0,1986-03-24T03:00:00Z|1986-03-24T06:00:00Z|1986-03-24T09:00:00Z|1986-03-24T12:00:00Z|1986-03-24T15:00:00Z|1986-03-24T18:00:00Z|1986-03-24T21:00:00Z|1986-03-25T00:00:00Z|1986-03-25T03:00:00Z,train,0,False,zero
100410,SI,1986,1986-03-25T06:00:00Z,-13.4,91.6,1986085S13091,1986-03-26T00:00:00Z,1,1.0,1986-03-24T06:00:00Z|1986-03-24T09:00:00Z|1986-03-24T12:00:00Z|1986-03-24T15:00:00Z|1986-03-24T18:00:00Z|1986-03-24T21:00:00Z|1986-03-25T00:00:00Z|1986-03-25T03:00:00Z|1986-03-25T06:00:00Z,train,0,False,zero
100410,SI,1986,1986-03-25T09:00:00Z,-13.2,91.5,1986085S13091,1986-03-26T00:00:00Z,1,1.0,1986-03-24T09:00:00Z|1986-03-24T12:00:00Z|1986-03-24T15:00:00Z|1986-03-24T18:00:00Z|1986-03-24T21:00:00Z|1986-03-25T00:00:00Z|1986-03-25T03:00:00Z|1986-03-25T06:00:00Z|1986-03-25T09:00:00Z,train,0,False,zero
100421,NA,1986,1986-06-04T21:00:00Z,26.2,-72.0,1986156N26284,1986-06-06T00:00:00Z,0,1.0,1986-06-03T21:00:00Z|1986-06-04T00:00:00Z|1986-06-04T03:00:00Z|1986-06-04T06:00:00Z|1986-06-04T09:00:00Z|1986-06-04T12:00:00Z|1986-06-04T15:00:00Z|1986-06-04T18:00:00Z|1986-06-04T21:00:00Z,train,0,False,zero
100433,EP,1986,1986-07-27T21:00:00Z,11.0,-145.3,1986209N12213,,0,,1986-07-26T21:00:00Z|1986-07-27T00:00:00Z|1986-07-27T03:00:00Z|1986-07-27T06:00:00Z|1986-07-27T09:00:00Z|1986-07-27T12:00:00Z|1986-07-27T15:00:00Z|1986-07-27T18:00:00Z|1986-07-27T21:00:00Z,train,0,False,zero
100436,SI,1986,1986-07-30T09:00:00Z,-9.7,84.5,1986212S08085,1986-07-31T18:00:00Z,0,1.0,1986-07-29T09:00:00Z|1986-07-29T12:00:00Z|1986-07-29T15:00:00Z|1986-07-29T18:00:00Z|1986-07-29T21:00:00Z|1986-07-30T00:00:00Z|1986-07-30T03:00:00Z|1986-07-30T06:00:00Z|1986-07-30T09:00:00Z,train,0,False,zero
100447,EP,1986,1986-08-28T15:00:00Z,18.0,-110.2,1986241N18248,1986-08-30T18:00:00Z,0,0.0,1986-08-27T15:00:00Z|1986-08-27T18:00:00Z|1986-08-27T21:00:00Z|1986-08-28T00:00:00Z|1986-08-28T03:00:00Z|1986-08-28T06:00:00Z|1986-08-28T09:00:00Z|1986-08-28T12:00:00Z|1986-08-28T15:00:00Z,train,0,False,zero
100452,NA,1986,1986-09-10T00:00:00Z,19.5,-46.9,1986254N22309,1986-09-11T00:00:00Z,1,1.0,1986-09-09T00:00:00Z|1986-09-09T03:00:00Z|1986-09-09T06:00:00Z|1986-09-09T09:00:00Z|1986-09-09T12:00:00Z|1986-09-09T15:00:00Z|1986-09-09T18:00:00Z|1986-09-09T21:00:00Z|1986-09-10T00:00:00Z,train,0,False,zero
100452,NA,1986,1986-09-10T03:00:00Z,20.2,-47.3,1986254N22309,1986-09-11T00:00:00Z,1,1.0,1986-09-09T03:00:00Z|1986-09-09T06:00:00Z|1986-09-09T09:00:00Z|1986-09-09T12:00:00Z|1986-09-09T15:00:00Z|1986-09-09T18:00:00Z|1986-09-09T21:00:00Z|1986-09-10T00:00:00Z|1986-09-10T03:00:00Z,train,0,False,zero
100452,NA,1986,1986-09-10T06:00:00Z,20.3,-47.4,1986254N22309,1986-09-11T00:00:00Z,1,1.0,1986-09-09T06:00:00Z|1986-09-09T09:00:00Z|1986-09-09T12:00:00Z|1986-09-09T15:00:00Z|1986-09-09T18:00:00Z|1986-09-09T21:00:00Z|1986-09-10T00:00:00Z|1986-09-10T03:00:00Z|1986-09-10T06:00:00Z,train,0,False,zero
100452,NA,1986,1986-09-10T09:00:00Z,20.9,-47.9,1986254N22309,1986-09-11T00:00:00Z,1,1.0,1986-09-09T09:00:00Z|1986-09-09T12:00:00Z|1986-09-09T15:00:00Z|1986-09-09T18:00:00Z|1986-09-09T21:00:00Z|1986-09-10T00:00:00Z|1986-09-10T03:00:00Z|1986-09-10T06:00:00Z|1986-09-10T09:00:00Z,train,0,False,zero
100452,NA,1986,1986-09-10T12:00:00Z,21.5,-49.0,1986254N22309,1986-09-11T00:00:00Z,1,1.0,1986-09-09T12:00:00Z|1986-09-09T15:00:00Z|1986-09-09T18:00:00Z|1986-09-09T21:00:00Z|1986-09-10T00:00:00Z|1986-09-10T03:00:00Z|1986-09-10T06:00:00Z|1986-09-10T09:00:00Z|1986-09-10T12:00:00Z,train,0,False,zero
100452,NA,1986,1986-09-10T15:00:00Z,21.9,-49.3,1986254N22309,1986-09-11T00:00:00Z,1,1.0,1986-09-09T15:00:00Z|1986-09-09T18:00:00Z|1986-09-09T21:00:00Z|1986-09-10T00:00:00Z|1986-09-10T03:00:00Z|1986-09-10T06:00:00Z|1986-09-10T09:00:00Z|1986-09-10T12:00:00Z|1986-09-10T15:00:00Z,train,0,False,zero
100457,EP,1986,1986-09-20T12:00:00Z,9.9,-138.1,1986264N12221,1986-09-21T12:00:00Z,1,1.0,1986-09-19T12:00:00Z|1986-09-19T15:00:00Z|1986-09-19T18:00:00Z|1986-09-19T21:00:00Z|1986-09-20T00:00:00Z|1986-09-20T03:00:00Z|1986-09-20T06:00:00Z|1986-09-20T09:00:00Z|1986-09-20T12:00:00Z,train,0,False,zero
100457,EP,1986,1986-09-20T15:00:00Z,11.6,-138.8,1986264N12221,1986-09-21T12:00:00Z,1,1.0,1986-09-19T15:00:00Z|1986-09-19T18:00:00Z|1986-09-19T21:00:00Z|1986-09-20T00:00:00Z|1986-09-20T03:00:00Z|1986-09-20T06:00:00Z|1986-09-20T09:00:00Z|1986-09-20T12:00:00Z|1986-09-20T15:00:00Z,train,0,False,zero
100457,EP,1986,1986-09-20T18:00:00Z,13.2,-139.5,1986264N12221,1986-09-21T12:00:00Z,1,1.0,1986-09-19T18:00:00Z|1986-09-19T21:00:00Z|1986-09-20T00:00:00Z|1986-09-20T03:00:00Z|1986-09-20T06:00:00Z|1986-09-20T09:00:00Z|1986-09-20T12:00:00Z|1986-09-20T15:00:00Z|1986-09-20T18:00:00Z,train,0,False,zero
100457,EP,1986,1986-09-20T21:00:00Z,12.9,-139.3,1986264N12221,1986-09-21T12:00:00Z,1,1.0,1986-09-19T21:00:00Z|1986-09-20T00:00:00Z|1986-09-20T03:00:00Z|1986-09-20T06:00:00Z|1986-09-20T09:00:00Z|1986-09-20T12:00:00Z|1986-09-20T15:00:00Z|1986-09-20T18:00:00Z|1986-09-20T21:00:00Z,train,0,False,zero
100470,NA,1986,1986-11-18T06:00:00Z,22.4,-59.7,1986323N23297,1986-11-19T06:00:00Z,1,1.0,1986-11-17T06:00:00Z|1986-11-17T09:00:00Z|1986-11-17T12:00:00Z|1986-11-17T15:00:00Z|1986-11-17T18:00:00Z|1986-11-17T21:00:00Z|1986-11-18T00:00:00Z|1986-11-18T03:00:00Z|1986-11-18T06:00:00Z,train,0,False,zero
100470,NA,1986,1986-11-18T09:00:00Z,23.3,-59.9,1986323N23297,1986-11-19T06:00:00Z,1,1.0,1986-11-17T09:00:00Z|1986-11-17T12:00:00Z|1986-11-17T15:00:00Z|1986-11-17T18:00:00Z|1986-11-17T21:00:00Z|1986-11-18T00:00:00Z|1986-11-18T03:00:00Z|1986-11-18T06:00:00Z|1986-11-18T09:00:00Z,train,0,False,zero
100470,NA,1986,1986-11-18T12:00:00Z,23.7,-60.2,1986323N23297,1986-11-19T06:00:00Z,1,1.0,1986-11-17T12:00:00Z|1986-11-17T15:00:00Z|1986-11-17T18:00:00Z|1986-11-17T21:00:00Z|1986-11-18T00:00:00Z|1986-11-18T03:00:00Z|1986-11-18T06:00:00Z|1986-11-18T09:00:00Z|1986-11-18T12:00:00Z,train,0,False,zero
100470,NA,1986,1986-11-18T15:00:00Z,23.8,-60.6,1986323N23297,1986-11-19T06:00:00Z,1,1.0,1986-11-17T15:00:00Z|1986-11-17T18:00:00Z|1986-11-17T21:00:00Z|1986-11-18T00:00:00Z|1986-11-18T03:00:00Z|1986-11-18T06:00:00Z|1986-11-18T09:00:00Z|1986-11-18T12:00:00Z|1986-11-18T15:00:00Z,train,0,False,zero
100490,SP,1987,1987-02-04T15:00:00Z,-10.5,137.3,1987036S12140,1987-02-07T00:00:00Z,0,0.0,1987-02-03T15:00:00Z|1987-02-03T18:00:00Z|1987-02-03T21:00:00Z|1987-02-04T00:00:00Z|1987-02-04T03:00:00Z|1987-02-04T06:00:00Z|1987-02-04T09:00:00Z|1987-02-04T12:00:00Z|1987-02-04T15:00:00Z,train,0,False,zero
100497,SP,1987,1987-03-05T09:00:00Z,-10.8,163.8,1987065S11164,1987-03-08T12:00:00Z,0,0.0,1987-03-04T09:00:00Z|1987-03-04T12:00:00Z|1987-03-04T15:00:00Z|1987-03-04T18:00:00Z|1987-03-04T21:00:00Z|1987-03-05T00:00:00Z|1987-03-05T03:00:00Z|1987-03-05T06:00:00Z|1987-03-05T09:00:00Z,train,0,False,zero
100499,SI,1987,1987-04-05T21:00:00Z,-9.9,144.5,1987096S11144,1987-04-08T00:00:00Z,0,0.0,1987-04-04T21:00:00Z|1987-04-05T00:00:00Z|1987-04-05T03:00:00Z|1987-04-05T06:00:00Z|1987-04-05T09:00:00Z|1987-04-05T12:00:00Z|1987-04-05T15:00:00Z|1987-04-05T18:00:00Z|1987-04-05T21:00:00Z,train,0,False,zero
100510,SI,1987,1987-06-24T21:00:00Z,-8.8,85.9,1987176S08087,,0,0.0,1987-06-23T21:00:00Z|1987-06-24T00:00:00Z|1987-06-24T03:00:00Z|1987-06-24T06:00:00Z|1987-06-24T09:00:00Z|1987-06-24T12:00:00Z|1987-06-24T15:00:00Z|1987-06-24T18:00:00Z|1987-06-24T21:00:00Z,train,0,False,zero
100513,WP,1987,1987-07-06T09:00:00Z,9.9,151.5,1987188N10151,1987-07-08T12:00:00Z,0,0.0,1987-07-05T09:00:00Z|1987-07-05T12:00:00Z|1987-07-05T15:00:00Z|1987-07-05T18:00:00Z|1987-07-05T21:00:00Z|1987-07-06T00:00:00Z|1987-07-06T03:00:00Z|1987-07-06T06:00:00Z|1987-07-06T09:00:00Z,train,0,False,zero
100516,WP,1987,1987-07-18T09:00:00Z,2.1,-169.7,1987200N04191,1987-07-21T06:00:00Z,0,0.0,1987-07-17T09:00:00Z|1987-07-17T12:00:00Z|1987-07-17T15:00:00Z|1987-07-17T18:00:00Z|1987-07-17T21:00:00Z|1987-07-18T00:00:00Z|1987-07-18T03:00:00Z|1987-07-18T06:00:00Z|1987-07-18T09:00:00Z,train,0,False,zero
100518,EP,1987,1987-07-21T18:00:00Z,11.1,-98.5,1987203N11263,1987-07-22T18:00:00Z,1,1.0,1987-07-20T18:00:00Z|1987-07-20T21:00:00Z|1987-07-21T00:00:00Z|1987-07-21T03:00:00Z|1987-07-21T06:00:00Z|1987-07-21T09:00:00Z|1987-07-21T12:00:00Z|1987-07-21T15:00:00Z|1987-07-21T18:00:00Z,train,0,False,zero
100518,EP,1987,1987-07-21T21:00:00Z,11.0,-97.6,1987203N11263,1987-07-22T18:00:00Z,1,1.0,1987-07-20T21:00:00Z|1987-07-21T00:00:00Z|1987-07-21T03:00:00Z|1987-07-21T06:00:00Z|1987-07-21T09:00:00Z|1987-07-21T12:00:00Z|1987-07-21T15:00:00Z|1987-07-21T18:00:00Z|1987-07-21T21:00:00Z,train,0,False,zero
100522,EP,1987,1987-08-03T00:00:00Z,9.4,-89.7,1987216N10270,1987-08-04T00:00:00Z,1,1.0,1987-08-02T00:00:00Z|1987-08-02T03:00:00Z|1987-08-02T06:00:00Z|1987-08-02T09:00:00Z|1987-08-02T12:00:00Z|1987-08-02T15:00:00Z|1987-08-02T18:00:00Z|1987-08-02T21:00:00Z|1987-08-03T00:00:00Z,train,0,False,zero
100522,EP,1987,1987-08-03T03:00:00Z,10.2,-89.9,1987216N10270,1987-08-04T00:00:00Z,1,1.0,1987-08-02T03:00:00Z|1987-08-02T06:00:00Z|1987-08-02T09:00:00Z|1987-08-02T12:00:00Z|1987-08-02T15:00:00Z|1987-08-02T18:00:00Z|1987-08-02T21:00:00Z|1987-08-03T00:00:00Z|1987-08-03T03:00:00Z,train,0,False,zero
100522,EP,1987,1987-08-03T06:00:00Z,10.9,-90.1,1987216N10270,1987-08-04T00:00:00Z,1,1.0,1987-08-02T06:00:00Z|1987-08-02T09:00:00Z|1987-08-02T12:00:00Z|1987-08-02T15:00:00Z|1987-08-02T18:00:00Z|1987-08-02T21:00:00Z|1987-08-03T00:00:00Z|1987-08-03T03:00:00Z|1987-08-03T06:00:00Z,train,0,False,zero
100522,EP,1987,1987-08-03T09:00:00Z,11.6,-90.3,1987216N10270,1987-08-04T00:00:00Z,1,1.0,1987-08-02T09:00:00Z|1987-08-02T12:00:00Z|1987-08-02T15:00:00Z|1987-08-02T18:00:00Z|1987-08-02T21:00:00Z|1987-08-03T00:00:00Z|1987-08-03T03:00:00Z|1987-08-03T06:00:00Z|1987-08-03T09:00:00Z,train,0,False,zero
100522,EP,1987,1987-08-03T12:00:00Z,9.4,-90.1,1987216N10270,1987-08-04T00:00:00Z,1,1.0,1987-08-02T12:00:00Z|1987-08-02T15:00:00Z|1987-08-02T18:00:00Z|1987-08-02T21:00:00Z|1987-08-03T00:00:00Z|1987-08-03T03:00:00Z|1987-08-03T06:00:00Z|1987-08-03T09:00:00Z|1987-08-03T12:00:00Z,train,0,False,zero
100522,EP,1987,1987-08-03T15:00:00Z,9.2,-90.2,1987216N10270,1987-08-04T00:00:00Z,1,1.0,1987-08-02T15:00:00Z|1987-08-02T18:00:00Z|1987-08-02T21:00:00Z|1987-08-03T00:00:00Z|1987-08-03T03:00:00Z|1987-08-03T06:00:00Z|1987-08-03T09:00:00Z|1987-08-03T12:00:00Z|1987-08-03T15:00:00Z,train,0,False,zero
100523,WP,1987,1987-08-06T21:00:00Z,7.8,133.2,1987219N08134,1987-08-09T00:00:00Z,0,0.0,1987-08-05T21:00:00Z|1987-08-06T00:00:00Z|1987-08-06T03:00:00Z|1987-08-06T06:00:00Z|1987-08-06T09:00:00Z|1987-08-06T12:00:00Z|1987-08-06T15:00:00Z|1987-08-06T18:00:00Z|1987-08-06T21:00:00Z,train,0,False,zero
100533,EP,1987,1987-08-28T06:00:00Z,11.0,-117.3,1987241N10241,1987-08-29T06:00:00Z,1,1.0,1987-08-27T06:00:00Z|1987-08-27T09:00:00Z|1987-08-27T12:00:00Z|1987-08-27T15:00:00Z|1987-08-27T18:00:00Z|1987-08-27T21:00:00Z|1987-08-28T00:00:00Z|1987-08-28T03:00:00Z|1987-08-28T06:00:00Z,train,0,False,zero
100533,EP,1987,1987-08-28T09:00:00Z,9.6,-115.4,1987241N10241,1987-08-29T06:00:00Z,1,1.0,1987-08-27T09:00:00Z|1987-08-27T12:00:00Z|1987-08-27T15:00:00Z|1987-08-27T18:00:00Z|1987-08-27T21:00:00Z|1987-08-28T00:00:00Z|1987-08-28T03:00:00Z|1987-08-28T06:00:00Z|1987-08-28T09:00:00Z,train,0,False,zero
100533,EP,1987,1987-08-28T12:00:00Z,11.2,-117.5,1987241N10241,1987-08-29T06:00:00Z,1,1.0,1987-08-27T12:00:00Z|1987-08-27T15:00:00Z|1987-08-27T18:00:00Z|1987-08-27T21:00:00Z|1987-08-28T00:00:00Z|1987-08-28T03:00:00Z|1987-08-28T06:00:00Z|1987-08-28T09:00:00Z|1987-08-28T12:00:00Z,train,0,False,zero
100533,EP,1987,1987-08-28T15:00:00Z,11.3,-118.3,1987241N10241,1987-08-29T06:00:00Z,1,1.0,1987-08-27T15:00:00Z|1987-08-27T18:00:00Z|1987-08-27T21:00:00Z|1987-08-28T00:00:00Z|1987-08-28T03:00:00Z|1987-08-28T06:00:00Z|1987-08-28T09:00:00Z|1987-08-28T12:00:00Z|1987-08-28T15:00:00Z,train,0,False,zero
100534,EP,1987,1987-08-29T00:00:00Z,12.0,-100.6,1987242N13257,1987-08-30T00:00:00Z,1,1.0,1987-08-28T00:00:00Z|1987-08-28T03:00:00Z|1987-08-28T06:00:00Z|1987-08-28T09:00:00Z|1987-08-28T12:00:00Z|1987-08-28T15:00:00Z|1987-08-28T18:00:00Z|1987-08-28T21:00:00Z|1987-08-29T00:00:00Z,train,0,False,zero
100534,EP,1987,1987-08-29T03:00:00Z,15.9,-100.1,1987242N13257,1987-08-30T00:00:00Z,1,1.0,1987-08-28T03:00:00Z|1987-08-28T06:00:00Z|1987-08-28T09:00:00Z|1987-08-28T12:00:00Z|1987-08-28T15:00:00Z|1987-08-28T18:00:00Z|1987-08-28T21:00:00Z|1987-08-29T00:00:00Z|1987-08-29T03:00:00Z,train,0,False,zero
100534,EP,1987,1987-08-29T06:00:00Z,14.3,-100.6,1987242N13257,1987-08-30T00:00:00Z,1,1.0,1987-08-28T06:00:00Z|1987-08-28T09:00:00Z|1987-08-28T12:00:00Z|1987-08-28T15:00:00Z|1987-08-28T18:00:00Z|1987-08-28T21:00:00Z|1987-08-29T00:00:00Z|1987-08-29T03:00:00Z|1987-08-29T06:00:00Z,train,0,False,zero
100534,EP,1987,1987-08-29T09:00:00Z,12.7,-101.1,1987242N13257,1987-08-30T00:00:00Z,1,1.0,1987-08-28T09:00:00Z|1987-08-28T12:00:00Z|1987-08-28T15:00:00Z|1987-08-28T18:00:00Z|1987-08-28T21:00:00Z|1987-08-29T00:00:00Z|1987-08-29T03:00:00Z|1987-08-29T06:00:00Z|1987-08-29T09:00:00Z,train,0,False,zero
100535,NA,1987,1987-08-30T09:00:00Z,15.7,-30.9,1987243N14328,,0,0.0,1987-08-29T09:00:00Z|1987-08-29T12:00:00Z|1987-08-29T15:00:00Z|1987-08-29T18:00:00Z|1987-08-29T21:00:00Z|1987-08-30T00:00:00Z|1987-08-30T03:00:00Z|1987-08-30T06:00:00Z|1987-08-30T09:00:00Z,train,0,False,zero
100539,NA,1987,1987-09-05T21:00:00Z,11.5,-60.4,1987249N13297,,0,0.0,1987-09-04T21:00:00Z|1987-09-05T00:00:00Z|1987-09-05T03:00:00Z|1987-09-05T06:00:00Z|1987-09-05T09:00:00Z|1987-09-05T12:00:00Z|1987-09-05T15:00:00Z|1987-09-05T18:00:00Z|1987-09-05T21:00:00Z,train,0,False,zero
100542,NA,1987,1987-09-08T15:00:00Z,12.5,-18.5,1987252N11342,1987-09-10T12:00:00Z,0,1.0,1987-09-07T15:00:00Z|1987-09-07T18:00:00Z|1987-09-07T21:00:00Z|1987-09-08T00:00:00Z|1987-09-08T03:00:00Z|1987-09-08T06:00:00Z|1987-09-08T09:00:00Z|1987-09-08T12:00:00Z|1987-09-08T15:00:00Z,train,0,False,zero
100545,EP,1987,1987-09-14T09:00:00Z,15.8,-106.9,1987258N15253,1987-09-15T18:00:00Z,0,1.0,1987-09-13T09:00:00Z|1987-09-13T12:00:00Z|1987-09-13T15:00:00Z|1987-09-13T18:00:00Z|1987-09-13T21:00:00Z|1987-09-14T00:00:00Z|1987-09-14T03:00:00Z|1987-09-14T06:00:00Z|1987-09-14T09:00:00Z,train,0,False,zero
100552,EP,1987,1987-09-30T06:00:00Z,20.9,-109.7,1987274N21249,1987-10-01T06:00:00Z,1,1.0,1987-09-29T06:00:00Z|1987-09-29T09:00:00Z|1987-09-29T12:00:00Z|1987-09-29T15:00:00Z|1987-09-29T18:00:00Z|1987-09-29T21:00:00Z|1987-09-30T00:00:00Z|1987-09-30T03:00:00Z|1987-09-30T06:00:00Z,train,0,False,zero
100552,EP,1987,1987-09-30T09:00:00Z,21.3,-110.0,1987274N21249,1987-10-01T06:00:00Z,1,1.0,1987-09-29T09:00:00Z|1987-09-29T12:00:00Z|1987-09-29T15:00:00Z|1987-09-29T18:00:00Z|1987-09-29T21:00:00Z|1987-09-30T00:00:00Z|1987-09-30T03:00:00Z|1987-09-30T06:00:00Z|1987-09-30T09:00:00Z,train,0,False,zero
100555,NA,1987,1987-10-09T03:00:00Z,17.3,-80.1,1987282N15277,1987-10-10T12:00:00Z,0,1.0,1987-10-08T03:00:00Z|1987-10-08T06:00:00Z|1987-10-08T09:00:00Z|1987-10-08T12:00:00Z|1987-10-08T15:00:00Z|1987-10-08T18:00:00Z|1987-10-08T21:00:00Z|1987-10-09T00:00:00Z|1987-10-09T03:00:00Z,train,0,False,zero
100556,NI,1987,1987-10-13T21:00:00Z,10.3,86.1,1987287N12089,1987-10-15T00:00:00Z,0,1.0,1987-10-12T21:00:00Z|1987-10-13T00:00:00Z|1987-10-13T03:00:00Z|1987-10-13T06:00:00Z|1987-10-13T09:00:00Z|1987-10-13T12:00:00Z|1987-10-13T15:00:00Z|1987-10-13T18:00:00Z|1987-10-13T21:00:00Z,train,0,False,zero
100561,NA,1987,1987-10-31T15:00:00Z,18.3,-76.0,1987305N17283,,0,0.0,1987-10-30T15:00:00Z|1987-10-30T18:00:00Z|1987-10-30T21:00:00Z|1987-10-31T00:00:00Z|1987-10-31T03:00:00Z|1987-10-31T06:00:00Z|1987-10-31T09:00:00Z|1987-10-31T12:00:00Z|1987-10-31T15:00:00Z,train,0,False,zero
100568,SI,1987,1987-12-05T15:00:00Z,-5.9,93.4,1987340S07095,1987-12-09T18:00:00Z,0,0.0,1987-12-04T15:00:00Z|1987-12-04T18:00:00Z|1987-12-04T21:00:00Z|1987-12-05T00:00:00Z|1987-12-05T03:00:00Z|1987-12-05T06:00:00Z|1987-12-05T09:00:00Z|1987-12-05T12:00:00Z|1987-12-05T15:00:00Z,train,0,False,zero
100577,SI,1988,1988-01-20T21:00:00Z,-11.8,79.6,1988021S12080,1988-01-23T00:00:00Z,0,0.0,1988-01-19T21:00:00Z|1988-01-20T00:00:00Z|1988-01-20T03:00:00Z|1988-01-20T06:00:00Z|1988-01-20T09:00:00Z|1988-01-20T12:00:00Z|1988-01-20T15:00:00Z|1988-01-20T18:00:00Z|1988-01-20T21:00:00Z,train,0,False,zero
100594,EP,1988,1988-06-15T09:00:00Z,15.5,-112.1,1988168N13248,,0,0.0,1988-06-14T09:00:00Z|1988-06-14T12:00:00Z|1988-06-14T15:00:00Z|1988-06-14T18:00:00Z|1988-06-14T21:00:00Z|1988-06-15T00:00:00Z|1988-06-15T03:00:00Z|1988-06-15T06:00:00Z|1988-06-15T09:00:00Z,train,0,False,zero
100613,NA,1988,1988-08-07T12:00:00Z,28.7,-91.0,1988221N30270,1988-08-08T12:00:00Z,1,1.0,1988-08-06T12:00:00Z|1988-08-06T15:00:00Z|1988-08-06T18:00:00Z|1988-08-06T21:00:00Z|1988-08-07T00:00:00Z|1988-08-07T03:00:00Z|1988-08-07T06:00:00Z|1988-08-07T09:00:00Z|1988-08-07T12:00:00Z,train,0,False,zero
100613,NA,1988,1988-08-07T15:00:00Z,28.3,-91.0,1988221N30270,1988-08-08T12:00:00Z,1,1.0,1988-08-06T15:00:00Z|1988-08-06T18:00:00Z|1988-08-06T21:00:00Z|1988-08-07T00:00:00Z|1988-08-07T03:00:00Z|1988-08-07T06:00:00Z|1988-08-07T09:00:00Z|1988-08-07T12:00:00Z|1988-08-07T15:00:00Z,train,0,False,zero
100613,NA,1988,1988-08-07T18:00:00Z,28.2,-91.4,1988221N30270,1988-08-08T12:00:00Z,1,1.0,1988-08-06T18:00:00Z|1988-08-06T21:00:00Z|1988-08-07T00:00:00Z|1988-08-07T03:00:00Z|1988-08-07T06:00:00Z|1988-08-07T09:00:00Z|1988-08-07T12:00:00Z|1988-08-07T15:00:00Z|1988-08-07T18:00:00Z,train,0,False,zero
100613,NA,1988,1988-08-07T21:00:00Z,28.1,-91.8,1988221N30270,1988-08-08T12:00:00Z,1,1.0,1988-08-06T21:00:00Z|1988-08-07T00:00:00Z|1988-08-07T03:00:00Z|1988-08-07T06:00:00Z|1988-08-07T09:00:00Z|1988-08-07T12:00:00Z|1988-08-07T15:00:00Z|1988-08-07T18:00:00Z|1988-08-07T21:00:00Z,train,0,False,zero
100615,NA,1988,1988-08-12T21:00:00Z,25.0,-72.5,1988226N25286,,0,,1988-08-11T21:00:00Z|1988-08-12T00:00:00Z|1988-08-12T03:00:00Z|1988-08-12T06:00:00Z|1988-08-12T09:00:00Z|1988-08-12T12:00:00Z|1988-08-12T15:00:00Z|1988-08-12T18:00:00Z|1988-08-12T21:00:00Z,train,0,False,zero
100622,WP,1988,1988-08-23T21:00:00Z,27.5,140.7,1988237N30143,1988-08-29T12:00:00Z,0,0.0,1988-08-22T21:00:00Z|1988-08-23T00:00:00Z|1988-08-23T03:00:00Z|1988-08-23T06:00:00Z|1988-08-23T09:00:00Z|1988-08-23T12:00:00Z|1988-08-23T15:00:00Z|1988-08-23T18:00:00Z|1988-08-23T21:00:00Z,train,0,False,zero
100625,EP,1988,1988-08-28T12:00:00Z,17.2,-102.7,1988242N13262,1988-08-29T12:00:00Z,1,1.0,1988-08-27T12:00:00Z|1988-08-27T15:00:00Z|1988-08-27T18:00:00Z|1988-08-27T21:00:00Z|1988-08-28T00:00:00Z|1988-08-28T03:00:00Z|1988-08-28T06:00:00Z|1988-08-28T09:00:00Z|1988-08-28T12:00:00Z,train,0,False,zero
100625,EP,1988,1988-08-28T15:00:00Z,14.0,-100.4,1988242N13262,1988-08-29T12:00:00Z,1,1.0,1988-08-27T15:00:00Z|1988-08-27T18:00:00Z|1988-08-27T21:00:00Z|1988-08-28T00:00:00Z|1988-08-28T03:00:00Z|1988-08-28T06:00:00Z|1988-08-28T09:00:00Z|1988-08-28T12:00:00Z|1988-08-28T15:00:00Z,train,0,False,zero
100625,EP,1988,1988-08-28T18:00:00Z,13.9,-100.3,1988242N13262,1988-08-29T12:00:00Z,1,1.0,1988-08-27T18:00:00Z|1988-08-27T21:00:00Z|1988-08-28T00:00:00Z|1988-08-28T03:00:00Z|1988-08-28T06:00:00Z|1988-08-28T09:00:00Z|1988-08-28T12:00:00Z|1988-08-28T15:00:00Z|1988-08-28T18:00:00Z,train,0,False,zero
100625,EP,1988,1988-08-28T21:00:00Z,13.7,-100.3,1988242N13262,1988-08-29T12:00:00Z,1,1.0,1988-08-27T21:00:00Z|1988-08-28T00:00:00Z|1988-08-28T03:00:00Z|1988-08-28T06:00:00Z|1988-08-28T09:00:00Z|1988-08-28T12:00:00Z|1988-08-28T15:00:00Z|1988-08-28T18:00:00Z|1988-08-28T21:00:00Z,train,0,False,zero
100628,NA,1988,1988-09-02T18:00:00Z,32.5,-58.7,1988247N33300,1988-09-03T18:00:00Z,1,1.0,1988-09-01T18:00:00Z|1988-09-01T21:00:00Z|1988-09-02T00:00:00Z|1988-09-02T03:00:00Z|1988-09-02T06:00:00Z|1988-09-02T09:00:00Z|1988-09-02T12:00:00Z|1988-09-02T15:00:00Z|1988-09-02T18:00:00Z,train,0,False,zero
100628,NA,1988,1988-09-02T21:00:00Z,32.9,-57.9,1988247N33300,1988-09-03T18:00:00Z,1,1.0,1988-09-01T21:00:00Z|1988-09-02T00:00:00Z|1988-09-02T03:00:00Z|1988-09-02T06:00:00Z|1988-09-02T09:00:00Z|1988-09-02T12:00:00Z|1988-09-02T15:00:00Z|1988-09-02T18:00:00Z|1988-09-02T21:00:00Z,train,0,False,zero
100632,NA,1988,1988-09-07T03:00:00Z,20.6,-90.9,1988251N23268,1988-09-07T15:00:00Z,1,1.0,1988-09-06T03:00:00Z|1988-09-06T06:00:00Z|1988-09-06T09:00:00Z|1988-09-06T12:00:00Z|1988-09-06T15:00:00Z|1988-09-06T18:00:00Z|1988-09-06T21:00:00Z|1988-09-07T00:00:00Z|1988-09-07T03:00:00Z,train,0,False,zero
100636,EP,1988,1988-09-12T15:00:00Z,18.8,-108.4,1988257N16252,,0,0.0,1988-09-11T15:00:00Z|1988-09-11T18:00:00Z|1988-09-11T21:00:00Z|1988-09-12T00:00:00Z|1988-09-12T03:00:00Z|1988-09-12T06:00:00Z|1988-09-12T09:00:00Z|1988-09-12T12:00:00Z|1988-09-12T15:00:00Z,train,0,False,zero
100635,WP,1988,1988-09-10T18:00:00Z,18.7,160.6,1988255N21159,1988-09-11T18:00:00Z,1,1.0,1988-09-09T18:00:00Z|1988-09-09T21:00:00Z|1988-09-10T00:00:00Z|1988-09-10T03:00:00Z|1988-09-10T06:00:00Z|1988-09-10T09:00:00Z|1988-09-10T12:00:00Z|1988-09-10T15:00:00Z|1988-09-10T18:00:00Z,train,0,False,zero
100635,WP,1988,1988-09-10T21:00:00Z,18.9,160.4,1988255N21159,1988-09-11T18:00:00Z,1,1.0,1988-09-09T21:00:00Z|1988-09-10T00:00:00Z|1988-09-10T03:00:00Z|1988-09-10T06:00:00Z|1988-09-10T09:00:00Z|1988-09-10T12:00:00Z|1988-09-10T15:00:00Z|1988-09-10T18:00:00Z|1988-09-10T21:00:00Z,train,0,False,zero
100640,NA,1988,1988-09-19T06:00:00Z,14.3,-29.9,1988264N13328,1988-09-20T06:00:00Z,1,1.0,1988-09-18T06:00:00Z|1988-09-18T09:00:00Z|1988-09-18T12:00:00Z|1988-09-18T15:00:00Z|1988-09-18T18:00:00Z|1988-09-18T21:00:00Z|1988-09-19T00:00:00Z|1988-09-19T03:00:00Z|1988-09-19T06:00:00Z,train,0,False,zero
100640,NA,1988,1988-09-19T09:00:00Z,13.7,-30.6,1988264N13328,1988-09-20T06:00:00Z,1,1.0,1988-09-18T09:00:00Z|1988-09-18T12:00:00Z|1988-09-18T15:00:00Z|1988-09-18T18:00:00Z|1988-09-18T21:00:00Z|1988-09-19T00:00:00Z|1988-09-19T03:00:00Z|1988-09-19T06:00:00Z|1988-09-19T09:00:00Z,train,0,False,zero
100640,NA,1988,1988-09-19T12:00:00Z,13.8,-31.0,1988264N13328,1988-09-20T06:00:00Z,1,1.0,1988-09-18T12:00:00Z|1988-09-18T15:00:00Z|1988-09-18T18:00:00Z|1988-09-18T21:00:00Z|1988-09-19T00:00:00Z|1988-09-19T03:00:00Z|1988-09-19T06:00:00Z|1988-09-19T09:00:00Z|1988-09-19T12:00:00Z,train,0,False,zero
100640,NA,1988,1988-09-19T15:00:00Z,13.9,-31.4,1988264N13328,1988-09-20T06:00:00Z,1,1.0,1988-09-18T15:00:00Z|1988-09-18T18:00:00Z|1988-09-18T21:00:00Z|1988-09-19T00:00:00Z|1988-09-19T03:00:00Z|1988-09-19T06:00:00Z|1988-09-19T09:00:00Z|1988-09-19T12:00:00Z|1988-09-19T15:00:00Z,train,0,False,zero
100646,WP,1988,1988-10-08T03:00:00Z,14.3,155.6,1988282N17153,1988-10-11T12:00:00Z,0,0.0,1988-10-07T03:00:00Z|1988-10-07T06:00:00Z|1988-10-07T09:00:00Z|1988-10-07T12:00:00Z|1988-10-07T15:00:00Z|1988-10-07T18:00:00Z|1988-10-07T21:00:00Z|1988-10-08T00:00:00Z|1988-10-08T03:00:00Z,train,0,False,zero
100648,EP,1988,1988-10-11T03:00:00Z,18.5,-106.5,1988285N18251,,0,,1988-10-10T03:00:00Z|1988-10-10T06:00:00Z|1988-10-10T09:00:00Z|1988-10-10T12:00:00Z|1988-10-10T15:00:00Z|1988-10-10T18:00:00Z|1988-10-10T21:00:00Z|1988-10-11T00:00:00Z|1988-10-11T03:00:00Z,train,0,False,zero
100657,SI,1988,1988-11-05T03:00:00Z,-6.2,100.5,1988310S08100,1988-11-08T00:00:00Z,0,0.0,1988-11-04T03:00:00Z|1988-11-04T06:00:00Z|1988-11-04T09:00:00Z|1988-11-04T12:00:00Z|1988-11-04T15:00:00Z|1988-11-04T18:00:00Z|1988-11-04T21:00:00Z|1988-11-05T00:00:00Z|1988-11-05T03:00:00Z,train,0,False,zero
100660,NI,1988,1988-11-21T15:00:00Z,3.9,96.9,1988327N06100,1988-11-24T00:00:00Z,0,0.0,1988-11-20T15:00:00Z|1988-11-20T18:00:00Z|1988-11-20T21:00:00Z|1988-11-21T00:00:00Z|1988-11-21T03:00:00Z|1988-11-21T06:00:00Z|1988-11-21T09:00:00Z|1988-11-21T12:00:00Z|1988-11-21T15:00:00Z,train,0,False,zero
100668,SI,1989,1989-01-17T15:00:00Z,-13.0,83.8,1989018S10082,1989-01-20T12:00:00Z,0,0.0,1989-01-16T15:00:00Z|1989-01-16T18:00:00Z|1989-01-16T21:00:00Z|1989-01-17T00:00:00Z|1989-01-17T03:00:00Z|1989-01-17T06:00:00Z|1989-01-17T09:00:00Z|1989-01-17T12:00:00Z|1989-01-17T15:00:00Z,train,0,False,zero
100679,SI,1989,1989-03-07T09:00:00Z,-16.8,41.8,1989067S17041,1989-03-09T00:00:00Z,0,1.0,1989-03-06T09:00:00Z|1989-03-06T12:00:00Z|1989-03-06T15:00:00Z|1989-03-06T18:00:00Z|1989-03-06T21:00:00Z|1989-03-07T00:00:00Z|1989-03-07T03:00:00Z|1989-03-07T06:00:00Z|1989-03-07T09:00:00Z,train,0,False,zero
100690,SP,1989,1989-05-01T09:00:00Z,-8.1,161.1,1989122S09162,1989-05-04T12:00:00Z,0,0.0,1989-04-30T09:00:00Z|1989-04-30T12:00:00Z|1989-04-30T15:00:00Z|1989-04-30T18:00:00Z|1989-04-30T21:00:00Z|1989-05-01T00:00:00Z|1989-05-01T03:00:00Z|1989-05-01T06:00:00Z|1989-05-01T09:00:00Z,train,0,False,zero
100691,SP,1989,1989-05-05T21:00:00Z,-11.1,-180.0,1989126S13178,1989-05-08T00:00:00Z,0,0.0,1989-05-04T21:00:00Z|1989-05-05T00:00:00Z|1989-05-05T03:00:00Z|1989-05-05T06:00:00Z|1989-05-05T09:00:00Z|1989-05-05T12:00:00Z|1989-05-05T15:00:00Z|1989-05-05T18:00:00Z|1989-05-05T21:00:00Z,train,0,False,zero
100694,NI,1989,1989-05-22T21:00:00Z,16.3,92.5,1989143N17090,1989-05-24T06:00:00Z,0,1.0,1989-05-21T21:00:00Z|1989-05-22T00:00:00Z|1989-05-22T03:00:00Z|1989-05-22T06:00:00Z|1989-05-22T09:00:00Z|1989-05-22T12:00:00Z|1989-05-22T15:00:00Z|1989-05-22T18:00:00Z|1989-05-22T21:00:00Z,train,0,False,zero
100702,NA,1989,1989-06-24T15:00:00Z,26.5,-93.7,1989176N27264,1989-06-26T00:00:00Z,0,1.0,1989-06-23T15:00:00Z|1989-06-23T18:00:00Z|1989-06-23T21:00:00Z|1989-06-24T00:00:00Z|1989-06-24T03:00:00Z|1989-06-24T06:00:00Z|1989-06-24T09:00:00Z|1989-06-24T12:00:00Z|1989-06-24T15:00:00Z,train,0,False,zero
100704,SI,1989,1989-07-07T09:00:00Z,-9.2,84.0,1989189S07088,,0,0.0,1989-07-06T09:00:00Z|1989-07-06T12:00:00Z|1989-07-06T15:00:00Z|1989-07-06T18:00:00Z|1989-07-06T21:00:00Z|1989-07-07T00:00:00Z|1989-07-07T03:00:00Z|1989-07-07T06:00:00Z|1989-07-07T09:00:00Z,train,0,False,zero
100723,NA,1989,1989-07-31T03:00:00Z,14.6,-41.1,1989212N15318,1989-08-01T06:00:00Z,0,1.0,1989-07-30T03:00:00Z|1989-07-30T06:00:00Z|1989-07-30T09:00:00Z|1989-07-30T12:00:00Z|1989-07-30T15:00:00Z|1989-07-30T18:00:00Z|1989-07-30T21:00:00Z|1989-07-31T00:00:00Z|1989-07-31T03:00:00Z,train,0,False,zero
100726,WP,1989,1989-08-08T21:00:00Z,8.9,148.3,1989221N10149,1989-08-12T06:00:00Z,0,0.0,1989-08-07T21:00:00Z|1989-08-08T00:00:00Z|1989-08-08T03:00:00Z|1989-08-08T06:00:00Z|1989-08-08T09:00:00Z|1989-08-08T12:00:00Z|1989-08-08T15:00:00Z|1989-08-08T18:00:00Z|1989-08-08T21:00:00Z,train,0,False,zero
100728,EP,1989,1989-08-14T12:00:00Z,14.8,-123.9,1989227N12236,1989-08-15T12:00:00Z,1,1.0,1989-08-13T12:00:00Z|1989-08-13T15:00:00Z|1989-08-13T18:00:00Z|1989-08-13T21:00:00Z|1989-08-14T00:00:00Z|1989-08-14T03:00:00Z|1989-08-14T06:00:00Z|1989-08-14T09:00:00Z|1989-08-14T12:00:00Z,train,0,False,zero
100728,EP,1989,1989-08-14T15:00:00Z,15.0,-124.9,1989227N12236,1989-08-15T12:00:00Z,1,1.0,1989-08-13T15:00:00Z|1989-08-13T18:00:00Z|1989-08-13T21:00:00Z|1989-08-14T00:00:00Z|1989-08-14T03:00:00Z|1989-08-14T06:00:00Z|1989-08-14T09:00:00Z|1989-08-14T12:00:00Z|1989-08-14T15:00:00Z,train,0,False,zero
100732,NA,1989,1989-08-17T21:00:00Z,11.7,-23.8,1989230N14338,1989-08-19T18:00:00Z,0,1.0,1989-08-16T21:00:00Z|1989-08-17T00:00:00Z|1989-08-17T03:00:00Z|1989-08-17T06:00:00Z|1989-08-17T09:00:00Z|1989-08-17T12:00:00Z|1989-08-17T15:00:00Z|1989-08-17T18:00:00Z|1989-08-17T21:00:00Z,train,0,False,zero
100735,WP,1989,1989-08-22T15:00:00Z,27.2,124.8,1989235N26122,1989-08-25T00:00:00Z,0,0.0,1989-08-21T15:00:00Z|1989-08-21T18:00:00Z|1989-08-21T21:00:00Z|1989-08-22T00:00:00Z|1989-08-22T03:00:00Z|1989-08-22T06:00:00Z|1989-08-22T09:00:00Z|1989-08-22T12:00:00Z|1989-08-22T15:00:00Z,train,0,False,zero
100743,WP,1989,1989-09-02T21:00:00Z,16.7,158.7,1989246N16159,1989-09-06T18:00:00Z,0,0.0,1989-09-01T21:00:00Z|1989-09-02T00:00:00Z|1989-09-02T03:00:00Z|1989-09-02T06:00:00Z|1989-09-02T09:00:00Z|1989-09-02T12:00:00Z|1989-09-02T15:00:00Z|1989-09-02T18:00:00Z|1989-09-02T21:00:00Z,train,0,False,zero
100764,EP,1989,1989-10-15T21:00:00Z,12.2,-116.8,1989289N16243,,0,0.0,1989-10-14T21:00:00Z|1989-10-15T00:00:00Z|1989-10-15T03:00:00Z|1989-10-15T06:00:00Z|1989-10-15T09:00:00Z|1989-10-15T12:00:00Z|1989-10-15T15:00:00Z|1989-10-15T18:00:00Z|1989-10-15T21:00:00Z,train,0,False,zero
100768,SI,1989,1989-11-04T15:00:00Z,-7.1,103.9,1989309S07100,1989-11-09T06:00:00Z,0,0.0,1989-11-03T15:00:00Z|1989-11-03T18:00:00Z|1989-11-03T21:00:00Z|1989-11-04T00:00:00Z|1989-11-04T03:00:00Z|1989-11-04T06:00:00Z|1989-11-04T09:00:00Z|1989-11-04T12:00:00Z|1989-11-04T15:00:00Z,train,0,False,zero
100773,SI,1989,1989-12-12T03:00:00Z,-8.9,134.4,1989346S10133,1989-12-14T21:00:00Z,0,0.0,1989-12-11T03:00:00Z|1989-12-11T06:00:00Z|1989-12-11T09:00:00Z|1989-12-11T12:00:00Z|1989-12-11T15:00:00Z|1989-12-11T18:00:00Z|1989-12-11T21:00:00Z|1989-12-12T00:00:00Z|1989-12-12T03:00:00Z,train,0,False,zero
100788,SP,1990,1990-03-01T03:00:00Z,-14.6,168.8,1990060S15170,1990-03-04T12:00:00Z,0,0.0,1990-02-28T03:00:00Z|1990-02-28T06:00:00Z|1990-02-28T09:00:00Z|1990-02-28T12:00:00Z|1990-02-28T15:00:00Z|1990-02-28T18:00:00Z|1990-02-28T21:00:00Z|1990-03-01T00:00:00Z|1990-03-01T03:00:00Z,train,0,False,zero
100797,WP,1990,1990-04-26T21:00:00Z,5.4,151.7,1990117N04152,1990-04-28T18:00:00Z,0,1.0,1990-04-25T21:00:00Z|1990-04-26T00:00:00Z|1990-04-26T03:00:00Z|1990-04-26T06:00:00Z|1990-04-26T09:00:00Z|1990-04-26T12:00:00Z|1990-04-26T15:00:00Z|1990-04-26T18:00:00Z|1990-04-26T21:00:00Z,train,0,False,zero
100809,WP,1990,1990-06-19T21:00:00Z,10.8,147.5,1990171N11148,1990-06-21T06:00:00Z,0,1.0,1990-06-18T21:00:00Z|1990-06-19T00:00:00Z|1990-06-19T03:00:00Z|1990-06-19T06:00:00Z|1990-06-19T09:00:00Z|1990-06-19T12:00:00Z|1990-06-19T15:00:00Z|1990-06-19T18:00:00Z|1990-06-19T21:00:00Z,train,0,False,zero
100823,NA,1990,1990-07-30T21:00:00Z,8.4,-24.0,1990212N10338,1990-08-02T00:00:00Z,0,0.0,1990-07-29T21:00:00Z|1990-07-30T00:00:00Z|1990-07-30T03:00:00Z|1990-07-30T06:00:00Z|1990-07-30T09:00:00Z|1990-07-30T12:00:00Z|1990-07-30T15:00:00Z|1990-07-30T18:00:00Z|1990-07-30T21:00:00Z,train,0,False,zero
100825,NA,1990,1990-08-03T21:00:00Z,16.4,-77.2,1990216N13281,1990-08-05T00:00:00Z,0,1.0,1990-08-02T21:00:00Z|1990-08-03T00:00:00Z|1990-08-03T03:00:00Z|1990-08-03T06:00:00Z|1990-08-03T09:00:00Z|1990-08-03T12:00:00Z|1990-08-03T15:00:00Z|1990-08-03T18:00:00Z|1990-08-03T21:00:00Z,train,0,False,zero
100827,WP,1990,1990-08-06T15:00:00Z,8.1,-148.4,1990219N10214,1990-08-08T00:00:00Z,0,1.0,1990-08-05T15:00:00Z|1990-08-05T18:00:00Z|1990-08-05T21:00:00Z|1990-08-06T00:00:00Z|1990-08-06T03:00:00Z|1990-08-06T06:00:00Z|1990-08-06T09:00:00Z|1990-08-06T12:00:00Z|1990-08-06T15:00:00Z,train,0,False,zero
100832,EP,1990,1990-08-16T09:00:00Z,9.9,-110.9,1990229N11249,,0,0.0,1990-08-15T09:00:00Z|1990-08-15T12:00:00Z|1990-08-15T15:00:00Z|1990-08-15T18:00:00Z|1990-08-15T21:00:00Z|1990-08-16T00:00:00Z|1990-08-16T03:00:00Z|1990-08-16T06:00:00Z|1990-08-16T09:00:00Z,train,0,False,zero
100845,EP,1990,1990-09-07T09:00:00Z,13.2,-124.7,1990251N12238,1990-09-08T12:00:00Z,0,1.0,1990-09-06T09:00:00Z|1990-09-06T12:00:00Z|1990-09-06T15:00:00Z|1990-09-06T18:00:00Z|1990-09-06T21:00:00Z|1990-09-07T00:00:00Z|1990-09-07T03:00:00Z|1990-09-07T06:00:00Z|1990-09-07T09:00:00Z,train,0,False,zero
100849,NA,1990,1990-09-18T09:00:00Z,16.2,-45.5,1990262N15315,,0,0.0,1990-09-17T09:00:00Z|1990-09-17T12:00:00Z|1990-09-17T15:00:00Z|1990-09-17T18:00:00Z|1990-09-17T21:00:00Z|1990-09-18T00:00:00Z|1990-09-18T03:00:00Z|1990-09-18T06:00:00Z|1990-09-18T09:00:00Z,train,0,False,zero
100854,WP,1990,1990-09-28T03:00:00Z,9.7,153.4,1990271N13153,1990-10-01T12:00:00Z,0,0.0,1990-09-27T03:00:00Z|1990-09-27T06:00:00Z|1990-09-27T09:00:00Z|1990-09-27T12:00:00Z|1990-09-27T15:00:00Z|1990-09-27T18:00:00Z|1990-09-27T21:00:00Z|1990-09-28T00:00:00Z|1990-09-28T03:00:00Z,train,0,False,zero
100862,WP,1990,1990-10-13T09:00:00Z,13.9,156.1,1990287N13156,1990-10-16T18:00:00Z,0,0.0,1990-10-12T09:00:00Z|1990-10-12T12:00:00Z|1990-10-12T15:00:00Z|1990-10-12T18:00:00Z|1990-10-12T21:00:00Z|1990-10-13T00:00:00Z|1990-10-13T03:00:00Z|1990-10-13T06:00:00Z|1990-10-13T09:00:00Z,train,0,False,zero
100867,EP,1990,1990-10-21T15:00:00Z,12.0,-100.1,1990295N11261,1990-10-23T00:00:00Z,0,1.0,1990-10-20T15:00:00Z|1990-10-20T18:00:00Z|1990-10-20T21:00:00Z|1990-10-21T00:00:00Z|1990-10-21T03:00:00Z|1990-10-21T06:00:00Z|1990-10-21T09:00:00Z|1990-10-21T12:00:00Z|1990-10-21T15:00:00Z,train,0,False,zero
100873,SP,1990,1990-11-23T03:00:00Z,-9.0,173.8,1990327S07175,1990-11-25T00:00:00Z,0,1.0,1990-11-22T03:00:00Z|1990-11-22T06:00:00Z|1990-11-22T09:00:00Z|1990-11-22T12:00:00Z|1990-11-22T15:00:00Z|1990-11-22T18:00:00Z|1990-11-22T21:00:00Z|1990-11-23T00:00:00Z|1990-11-23T03:00:00Z,train,0,False,zero
100880,SI,1991,1991-01-12T21:00:00Z,-6.4,97.7,1991013S04096,1991-01-23T00:00:00Z,0,0.0,1991-01-11T21:00:00Z|1991-01-12T00:00:00Z|1991-01-12T03:00:00Z|1991-01-12T06:00:00Z|1991-01-12T09:00:00Z|1991-01-12T12:00:00Z|1991-01-12T15:00:00Z|1991-01-12T18:00:00Z|1991-01-12T21:00:00Z,train,0,False,zero
100884,SI,1991,1991-02-15T21:00:00Z,-17.6,42.2,1991047S16041,1991-02-16T18:00:00Z,1,1.0,1991-02-14T21:00:00Z|1991-02-15T00:00:00Z|1991-02-15T03:00:00Z|1991-02-15T06:00:00Z|1991-02-15T09:00:00Z|1991-02-15T12:00:00Z|1991-02-15T15:00:00Z|1991-02-15T18:00:00Z|1991-02-15T21:00:00Z,train,0,False,zero
100890,SP,1991,1991-03-14T09:00:00Z,-9.6,156.7,1991074S11158,,0,0.0,1991-03-13T09:00:00Z|1991-03-13T12:00:00Z|1991-03-13T15:00:00Z|1991-03-13T18:00:00Z|1991-03-13T21:00:00Z|1991-03-14T00:00:00Z|1991-03-14T03:00:00Z|1991-03-14T06:00:00Z|1991-03-14T09:00:00Z,train,0,False,zero
100892,SI,1991,1991-03-20T15:00:00Z,-7.3,90.0,1991080S06092,1991-03-22T18:00:00Z,0,0.0,1991-03-19T15:00:00Z|1991-03-19T18:00:00Z|1991-03-19T21:00:00Z|1991-03-20T00:00:00Z|1991-03-20T03:00:00Z|1991-03-20T06:00:00Z|1991-03-20T09:00:00Z|1991-03-20T12:00:00Z|1991-03-20T15:00:00Z,train,0,False,zero
100895,SI,1991,1991-04-14T15:00:00Z,-13.7,105.9,1991105S12103,1991-04-16T18:00:00Z,0,0.0,1991-04-13T15:00:00Z|1991-04-13T18:00:00Z|1991-04-13T21:00:00Z|1991-04-14T00:00:00Z|1991-04-14T03:00:00Z|1991-04-14T06:00:00Z|1991-04-14T09:00:00Z|1991-04-14T12:00:00Z|1991-04-14T15:00:00Z,train,0,False,zero
100905,EP,1991,1991-06-16T00:00:00Z,9.2,-95.9,1991168N11265,1991-06-17T00:00:00Z,1,1.0,1991-06-15T00:00:00Z|1991-06-15T03:00:00Z|1991-06-15T06:00:00Z|1991-06-15T09:00:00Z|1991-06-15T12:00:00Z|1991-06-15T15:00:00Z|1991-06-15T18:00:00Z|1991-06-15T21:00:00Z|1991-06-16T00:00:00Z,train,0,False,zero
100905,EP,1991,1991-06-16T03:00:00Z,9.5,-96.2,1991168N11265,1991-06-17T00:00:00Z,1,1.0,1991-06-15T03:00:00Z|1991-06-15T06:00:00Z|1991-06-15T09:00:00Z|1991-06-15T12:00:00Z|1991-06-15T15:00:00Z|1991-06-15T18:00:00Z|1991-06-15T21:00:00Z|1991-06-16T00:00:00Z|1991-06-16T03:00:00Z,train,0,False,zero
100905,EP,1991,1991-06-16T06:00:00Z,9.8,-96.6,1991168N11265,1991-06-17T00:00:00Z,1,1.0,1991-06-15T06:00:00Z|1991-06-15T09:00:00Z|1991-06-15T12:00:00Z|1991-06-15T15:00:00Z|1991-06-15T18:00:00Z|1991-06-15T21:00:00Z|1991-06-16T00:00:00Z|1991-06-16T03:00:00Z|1991-06-16T06:00:00Z,train,0,False,zero
100905,EP,1991,1991-06-16T09:00:00Z,10.1,-97.0,1991168N11265,1991-06-17T00:00:00Z,1,1.0,1991-06-15T09:00:00Z|1991-06-15T12:00:00Z|1991-06-15T15:00:00Z|1991-06-15T18:00:00Z|1991-06-15T21:00:00Z|1991-06-16T00:00:00Z|1991-06-16T03:00:00Z|1991-06-16T06:00:00Z|1991-06-16T09:00:00Z,train,0,False,zero
100924,WP,1991,1991-08-21T03:00:00Z,20.7,148.7,1991233N22147,,0,0.0,1991-08-20T03:00:00Z|1991-08-20T06:00:00Z|1991-08-20T09:00:00Z|1991-08-20T12:00:00Z|1991-08-20T15:00:00Z|1991-08-20T18:00:00Z|1991-08-20T21:00:00Z|1991-08-21T00:00:00Z|1991-08-21T03:00:00Z,train,0,False,zero
100929,WP,1991,1991-08-31T21:00:00Z,16.4,129.3,1991244N19126,1991-09-05T00:00:00Z,0,0.0,1991-08-30T21:00:00Z|1991-08-31T00:00:00Z|1991-08-31T03:00:00Z|1991-08-31T06:00:00Z|1991-08-31T09:00:00Z|1991-08-31T12:00:00Z|1991-08-31T15:00:00Z|1991-08-31T18:00:00Z|1991-08-31T21:00:00Z,train,0,False,zero
100931,NA,1991,1991-09-06T21:00:00Z,11.1,-25.2,1991250N10334,1991-09-08T12:00:00Z,0,1.0,1991-09-05T21:00:00Z|1991-09-06T00:00:00Z|1991-09-06T03:00:00Z|1991-09-06T06:00:00Z|1991-09-06T09:00:00Z|1991-09-06T12:00:00Z|1991-09-06T15:00:00Z|1991-09-06T18:00:00Z|1991-09-06T21:00:00Z,train,0,False,zero
100933,NA,1991,1991-09-08T15:00:00Z,25.1,-47.8,1991252N24311,1991-09-09T18:00:00Z,0,1.0,1991-09-07T15:00:00Z|1991-09-07T18:00:00Z|1991-09-07T21:00:00Z|1991-09-08T00:00:00Z|1991-09-08T03:00:00Z|1991-09-08T06:00:00Z|1991-09-08T09:00:00Z|1991-09-08T12:00:00Z|1991-09-08T15:00:00Z,train,0,False,zero
100941,EP,1991,1991-09-24T18:00:00Z,12.2,-97.3,1991268N12264,1991-09-25T18:00:00Z,1,1.0,1991-09-23T18:00:00Z|1991-09-23T21:00:00Z|1991-09-24T00:00:00Z|1991-09-24T03:00:00Z|1991-09-24T06:00:00Z|1991-09-24T09:00:00Z|1991-09-24T12:00:00Z|1991-09-24T15:00:00Z|1991-09-24T18:00:00Z,train,0,False,zero
100941,EP,1991,1991-09-24T21:00:00Z,12.7,-97.1,1991268N12264,1991-09-25T18:00:00Z,1,1.0,1991-09-23T21:00:00Z|1991-09-24T00:00:00Z|1991-09-24T03:00:00Z|1991-09-24T06:00:00Z|1991-09-24T09:00:00Z|1991-09-24T12:00:00Z|1991-09-24T15:00:00Z|1991-09-24T18:00:00Z|1991-09-24T21:00:00Z,train,0,False,zero
100942,WP,1991,1991-09-30T21:00:00Z,9.4,165.7,1991274N08164,1991-10-05T06:00:00Z,0,0.0,1991-09-29T21:00:00Z|1991-09-30T00:00:00Z|1991-09-30T03:00:00Z|1991-09-30T06:00:00Z|1991-09-30T09:00:00Z|1991-09-30T12:00:00Z|1991-09-30T15:00:00Z|1991-09-30T18:00:00Z|1991-09-30T21:00:00Z,train,0,False,zero
100947,NA,1991,1991-10-14T12:00:00Z,19.4,-83.8,1991288N19274,1991-10-15T12:00:00Z,1,1.0,1991-10-13T12:00:00Z|1991-10-13T15:00:00Z|1991-10-13T18:00:00Z|1991-10-13T21:00:00Z|1991-10-14T00:00:00Z|1991-10-14T03:00:00Z|1991-10-14T06:00:00Z|1991-10-14T09:00:00Z|1991-10-14T12:00:00Z,train,0,False,zero
100947,NA,1991,1991-10-14T15:00:00Z,19.9,-82.6,1991288N19274,1991-10-15T12:00:00Z,1,1.0,1991-10-13T15:00:00Z|1991-10-13T18:00:00Z|1991-10-13T21:00:00Z|1991-10-14T00:00:00Z|1991-10-14T03:00:00Z|1991-10-14T06:00:00Z|1991-10-14T09:00:00Z|1991-10-14T12:00:00Z|1991-10-14T15:00:00Z,train,0,False,zero
100947,NA,1991,1991-10-14T18:00:00Z,20.3,-81.4,1991288N19274,1991-10-15T12:00:00Z,1,1.0,1991-10-13T18:00:00Z|1991-10-13T21:00:00Z|1991-10-14T00:00:00Z|1991-10-14T03:00:00Z|1991-10-14T06:00:00Z|1991-10-14T09:00:00Z|1991-10-14T12:00:00Z|1991-10-14T15:00:00Z|1991-10-14T18:00:00Z,train,0,False,zero
100947,NA,1991,1991-10-14T21:00:00Z,20.0,-85.2,1991288N19274,1991-10-15T12:00:00Z,1,1.0,1991-10-13T21:00:00Z|1991-10-14T00:00:00Z|1991-10-14T03:00:00Z|1991-10-14T06:00:00Z|1991-10-14T09:00:00Z|1991-10-14T12:00:00Z|1991-10-14T15:00:00Z|1991-10-14T18:00:00Z|1991-10-14T21:00:00Z,train,0,False,zero
100952,WP,1991,1991-10-28T03:00:00Z,8.0,177.2,1991301N08173,1991-11-01T00:00:00Z,0,0.0,1991-10-27T03:00:00Z|1991-10-27T06:00:00Z|1991-10-27T09:00:00Z|1991-10-27T12:00:00Z|1991-10-27T15:00:00Z|1991-10-27T18:00:00Z|1991-10-27T21:00:00Z|1991-10-28T00:00:00Z|1991-10-28T03:00:00Z,train,0,False,zero
100955,WP,1991,1991-11-02T21:00:00Z,6.7,177.5,1991307N06177,1991-11-07T06:00:00Z,0,0.0,1991-11-01T21:00:00Z|1991-11-02T00:00:00Z|1991-11-02T03:00:00Z|1991-11-02T06:00:00Z|1991-11-02T09:00:00Z|1991-11-02T12:00:00Z|1991-11-02T15:00:00Z|1991-11-02T18:00:00Z|1991-11-02T21:00:00Z,train,0,False,zero
100956,EP,1991,1991-11-06T12:00:00Z,10.6,-101.4,1991311N10256,1991-11-07T12:00:00Z,1,1.0,1991-11-05T12:00:00Z|1991-11-05T15:00:00Z|1991-11-05T18:00:00Z|1991-11-05T21:00:00Z|1991-11-06T00:00:00Z|1991-11-06T03:00:00Z|1991-11-06T06:00:00Z|1991-11-06T09:00:00Z|1991-11-06T12:00:00Z,train,0,False,zero
100956,EP,1991,1991-11-06T15:00:00Z,9.2,-102.5,1991311N10256,1991-11-07T12:00:00Z,1,1.0,1991-11-05T15:00:00Z|1991-11-05T18:00:00Z|1991-11-05T21:00:00Z|1991-11-06T00:00:00Z|1991-11-06T03:00:00Z|1991-11-06T06:00:00Z|1991-11-06T09:00:00Z|1991-11-06T12:00:00Z|1991-11-06T15:00:00Z,train,0,False,zero
100956,EP,1991,1991-11-06T18:00:00Z,9.4,-104.1,1991311N10256,1991-11-07T12:00:00Z,1,1.0,1991-11-05T18:00:00Z|1991-11-05T21:00:00Z|1991-11-06T00:00:00Z|1991-11-06T03:00:00Z|1991-11-06T06:00:00Z|1991-11-06T09:00:00Z|1991-11-06T12:00:00Z|1991-11-06T15:00:00Z|1991-11-06T18:00:00Z,train,0,False,zero
100956,EP,1991,1991-11-06T21:00:00Z,8.3,-106.3,1991311N10256,1991-11-07T12:00:00Z,1,1.0,1991-11-05T21:00:00Z|1991-11-06T00:00:00Z|1991-11-06T03:00:00Z|1991-11-06T06:00:00Z|1991-11-06T09:00:00Z|1991-11-06T12:00:00Z|1991-11-06T15:00:00Z|1991-11-06T18:00:00Z|1991-11-06T21:00:00Z,train,0,False,zero
100958,WP,1991,1991-11-12T15:00:00Z,7.5,142.7,1991317N09141,1991-11-15T00:00:00Z,0,0.0,1991-11-11T15:00:00Z|1991-11-11T18:00:00Z|1991-11-11T21:00:00Z|1991-11-12T00:00:00Z|1991-11-12T03:00:00Z|1991-11-12T06:00:00Z|1991-11-12T09:00:00Z|1991-11-12T12:00:00Z|1991-11-12T15:00:00Z,train,0,False,zero
100967,SI,1991,1991-12-17T09:00:00Z,-8.1,66.1,1991352S08066,1991-12-20T00:00:00Z,0,0.0,1991-12-16T09:00:00Z|1991-12-16T12:00:00Z|1991-12-16T15:00:00Z|1991-12-16T18:00:00Z|1991-12-16T21:00:00Z|1991-12-17T00:00:00Z|1991-12-17T03:00:00Z|1991-12-17T06:00:00Z|1991-12-17T09:00:00Z,train,0,False,zero
100979,SP,1992,1992-02-18T21:00:00Z,-19.0,156.0,1992050S19155,1992-02-20T06:00:00Z,0,1.0,1992-02-17T21:00:00Z|1992-02-18T00:00:00Z|1992-02-18T03:00:00Z|1992-02-18T06:00:00Z|1992-02-18T09:00:00Z|1992-02-18T12:00:00Z|1992-02-18T15:00:00Z|1992-02-18T18:00:00Z|1992-02-18T21:00:00Z,train,0,False,zero
100988,EP,1992,1992-03-28T03:00:00Z,5.6,-170.3,1992088N05188,1992-03-29T09:00:00Z,0,1.0,1992-03-27T03:00:00Z|1992-03-27T06:00:00Z|1992-03-27T09:00:00Z|1992-03-27T12:00:00Z|1992-03-27T15:00:00Z|1992-03-27T18:00:00Z|1992-03-27T21:00:00Z|1992-03-28T00:00:00Z|1992-03-28T03:00:00Z,train,0,False,zero
100995,NI,1992,1992-06-03T03:00:00Z,11.5,70.6,1992155N10070,1992-06-06T00:00:00Z,0,0.0,1992-06-02T03:00:00Z|1992-06-02T06:00:00Z|1992-06-02T09:00:00Z|1992-06-02T12:00:00Z|1992-06-02T15:00:00Z|1992-06-02T18:00:00Z|1992-06-02T21:00:00Z|1992-06-03T00:00:00Z|1992-06-03T03:00:00Z,train,0,False,zero
101001,EP,1992,1992-06-22T00:00:00Z,17.1,-108.7,1992175N16249,1992-06-23T00:00:00Z,1,1.0,1992-06-21T00:00:00Z|1992-06-21T03:00:00Z|1992-06-21T06:00:00Z|1992-06-21T09:00:00Z|1992-06-21T12:00:00Z|1992-06-21T15:00:00Z|1992-06-21T18:00:00Z|1992-06-21T21:00:00Z|1992-06-22T00:00:00Z,train,0,False,zero
101001,EP,1992,1992-06-22T03:00:00Z,16.9,-109.5,1992175N16249,1992-06-23T00:00:00Z,1,1.0,1992-06-21T03:00:00Z|1992-06-21T06:00:00Z|1992-06-21T09:00:00Z|1992-06-21T12:00:00Z|1992-06-21T15:00:00Z|1992-06-21T18:00:00Z|1992-06-21T21:00:00Z|1992-06-22T00:00:00Z|1992-06-22T03:00:00Z,train,0,False,zero
101001,EP,1992,1992-06-22T06:00:00Z,17.2,-110.4,1992175N16249,1992-06-23T00:00:00Z,1,1.0,1992-06-21T06:00:00Z|1992-06-21T09:00:00Z|1992-06-21T12:00:00Z|1992-06-21T15:00:00Z|1992-06-21T18:00:00Z|1992-06-21T21:00:00Z|1992-06-22T00:00:00Z|1992-06-22T03:00:00Z|1992-06-22T06:00:00Z,train,0,False,zero
101001,EP,1992,1992-06-22T09:00:00Z,17.0,-111.0,1992175N16249,1992-06-23T00:00:00Z,1,1.0,1992-06-21T09:00:00Z|1992-06-21T12:00:00Z|1992-06-21T15:00:00Z|1992-06-21T18:00:00Z|1992-06-21T21:00:00Z|1992-06-22T00:00:00Z|1992-06-22T03:00:00Z|1992-06-22T06:00:00Z|1992-06-22T09:00:00Z,train,0,False,zero
101007,WP,1992,1992-07-11T09:00:00Z,8.0,136.8,1992194N07140,1992-07-17T06:00:00Z,0,0.0,1992-07-10T09:00:00Z|1992-07-10T12:00:00Z|1992-07-10T15:00:00Z|1992-07-10T18:00:00Z|1992-07-10T21:00:00Z|1992-07-11T00:00:00Z|1992-07-11T03:00:00Z|1992-07-11T06:00:00Z|1992-07-11T09:00:00Z,train,0,False,zero
101014,EP,1992,1992-07-26T03:00:00Z,14.3,-113.1,1992208N13246,1992-07-27T12:00:00Z,0,1.0,1992-07-25T03:00:00Z|1992-07-25T06:00:00Z|1992-07-25T09:00:00Z|1992-07-25T12:00:00Z|1992-07-25T15:00:00Z|1992-07-25T18:00:00Z|1992-07-25T21:00:00Z|1992-07-26T00:00:00Z|1992-07-26T03:00:00Z,train,0,False,zero
101015,EP,1992,1992-07-27T18:00:00Z,14.4,-104.4,1992210N14254,1992-07-28T18:00:00Z,1,1.0,1992-07-26T18:00:00Z|1992-07-26T21:00:00Z|1992-07-27T00:00:00Z|1992-07-27T03:00:00Z|1992-07-27T06:00:00Z|1992-07-27T09:00:00Z|1992-07-27T12:00:00Z|1992-07-27T15:00:00Z|1992-07-27T18:00:00Z,train,0,False,zero
101015,EP,1992,1992-07-27T21:00:00Z,14.5,-104.9,1992210N14254,1992-07-28T18:00:00Z,1,1.0,1992-07-26T21:00:00Z|1992-07-27T00:00:00Z|1992-07-27T03:00:00Z|1992-07-27T06:00:00Z|1992-07-27T09:00:00Z|1992-07-27T12:00:00Z|1992-07-27T15:00:00Z|1992-07-27T18:00:00Z|1992-07-27T21:00:00Z,train,0,False,zero
101021,EP,1992,1992-08-09T21:00:00Z,12.9,-123.3,1992223N15236,,0,0.0,1992-08-08T21:00:00Z|1992-08-09T00:00:00Z|1992-08-09T03:00:00Z|1992-08-09T06:00:00Z|1992-08-09T09:00:00Z|1992-08-09T12:00:00Z|1992-08-09T15:00:00Z|1992-08-09T18:00:00Z|1992-08-09T21:00:00Z,train,0,False,zero
101038,EP,1992,1992-09-13T09:00:00Z,16.4,-114.1,1992258N17249,1992-09-14T12:00:00Z,0,1.0,1992-09-12T09:00:00Z|1992-09-12T12:00:00Z|1992-09-12T15:00:00Z|1992-09-12T18:00:00Z|1992-09-12T21:00:00Z|1992-09-13T00:00:00Z|1992-09-13T03:00:00Z|1992-09-13T06:00:00Z|1992-09-13T09:00:00Z,train,0,False,zero
101039,WP,1992,1992-09-14T09:00:00Z,8.3,158.6,1992259N11159,1992-09-18T18:00:00Z,0,0.0,1992-09-13T09:00:00Z|1992-09-13T12:00:00Z|1992-09-13T15:00:00Z|1992-09-13T18:00:00Z|1992-09-13T21:00:00Z|1992-09-14T00:00:00Z|1992-09-14T03:00:00Z|1992-09-14T06:00:00Z|1992-09-14T09:00:00Z,train,0,False,zero
101040,EP,1992,1992-09-17T09:00:00Z,8.6,-98.5,1992262N10262,1992-09-18T15:00:00Z,0,1.0,1992-09-16T09:00:00Z|1992-09-16T12:00:00Z|1992-09-16T15:00:00Z|1992-09-16T18:00:00Z|1992-09-16T21:00:00Z|1992-09-17T00:00:00Z|1992-09-17T03:00:00Z|1992-09-17T06:00:00Z|1992-09-17T09:00:00Z,train,0,False,zero
101041,EP,1992,1992-09-17T09:00:00Z,17.0,-111.3,1992262N17252,1992-09-18T00:00:00Z,1,1.0,1992-09-16T09:00:00Z|1992-09-16T12:00:00Z|1992-09-16T15:00:00Z|1992-09-16T18:00:00Z|1992-09-16T21:00:00Z|1992-09-17T00:00:00Z|1992-09-17T03:00:00Z|1992-09-17T06:00:00Z|1992-09-17T09:00:00Z,train,0,False,zero
101046,NA,1992,1992-09-21T21:00:00Z,30.0,-74.3,1992267N33285,1992-09-22T15:00:00Z,1,1.0,1992-09-20T21:00:00Z|1992-09-21T00:00:00Z|1992-09-21T03:00:00Z|1992-09-21T06:00:00Z|1992-09-21T09:00:00Z|1992-09-21T12:00:00Z|1992-09-21T15:00:00Z|1992-09-21T18:00:00Z|1992-09-21T21:00:00Z,train,0,False,zero
101046,NA,1992,1992-09-22T00:00:00Z,28.8,-73.3,1992267N33285,1992-09-22T15:00:00Z,1,1.0,1992-09-21T00:00:00Z|1992-09-21T03:00:00Z|1992-09-21T06:00:00Z|1992-09-21T09:00:00Z|1992-09-21T12:00:00Z|1992-09-21T15:00:00Z|1992-09-21T18:00:00Z|1992-09-21T21:00:00Z|1992-09-22T00:00:00Z,train,0,False,zero
101046,NA,1992,1992-09-22T03:00:00Z,30.3,-73.5,1992267N33285,1992-09-22T15:00:00Z,1,1.0,1992-09-21T03:00:00Z|1992-09-21T06:00:00Z|1992-09-21T09:00:00Z|1992-09-21T12:00:00Z|1992-09-21T15:00:00Z|1992-09-21T18:00:00Z|1992-09-21T21:00:00Z|1992-09-22T00:00:00Z|1992-09-22T03:00:00Z,train,0,False,zero
101046,NA,1992,1992-09-22T06:00:00Z,31.8,-73.7,1992267N33285,1992-09-22T15:00:00Z,1,1.0,1992-09-21T06:00:00Z|1992-09-21T09:00:00Z|1992-09-21T12:00:00Z|1992-09-21T15:00:00Z|1992-09-21T18:00:00Z|1992-09-21T21:00:00Z|1992-09-22T00:00:00Z|1992-09-22T03:00:00Z|1992-09-22T06:00:00Z,train,0,False,zero
101046,NA,1992,1992-09-22T09:00:00Z,31.6,-73.7,1992267N33285,1992-09-22T15:00:00Z,1,1.0,1992-09-21T09:00:00Z|1992-09-21T12:00:00Z|1992-09-21T15:00:00Z|1992-09-21T18:00:00Z|1992-09-21T21:00:00Z|1992-09-22T00:00:00Z|1992-09-22T03:00:00Z|1992-09-22T06:00:00Z|1992-09-22T09:00:00Z,train,0,False,zero
101047,WP,1992,1992-09-23T15:00:00Z,10.7,-167.0,1992268N11193,1992-09-27T00:00:00Z,0,0.0,1992-09-22T15:00:00Z|1992-09-22T18:00:00Z|1992-09-22T21:00:00Z|1992-09-23T00:00:00Z|1992-09-23T03:00:00Z|1992-09-23T06:00:00Z|1992-09-23T09:00:00Z|1992-09-23T12:00:00Z|1992-09-23T15:00:00Z,train,0,False,zero
101048,SI,1992,1992-09-24T21:00:00Z,-8.5,87.1,1992269S05087,1992-09-26T18:00:00Z,0,1.0,1992-09-23T21:00:00Z|1992-09-24T00:00:00Z|1992-09-24T03:00:00Z|1992-09-24T06:00:00Z|1992-09-24T09:00:00Z|1992-09-24T12:00:00Z|1992-09-24T15:00:00Z|1992-09-24T18:00:00Z|1992-09-24T21:00:00Z,train,0,False,zero
101050,NA,1992,1992-09-26T15:00:00Z,27.8,-66.6,1992271N26291,1992-09-29T12:00:00Z,0,0.0,1992-09-25T15:00:00Z|1992-09-25T18:00:00Z|1992-09-25T21:00:00Z|1992-09-26T00:00:00Z|1992-09-26T03:00:00Z|1992-09-26T06:00:00Z|1992-09-26T09:00:00Z|1992-09-26T12:00:00Z|1992-09-26T15:00:00Z,train,0,False,zero
101054,WP,1992,1992-10-04T21:00:00Z,5.9,174.8,1992279N08175,1992-10-09T12:00:00Z,0,0.0,1992-10-03T21:00:00Z|1992-10-04T00:00:00Z|1992-10-04T03:00:00Z|1992-10-04T06:00:00Z|1992-10-04T09:00:00Z|1992-10-04T12:00:00Z|1992-10-04T15:00:00Z|1992-10-04T18:00:00Z|1992-10-04T21:00:00Z,train,0,False,zero
101055,NI,1992,1992-10-04T09:00:00Z,7.1,96.5,1992279N10097,1992-10-07T18:00:00Z,0,0.0,1992-10-03T09:00:00Z|1992-10-03T12:00:00Z|1992-10-03T15:00:00Z|1992-10-03T18:00:00Z|1992-10-03T21:00:00Z|1992-10-04T00:00:00Z|1992-10-04T03:00:00Z|1992-10-04T06:00:00Z|1992-10-04T09:00:00Z,train,0,False,zero
101056,EP,1992,1992-10-06T06:00:00Z,11.3,-97.3,1992281N11263,1992-10-07T06:00:00Z,1,1.0,1992-10-05T06:00:00Z|1992-10-05T09:00:00Z|1992-10-05T12:00:00Z|1992-10-05T15:00:00Z|1992-10-05T18:00:00Z|1992-10-05T21:00:00Z|1992-10-06T00:00:00Z|1992-10-06T03:00:00Z|1992-10-06T06:00:00Z,train,0,False,zero
101056,EP,1992,1992-10-06T09:00:00Z,12.8,-98.2,1992281N11263,1992-10-07T06:00:00Z,1,1.0,1992-10-05T09:00:00Z|1992-10-05T12:00:00Z|1992-10-05T15:00:00Z|1992-10-05T18:00:00Z|1992-10-05T21:00:00Z|1992-10-06T00:00:00Z|1992-10-06T03:00:00Z|1992-10-06T06:00:00Z|1992-10-06T09:00:00Z,train,0,False,zero
101059,EP,1992,1992-10-13T15:00:00Z,9.7,-106.5,1992288N10253,1992-10-13T21:00:00Z,1,1.0,1992-10-12T15:00:00Z|1992-10-12T18:00:00Z|1992-10-12T21:00:00Z|1992-10-13T00:00:00Z|1992-10-13T03:00:00Z|1992-10-13T06:00:00Z|1992-10-13T09:00:00Z|1992-10-13T12:00:00Z|1992-10-13T15:00:00Z,train,0,False,zero
101062,EP,1992,1992-10-15T15:00:00Z,13.7,-108.0,1992290N11253,1992-10-16T06:00:00Z,1,1.0,1992-10-14T15:00:00Z|1992-10-14T18:00:00Z|1992-10-14T21:00:00Z|1992-10-15T00:00:00Z|1992-10-15T03:00:00Z|1992-10-15T06:00:00Z|1992-10-15T09:00:00Z|1992-10-15T12:00:00Z|1992-10-15T15:00:00Z,train,0,False,zero
101063,SI,1992,1992-10-17T09:00:00Z,-7.1,83.4,1992292S09083,1992-10-19T00:00:00Z,0,1.0,1992-10-16T09:00:00Z|1992-10-16T12:00:00Z|1992-10-16T15:00:00Z|1992-10-16T18:00:00Z|1992-10-16T21:00:00Z|1992-10-17T00:00:00Z|1992-10-17T03:00:00Z|1992-10-17T06:00:00Z|1992-10-17T09:00:00Z,train,0,False,zero
101066,EP,1992,1992-10-25T00:00:00Z,12.9,-113.8,1992300N13249,1992-10-26T00:00:00Z,1,1.0,1992-10-24T00:00:00Z|1992-10-24T03:00:00Z|1992-10-24T06:00:00Z|1992-10-24T09:00:00Z|1992-10-24T12:00:00Z|1992-10-24T15:00:00Z|1992-10-24T18:00:00Z|1992-10-24T21:00:00Z|1992-10-25T00:00:00Z,train,0,False,zero
101066,EP,1992,1992-10-25T03:00:00Z,12.0,-113.1,1992300N13249,1992-10-26T00:00:00Z,1,1.0,1992-10-24T03:00:00Z|1992-10-24T06:00:00Z|1992-10-24T09:00:00Z|1992-10-24T12:00:00Z|1992-10-24T15:00:00Z|1992-10-24T18:00:00Z|1992-10-24T21:00:00Z|1992-10-25T00:00:00Z|1992-10-25T03:00:00Z,train,0,False,zero
101066,EP,1992,1992-10-25T06:00:00Z,13.4,-111.5,1992300N13249,1992-10-26T00:00:00Z,1,1.0,1992-10-24T06:00:00Z|1992-10-24T09:00:00Z|1992-10-24T12:00:00Z|1992-10-24T15:00:00Z|1992-10-24T18:00:00Z|1992-10-24T21:00:00Z|1992-10-25T00:00:00Z|1992-10-25T03:00:00Z|1992-10-25T06:00:00Z,train,0,False,zero
101066,EP,1992,1992-10-25T09:00:00Z,13.8,-111.6,1992300N13249,1992-10-26T00:00:00Z,1,1.0,1992-10-24T09:00:00Z|1992-10-24T12:00:00Z|1992-10-24T15:00:00Z|1992-10-24T18:00:00Z|1992-10-24T21:00:00Z|1992-10-25T00:00:00Z|1992-10-25T03:00:00Z|1992-10-25T06:00:00Z|1992-10-25T09:00:00Z,train,0,False,zero
101074,EP,1992,1992-11-21T21:00:00Z,10.9,-154.3,1992327N11206,,0,,1992-11-20T21:00:00Z|1992-11-21T00:00:00Z|1992-11-21T03:00:00Z|1992-11-21T06:00:00Z|1992-11-21T09:00:00Z|1992-11-21T12:00:00Z|1992-11-21T15:00:00Z|1992-11-21T18:00:00Z|1992-11-21T21:00:00Z,train,0,False,zero
101091,SP,1993,1993-02-02T21:00:00Z,-14.1,-169.9,1993034S14191,1993-02-06T06:00:00Z,0,0.0,1993-02-01T21:00:00Z|1993-02-02T00:00:00Z|1993-02-02T03:00:00Z|1993-02-02T06:00:00Z|1993-02-02T09:00:00Z|1993-02-02T12:00:00Z|1993-02-02T15:00:00Z|1993-02-02T18:00:00Z|1993-02-02T21:00:00Z,train,0,False,zero
101092,SI,1993,1993-02-09T21:00:00Z,-15.9,51.4,1993041S16052,1993-02-13T03:00:00Z,0,0.0,1993-02-08T21:00:00Z|1993-02-09T00:00:00Z|1993-02-09T03:00:00Z|1993-02-09T06:00:00Z|1993-02-09T09:00:00Z|1993-02-09T12:00:00Z|1993-02-09T15:00:00Z|1993-02-09T18:00:00Z|1993-02-09T21:00:00Z,train,0,False,zero
101098,SP,1993,1993-03-10T03:00:00Z,-6.3,160.8,1993069S08164,1993-03-12T18:00:00Z,0,0.0,1993-03-09T03:00:00Z|1993-03-09T06:00:00Z|1993-03-09T09:00:00Z|1993-03-09T12:00:00Z|1993-03-09T15:00:00Z|1993-03-09T18:00:00Z|1993-03-09T21:00:00Z|1993-03-10T00:00:00Z|1993-03-10T03:00:00Z,train,0,False,zero
101099,SP,1993,1993-03-23T21:00:00Z,-10.9,-178.8,1993083S12181,1993-03-27T06:00:00Z,0,0.0,1993-03-22T21:00:00Z|1993-03-23T00:00:00Z|1993-03-23T03:00:00Z|1993-03-23T06:00:00Z|1993-03-23T09:00:00Z|1993-03-23T12:00:00Z|1993-03-23T15:00:00Z|1993-03-23T18:00:00Z|1993-03-23T21:00:00Z,train,0,False,zero
101100,SI,1993,1993-03-31T21:00:00Z,-11.4,91.3,1993091S13092,1993-04-03T06:00:00Z,0,0.0,1993-03-30T21:00:00Z|1993-03-31T00:00:00Z|1993-03-31T03:00:00Z|1993-03-31T06:00:00Z|1993-03-31T09:00:00Z|1993-03-31T12:00:00Z|1993-03-31T15:00:00Z|1993-03-31T18:00:00Z|1993-03-31T21:00:00Z,train,0,False,zero
101117,EP,1993,1993-07-13T18:00:00Z,10.0,-116.9,1993196N11241,1993-07-14T18:00:00Z,1,1.0,1993-07-12T18:00:00Z|1993-07-12T21:00:00Z|1993-07-13T00:00:00Z|1993-07-13T03:00:00Z|1993-07-13T06:00:00Z|1993-07-13T09:00:00Z|1993-07-13T12:00:00Z|1993-07-13T15:00:00Z|1993-07-13T18:00:00Z,train,0,False,zero
101117,EP,1993,1993-07-13T21:00:00Z,12.2,-118.5,1993196N11241,1993-07-14T18:00:00Z,1,1.0,1993-07-12T21:00:00Z|1993-07-13T00:00:00Z|1993-07-13T03:00:00Z|1993-07-13T06:00:00Z|1993-07-13T09:00:00Z|1993-07-13T12:00:00Z|1993-07-13T15:00:00Z|1993-07-13T18:00:00Z|1993-07-13T21:00:00Z,train,0,False,zero
101117,EP,1993,1993-07-14T00:00:00Z,12.5,-119.6,1993196N11241,1993-07-14T18:00:00Z,1,1.0,1993-07-13T00:00:00Z|1993-07-13T03:00:00Z|1993-07-13T06:00:00Z|1993-07-13T09:00:00Z|1993-07-13T12:00:00Z|1993-07-13T15:00:00Z|1993-07-13T18:00:00Z|1993-07-13T21:00:00Z|1993-07-14T00:00:00Z,train,0,False,zero
101117,EP,1993,1993-07-14T03:00:00Z,11.3,-118.4,1993196N11241,1993-07-14T18:00:00Z,1,1.0,1993-07-13T03:00:00Z|1993-07-13T06:00:00Z|1993-07-13T09:00:00Z|1993-07-13T12:00:00Z|1993-07-13T15:00:00Z|1993-07-13T18:00:00Z|1993-07-13T21:00:00Z|1993-07-14T00:00:00Z|1993-07-14T03:00:00Z,train,0,False,zero
101117,EP,1993,1993-07-14T06:00:00Z,12.8,-119.5,1993196N11241,1993-07-14T18:00:00Z,1,1.0,1993-07-13T06:00:00Z|1993-07-13T09:00:00Z|1993-07-13T12:00:00Z|1993-07-13T15:00:00Z|1993-07-13T18:00:00Z|1993-07-13T21:00:00Z|1993-07-14T00:00:00Z|1993-07-14T03:00:00Z|1993-07-14T06:00:00Z,train,0,False,zero
101117,EP,1993,1993-07-14T09:00:00Z,11.1,-119.6,1993196N11241,1993-07-14T18:00:00Z,1,1.0,1993-07-13T09:00:00Z|1993-07-13T12:00:00Z|1993-07-13T15:00:00Z|1993-07-13T18:00:00Z|1993-07-13T21:00:00Z|1993-07-14T00:00:00Z|1993-07-14T03:00:00Z|1993-07-14T06:00:00Z|1993-07-14T09:00:00Z,train,0,False,zero
101119,WP,1993,1993-07-17T09:00:00Z,10.5,156.4,1993199N10156,1993-07-20T00:00:00Z,0,0.0,1993-07-16T09:00:00Z|1993-07-16T12:00:00Z|1993-07-16T15:00:00Z|1993-07-16T18:00:00Z|1993-07-16T21:00:00Z|1993-07-17T00:00:00Z|1993-07-17T03:00:00Z|1993-07-17T06:00:00Z|1993-07-17T09:00:00Z,train,0,False,zero
101125,WP,1993,1993-08-08T21:00:00Z,12.6,-143.7,1993221N12216,1993-08-12T15:00:00Z,0,0.0,1993-08-07T21:00:00Z|1993-08-08T00:00:00Z|1993-08-08T03:00:00Z|1993-08-08T06:00:00Z|1993-08-08T09:00:00Z|1993-08-08T12:00:00Z|1993-08-08T15:00:00Z|1993-08-08T18:00:00Z|1993-08-08T21:00:00Z,train,0,False,zero
101130,EP,1993,1993-08-14T12:00:00Z,13.3,-99.3,1993227N15258,1993-08-15T12:00:00Z,1,1.0,1993-08-13T12:00:00Z|1993-08-13T15:00:00Z|1993-08-13T18:00:00Z|1993-08-13T21:00:00Z|1993-08-14T00:00:00Z|1993-08-14T03:00:00Z|1993-08-14T06:00:00Z|1993-08-14T09:00:00Z|1993-08-14T12:00:00Z,train,0,False,zero
101130,EP,1993,1993-08-14T15:00:00Z,13.2,-98.9,1993227N15258,1993-08-15T12:00:00Z,1,1.0,1993-08-13T15:00:00Z|1993-08-13T18:00:00Z|1993-08-13T21:00:00Z|1993-08-14T00:00:00Z|1993-08-14T03:00:00Z|1993-08-14T06:00:00Z|1993-08-14T09:00:00Z|1993-08-14T12:00:00Z|1993-08-14T15:00:00Z,train,0,False,zero
101130,EP,1993,1993-08-14T18:00:00Z,14.7,-99.8,1993227N15258,1993-08-15T12:00:00Z,1,1.0,1993-08-13T18:00:00Z|1993-08-13T21:00:00Z|1993-08-14T00:00:00Z|1993-08-14T03:00:00Z|1993-08-14T06:00:00Z|1993-08-14T09:00:00Z|1993-08-14T12:00:00Z|1993-08-14T15:00:00Z|1993-08-14T18:00:00Z,train,0,False,zero
101130,EP,1993,1993-08-14T21:00:00Z,14.3,-101.0,1993227N15258,1993-08-15T12:00:00Z,1,1.0,1993-08-13T21:00:00Z|1993-08-14T00:00:00Z|1993-08-14T03:00:00Z|1993-08-14T06:00:00Z|1993-08-14T09:00:00Z|1993-08-14T12:00:00Z|1993-08-14T15:00:00Z|1993-08-14T18:00:00Z|1993-08-14T21:00:00Z,train,0,False,zero
101132,EP,1993,1993-08-17T00:00:00Z,13.1,-97.9,1993229N13265,1993-08-18T00:00:00Z,1,1.0,1993-08-16T00:00:00Z|1993-08-16T03:00:00Z|1993-08-16T06:00:00Z|1993-08-16T09:00:00Z|1993-08-16T12:00:00Z|1993-08-16T15:00:00Z|1993-08-16T18:00:00Z|1993-08-16T21:00:00Z|1993-08-17T00:00:00Z,train,0,False,zero
101132,EP,1993,1993-08-17T03:00:00Z,12.9,-94.9,1993229N13265,1993-08-18T00:00:00Z,1,1.0,1993-08-16T03:00:00Z|1993-08-16T06:00:00Z|1993-08-16T09:00:00Z|1993-08-16T12:00:00Z|1993-08-16T15:00:00Z|1993-08-16T18:00:00Z|1993-08-16T21:00:00Z|1993-08-17T00:00:00Z|1993-08-17T03:00:00Z,train,0,False,zero
101138,EP,1993,1993-08-28T18:00:00Z,13.4,-98.3,1993241N14264,1993-08-29T18:00:00Z,1,1.0,1993-08-27T18:00:00Z|1993-08-27T21:00:00Z|1993-08-28T00:00:00Z|1993-08-28T03:00:00Z|1993-08-28T06:00:00Z|1993-08-28T09:00:00Z|1993-08-28T12:00:00Z|1993-08-28T15:00:00Z|1993-08-28T18:00:00Z,train,0,False,zero
101138,EP,1993,1993-08-28T21:00:00Z,11.8,-98.5,1993241N14264,1993-08-29T18:00:00Z,1,1.0,1993-08-27T21:00:00Z|1993-08-28T00:00:00Z|1993-08-28T03:00:00Z|1993-08-28T06:00:00Z|1993-08-28T09:00:00Z|1993-08-28T12:00:00Z|1993-08-28T15:00:00Z|1993-08-28T18:00:00Z|1993-08-28T21:00:00Z,train,0,False,zero
101142,NA,1993,1993-09-07T03:00:00Z,23.9,-65.8,1993251N25293,1993-09-07T18:00:00Z,1,1.0,1993-09-06T03:00:00Z|1993-09-06T06:00:00Z|1993-09-06T09:00:00Z|1993-09-06T12:00:00Z|1993-09-06T15:00:00Z|1993-09-06T18:00:00Z|1993-09-06T21:00:00Z|1993-09-07T00:00:00Z|1993-09-07T03:00:00Z,train,0,False,zero
101142,NA,1993,1993-09-07T06:00:00Z,24.6,-65.5,1993251N25293,1993-09-07T18:00:00Z,1,1.0,1993-09-06T06:00:00Z|1993-09-06T09:00:00Z|1993-09-06T12:00:00Z|1993-09-06T15:00:00Z|1993-09-06T18:00:00Z|1993-09-06T21:00:00Z|1993-09-07T00:00:00Z|1993-09-07T03:00:00Z|1993-09-07T06:00:00Z,train,0,False,zero
101142,NA,1993,1993-09-07T09:00:00Z,24.8,-65.7,1993251N25293,1993-09-07T18:00:00Z,1,1.0,1993-09-06T09:00:00Z|1993-09-06T12:00:00Z|1993-09-06T15:00:00Z|1993-09-06T18:00:00Z|1993-09-06T21:00:00Z|1993-09-07T00:00:00Z|1993-09-07T03:00:00Z|1993-09-07T06:00:00Z|1993-09-07T09:00:00Z,train,0,False,zero
101143,EP,1993,1993-09-07T21:00:00Z,9.9,-95.3,1993252N11265,1993-09-08T21:00:00Z,1,1.0,1993-09-06T21:00:00Z|1993-09-07T00:00:00Z|1993-09-07T03:00:00Z|1993-09-07T06:00:00Z|1993-09-07T09:00:00Z|1993-09-07T12:00:00Z|1993-09-07T15:00:00Z|1993-09-07T18:00:00Z|1993-09-07T21:00:00Z,train,0,False,zero
101143,EP,1993,1993-09-08T00:00:00Z,10.1,-95.5,1993252N11265,1993-09-08T21:00:00Z,1,1.0,1993-09-07T00:00:00Z|1993-09-07T03:00:00Z|1993-09-07T06:00:00Z|1993-09-07T09:00:00Z|1993-09-07T12:00:00Z|1993-09-07T15:00:00Z|1993-09-07T18:00:00Z|1993-09-07T21:00:00Z|1993-09-08T00:00:00Z,train,0,False,zero
101143,EP,1993,1993-09-08T03:00:00Z,9.9,-95.2,1993252N11265,1993-09-08T21:00:00Z,1,1.0,1993-09-07T03:00:00Z|1993-09-07T06:00:00Z|1993-09-07T09:00:00Z|1993-09-07T12:00:00Z|1993-09-07T15:00:00Z|1993-09-07T18:00:00Z|1993-09-07T21:00:00Z|1993-09-08T00:00:00Z|1993-09-08T03:00:00Z,train,0,False,zero
101143,EP,1993,1993-09-08T06:00:00Z,11.3,-94.7,1993252N11265,1993-09-08T21:00:00Z,1,1.0,1993-09-07T06:00:00Z|1993-09-07T09:00:00Z|1993-09-07T12:00:00Z|1993-09-07T15:00:00Z|1993-09-07T18:00:00Z|1993-09-07T21:00:00Z|1993-09-08T00:00:00Z|1993-09-08T03:00:00Z|1993-09-08T06:00:00Z,train,0,False,zero
101143,EP,1993,1993-09-08T09:00:00Z,10.4,-95.1,1993252N11265,1993-09-08T21:00:00Z,1,1.0,1993-09-07T09:00:00Z|1993-09-07T12:00:00Z|1993-09-07T15:00:00Z|1993-09-07T18:00:00Z|1993-09-07T21:00:00Z|1993-09-08T00:00:00Z|1993-09-08T03:00:00Z|1993-09-08T06:00:00Z|1993-09-08T09:00:00Z,train,0,False,zero
101149,WP,1993,1993-09-27T03:00:00Z,5.6,149.8,1993270N07153,1993-09-30T12:00:00Z,0,0.0,1993-09-26T03:00:00Z|1993-09-26T06:00:00Z|1993-09-26T09:00:00Z|1993-09-26T12:00:00Z|1993-09-26T15:00:00Z|1993-09-26T18:00:00Z|1993-09-26T21:00:00Z|1993-09-27T00:00:00Z|1993-09-27T03:00:00Z,train,0,False,zero
101150,WP,1993,1993-09-27T21:00:00Z,12.9,131.9,1993271N14134,1993-10-02T00:00:00Z,0,0.0,1993-09-26T21:00:00Z|1993-09-27T00:00:00Z|1993-09-27T03:00:00Z|1993-09-27T06:00:00Z|1993-09-27T09:00:00Z|1993-09-27T12:00:00Z|1993-09-27T15:00:00Z|1993-09-27T18:00:00Z|1993-09-27T21:00:00Z,train,0,False,zero
101157,EP,1993,1993-10-11T15:00:00Z,15.5,-119.1,1993285N16239,,0,0.0,1993-10-10T15:00:00Z|1993-10-10T18:00:00Z|1993-10-10T21:00:00Z|1993-10-11T00:00:00Z|1993-10-11T03:00:00Z|1993-10-11T06:00:00Z|1993-10-11T09:00:00Z|1993-10-11T12:00:00Z|1993-10-11T15:00:00Z,train,0,False,zero
101156,WP,1993,1993-10-11T21:00:00Z,11.7,-163.9,1993285N12192,1993-10-20T18:00:00Z,0,0.0,1993-10-10T21:00:00Z|1993-10-11T00:00:00Z|1993-10-11T03:00:00Z|1993-10-11T06:00:00Z|1993-10-11T09:00:00Z|1993-10-11T12:00:00Z|1993-10-11T15:00:00Z|1993-10-11T18:00:00Z|1993-10-11T21:00:00Z,train,0,False,zero
101158,WP,1993,1993-10-24T21:00:00Z,11.8,154.0,1993298N11154,1993-10-28T12:00:00Z,0,0.0,1993-10-23T21:00:00Z|1993-10-24T00:00:00Z|1993-10-24T03:00:00Z|1993-10-24T06:00:00Z|1993-10-24T09:00:00Z|1993-10-24T12:00:00Z|1993-10-24T15:00:00Z|1993-10-24T18:00:00Z|1993-10-24T21:00:00Z,train,0,False,zero
101181,SI,1994,1994-01-22T03:00:00Z,-12.9,112.1,1994022S12113,1994-01-25T12:00:00Z,0,0.0,1994-01-21T03:00:00Z|1994-01-21T06:00:00Z|1994-01-21T09:00:00Z|1994-01-21T12:00:00Z|1994-01-21T15:00:00Z|1994-01-21T18:00:00Z|1994-01-21T21:00:00Z|1994-01-22T00:00:00Z|1994-01-22T03:00:00Z,train,0,False,zero
101199,SI,1994,1994-04-04T21:00:00Z,-9.4,130.2,1994095S08129,1994-04-07T03:00:00Z,0,0.0,1994-04-03T21:00:00Z|1994-04-04T00:00:00Z|1994-04-04T03:00:00Z|1994-04-04T06:00:00Z|1994-04-04T09:00:00Z|1994-04-04T12:00:00Z|1994-04-04T15:00:00Z|1994-04-04T18:00:00Z|1994-04-04T21:00:00Z,train,0,False,zero
101201,SI,1994,1994-04-25T21:00:00Z,-4.9,97.6,1994116S05095,1994-04-29T06:00:00Z,0,0.0,1994-04-24T21:00:00Z|1994-04-25T00:00:00Z|1994-04-25T03:00:00Z|1994-04-25T06:00:00Z|1994-04-25T09:00:00Z|1994-04-25T12:00:00Z|1994-04-25T15:00:00Z|1994-04-25T18:00:00Z|1994-04-25T21:00:00Z,train,0,False,zero
101206,NI,1994,1994-06-05T09:00:00Z,15.4,72.1,1994157N17074,1994-06-07T00:00:00Z,0,1.0,1994-06-04T09:00:00Z|1994-06-04T12:00:00Z|1994-06-04T15:00:00Z|1994-06-04T18:00:00Z|1994-06-04T21:00:00Z|1994-06-05T00:00:00Z|1994-06-05T03:00:00Z|1994-06-05T06:00:00Z|1994-06-05T09:00:00Z,train,0,False,zero
101210,EP,1994,1994-06-28T00:00:00Z,9.7,-105.5,1994180N12255,1994-06-29T00:00:00Z,1,1.0,1994-06-27T00:00:00Z|1994-06-27T03:00:00Z|1994-06-27T06:00:00Z|1994-06-27T09:00:00Z|1994-06-27T12:00:00Z|1994-06-27T15:00:00Z|1994-06-27T18:00:00Z|1994-06-27T21:00:00Z|1994-06-28T00:00:00Z,train,0,False,zero
101210,EP,1994,1994-06-28T03:00:00Z,9.9,-106.2,1994180N12255,1994-06-29T00:00:00Z,1,1.0,1994-06-27T03:00:00Z|1994-06-27T06:00:00Z|1994-06-27T09:00:00Z|1994-06-27T12:00:00Z|1994-06-27T15:00:00Z|1994-06-27T18:00:00Z|1994-06-27T21:00:00Z|1994-06-28T00:00:00Z|1994-06-28T03:00:00Z,train,0,False,zero
101210,EP,1994,1994-06-28T06:00:00Z,11.7,-105.3,1994180N12255,1994-06-29T00:00:00Z,1,1.0,1994-06-27T06:00:00Z|1994-06-27T09:00:00Z|1994-06-27T12:00:00Z|1994-06-27T15:00:00Z|1994-06-27T18:00:00Z|1994-06-27T21:00:00Z|1994-06-28T00:00:00Z|1994-06-28T03:00:00Z|1994-06-28T06:00:00Z,train,0,False,zero
101210,EP,1994,1994-06-28T09:00:00Z,13.4,-104.3,1994180N12255,1994-06-29T00:00:00Z,1,1.0,1994-06-27T09:00:00Z|1994-06-27T12:00:00Z|1994-06-27T15:00:00Z|1994-06-27T18:00:00Z|1994-06-27T21:00:00Z|1994-06-28T00:00:00Z|1994-06-28T03:00:00Z|1994-06-28T06:00:00Z|1994-06-28T09:00:00Z,train,0,False,zero
101215,EP,1994,1994-07-08T00:00:00Z,13.5,-120.5,1994190N13239,1994-07-09T00:00:00Z,1,1.0,1994-07-07T00:00:00Z|1994-07-07T03:00:00Z|1994-07-07T06:00:00Z|1994-07-07T09:00:00Z|1994-07-07T12:00:00Z|1994-07-07T15:00:00Z|1994-07-07T18:00:00Z|1994-07-07T21:00:00Z|1994-07-08T00:00:00Z,train,0,False,zero
101215,EP,1994,1994-07-08T03:00:00Z,10.3,-119.8,1994190N13239,1994-07-09T00:00:00Z,1,1.0,1994-07-07T03:00:00Z|1994-07-07T06:00:00Z|1994-07-07T09:00:00Z|1994-07-07T12:00:00Z|1994-07-07T15:00:00Z|1994-07-07T18:00:00Z|1994-07-07T21:00:00Z|1994-07-08T00:00:00Z|1994-07-08T03:00:00Z,train,0,False,zero
101215,EP,1994,1994-07-08T06:00:00Z,10.4,-120.4,1994190N13239,1994-07-09T00:00:00Z,1,1.0,1994-07-07T06:00:00Z|1994-07-07T09:00:00Z|1994-07-07T12:00:00Z|1994-07-07T15:00:00Z|1994-07-07T18:00:00Z|1994-07-07T21:00:00Z|1994-07-08T00:00:00Z|1994-07-08T03:00:00Z|1994-07-08T06:00:00Z,train,0,False,zero
101215,EP,1994,1994-07-08T09:00:00Z,10.5,-121.0,1994190N13239,1994-07-09T00:00:00Z,1,1.0,1994-07-07T09:00:00Z|1994-07-07T12:00:00Z|1994-07-07T15:00:00Z|1994-07-07T18:00:00Z|1994-07-07T21:00:00Z|1994-07-08T00:00:00Z|1994-07-08T03:00:00Z|1994-07-08T06:00:00Z|1994-07-08T09:00:00Z,train,0,False,zero
101230,EP,1994,1994-08-06T15:00:00Z,18.1,-107.5,1994219N19252,1994-08-07T12:00:00Z,1,1.0,1994-08-05T15:00:00Z|1994-08-05T18:00:00Z|1994-08-05T21:00:00Z|1994-08-06T00:00:00Z|1994-08-06T03:00:00Z|1994-08-06T06:00:00Z|1994-08-06T09:00:00Z|1994-08-06T12:00:00Z|1994-08-06T15:00:00Z,train,0,False,zero
101230,EP,1994,1994-08-06T18:00:00Z,17.8,-107.5,1994219N19252,1994-08-07T12:00:00Z,1,1.0,1994-08-05T18:00:00Z|1994-08-05T21:00:00Z|1994-08-06T00:00:00Z|1994-08-06T03:00:00Z|1994-08-06T06:00:00Z|1994-08-06T09:00:00Z|1994-08-06T12:00:00Z|1994-08-06T15:00:00Z|1994-08-06T18:00:00Z,train,0,False,zero
101230,EP,1994,1994-08-06T21:00:00Z,17.0,-108.5,1994219N19252,1994-08-07T12:00:00Z,1,1.0,1994-08-05T21:00:00Z|1994-08-06T00:00:00Z|1994-08-06T03:00:00Z|1994-08-06T06:00:00Z|1994-08-06T09:00:00Z|1994-08-06T12:00:00Z|1994-08-06T15:00:00Z|1994-08-06T18:00:00Z|1994-08-06T21:00:00Z,train,0,False,zero
101236,NA,1994,1994-08-14T09:00:00Z,27.6,-85.2,1994227N29273,1994-08-15T12:00:00Z,0,1.0,1994-08-13T09:00:00Z|1994-08-13T12:00:00Z|1994-08-13T15:00:00Z|1994-08-13T18:00:00Z|1994-08-13T21:00:00Z|1994-08-14T00:00:00Z|1994-08-14T03:00:00Z|1994-08-14T06:00:00Z|1994-08-14T09:00:00Z,train,0,False,zero
101240,WP,1994,1994-08-24T15:00:00Z,22.3,168.6,1994237N24167,1994-08-28T00:00:00Z,0,0.0,1994-08-23T15:00:00Z|1994-08-23T18:00:00Z|1994-08-23T21:00:00Z|1994-08-24T00:00:00Z|1994-08-24T03:00:00Z|1994-08-24T06:00:00Z|1994-08-24T09:00:00Z|1994-08-24T12:00:00Z|1994-08-24T15:00:00Z,train,0,False,zero
101241,EP,1994,1994-08-28T15:00:00Z,13.7,-123.5,1994241N14236,1994-08-30T06:00:00Z,0,1.0,1994-08-27T15:00:00Z|1994-08-27T18:00:00Z|1994-08-27T21:00:00Z|1994-08-28T00:00:00Z|1994-08-28T03:00:00Z|1994-08-28T06:00:00Z|1994-08-28T09:00:00Z|1994-08-28T12:00:00Z|1994-08-28T15:00:00Z,train,0,False,zero
101245,EP,1994,1994-09-03T06:00:00Z,20.7,-106.3,1994247N18251,1994-09-04T06:00:00Z,1,1.0,1994-09-02T06:00:00Z|1994-09-02T09:00:00Z|1994-09-02T12:00:00Z|1994-09-02T15:00:00Z|1994-09-02T18:00:00Z|1994-09-02T21:00:00Z|1994-09-03T00:00:00Z|1994-09-03T03:00:00Z|1994-09-03T06:00:00Z,train,0,False,zero
101245,EP,1994,1994-09-03T09:00:00Z,20.8,-106.8,1994247N18251,1994-09-04T06:00:00Z,1,1.0,1994-09-02T09:00:00Z|1994-09-02T12:00:00Z|1994-09-02T15:00:00Z|1994-09-02T18:00:00Z|1994-09-02T21:00:00Z|1994-09-03T00:00:00Z|1994-09-03T03:00:00Z|1994-09-03T06:00:00Z|1994-09-03T09:00:00Z,train,0,False,zero
101245,EP,1994,1994-09-03T12:00:00Z,21.1,-107.0,1994247N18251,1994-09-04T06:00:00Z,1,1.0,1994-09-02T12:00:00Z|1994-09-02T15:00:00Z|1994-09-02T18:00:00Z|1994-09-02T21:00:00Z|1994-09-03T00:00:00Z|1994-09-03T03:00:00Z|1994-09-03T06:00:00Z|1994-09-03T09:00:00Z|1994-09-03T12:00:00Z,train,0,False,zero
101245,EP,1994,1994-09-03T15:00:00Z,21.3,-107.6,1994247N18251,1994-09-04T06:00:00Z,1,1.0,1994-09-02T15:00:00Z|1994-09-02T18:00:00Z|1994-09-02T21:00:00Z|1994-09-03T00:00:00Z|1994-09-03T03:00:00Z|1994-09-03T06:00:00Z|1994-09-03T09:00:00Z|1994-09-03T12:00:00Z|1994-09-03T15:00:00Z,train,0,False,zero
101246,EP,1994,1994-09-05T21:00:00Z,9.4,-158.9,1994249N11200,1994-09-07T00:00:00Z,0,1.0,1994-09-04T21:00:00Z|1994-09-05T00:00:00Z|1994-09-05T03:00:00Z|1994-09-05T06:00:00Z|1994-09-05T09:00:00Z|1994-09-05T12:00:00Z|1994-09-05T15:00:00Z|1994-09-05T18:00:00Z|1994-09-05T21:00:00Z,train,0,False,zero
101260,EP,1994,1994-09-24T09:00:00Z,15.2,-127.8,1994268N15232,1994-09-25T18:00:00Z,0,1.0,1994-09-23T09:00:00Z|1994-09-23T12:00:00Z|1994-09-23T15:00:00Z|1994-09-23T18:00:00Z|1994-09-23T21:00:00Z|1994-09-24T00:00:00Z|1994-09-24T03:00:00Z|1994-09-24T06:00:00Z|1994-09-24T09:00:00Z,train,0,False,zero
101262,NA,1994,1994-09-27T09:00:00Z,14.8,-21.3,1994271N14339,,0,,1994-09-26T09:00:00Z|1994-09-26T12:00:00Z|1994-09-26T15:00:00Z|1994-09-26T18:00:00Z|1994-09-26T21:00:00Z|1994-09-27T00:00:00Z|1994-09-27T03:00:00Z|1994-09-27T06:00:00Z|1994-09-27T09:00:00Z,train,0,False,zero
101265,WP,1994,1994-09-30T03:00:00Z,6.1,177.6,1994273N08176,1994-10-03T06:00:00Z,0,0.0,1994-09-29T03:00:00Z|1994-09-29T06:00:00Z|1994-09-29T09:00:00Z|1994-09-29T12:00:00Z|1994-09-29T15:00:00Z|1994-09-29T18:00:00Z|1994-09-29T21:00:00Z|1994-09-30T00:00:00Z|1994-09-30T03:00:00Z,train,0,False,zero
101295,SI,1995,1995-03-04T15:00:00Z,-15.1,43.0,1995064S13042,1995-03-07T12:00:00Z,0,0.0,1995-03-03T15:00:00Z|1995-03-03T18:00:00Z|1995-03-03T21:00:00Z|1995-03-04T00:00:00Z|1995-03-04T03:00:00Z|1995-03-04T06:00:00Z|1995-03-04T09:00:00Z|1995-03-04T12:00:00Z|1995-03-04T15:00:00Z,train,0,False,zero
101299,SI,1995,1995-03-29T15:00:00Z,-10.7,127.4,1995089S09131,1995-04-05T12:00:00Z,0,0.0,1995-03-28T15:00:00Z|1995-03-28T18:00:00Z|1995-03-28T21:00:00Z|1995-03-29T00:00:00Z|1995-03-29T03:00:00Z|1995-03-29T06:00:00Z|1995-03-29T09:00:00Z|1995-03-29T12:00:00Z|1995-03-29T15:00:00Z,train,0,False,zero
101300,SI,1995,1995-03-31T21:00:00Z,-11.7,145.0,1995091S11145,,0,0.0,1995-03-30T21:00:00Z|1995-03-31T00:00:00Z|1995-03-31T03:00:00Z|1995-03-31T06:00:00Z|1995-03-31T09:00:00Z|1995-03-31T12:00:00Z|1995-03-31T15:00:00Z|1995-03-31T18:00:00Z|1995-03-31T21:00:00Z,train,0,False,zero
101307,EP,1995,1995-06-15T03:00:00Z,12.5,-105.8,1995167N11254,1995-06-16T00:00:00Z,1,1.0,1995-06-14T03:00:00Z|1995-06-14T06:00:00Z|1995-06-14T09:00:00Z|1995-06-14T12:00:00Z|1995-06-14T15:00:00Z|1995-06-14T18:00:00Z|1995-06-14T21:00:00Z|1995-06-15T00:00:00Z|1995-06-15T03:00:00Z,train,0,False,zero
101307,EP,1995,1995-06-15T06:00:00Z,12.6,-106.3,1995167N11254,1995-06-16T00:00:00Z,1,1.0,1995-06-14T06:00:00Z|1995-06-14T09:00:00Z|1995-06-14T12:00:00Z|1995-06-14T15:00:00Z|1995-06-14T18:00:00Z|1995-06-14T21:00:00Z|1995-06-15T00:00:00Z|1995-06-15T03:00:00Z|1995-06-15T06:00:00Z,train,0,False,zero
101307,EP,1995,1995-06-15T09:00:00Z,15.1,-105.2,1995167N11254,1995-06-16T00:00:00Z,1,1.0,1995-06-14T09:00:00Z|1995-06-14T12:00:00Z|1995-06-14T15:00:00Z|1995-06-14T18:00:00Z|1995-06-14T21:00:00Z|1995-06-15T00:00:00Z|1995-06-15T03:00:00Z|1995-06-15T06:00:00Z|1995-06-15T09:00:00Z,train,0,False,zero
101313,EP,1995,1995-07-24T06:00:00Z,10.9,-107.6,1995206N13252,1995-07-25T06:00:00Z,1,1.0,1995-07-23T06:00:00Z|1995-07-23T09:00:00Z|1995-07-23T12:00:00Z|1995-07-23T15:00:00Z|1995-07-23T18:00:00Z|1995-07-23T21:00:00Z|1995-07-24T00:00:00Z|1995-07-24T03:00:00Z|1995-07-24T06:00:00Z,train,0,False,zero
101313,EP,1995,1995-07-24T09:00:00Z,12.0,-107.9,1995206N13252,1995-07-25T06:00:00Z,1,1.0,1995-07-23T09:00:00Z|1995-07-23T12:00:00Z|1995-07-23T15:00:00Z|1995-07-23T18:00:00Z|1995-07-23T21:00:00Z|1995-07-24T00:00:00Z|1995-07-24T03:00:00Z|1995-07-24T06:00:00Z|1995-07-24T09:00:00Z,train,0,False,zero
101321,NA,1995,1995-08-07T18:00:00Z,13.5,-30.6,1995220N14329,1995-08-08T18:00:00Z,1,1.0,1995-08-06T18:00:00Z|1995-08-06T21:00:00Z|1995-08-07T00:00:00Z|1995-08-07T03:00:00Z|1995-08-07T06:00:00Z|1995-08-07T09:00:00Z|1995-08-07T12:00:00Z|1995-08-07T15:00:00Z|1995-08-07T18:00:00Z,train,0,False,zero
101321,NA,1995,1995-08-07T21:00:00Z,14.6,-31.2,1995220N14329,1995-08-08T18:00:00Z,1,1.0,1995-08-06T21:00:00Z|1995-08-07T00:00:00Z|1995-08-07T03:00:00Z|1995-08-07T06:00:00Z|1995-08-07T09:00:00Z|1995-08-07T12:00:00Z|1995-08-07T15:00:00Z|1995-08-07T18:00:00Z|1995-08-07T21:00:00Z,train,0,False,zero
101329,NA,1995,1995-08-21T06:00:00Z,11.0,-32.4,1995234N13327,1995-08-22T06:00:00Z,1,1.0,1995-08-20T06:00:00Z|1995-08-20T09:00:00Z|1995-08-20T12:00:00Z|1995-08-20T15:00:00Z|1995-08-20T18:00:00Z|1995-08-20T21:00:00Z|1995-08-21T00:00:00Z|1995-08-21T03:00:00Z|1995-08-21T06:00:00Z,train,0,False,zero
101329,NA,1995,1995-08-21T09:00:00Z,11.1,-33.4,1995234N13327,1995-08-22T06:00:00Z,1,1.0,1995-08-20T09:00:00Z|1995-08-20T12:00:00Z|1995-08-20T15:00:00Z|1995-08-20T18:00:00Z|1995-08-20T21:00:00Z|1995-08-21T00:00:00Z|1995-08-21T03:00:00Z|1995-08-21T06:00:00Z|1995-08-21T09:00:00Z,train,0,False,zero
101329,NA,1995,1995-08-21T12:00:00Z,10.5,-33.9,1995234N13327,1995-08-22T06:00:00Z,1,1.0,1995-08-20T12:00:00Z|1995-08-20T15:00:00Z|1995-08-20T18:00:00Z|1995-08-20T21:00:00Z|1995-08-21T00:00:00Z|1995-08-21T03:00:00Z|1995-08-21T06:00:00Z|1995-08-21T09:00:00Z|1995-08-21T12:00:00Z,train,0,False,zero
101329,NA,1995,1995-08-21T15:00:00Z,9.2,-34.3,1995234N13327,1995-08-22T06:00:00Z,1,1.0,1995-08-20T15:00:00Z|1995-08-20T18:00:00Z|1995-08-20T21:00:00Z|1995-08-21T00:00:00Z|1995-08-21T03:00:00Z|1995-08-21T06:00:00Z|1995-08-21T09:00:00Z|1995-08-21T12:00:00Z|1995-08-21T15:00:00Z,train,0,False,zero
101329,NA,1995,1995-08-21T18:00:00Z,12.4,-36.0,1995234N13327,1995-08-22T06:00:00Z,1,1.0,1995-08-20T18:00:00Z|1995-08-20T21:00:00Z|1995-08-21T00:00:00Z|1995-08-21T03:00:00Z|1995-08-21T06:00:00Z|1995-08-21T09:00:00Z|1995-08-21T12:00:00Z|1995-08-21T15:00:00Z|1995-08-21T18:00:00Z,train,0,False,zero
101329,NA,1995,1995-08-21T21:00:00Z,12.5,-32.8,1995234N13327,1995-08-22T06:00:00Z,1,1.0,1995-08-20T21:00:00Z|1995-08-21T00:00:00Z|1995-08-21T03:00:00Z|1995-08-21T06:00:00Z|1995-08-21T09:00:00Z|1995-08-21T12:00:00Z|1995-08-21T15:00:00Z|1995-08-21T18:00:00Z|1995-08-21T21:00:00Z,train,0,False,zero
101330,NA,1995,1995-08-21T18:00:00Z,13.5,-46.8,1995235N13311,1995-08-22T18:00:00Z,1,1.0,1995-08-20T18:00:00Z|1995-08-20T21:00:00Z|1995-08-21T00:00:00Z|1995-08-21T03:00:00Z|1995-08-21T06:00:00Z|1995-08-21T09:00:00Z|1995-08-21T12:00:00Z|1995-08-21T15:00:00Z|1995-08-21T18:00:00Z,train,0,False,zero
101330,NA,1995,1995-08-21T21:00:00Z,13.8,-47.6,1995235N13311,1995-08-22T18:00:00Z,1,1.0,1995-08-20T21:00:00Z|1995-08-21T00:00:00Z|1995-08-21T03:00:00Z|1995-08-21T06:00:00Z|1995-08-21T09:00:00Z|1995-08-21T12:00:00Z|1995-08-21T15:00:00Z|1995-08-21T18:00:00Z|1995-08-21T21:00:00Z,train,0,False,zero
101330,NA,1995,1995-08-22T00:00:00Z,13.4,-48.7,1995235N13311,1995-08-22T18:00:00Z,1,1.0,1995-08-21T00:00:00Z|1995-08-21T03:00:00Z|1995-08-21T06:00:00Z|1995-08-21T09:00:00Z|1995-08-21T12:00:00Z|1995-08-21T15:00:00Z|1995-08-21T18:00:00Z|1995-08-21T21:00:00Z|1995-08-22T00:00:00Z,train,0,False,zero
101330,NA,1995,1995-08-22T03:00:00Z,13.2,-49.8,1995235N13311,1995-08-22T18:00:00Z,1,1.0,1995-08-21T03:00:00Z|1995-08-21T06:00:00Z|1995-08-21T09:00:00Z|1995-08-21T12:00:00Z|1995-08-21T15:00:00Z|1995-08-21T18:00:00Z|1995-08-21T21:00:00Z|1995-08-22T00:00:00Z|1995-08-22T03:00:00Z,train,0,False,zero
101330,NA,1995,1995-08-22T06:00:00Z,13.6,-50.6,1995235N13311,1995-08-22T18:00:00Z,1,1.0,1995-08-21T06:00:00Z|1995-08-21T09:00:00Z|1995-08-21T12:00:00Z|1995-08-21T15:00:00Z|1995-08-21T18:00:00Z|1995-08-21T21:00:00Z|1995-08-22T00:00:00Z|1995-08-22T03:00:00Z|1995-08-22T06:00:00Z,train,0,False,zero
101330,NA,1995,1995-08-22T09:00:00Z,13.8,-50.8,1995235N13311,1995-08-22T18:00:00Z,1,1.0,1995-08-21T09:00:00Z|1995-08-21T12:00:00Z|1995-08-21T15:00:00Z|1995-08-21T18:00:00Z|1995-08-21T21:00:00Z|1995-08-22T00:00:00Z|1995-08-22T03:00:00Z|1995-08-22T06:00:00Z|1995-08-22T09:00:00Z,train,0,False,zero
101331,NA,1995,1995-08-22T12:00:00Z,23.7,-78.5,1995235N24281,1995-08-23T12:00:00Z,1,1.0,1995-08-21T12:00:00Z|1995-08-21T15:00:00Z|1995-08-21T18:00:00Z|1995-08-21T21:00:00Z|1995-08-22T00:00:00Z|1995-08-22T03:00:00Z|1995-08-22T06:00:00Z|1995-08-22T09:00:00Z|1995-08-22T12:00:00Z,train,0,False,zero
101331,NA,1995,1995-08-22T15:00:00Z,23.6,-78.6,1995235N24281,1995-08-23T12:00:00Z,1,1.0,1995-08-21T15:00:00Z|1995-08-21T18:00:00Z|1995-08-21T21:00:00Z|1995-08-22T00:00:00Z|1995-08-22T03:00:00Z|1995-08-22T06:00:00Z|1995-08-22T09:00:00Z|1995-08-22T12:00:00Z|1995-08-22T15:00:00Z,train,0,False,zero
101333,NA,1995,1995-08-26T09:00:00Z,13.9,-33.3,1995239N15327,1995-08-28T06:00:00Z,0,1.0,1995-08-25T09:00:00Z|1995-08-25T12:00:00Z|1995-08-25T15:00:00Z|1995-08-25T18:00:00Z|1995-08-25T21:00:00Z|1995-08-26T00:00:00Z|1995-08-26T03:00:00Z|1995-08-26T06:00:00Z|1995-08-26T09:00:00Z,train,0,False,zero
101341,NA,1995,1995-09-09T09:00:00Z,20.7,-41.1,1995253N18318,,0,0.0,1995-09-08T09:00:00Z|1995-09-08T12:00:00Z|1995-09-08T15:00:00Z|1995-09-08T18:00:00Z|1995-09-08T21:00:00Z|1995-09-09T00:00:00Z|1995-09-09T03:00:00Z|1995-09-09T06:00:00Z|1995-09-09T09:00:00Z,train,0,False,zero
101350,NA,1995,1995-09-27T15:00:00Z,21.0,-87.3,1995271N19273,1995-09-30T12:00:00Z,0,0.0,1995-09-26T15:00:00Z|1995-09-26T18:00:00Z|1995-09-26T21:00:00Z|1995-09-27T00:00:00Z|1995-09-27T03:00:00Z|1995-09-27T06:00:00Z|1995-09-27T09:00:00Z|1995-09-27T12:00:00Z|1995-09-27T15:00:00Z,train,0,False,zero
101354,NA,1995,1995-10-04T12:00:00Z,9.8,-29.2,1995278N08329,1995-10-05T12:00:00Z,1,1.0,1995-10-03T12:00:00Z|1995-10-03T15:00:00Z|1995-10-03T18:00:00Z|1995-10-03T21:00:00Z|1995-10-04T00:00:00Z|1995-10-04T03:00:00Z|1995-10-04T06:00:00Z|1995-10-04T09:00:00Z|1995-10-04T12:00:00Z,train,0,False,zero
101354,NA,1995,1995-10-04T15:00:00Z,10.4,-30.6,1995278N08329,1995-10-05T12:00:00Z,1,1.0,1995-10-03T15:00:00Z|1995-10-03T18:00:00Z|1995-10-03T21:00:00Z|1995-10-04T00:00:00Z|1995-10-04T03:00:00Z|1995-10-04T06:00:00Z|1995-10-04T09:00:00Z|1995-10-04T12:00:00Z|1995-10-04T15:00:00Z,train,0,False,zero
101363,NA,1995,1995-10-26T21:00:00Z,25.4,-58.1,1995300N25301,1995-10-27T12:00:00Z,1,1.0,1995-10-25T21:00:00Z|1995-10-26T00:00:00Z|1995-10-26T03:00:00Z|1995-10-26T06:00:00Z|1995-10-26T09:00:00Z|1995-10-26T12:00:00Z|1995-10-26T15:00:00Z|1995-10-26T18:00:00Z|1995-10-26T21:00:00Z,train,0,False,zero
101378,SP,1996,1996-01-14T21:00:00Z,-16.5,-177.4,1996015S18182,1996-01-16T12:00:00Z,0,1.0,1996-01-13T21:00:00Z|1996-01-14T00:00:00Z|1996-01-14T03:00:00Z|1996-01-14T06:00:00Z|1996-01-14T09:00:00Z|1996-01-14T12:00:00Z|1996-01-14T15:00:00Z|1996-01-14T18:00:00Z|1996-01-14T21:00:00Z,train,0,False,zero
101380,SI,1996,1996-01-24T21:00:00Z,-12.5,125.3,1996025S14125,1996-01-28T12:00:00Z,0,0.0,1996-01-23T21:00:00Z|1996-01-24T00:00:00Z|1996-01-24T03:00:00Z|1996-01-24T06:00:00Z|1996-01-24T09:00:00Z|1996-01-24T12:00:00Z|1996-01-24T15:00:00Z|1996-01-24T18:00:00Z|1996-01-24T21:00:00Z,train,0,False,zero
101383,SI,1996,1996-02-05T15:00:00Z,-9.0,94.1,1996037S09095,1996-02-07T06:00:00Z,0,1.0,1996-02-04T15:00:00Z|1996-02-04T18:00:00Z|1996-02-04T21:00:00Z|1996-02-05T00:00:00Z|1996-02-05T03:00:00Z|1996-02-05T06:00:00Z|1996-02-05T09:00:00Z|1996-02-05T12:00:00Z|1996-02-05T15:00:00Z,train,0,False,zero
101384,SP,1996,1996-02-10T15:00:00Z,-14.3,140.6,1996042S13139,1996-02-13T00:00:00Z,0,0.0,1996-02-09T15:00:00Z|1996-02-09T18:00:00Z|1996-02-09T21:00:00Z|1996-02-10T00:00:00Z|1996-02-10T03:00:00Z|1996-02-10T06:00:00Z|1996-02-10T09:00:00Z|1996-02-10T12:00:00Z|1996-02-10T15:00:00Z,train,0,False,zero
101398,SI,1996,1996-04-01T21:00:00Z,-18.3,73.5,1996093S16074,1996-04-03T00:00:00Z,0,1.0,1996-03-31T21:00:00Z|1996-04-01T00:00:00Z|1996-04-01T03:00:00Z|1996-04-01T06:00:00Z|1996-04-01T09:00:00Z|1996-04-01T12:00:00Z|1996-04-01T15:00:00Z|1996-04-01T18:00:00Z|1996-04-01T21:00:00Z,train,0,False,zero
101406,EP,1996,1996-05-13T03:00:00Z,10.6,-114.8,1996134N11246,1996-05-13T21:00:00Z,1,1.0,1996-05-12T03:00:00Z|1996-05-12T06:00:00Z|1996-05-12T09:00:00Z|1996-05-12T12:00:00Z|1996-05-12T15:00:00Z|1996-05-12T18:00:00Z|1996-05-12T21:00:00Z|1996-05-13T00:00:00Z|1996-05-13T03:00:00Z,train,0,False,zero
101407,WP,1996,1996-05-15T21:00:00Z,11.7,114.3,1996137N13111,1996-05-20T06:00:00Z,0,0.0,1996-05-14T21:00:00Z|1996-05-15T00:00:00Z|1996-05-15T03:00:00Z|1996-05-15T06:00:00Z|1996-05-15T09:00:00Z|1996-05-15T12:00:00Z|1996-05-15T15:00:00Z|1996-05-15T18:00:00Z|1996-05-15T21:00:00Z,train,0,False,zero
101412,NA,1996,1996-06-17T15:00:00Z,25.8,-74.6,1996170N27282,1996-06-19T00:00:00Z,0,1.0,1996-06-16T15:00:00Z|1996-06-16T18:00:00Z|1996-06-16T21:00:00Z|1996-06-17T00:00:00Z|1996-06-17T03:00:00Z|1996-06-17T06:00:00Z|1996-06-17T09:00:00Z|1996-06-17T12:00:00Z|1996-06-17T15:00:00Z,train,0,False,zero
101417,NA,1996,1996-07-04T12:00:00Z,9.3,-30.3,1996187N10326,1996-07-05T12:00:00Z,1,1.0,1996-07-03T12:00:00Z|1996-07-03T15:00:00Z|1996-07-03T18:00:00Z|1996-07-03T21:00:00Z|1996-07-04T00:00:00Z|1996-07-04T03:00:00Z|1996-07-04T06:00:00Z|1996-07-04T09:00:00Z|1996-07-04T12:00:00Z,train,0,False,zero
101417,NA,1996,1996-07-04T15:00:00Z,9.4,-31.6,1996187N10326,1996-07-05T12:00:00Z,1,1.0,1996-07-03T15:00:00Z|1996-07-03T18:00:00Z|1996-07-03T21:00:00Z|1996-07-04T00:00:00Z|1996-07-04T03:00:00Z|1996-07-04T06:00:00Z|1996-07-04T09:00:00Z|1996-07-04T12:00:00Z|1996-07-04T15:00:00Z,train,0,False,zero
101417,NA,1996,1996-07-04T18:00:00Z,9.4,-32.8,1996187N10326,1996-07-05T12:00:00Z,1,1.0,1996-07-03T18:00:00Z|1996-07-03T21:00:00Z|1996-07-04T00:00:00Z|1996-07-04T03:00:00Z|1996-07-04T06:00:00Z|1996-07-04T09:00:00Z|1996-07-04T12:00:00Z|1996-07-04T15:00:00Z|1996-07-04T18:00:00Z,train,0,False,zero
101417,NA,1996,1996-07-04T21:00:00Z,9.5,-34.1,1996187N10326,1996-07-05T12:00:00Z,1,1.0,1996-07-03T21:00:00Z|1996-07-04T00:00:00Z|1996-07-04T03:00:00Z|1996-07-04T06:00:00Z|1996-07-04T09:00:00Z|1996-07-04T12:00:00Z|1996-07-04T15:00:00Z|1996-07-04T18:00:00Z|1996-07-04T21:00:00Z,train,0,False,zero
101428,EP,1996,1996-07-28T00:00:00Z,10.2,-87.7,1996211N13270,1996-07-29T00:00:00Z,1,1.0,1996-07-27T00:00:00Z|1996-07-27T03:00:00Z|1996-07-27T06:00:00Z|1996-07-27T09:00:00Z|1996-07-27T12:00:00Z|1996-07-27T15:00:00Z|1996-07-27T18:00:00Z|1996-07-27T21:00:00Z|1996-07-28T00:00:00Z,train,0,False,zero
101428,EP,1996,1996-07-28T03:00:00Z,11.1,-88.4,1996211N13270,1996-07-29T00:00:00Z,1,1.0,1996-07-27T03:00:00Z|1996-07-27T06:00:00Z|1996-07-27T09:00:00Z|1996-07-27T12:00:00Z|1996-07-27T15:00:00Z|1996-07-27T18:00:00Z|1996-07-27T21:00:00Z|1996-07-28T00:00:00Z|1996-07-28T03:00:00Z,train,0,False,zero
101428,EP,1996,1996-07-28T06:00:00Z,12.0,-89.1,1996211N13270,1996-07-29T00:00:00Z,1,1.0,1996-07-27T06:00:00Z|1996-07-27T09:00:00Z|1996-07-27T12:00:00Z|1996-07-27T15:00:00Z|1996-07-27T18:00:00Z|1996-07-27T21:00:00Z|1996-07-28T00:00:00Z|1996-07-28T03:00:00Z|1996-07-28T06:00:00Z,train,0,False,zero
101428,EP,1996,1996-07-28T09:00:00Z,9.3,-89.2,1996211N13270,1996-07-29T00:00:00Z,1,1.0,1996-07-27T09:00:00Z|1996-07-27T12:00:00Z|1996-07-27T15:00:00Z|1996-07-27T18:00:00Z|1996-07-27T21:00:00Z|1996-07-28T00:00:00Z|1996-07-28T03:00:00Z|1996-07-28T06:00:00Z|1996-07-28T09:00:00Z,train,0,False,zero
101428,EP,1996,1996-07-28T12:00:00Z,10.5,-91.2,1996211N13270,1996-07-29T00:00:00Z,1,1.0,1996-07-27T12:00:00Z|1996-07-27T15:00:00Z|1996-07-27T18:00:00Z|1996-07-27T21:00:00Z|1996-07-28T00:00:00Z|1996-07-28T03:00:00Z|1996-07-28T06:00:00Z|1996-07-28T09:00:00Z|1996-07-28T12:00:00Z,train,0,False,zero
101428,EP,1996,1996-07-28T15:00:00Z,10.8,-92.1,1996211N13270,1996-07-29T00:00:00Z,1,1.0,1996-07-27T15:00:00Z|1996-07-27T18:00:00Z|1996-07-27T21:00:00Z|1996-07-28T00:00:00Z|1996-07-28T03:00:00Z|1996-07-28T06:00:00Z|1996-07-28T09:00:00Z|1996-07-28T12:00:00Z|1996-07-28T15:00:00Z,train,0,False,zero
101428,EP,1996,1996-07-28T18:00:00Z,11.1,-91.9,1996211N13270,1996-07-29T00:00:00Z,1,1.0,1996-07-27T18:00:00Z|1996-07-27T21:00:00Z|1996-07-28T00:00:00Z|1996-07-28T03:00:00Z|1996-07-28T06:00:00Z|1996-07-28T09:00:00Z|1996-07-28T12:00:00Z|1996-07-28T15:00:00Z|1996-07-28T18:00:00Z,train,0,False,zero
101428,EP,1996,1996-07-28T21:00:00Z,11.4,-91.8,1996211N13270,1996-07-29T00:00:00Z,1,1.0,1996-07-27T21:00:00Z|1996-07-28T00:00:00Z|1996-07-28T03:00:00Z|1996-07-28T06:00:00Z|1996-07-28T09:00:00Z|1996-07-28T12:00:00Z|1996-07-28T15:00:00Z|1996-07-28T18:00:00Z|1996-07-28T21:00:00Z,train,0,False,zero
101435,SI,1996,1996-08-14T15:00:00Z,-7.5,83.8,1996228S05084,1996-08-17T00:00:00Z,0,0.0,1996-08-13T15:00:00Z|1996-08-13T18:00:00Z|1996-08-13T21:00:00Z|1996-08-14T00:00:00Z|1996-08-14T03:00:00Z|1996-08-14T06:00:00Z|1996-08-14T09:00:00Z|1996-08-14T12:00:00Z|1996-08-14T15:00:00Z,train,0,False,zero
101436,NA,1996,1996-08-18T15:00:00Z,15.1,-76.1,1996232N17280,1996-08-19T15:00:00Z,1,1.0,1996-08-17T15:00:00Z|1996-08-17T18:00:00Z|1996-08-17T21:00:00Z|1996-08-18T00:00:00Z|1996-08-18T03:00:00Z|1996-08-18T06:00:00Z|1996-08-18T09:00:00Z|1996-08-18T12:00:00Z|1996-08-18T15:00:00Z,train,0,False,zero
101436,NA,1996,1996-08-18T18:00:00Z,16.8,-76.2,1996232N17280,1996-08-19T15:00:00Z,1,1.0,1996-08-17T18:00:00Z|1996-08-17T21:00:00Z|1996-08-18T00:00:00Z|1996-08-18T03:00:00Z|1996-08-18T06:00:00Z|1996-08-18T09:00:00Z|1996-08-18T12:00:00Z|1996-08-18T15:00:00Z|1996-08-18T18:00:00Z,train,0,False,zero
101436,NA,1996,1996-08-18T21:00:00Z,16.9,-78.8,1996232N17280,1996-08-19T15:00:00Z,1,1.0,1996-08-17T21:00:00Z|1996-08-18T00:00:00Z|1996-08-18T03:00:00Z|1996-08-18T06:00:00Z|1996-08-18T09:00:00Z|1996-08-18T12:00:00Z|1996-08-18T15:00:00Z|1996-08-18T18:00:00Z|1996-08-18T21:00:00Z,train,0,False,zero
101436,NA,1996,1996-08-19T00:00:00Z,16.9,-79.3,1996232N17280,1996-08-19T15:00:00Z,1,1.0,1996-08-18T00:00:00Z|1996-08-18T03:00:00Z|1996-08-18T06:00:00Z|1996-08-18T09:00:00Z|1996-08-18T12:00:00Z|1996-08-18T15:00:00Z|1996-08-18T18:00:00Z|1996-08-18T21:00:00Z|1996-08-19T00:00:00Z,train,0,False,zero
101436,NA,1996,1996-08-19T03:00:00Z,16.8,-79.9,1996232N17280,1996-08-19T15:00:00Z,1,1.0,1996-08-18T03:00:00Z|1996-08-18T06:00:00Z|1996-08-18T09:00:00Z|1996-08-18T12:00:00Z|1996-08-18T15:00:00Z|1996-08-18T18:00:00Z|1996-08-18T21:00:00Z|1996-08-19T00:00:00Z|1996-08-19T03:00:00Z,train,0,False,zero
101441,NA,1996,1996-08-25T21:00:00Z,11.4,-23.6,1996239N13337,1996-08-28T06:00:00Z,0,0.0,1996-08-24T21:00:00Z|1996-08-25T00:00:00Z|1996-08-25T03:00:00Z|1996-08-25T06:00:00Z|1996-08-25T09:00:00Z|1996-08-25T12:00:00Z|1996-08-25T15:00:00Z|1996-08-25T18:00:00Z|1996-08-25T21:00:00Z,train,0,False,zero
101459,NA,1996,1996-10-04T15:00:00Z,23.4,-96.8,1996279N23264,1996-10-06T18:00:00Z,0,0.0,1996-10-03T15:00:00Z|1996-10-03T18:00:00Z|1996-10-03T21:00:00Z|1996-10-04T00:00:00Z|1996-10-04T03:00:00Z|1996-10-04T06:00:00Z|1996-10-04T09:00:00Z|1996-10-04T12:00:00Z|1996-10-04T15:00:00Z,train,0,False,zero
101473,NI,1996,1996-10-31T21:00:00Z,16.2,95.9,1996306N15097,1996-11-04T06:00:00Z,0,0.0,1996-10-30T21:00:00Z|1996-10-31T00:00:00Z|1996-10-31T03:00:00Z|1996-10-31T06:00:00Z|1996-10-31T09:00:00Z|1996-10-31T12:00:00Z|1996-10-31T15:00:00Z|1996-10-31T18:00:00Z|1996-10-31T21:00:00Z,train,0,False,zero
101489,WP,1996,1996-12-21T03:00:00Z,8.9,111.8,1996356N08110,1996-12-24T12:00:00Z,0,0.0,1996-12-20T03:00:00Z|1996-12-20T06:00:00Z|1996-12-20T09:00:00Z|1996-12-20T12:00:00Z|1996-12-20T15:00:00Z|1996-12-20T18:00:00Z|1996-12-20T21:00:00Z|1996-12-21T00:00:00Z|1996-12-21T03:00:00Z,train,0,False,zero
101494,SP,1996,1996-12-31T21:00:00Z,-8.2,178.8,1997001S10176,1997-01-02T18:00:00Z,0,1.0,1996-12-30T21:00:00Z|1996-12-31T00:00:00Z|1996-12-31T03:00:00Z|1996-12-31T06:00:00Z|1996-12-31T09:00:00Z|1996-12-31T12:00:00Z|1996-12-31T15:00:00Z|1996-12-31T18:00:00Z|1996-12-31T21:00:00Z,train,0,False,zero
101514,WP,1997,1997-04-08T21:00:00Z,7.8,155.6,1997099N06153,1997-04-12T06:00:00Z,0,0.0,1997-04-07T21:00:00Z|1997-04-08T00:00:00Z|1997-04-08T03:00:00Z|1997-04-08T06:00:00Z|1997-04-08T09:00:00Z|1997-04-08T12:00:00Z|1997-04-08T15:00:00Z|1997-04-08T18:00:00Z|1997-04-08T21:00:00Z,train,0,False,zero
101525,EP,1997,1997-05-31T21:00:00Z,12.5,-94.9,1997152N10265,1997-06-02T12:00:00Z,0,1.0,1997-05-30T21:00:00Z|1997-05-31T00:00:00Z|1997-05-31T03:00:00Z|1997-05-31T06:00:00Z|1997-05-31T09:00:00Z|1997-05-31T12:00:00Z|1997-05-31T15:00:00Z|1997-05-31T18:00:00Z|1997-05-31T21:00:00Z,train,0,False,zero
101532,EP,1997,1997-06-25T00:00:00Z,16.5,-106.6,1997176N16252,1997-06-25T18:00:00Z,1,1.0,1997-06-24T00:00:00Z|1997-06-24T03:00:00Z|1997-06-24T06:00:00Z|1997-06-24T09:00:00Z|1997-06-24T12:00:00Z|1997-06-24T15:00:00Z|1997-06-24T18:00:00Z|1997-06-24T21:00:00Z|1997-06-25T00:00:00Z,train,0,False,zero
101532,EP,1997,1997-06-25T03:00:00Z,16.7,-107.3,1997176N16252,1997-06-25T18:00:00Z,1,1.0,1997-06-24T03:00:00Z|1997-06-24T06:00:00Z|1997-06-24T09:00:00Z|1997-06-24T12:00:00Z|1997-06-24T15:00:00Z|1997-06-24T18:00:00Z|1997-06-24T21:00:00Z|1997-06-25T00:00:00Z|1997-06-25T03:00:00Z,train,0,False,zero
101543,SI,1997,1997-07-17T21:00:00Z,-6.5,78.2,1997199S04079,1997-07-19T06:00:00Z,0,1.0,1997-07-16T21:00:00Z|1997-07-17T00:00:00Z|1997-07-17T03:00:00Z|1997-07-17T06:00:00Z|1997-07-17T09:00:00Z|1997-07-17T12:00:00Z|1997-07-17T15:00:00Z|1997-07-17T18:00:00Z|1997-07-17T21:00:00Z,train,0,False,zero
101547,WP,1997,1997-07-28T09:00:00Z,14.1,118.4,1997210N15120,1997-07-31T12:00:00Z,0,0.0,1997-07-27T09:00:00Z|1997-07-27T12:00:00Z|1997-07-27T15:00:00Z|1997-07-27T18:00:00Z|1997-07-27T21:00:00Z|1997-07-28T00:00:00Z|1997-07-28T03:00:00Z|1997-07-28T06:00:00Z|1997-07-28T09:00:00Z,train,0,False,zero
101552,WP,1997,1997-08-12T21:00:00Z,8.5,-171.7,1997225N09186,,0,0.0,1997-08-11T21:00:00Z|1997-08-12T00:00:00Z|1997-08-12T03:00:00Z|1997-08-12T06:00:00Z|1997-08-12T09:00:00Z|1997-08-12T12:00:00Z|1997-08-12T15:00:00Z|1997-08-12T18:00:00Z|1997-08-12T21:00:00Z,train,0,False,zero
101553,EP,1997,1997-08-16T12:00:00Z,17.0,-114.8,1997229N19242,1997-08-17T12:00:00Z,1,1.0,1997-08-15T12:00:00Z|1997-08-15T15:00:00Z|1997-08-15T18:00:00Z|1997-08-15T21:00:00Z|1997-08-16T00:00:00Z|1997-08-16T03:00:00Z|1997-08-16T06:00:00Z|1997-08-16T09:00:00Z|1997-08-16T12:00:00Z,train,0,False,zero
101553,EP,1997,1997-08-16T15:00:00Z,17.9,-115.1,1997229N19242,1997-08-17T12:00:00Z,1,1.0,1997-08-15T15:00:00Z|1997-08-15T18:00:00Z|1997-08-15T21:00:00Z|1997-08-16T00:00:00Z|1997-08-16T03:00:00Z|1997-08-16T06:00:00Z|1997-08-16T09:00:00Z|1997-08-16T12:00:00Z|1997-08-16T15:00:00Z,train,0,False,zero
101553,EP,1997,1997-08-16T18:00:00Z,18.8,-115.5,1997229N19242,1997-08-17T12:00:00Z,1,1.0,1997-08-15T18:00:00Z|1997-08-15T21:00:00Z|1997-08-16T00:00:00Z|1997-08-16T03:00:00Z|1997-08-16T06:00:00Z|1997-08-16T09:00:00Z|1997-08-16T12:00:00Z|1997-08-16T15:00:00Z|1997-08-16T18:00:00Z,train,0,False,zero
101553,EP,1997,1997-08-16T21:00:00Z,17.8,-115.5,1997229N19242,1997-08-17T12:00:00Z,1,1.0,1997-08-15T21:00:00Z|1997-08-16T00:00:00Z|1997-08-16T03:00:00Z|1997-08-16T06:00:00Z|1997-08-16T09:00:00Z|1997-08-16T12:00:00Z|1997-08-16T15:00:00Z|1997-08-16T18:00:00Z|1997-08-16T21:00:00Z,train,0,False,zero
101554,WP,1997,1997-08-19T09:00:00Z,12.9,132.5,1997232N14136,1997-08-21T12:00:00Z,0,0.0,1997-08-18T09:00:00Z|1997-08-18T12:00:00Z|1997-08-18T15:00:00Z|1997-08-18T18:00:00Z|1997-08-18T21:00:00Z|1997-08-19T00:00:00Z|1997-08-19T03:00:00Z|1997-08-19T06:00:00Z|1997-08-19T09:00:00Z,train,0,False,zero
101563,EP,1997,1997-09-09T00:00:00Z,14.6,-101.1,1997253N12255,1997-09-10T00:00:00Z,1,1.0,1997-09-08T00:00:00Z|1997-09-08T03:00:00Z|1997-09-08T06:00:00Z|1997-09-08T09:00:00Z|1997-09-08T12:00:00Z|1997-09-08T15:00:00Z|1997-09-08T18:00:00Z|1997-09-08T21:00:00Z|1997-09-09T00:00:00Z,train,0,False,zero
101563,EP,1997,1997-09-09T03:00:00Z,13.2,-100.3,1997253N12255,1997-09-10T00:00:00Z,1,1.0,1997-09-08T03:00:00Z|1997-09-08T06:00:00Z|1997-09-08T09:00:00Z|1997-09-08T12:00:00Z|1997-09-08T15:00:00Z|1997-09-08T18:00:00Z|1997-09-08T21:00:00Z|1997-09-09T00:00:00Z|1997-09-09T03:00:00Z,train,0,False,zero
101563,EP,1997,1997-09-09T06:00:00Z,12.0,-101.0,1997253N12255,1997-09-10T00:00:00Z,1,1.0,1997-09-08T06:00:00Z|1997-09-08T09:00:00Z|1997-09-08T12:00:00Z|1997-09-08T15:00:00Z|1997-09-08T18:00:00Z|1997-09-08T21:00:00Z|1997-09-09T00:00:00Z|1997-09-09T03:00:00Z|1997-09-09T06:00:00Z,train,0,False,zero
101563,EP,1997,1997-09-09T09:00:00Z,10.8,-101.8,1997253N12255,1997-09-10T00:00:00Z,1,1.0,1997-09-08T09:00:00Z|1997-09-08T12:00:00Z|1997-09-08T15:00:00Z|1997-09-08T18:00:00Z|1997-09-08T21:00:00Z|1997-09-09T00:00:00Z|1997-09-09T03:00:00Z|1997-09-09T06:00:00Z|1997-09-09T09:00:00Z,train,0,False,zero
101564,EP,1997,1997-09-12T15:00:00Z,14.1,-133.2,1997256N14227,1997-09-14T00:00:00Z,0,1.0,1997-09-11T15:00:00Z|1997-09-11T18:00:00Z|1997-09-11T21:00:00Z|1997-09-12T00:00:00Z|1997-09-12T03:00:00Z|1997-09-12T06:00:00Z|1997-09-12T09:00:00Z|1997-09-12T12:00:00Z|1997-09-12T15:00:00Z,train,0,False,zero
101570,EP,1997,1997-09-26T03:00:00Z,11.3,-95.0,1997270N11265,1997-09-26T15:00:00Z,1,1.0,1997-09-25T03:00:00Z|1997-09-25T06:00:00Z|1997-09-25T09:00:00Z|1997-09-25T12:00:00Z|1997-09-25T15:00:00Z|1997-09-25T18:00:00Z|1997-09-25T21:00:00Z|1997-09-26T00:00:00Z|1997-09-26T03:00:00Z,train,0,False,zero
101570,EP,1997,1997-09-26T06:00:00Z,10.8,-94.5,1997270N11265,1997-09-26T15:00:00Z,1,1.0,1997-09-25T06:00:00Z|1997-09-25T09:00:00Z|1997-09-25T12:00:00Z|1997-09-25T15:00:00Z|1997-09-25T18:00:00Z|1997-09-25T21:00:00Z|1997-09-26T00:00:00Z|1997-09-26T03:00:00Z|1997-09-26T06:00:00Z,train,0,False,zero
101570,EP,1997,1997-09-26T09:00:00Z,11.5,-96.1,1997270N11265,1997-09-26T15:00:00Z,1,1.0,1997-09-25T09:00:00Z|1997-09-25T12:00:00Z|1997-09-25T15:00:00Z|1997-09-25T18:00:00Z|1997-09-25T21:00:00Z|1997-09-26T00:00:00Z|1997-09-26T03:00:00Z|1997-09-26T06:00:00Z|1997-09-26T09:00:00Z,train,0,False,zero
101573,SP,1997,1997-10-04T03:00:00Z,-5.9,167.2,1997277S04170,1997-10-09T00:00:00Z,0,0.0,1997-10-03T03:00:00Z|1997-10-03T06:00:00Z|1997-10-03T09:00:00Z|1997-10-03T12:00:00Z|1997-10-03T15:00:00Z|1997-10-03T18:00:00Z|1997-10-03T21:00:00Z|1997-10-04T00:00:00Z|1997-10-04T03:00:00Z,train,0,False,zero
101574,NA,1997,1997-10-04T15:00:00Z,20.8,-63.4,1997278N24296,1997-10-05T18:00:00Z,0,1.0,1997-10-03T15:00:00Z|1997-10-03T18:00:00Z|1997-10-03T21:00:00Z|1997-10-04T00:00:00Z|1997-10-04T03:00:00Z|1997-10-04T06:00:00Z|1997-10-04T09:00:00Z|1997-10-04T12:00:00Z|1997-10-04T15:00:00Z,train,0,False,zero
101594,SP,1997,1997-12-20T09:00:00Z,-5.9,-170.7,1997355S05189,1998-01-03T00:00:00Z,0,0.0,1997-12-19T09:00:00Z|1997-12-19T12:00:00Z|1997-12-19T15:00:00Z|1997-12-19T18:00:00Z|1997-12-19T21:00:00Z|1997-12-20T00:00:00Z|1997-12-20T03:00:00Z|1997-12-20T06:00:00Z|1997-12-20T09:00:00Z,train,0,False,zero
101602,SP,1998,1998-01-24T15:00:00Z,-9.1,-174.1,1998025S12185,1998-01-25T18:00:00Z,0,1.0,1998-01-23T15:00:00Z|1998-01-23T18:00:00Z|1998-01-23T21:00:00Z|1998-01-24T00:00:00Z|1998-01-24T03:00:00Z|1998-01-24T06:00:00Z|1998-01-24T09:00:00Z|1998-01-24T12:00:00Z|1998-01-24T15:00:00Z,train,0,False,zero
101607,SI,1998,1998-02-04T21:00:00Z,-11.3,65.8,1998036S13066,1998-02-08T00:00:00Z,0,0.0,1998-02-03T21:00:00Z|1998-02-04T00:00:00Z|1998-02-04T03:00:00Z|1998-02-04T06:00:00Z|1998-02-04T09:00:00Z|1998-02-04T12:00:00Z|1998-02-04T15:00:00Z|1998-02-04T18:00:00Z|1998-02-04T21:00:00Z,train,0,False,zero
101616,SP,1998,1998-03-19T09:00:00Z,-11.9,146.3,1998079S10145,1998-03-21T00:00:00Z,0,1.0,1998-03-18T09:00:00Z|1998-03-18T12:00:00Z|1998-03-18T15:00:00Z|1998-03-18T18:00:00Z|1998-03-18T21:00:00Z|1998-03-19T00:00:00Z|1998-03-19T03:00:00Z|1998-03-19T06:00:00Z|1998-03-19T09:00:00Z,train,0,False,zero
101617,SP,1998,1998-03-28T03:00:00Z,-14.9,174.1,1998087S15172,1998-03-30T00:00:00Z,0,1.0,1998-03-27T03:00:00Z|1998-03-27T06:00:00Z|1998-03-27T09:00:00Z|1998-03-27T12:00:00Z|1998-03-27T15:00:00Z|1998-03-27T18:00:00Z|1998-03-27T21:00:00Z|1998-03-28T00:00:00Z|1998-03-28T03:00:00Z,train,0,False,zero
101627,EP,1998,1998-06-09T15:00:00Z,6.9,-99.4,1998161N09261,1998-06-13T03:00:00Z,0,0.0,1998-06-08T15:00:00Z|1998-06-08T18:00:00Z|1998-06-08T21:00:00Z|1998-06-09T00:00:00Z|1998-06-09T03:00:00Z|1998-06-09T06:00:00Z|1998-06-09T09:00:00Z|1998-06-09T12:00:00Z|1998-06-09T15:00:00Z,train,0,False,zero
101629,EP,1998,1998-06-21T12:00:00Z,7.1,-95.2,1998173N08266,1998-06-22T12:00:00Z,1,1.0,1998-06-20T12:00:00Z|1998-06-20T15:00:00Z|1998-06-20T18:00:00Z|1998-06-20T21:00:00Z|1998-06-21T00:00:00Z|1998-06-21T03:00:00Z|1998-06-21T06:00:00Z|1998-06-21T09:00:00Z|1998-06-21T12:00:00Z,train,0,False,zero
101629,EP,1998,1998-06-21T15:00:00Z,6.9,-95.8,1998173N08266,1998-06-22T12:00:00Z,1,1.0,1998-06-20T15:00:00Z|1998-06-20T18:00:00Z|1998-06-20T21:00:00Z|1998-06-21T00:00:00Z|1998-06-21T03:00:00Z|1998-06-21T06:00:00Z|1998-06-21T09:00:00Z|1998-06-21T12:00:00Z|1998-06-21T15:00:00Z,train,0,False,zero
101629,EP,1998,1998-06-21T18:00:00Z,6.6,-96.5,1998173N08266,1998-06-22T12:00:00Z,1,1.0,1998-06-20T18:00:00Z|1998-06-20T21:00:00Z|1998-06-21T00:00:00Z|1998-06-21T03:00:00Z|1998-06-21T06:00:00Z|1998-06-21T09:00:00Z|1998-06-21T12:00:00Z|1998-06-21T15:00:00Z|1998-06-21T18:00:00Z,train,0,False,zero
101629,EP,1998,1998-06-21T21:00:00Z,6.4,-97.1,1998173N08266,1998-06-22T12:00:00Z,1,1.0,1998-06-20T21:00:00Z|1998-06-21T00:00:00Z|1998-06-21T03:00:00Z|1998-06-21T06:00:00Z|1998-06-21T09:00:00Z|1998-06-21T12:00:00Z|1998-06-21T15:00:00Z|1998-06-21T18:00:00Z|1998-06-21T21:00:00Z,train,0,False,zero
101632,EP,1998,1998-07-15T21:00:00Z,12.7,-100.1,1998197N13259,1998-07-17T09:00:00Z,0,1.0,1998-07-14T21:00:00Z|1998-07-15T00:00:00Z|1998-07-15T03:00:00Z|1998-07-15T06:00:00Z|1998-07-15T09:00:00Z|1998-07-15T12:00:00Z|1998-07-15T15:00:00Z|1998-07-15T18:00:00Z|1998-07-15T21:00:00Z,train,0,False,zero
101637,EP,1998,1998-07-28T15:00:00Z,13.9,-96.8,1998210N14263,1998-07-30T06:00:00Z,0,1.0,1998-07-27T15:00:00Z|1998-07-27T18:00:00Z|1998-07-27T21:00:00Z|1998-07-28T00:00:00Z|1998-07-28T03:00:00Z|1998-07-28T06:00:00Z|1998-07-28T09:00:00Z|1998-07-28T12:00:00Z|1998-07-28T15:00:00Z,train,0,False,zero
101641,EP,1998,1998-08-09T15:00:00Z,9.2,-106.1,1998222N09257,1998-08-11T18:00:00Z,0,0.0,1998-08-08T15:00:00Z|1998-08-08T18:00:00Z|1998-08-08T21:00:00Z|1998-08-09T00:00:00Z|1998-08-09T03:00:00Z|1998-08-09T06:00:00Z|1998-08-09T09:00:00Z|1998-08-09T12:00:00Z|1998-08-09T15:00:00Z,train,0,False,zero
101646,WP,1998,1998-08-22T06:00:00Z,16.3,126.8,1998235N17131,1998-08-23T06:00:00Z,1,1.0,1998-08-21T06:00:00Z|1998-08-21T09:00:00Z|1998-08-21T12:00:00Z|1998-08-21T15:00:00Z|1998-08-21T18:00:00Z|1998-08-21T21:00:00Z|1998-08-22T00:00:00Z|1998-08-22T03:00:00Z|1998-08-22T06:00:00Z,train,0,False,zero
101646,WP,1998,1998-08-22T09:00:00Z,15.0,127.6,1998235N17131,1998-08-23T06:00:00Z,1,1.0,1998-08-21T09:00:00Z|1998-08-21T12:00:00Z|1998-08-21T15:00:00Z|1998-08-21T18:00:00Z|1998-08-21T21:00:00Z|1998-08-22T00:00:00Z|1998-08-22T03:00:00Z|1998-08-22T06:00:00Z|1998-08-22T09:00:00Z,train,0,False,zero
101650,NA,1998,1998-08-30T18:00:00Z,21.3,-94.5,1998244N22267,1998-08-31T18:00:00Z,1,1.0,1998-08-29T18:00:00Z|1998-08-29T21:00:00Z|1998-08-30T00:00:00Z|1998-08-30T03:00:00Z|1998-08-30T06:00:00Z|1998-08-30T09:00:00Z|1998-08-30T12:00:00Z|1998-08-30T15:00:00Z|1998-08-30T18:00:00Z,train,0,False,zero
101650,NA,1998,1998-08-30T21:00:00Z,21.9,-93.8,1998244N22267,1998-08-31T18:00:00Z,1,1.0,1998-08-29T21:00:00Z|1998-08-30T00:00:00Z|1998-08-30T03:00:00Z|1998-08-30T06:00:00Z|1998-08-30T09:00:00Z|1998-08-30T12:00:00Z|1998-08-30T15:00:00Z|1998-08-30T18:00:00Z|1998-08-30T21:00:00Z,train,0,False,zero
101650,NA,1998,1998-08-31T00:00:00Z,22.5,-93.0,1998244N22267,1998-08-31T18:00:00Z,1,1.0,1998-08-30T00:00:00Z|1998-08-30T03:00:00Z|1998-08-30T06:00:00Z|1998-08-30T09:00:00Z|1998-08-30T12:00:00Z|1998-08-30T15:00:00Z|1998-08-30T18:00:00Z|1998-08-30T21:00:00Z|1998-08-31T00:00:00Z,train,0,False,zero
101650,NA,1998,1998-08-31T03:00:00Z,23.1,-92.3,1998244N22267,1998-08-31T18:00:00Z,1,1.0,1998-08-30T03:00:00Z|1998-08-30T06:00:00Z|1998-08-30T09:00:00Z|1998-08-30T12:00:00Z|1998-08-30T15:00:00Z|1998-08-30T18:00:00Z|1998-08-30T21:00:00Z|1998-08-31T00:00:00Z|1998-08-31T03:00:00Z,train,0,False,zero
101650,NA,1998,1998-08-31T06:00:00Z,23.7,-91.5,1998244N22267,1998-08-31T18:00:00Z,1,1.0,1998-08-30T06:00:00Z|1998-08-30T09:00:00Z|1998-08-30T12:00:00Z|1998-08-30T15:00:00Z|1998-08-30T18:00:00Z|1998-08-30T21:00:00Z|1998-08-31T00:00:00Z|1998-08-31T03:00:00Z|1998-08-31T06:00:00Z,train,0,False,zero
101650,NA,1998,1998-08-31T09:00:00Z,22.9,-93.8,1998244N22267,1998-08-31T18:00:00Z,1,1.0,1998-08-30T09:00:00Z|1998-08-30T12:00:00Z|1998-08-30T15:00:00Z|1998-08-30T18:00:00Z|1998-08-30T21:00:00Z|1998-08-31T00:00:00Z|1998-08-31T03:00:00Z|1998-08-31T06:00:00Z|1998-08-31T09:00:00Z,train,0,False,zero
101658,WP,1998,1998-09-16T15:00:00Z,17.2,108.6,1998260N16110,,0,0.0,1998-09-15T15:00:00Z|1998-09-15T18:00:00Z|1998-09-15T21:00:00Z|1998-09-16T00:00:00Z|1998-09-16T03:00:00Z|1998-09-16T06:00:00Z|1998-09-16T09:00:00Z|1998-09-16T12:00:00Z|1998-09-16T15:00:00Z,train,0,False,zero
101667,EP,1998,1998-09-30T09:00:00Z,18.6,-106.1,1998274N19254,,0,0.0,1998-09-29T09:00:00Z|1998-09-29T12:00:00Z|1998-09-29T15:00:00Z|1998-09-29T18:00:00Z|1998-09-29T21:00:00Z|1998-09-30T00:00:00Z|1998-09-30T03:00:00Z|1998-09-30T06:00:00Z|1998-09-30T09:00:00Z,train,0,False,zero
101676,EP,1998,1998-10-10T21:00:00Z,11.7,-119.5,1998284N13243,1998-10-13T03:00:00Z,0,0.0,1998-10-09T21:00:00Z|1998-10-10T00:00:00Z|1998-10-10T03:00:00Z|1998-10-10T06:00:00Z|1998-10-10T09:00:00Z|1998-10-10T12:00:00Z|1998-10-10T15:00:00Z|1998-10-10T18:00:00Z|1998-10-10T21:00:00Z,train,0,False,zero
101680,NA,1998,1998-10-21T18:00:00Z,9.6,-77.5,1998295N12284,1998-10-22T18:00:00Z,1,1.0,1998-10-20T18:00:00Z|1998-10-20T21:00:00Z|1998-10-21T00:00:00Z|1998-10-21T03:00:00Z|1998-10-21T06:00:00Z|1998-10-21T09:00:00Z|1998-10-21T12:00:00Z|1998-10-21T15:00:00Z|1998-10-21T18:00:00Z,train,0,False,zero
101680,NA,1998,1998-10-21T21:00:00Z,11.6,-77.1,1998295N12284,1998-10-22T18:00:00Z,1,1.0,1998-10-20T21:00:00Z|1998-10-21T00:00:00Z|1998-10-21T03:00:00Z|1998-10-21T06:00:00Z|1998-10-21T09:00:00Z|1998-10-21T12:00:00Z|1998-10-21T15:00:00Z|1998-10-21T18:00:00Z|1998-10-21T21:00:00Z,train,0,False,zero
101693,SP,1998,1998-12-13T09:00:00Z,-17.5,159.3,1998348S17156,1998-12-17T06:00:00Z,0,0.0,1998-12-12T09:00:00Z|1998-12-12T12:00:00Z|1998-12-12T15:00:00Z|1998-12-12T18:00:00Z|1998-12-12T21:00:00Z|1998-12-13T00:00:00Z|1998-12-13T03:00:00Z|1998-12-13T06:00:00Z|1998-12-13T09:00:00Z,train,0,False,zero
101695,WP,1998,1998-12-18T15:00:00Z,10.2,112.9,1998353N13113,,0,0.0,1998-12-17T15:00:00Z|1998-12-17T18:00:00Z|1998-12-17T21:00:00Z|1998-12-18T00:00:00Z|1998-12-18T03:00:00Z|1998-12-18T06:00:00Z|1998-12-18T09:00:00Z|1998-12-18T12:00:00Z|1998-12-18T15:00:00Z,train,0,False,zero
101702,SP,1999,1999-01-19T09:00:00Z,-15.2,155.4,1999020S17158,1999-01-21T15:00:00Z,0,0.0,1999-01-18T09:00:00Z|1999-01-18T12:00:00Z|1999-01-18T15:00:00Z|1999-01-18T18:00:00Z|1999-01-18T21:00:00Z|1999-01-19T00:00:00Z|1999-01-19T03:00:00Z|1999-01-19T06:00:00Z|1999-01-19T09:00:00Z,train,0,False,zero
101713,SP,1999,1999-02-16T12:00:00Z,-21.3,151.0,1999048S21152,1999-02-17T12:00:00Z,1,1.0,1999-02-15T12:00:00Z|1999-02-15T15:00:00Z|1999-02-15T18:00:00Z|1999-02-15T21:00:00Z|1999-02-16T00:00:00Z|1999-02-16T03:00:00Z|1999-02-16T06:00:00Z|1999-02-16T09:00:00Z|1999-02-16T12:00:00Z,train,0,False,zero
101713,SP,1999,1999-02-16T15:00:00Z,-20.9,151.9,1999048S21152,1999-02-17T12:00:00Z,1,1.0,1999-02-15T15:00:00Z|1999-02-15T18:00:00Z|1999-02-15T21:00:00Z|1999-02-16T00:00:00Z|1999-02-16T03:00:00Z|1999-02-16T06:00:00Z|1999-02-16T09:00:00Z|1999-02-16T12:00:00Z|1999-02-16T15:00:00Z,train,0,False,zero
101714,SI,1999,1999-02-24T15:00:00Z,-21.4,37.3,1999056S20035,,0,0.0,1999-02-23T15:00:00Z|1999-02-23T18:00:00Z|1999-02-23T21:00:00Z|1999-02-24T00:00:00Z|1999-02-24T03:00:00Z|1999-02-24T06:00:00Z|1999-02-24T09:00:00Z|1999-02-24T12:00:00Z|1999-02-24T15:00:00Z,train,0,False,zero
101716,SI,1999,1999-03-01T03:00:00Z,-10.9,89.0,1999060S10089,1999-03-02T12:00:00Z,0,1.0,1999-02-28T03:00:00Z|1999-02-28T06:00:00Z|1999-02-28T09:00:00Z|1999-02-28T12:00:00Z|1999-02-28T15:00:00Z|1999-02-28T18:00:00Z|1999-02-28T21:00:00Z|1999-03-01T00:00:00Z|1999-03-01T03:00:00Z,train,0,False,zero
101718,SP,1999,1999-03-11T03:00:00Z,-18.5,-154.5,1999070S19206,1999-03-12T12:00:00Z,0,1.0,1999-03-10T03:00:00Z|1999-03-10T06:00:00Z|1999-03-10T09:00:00Z|1999-03-10T12:00:00Z|1999-03-10T15:00:00Z|1999-03-10T18:00:00Z|1999-03-10T21:00:00Z|1999-03-11T00:00:00Z|1999-03-11T03:00:00Z,train,0,False,zero
101734,EP,1999,1999-07-07T09:00:00Z,11.9,-96.1,1999189N12263,1999-07-09T12:00:00Z,0,0.0,1999-07-06T09:00:00Z|1999-07-06T12:00:00Z|1999-07-06T15:00:00Z|1999-07-06T18:00:00Z|1999-07-06T21:00:00Z|1999-07-07T00:00:00Z|1999-07-07T03:00:00Z|1999-07-07T06:00:00Z|1999-07-07T09:00:00Z,train,0,False,zero
101743,EP,1999,1999-07-26T09:00:00Z,12.0,-125.3,1999208N14234,,0,,1999-07-25T09:00:00Z|1999-07-25T12:00:00Z|1999-07-25T15:00:00Z|1999-07-25T18:00:00Z|1999-07-25T21:00:00Z|1999-07-26T00:00:00Z|1999-07-26T03:00:00Z|1999-07-26T06:00:00Z|1999-07-26T09:00:00Z,train,0,False,zero
101746,EP,1999,1999-08-05T09:00:00Z,13.9,-119.9,1999218N12241,1999-08-06T18:00:00Z,0,1.0,1999-08-04T09:00:00Z|1999-08-04T12:00:00Z|1999-08-04T15:00:00Z|1999-08-04T18:00:00Z|1999-08-04T21:00:00Z|1999-08-05T00:00:00Z|1999-08-05T03:00:00Z|1999-08-05T06:00:00Z|1999-08-05T09:00:00Z,train,0,False,zero
101757,EP,1999,1999-08-21T15:00:00Z,18.2,-106.1,1999234N16251,,0,0.0,1999-08-20T15:00:00Z|1999-08-20T18:00:00Z|1999-08-20T21:00:00Z|1999-08-21T00:00:00Z|1999-08-21T03:00:00Z|1999-08-21T06:00:00Z|1999-08-21T09:00:00Z|1999-08-21T12:00:00Z|1999-08-21T15:00:00Z,train,0,False,zero
101760,NA,1999,1999-08-23T12:00:00Z,21.2,-67.1,1999236N22292,1999-08-24T12:00:00Z,1,1.0,1999-08-22T12:00:00Z|1999-08-22T15:00:00Z|1999-08-22T18:00:00Z|1999-08-22T21:00:00Z|1999-08-23T00:00:00Z|1999-08-23T03:00:00Z|1999-08-23T06:00:00Z|1999-08-23T09:00:00Z|1999-08-23T12:00:00Z,train,0,False,zero
101760,NA,1999,1999-08-23T15:00:00Z,20.9,-66.9,1999236N22292,1999-08-24T12:00:00Z,1,1.0,1999-08-22T15:00:00Z|1999-08-22T18:00:00Z|1999-08-22T21:00:00Z|1999-08-23T00:00:00Z|1999-08-23T03:00:00Z|1999-08-23T06:00:00Z|1999-08-23T09:00:00Z|1999-08-23T12:00:00Z|1999-08-23T15:00:00Z,train,0,False,zero
101760,NA,1999,1999-08-23T18:00:00Z,20.7,-66.6,1999236N22292,1999-08-24T12:00:00Z,1,1.0,1999-08-22T18:00:00Z|1999-08-22T21:00:00Z|1999-08-23T00:00:00Z|1999-08-23T03:00:00Z|1999-08-23T06:00:00Z|1999-08-23T09:00:00Z|1999-08-23T12:00:00Z|1999-08-23T15:00:00Z|1999-08-23T18:00:00Z,train,0,False,zero
101760,NA,1999,1999-08-23T21:00:00Z,22.9,-65.5,1999236N22292,1999-08-24T12:00:00Z,1,1.0,1999-08-22T21:00:00Z|1999-08-23T00:00:00Z|1999-08-23T03:00:00Z|1999-08-23T06:00:00Z|1999-08-23T09:00:00Z|1999-08-23T12:00:00Z|1999-08-23T15:00:00Z|1999-08-23T18:00:00Z|1999-08-23T21:00:00Z,train,0,False,zero
101764,NA,1999,1999-09-07T06:00:00Z,15.3,-42.6,1999251N15314,1999-09-08T06:00:00Z,1,1.0,1999-09-06T06:00:00Z|1999-09-06T09:00:00Z|1999-09-06T12:00:00Z|1999-09-06T15:00:00Z|1999-09-06T18:00:00Z|1999-09-06T21:00:00Z|1999-09-07T00:00:00Z|1999-09-07T03:00:00Z|1999-09-07T06:00:00Z,train,0,False,zero
101764,NA,1999,1999-09-07T09:00:00Z,15.7,-43.3,1999251N15314,1999-09-08T06:00:00Z,1,1.0,1999-09-06T09:00:00Z|1999-09-06T12:00:00Z|1999-09-06T15:00:00Z|1999-09-06T18:00:00Z|1999-09-06T21:00:00Z|1999-09-07T00:00:00Z|1999-09-07T03:00:00Z|1999-09-07T06:00:00Z|1999-09-07T09:00:00Z,train,0,False,zero
101764,NA,1999,1999-09-07T12:00:00Z,16.0,-44.6,1999251N15314,1999-09-08T06:00:00Z,1,1.0,1999-09-06T12:00:00Z|1999-09-06T15:00:00Z|1999-09-06T18:00:00Z|1999-09-06T21:00:00Z|1999-09-07T00:00:00Z|1999-09-07T03:00:00Z|1999-09-07T06:00:00Z|1999-09-07T09:00:00Z|1999-09-07T12:00:00Z,train,0,False,zero
101764,NA,1999,1999-09-07T15:00:00Z,16.0,-44.7,1999251N15314,1999-09-08T06:00:00Z,1,1.0,1999-09-06T15:00:00Z|1999-09-06T18:00:00Z|1999-09-06T21:00:00Z|1999-09-07T00:00:00Z|1999-09-07T03:00:00Z|1999-09-07T06:00:00Z|1999-09-07T09:00:00Z|1999-09-07T12:00:00Z|1999-09-07T15:00:00Z,train,0,False,zero
101766,WP,1999,1999-09-10T21:00:00Z,15.0,143.3,1999254N18142,1999-09-13T18:00:00Z,0,0.0,1999-09-09T21:00:00Z|1999-09-10T00:00:00Z|1999-09-10T03:00:00Z|1999-09-10T06:00:00Z|1999-09-10T09:00:00Z|1999-09-10T12:00:00Z|1999-09-10T15:00:00Z|1999-09-10T18:00:00Z|1999-09-10T21:00:00Z,train,0,False,zero
101769,EP,1999,1999-09-16T09:00:00Z,13.1,-105.4,1999260N15255,1999-09-18T12:00:00Z,0,0.0,1999-09-15T09:00:00Z|1999-09-15T12:00:00Z|1999-09-15T15:00:00Z|1999-09-15T18:00:00Z|1999-09-15T21:00:00Z|1999-09-16T00:00:00Z|1999-09-16T03:00:00Z|1999-09-16T06:00:00Z|1999-09-16T09:00:00Z,train,0,False,zero
101784,WP,1999,1999-11-05T15:00:00Z,11.3,139.4,1999310N09138,1999-11-08T06:00:00Z,0,0.0,1999-11-04T15:00:00Z|1999-11-04T18:00:00Z|1999-11-04T21:00:00Z|1999-11-05T00:00:00Z|1999-11-05T03:00:00Z|1999-11-05T06:00:00Z|1999-11-05T09:00:00Z|1999-11-05T12:00:00Z|1999-11-05T15:00:00Z,train,0,False,zero
101788,WP,1999,1999-12-07T09:00:00Z,8.9,115.2,1999342N08116,,0,0.0,1999-12-06T09:00:00Z|1999-12-06T12:00:00Z|1999-12-06T15:00:00Z|1999-12-06T18:00:00Z|1999-12-06T21:00:00Z|1999-12-07T00:00:00Z|1999-12-07T03:00:00Z|1999-12-07T06:00:00Z|1999-12-07T09:00:00Z,train,0,False,zero
101794,SP,2000,2000-01-05T21:00:00Z,-14.9,164.5,2000006S15164,2000-01-07T21:00:00Z,0,1.0,2000-01-04T21:00:00Z|2000-01-05T00:00:00Z|2000-01-05T03:00:00Z|2000-01-05T06:00:00Z|2000-01-05T09:00:00Z|2000-01-05T12:00:00Z|2000-01-05T15:00:00Z|2000-01-05T18:00:00Z|2000-01-05T21:00:00Z,train,0,False,zero
101796,SP,2000,2000-01-22T21:00:00Z,-12.2,172.9,2000023S15172,2000-01-23T21:00:00Z,1,1.0,2000-01-21T21:00:00Z|2000-01-22T00:00:00Z|2000-01-22T03:00:00Z|2000-01-22T06:00:00Z|2000-01-22T09:00:00Z|2000-01-22T12:00:00Z|2000-01-22T15:00:00Z|2000-01-22T18:00:00Z|2000-01-22T21:00:00Z,train,0,False,zero
101799,SI,2000,2000-01-30T15:00:00Z,-10.2,71.9,2000031S11074,2000-02-01T15:00:00Z,0,1.0,2000-01-29T15:00:00Z|2000-01-29T18:00:00Z|2000-01-29T21:00:00Z|2000-01-30T00:00:00Z|2000-01-30T03:00:00Z|2000-01-30T06:00:00Z|2000-01-30T09:00:00Z|2000-01-30T12:00:00Z|2000-01-30T15:00:00Z,train,0,False,zero
101802,SP,2000,2000-02-23T09:00:00Z,-23.3,-129.9,2000055S23227,2000-02-24T12:00:00Z,0,1.0,2000-02-22T09:00:00Z|2000-02-22T12:00:00Z|2000-02-22T15:00:00Z|2000-02-22T18:00:00Z|2000-02-22T21:00:00Z|2000-02-23T00:00:00Z|2000-02-23T03:00:00Z|2000-02-23T06:00:00Z|2000-02-23T09:00:00Z,train,0,False,zero
101805,SI,2000,2000-02-29T03:00:00Z,-13.4,86.1,2000060S12086,2000-03-02T06:00:00Z,0,0.0,2000-02-28T03:00:00Z|2000-02-28T06:00:00Z|2000-02-28T09:00:00Z|2000-02-28T12:00:00Z|2000-02-28T15:00:00Z|2000-02-28T18:00:00Z|2000-02-28T21:00:00Z|2000-02-29T00:00:00Z|2000-02-29T03:00:00Z,train,0,False,zero
101810,SI,2000,2000-03-22T15:00:00Z,-14.9,101.6,2000083S17102,2000-03-24T18:00:00Z,0,0.0,2000-03-21T15:00:00Z|2000-03-21T18:00:00Z|2000-03-21T21:00:00Z|2000-03-22T00:00:00Z|2000-03-22T03:00:00Z|2000-03-22T06:00:00Z|2000-03-22T09:00:00Z|2000-03-22T12:00:00Z|2000-03-22T15:00:00Z,train,0,False,zero
101812,SP,2000,2000-03-30T21:00:00Z,-14.1,156.3,2000091S14156,2000-04-01T00:00:00Z,0,1.0,2000-03-29T21:00:00Z|2000-03-30T00:00:00Z|2000-03-30T03:00:00Z|2000-03-30T06:00:00Z|2000-03-30T09:00:00Z|2000-03-30T12:00:00Z|2000-03-30T15:00:00Z|2000-03-30T18:00:00Z|2000-03-30T21:00:00Z,train,0,False,zero
101820,EP,2000,2000-05-20T21:00:00Z,13.7,-98.0,2000142N12262,2000-05-23T06:00:00Z,0,0.0,2000-05-19T21:00:00Z|2000-05-20T00:00:00Z|2000-05-20T03:00:00Z|2000-05-20T06:00:00Z|2000-05-20T09:00:00Z|2000-05-20T12:00:00Z|2000-05-20T15:00:00Z|2000-05-20T18:00:00Z|2000-05-20T21:00:00Z,train,0,False,zero
101823,EP,2000,2000-06-11T21:00:00Z,10.4,-103.4,2000164N12256,2000-06-13T12:00:00Z,0,1.0,2000-06-10T21:00:00Z|2000-06-11T00:00:00Z|2000-06-11T03:00:00Z|2000-06-11T06:00:00Z|2000-06-11T09:00:00Z|2000-06-11T12:00:00Z|2000-06-11T15:00:00Z|2000-06-11T18:00:00Z|2000-06-11T21:00:00Z,train,0,False,zero
101825,NA,2000,2000-06-22T21:00:00Z,8.2,-19.0,2000175N09340,,0,0.0,2000-06-21T21:00:00Z|2000-06-22T00:00:00Z|2000-06-22T03:00:00Z|2000-06-22T06:00:00Z|2000-06-22T09:00:00Z|2000-06-22T12:00:00Z|2000-06-22T15:00:00Z|2000-06-22T18:00:00Z|2000-06-22T21:00:00Z,train,0,False,zero
101831,WP,2000,2000-07-16T21:00:00Z,21.5,144.6,2000199N20145,2000-07-18T18:00:00Z,0,1.0,2000-07-15T21:00:00Z|2000-07-16T00:00:00Z|2000-07-16T03:00:00Z|2000-07-16T06:00:00Z|2000-07-16T09:00:00Z|2000-07-16T12:00:00Z|2000-07-16T15:00:00Z|2000-07-16T18:00:00Z|2000-07-16T21:00:00Z,train,0,False,zero
101838,WP,2000,2000-07-31T06:00:00Z,22.0,157.5,2000214N22155,2000-08-01T03:00:00Z,1,1.0,2000-07-30T06:00:00Z|2000-07-30T09:00:00Z|2000-07-30T12:00:00Z|2000-07-30T15:00:00Z|2000-07-30T18:00:00Z|2000-07-30T21:00:00Z|2000-07-31T00:00:00Z|2000-07-31T03:00:00Z|2000-07-31T06:00:00Z,train,0,False,zero
101838,WP,2000,2000-07-31T09:00:00Z,22.0,156.9,2000214N22155,2000-08-01T03:00:00Z,1,1.0,2000-07-30T09:00:00Z|2000-07-30T12:00:00Z|2000-07-30T15:00:00Z|2000-07-30T18:00:00Z|2000-07-30T21:00:00Z|2000-07-31T00:00:00Z|2000-07-31T03:00:00Z|2000-07-31T06:00:00Z|2000-07-31T09:00:00Z,train,0,False,zero
101841,NA,2000,2000-08-03T15:00:00Z,10.2,-19.5,2000217N11342,2000-08-04T06:00:00Z,1,1.0,2000-08-02T15:00:00Z|2000-08-02T18:00:00Z|2000-08-02T21:00:00Z|2000-08-03T00:00:00Z|2000-08-03T03:00:00Z|2000-08-03T06:00:00Z|2000-08-03T09:00:00Z|2000-08-03T12:00:00Z|2000-08-03T15:00:00Z,train,0,False,zero
101850,WP,2000,2000-08-17T03:00:00Z,7.3,143.0,2000230N08139,2000-08-18T18:00:00Z,0,1.0,2000-08-16T03:00:00Z|2000-08-16T06:00:00Z|2000-08-16T09:00:00Z|2000-08-16T12:00:00Z|2000-08-16T15:00:00Z|2000-08-16T18:00:00Z|2000-08-16T21:00:00Z|2000-08-17T00:00:00Z|2000-08-17T03:00:00Z,train,0,False,zero
101853,WP,2000,2000-08-18T09:00:00Z,8.9,113.6,2000232N12116,2000-08-21T12:00:00Z,0,0.0,2000-08-17T09:00:00Z|2000-08-17T12:00:00Z|2000-08-17T15:00:00Z|2000-08-17T18:00:00Z|2000-08-17T21:00:00Z|2000-08-18T00:00:00Z|2000-08-18T03:00:00Z|2000-08-18T06:00:00Z|2000-08-18T09:00:00Z,train,0,False,zero
101854,NA,2000,2000-08-19T06:00:00Z,11.2,-42.9,2000233N12316,2000-08-20T06:00:00Z,1,1.0,2000-08-18T06:00:00Z|2000-08-18T09:00:00Z|2000-08-18T12:00:00Z|2000-08-18T15:00:00Z|2000-08-18T18:00:00Z|2000-08-18T21:00:00Z|2000-08-19T00:00:00Z|2000-08-19T03:00:00Z|2000-08-19T06:00:00Z,train,0,False,zero
101854,NA,2000,2000-08-19T09:00:00Z,14.7,-41.3,2000233N12316,2000-08-20T06:00:00Z,1,1.0,2000-08-18T09:00:00Z|2000-08-18T12:00:00Z|2000-08-18T15:00:00Z|2000-08-18T18:00:00Z|2000-08-18T21:00:00Z|2000-08-19T00:00:00Z|2000-08-19T03:00:00Z|2000-08-19T06:00:00Z|2000-08-19T09:00:00Z,train,0,False,zero
101854,NA,2000,2000-08-19T12:00:00Z,12.0,-43.1,2000233N12316,2000-08-20T06:00:00Z,1,1.0,2000-08-18T12:00:00Z|2000-08-18T15:00:00Z|2000-08-18T18:00:00Z|2000-08-18T21:00:00Z|2000-08-19T00:00:00Z|2000-08-19T03:00:00Z|2000-08-19T06:00:00Z|2000-08-19T09:00:00Z|2000-08-19T12:00:00Z,train,0,False,zero
101854,NA,2000,2000-08-19T15:00:00Z,11.9,-42.8,2000233N12316,2000-08-20T06:00:00Z,1,1.0,2000-08-18T15:00:00Z|2000-08-18T18:00:00Z|2000-08-18T21:00:00Z|2000-08-19T00:00:00Z|2000-08-19T03:00:00Z|2000-08-19T06:00:00Z|2000-08-19T09:00:00Z|2000-08-19T12:00:00Z|2000-08-19T15:00:00Z,train,0,False,zero
101866,WP,2000,2000-09-13T18:00:00Z,20.5,136.1,2000258N22138,2000-09-14T18:00:00Z,1,1.0,2000-09-12T18:00:00Z|2000-09-12T21:00:00Z|2000-09-13T00:00:00Z|2000-09-13T03:00:00Z|2000-09-13T06:00:00Z|2000-09-13T09:00:00Z|2000-09-13T12:00:00Z|2000-09-13T15:00:00Z|2000-09-13T18:00:00Z,train,0,False,zero
101866,WP,2000,2000-09-13T21:00:00Z,20.4,136.6,2000258N22138,2000-09-14T18:00:00Z,1,1.0,2000-09-12T21:00:00Z|2000-09-13T00:00:00Z|2000-09-13T03:00:00Z|2000-09-13T06:00:00Z|2000-09-13T09:00:00Z|2000-09-13T12:00:00Z|2000-09-13T15:00:00Z|2000-09-13T18:00:00Z|2000-09-13T21:00:00Z,train,0,False,zero
101871,EP,2000,2000-09-19T09:00:00Z,16.3,-104.1,2000264N17257,2000-09-20T09:00:00Z,1,1.0,2000-09-18T09:00:00Z|2000-09-18T12:00:00Z|2000-09-18T15:00:00Z|2000-09-18T18:00:00Z|2000-09-18T21:00:00Z|2000-09-19T00:00:00Z|2000-09-19T03:00:00Z|2000-09-19T06:00:00Z|2000-09-19T09:00:00Z,train,0,False,zero
101871,EP,2000,2000-09-19T12:00:00Z,16.3,-104.1,2000264N17257,2000-09-20T09:00:00Z,1,1.0,2000-09-18T12:00:00Z|2000-09-18T15:00:00Z|2000-09-18T18:00:00Z|2000-09-18T21:00:00Z|2000-09-19T00:00:00Z|2000-09-19T03:00:00Z|2000-09-19T06:00:00Z|2000-09-19T09:00:00Z|2000-09-19T12:00:00Z,train,0,False,zero
101871,EP,2000,2000-09-19T15:00:00Z,16.3,-104.5,2000264N17257,2000-09-20T09:00:00Z,1,1.0,2000-09-18T15:00:00Z|2000-09-18T18:00:00Z|2000-09-18T21:00:00Z|2000-09-19T00:00:00Z|2000-09-19T03:00:00Z|2000-09-19T06:00:00Z|2000-09-19T09:00:00Z|2000-09-19T12:00:00Z|2000-09-19T15:00:00Z,train,0,False,zero
101871,EP,2000,2000-09-19T18:00:00Z,16.6,-104.3,2000264N17257,2000-09-20T09:00:00Z,1,1.0,2000-09-18T18:00:00Z|2000-09-18T21:00:00Z|2000-09-19T00:00:00Z|2000-09-19T03:00:00Z|2000-09-19T06:00:00Z|2000-09-19T09:00:00Z|2000-09-19T12:00:00Z|2000-09-19T15:00:00Z|2000-09-19T18:00:00Z,train,0,False,zero
101871,EP,2000,2000-09-19T21:00:00Z,17.8,-106.9,2000264N17257,2000-09-20T09:00:00Z,1,1.0,2000-09-18T21:00:00Z|2000-09-19T00:00:00Z|2000-09-19T03:00:00Z|2000-09-19T06:00:00Z|2000-09-19T09:00:00Z|2000-09-19T12:00:00Z|2000-09-19T15:00:00Z|2000-09-19T18:00:00Z|2000-09-19T21:00:00Z,train,0,False,zero
101872,NA,2000,2000-09-21T00:00:00Z,10.7,-21.5,2000266N12337,2000-09-22T00:00:00Z,1,1.0,2000-09-20T00:00:00Z|2000-09-20T03:00:00Z|2000-09-20T06:00:00Z|2000-09-20T09:00:00Z|2000-09-20T12:00:00Z|2000-09-20T15:00:00Z|2000-09-20T18:00:00Z|2000-09-20T21:00:00Z|2000-09-21T00:00:00Z,train,0,False,zero
101872,NA,2000,2000-09-21T03:00:00Z,10.3,-21.4,2000266N12337,2000-09-22T00:00:00Z,1,1.0,2000-09-20T03:00:00Z|2000-09-20T06:00:00Z|2000-09-20T09:00:00Z|2000-09-20T12:00:00Z|2000-09-20T15:00:00Z|2000-09-20T18:00:00Z|2000-09-20T21:00:00Z|2000-09-21T00:00:00Z|2000-09-21T03:00:00Z,train,0,False,zero
101872,NA,2000,2000-09-21T06:00:00Z,11.4,-22.1,2000266N12337,2000-09-22T00:00:00Z,1,1.0,2000-09-20T06:00:00Z|2000-09-20T09:00:00Z|2000-09-20T12:00:00Z|2000-09-20T15:00:00Z|2000-09-20T18:00:00Z|2000-09-20T21:00:00Z|2000-09-21T00:00:00Z|2000-09-21T03:00:00Z|2000-09-21T06:00:00Z,train,0,False,zero
101872,NA,2000,2000-09-21T09:00:00Z,11.6,-23.4,2000266N12337,2000-09-22T00:00:00Z,1,1.0,2000-09-20T09:00:00Z|2000-09-20T12:00:00Z|2000-09-20T15:00:00Z|2000-09-20T18:00:00Z|2000-09-20T21:00:00Z|2000-09-21T00:00:00Z|2000-09-21T03:00:00Z|2000-09-21T06:00:00Z|2000-09-21T09:00:00Z,train,0,False,zero
101873,NA,2000,2000-09-25T00:00:00Z,11.3,-26.5,2000270N11330,2000-09-26T00:00:00Z,1,1.0,2000-09-24T00:00:00Z|2000-09-24T03:00:00Z|2000-09-24T06:00:00Z|2000-09-24T09:00:00Z|2000-09-24T12:00:00Z|2000-09-24T15:00:00Z|2000-09-24T18:00:00Z|2000-09-24T21:00:00Z|2000-09-25T00:00:00Z,train,0,False,zero
101873,NA,2000,2000-09-25T03:00:00Z,11.3,-27.3,2000270N11330,2000-09-26T00:00:00Z,1,1.0,2000-09-24T03:00:00Z|2000-09-24T06:00:00Z|2000-09-24T09:00:00Z|2000-09-24T12:00:00Z|2000-09-24T15:00:00Z|2000-09-24T18:00:00Z|2000-09-24T21:00:00Z|2000-09-25T00:00:00Z|2000-09-25T03:00:00Z,train,0,False,zero
101873,NA,2000,2000-09-25T06:00:00Z,11.6,-28.1,2000270N11330,2000-09-26T00:00:00Z,1,1.0,2000-09-24T06:00:00Z|2000-09-24T09:00:00Z|2000-09-24T12:00:00Z|2000-09-24T15:00:00Z|2000-09-24T18:00:00Z|2000-09-24T21:00:00Z|2000-09-25T00:00:00Z|2000-09-25T03:00:00Z|2000-09-25T06:00:00Z,train,0,False,zero
101873,NA,2000,2000-09-25T09:00:00Z,12.0,-28.7,2000270N11330,2000-09-26T00:00:00Z,1,1.0,2000-09-24T09:00:00Z|2000-09-24T12:00:00Z|2000-09-24T15:00:00Z|2000-09-24T18:00:00Z|2000-09-24T21:00:00Z|2000-09-25T00:00:00Z|2000-09-25T03:00:00Z|2000-09-25T06:00:00Z|2000-09-25T09:00:00Z,train,0,False,zero
101876,EP,2000,2000-10-02T00:00:00Z,15.1,-103.3,2000277N15257,2000-10-03T00:00:00Z,1,1.0,2000-10-01T00:00:00Z|2000-10-01T03:00:00Z|2000-10-01T06:00:00Z|2000-10-01T09:00:00Z|2000-10-01T12:00:00Z|2000-10-01T15:00:00Z|2000-10-01T18:00:00Z|2000-10-01T21:00:00Z|2000-10-02T00:00:00Z,train,0,False,zero
101876,EP,2000,2000-10-02T03:00:00Z,15.1,-103.4,2000277N15257,2000-10-03T00:00:00Z,1,1.0,2000-10-01T03:00:00Z|2000-10-01T06:00:00Z|2000-10-01T09:00:00Z|2000-10-01T12:00:00Z|2000-10-01T15:00:00Z|2000-10-01T18:00:00Z|2000-10-01T21:00:00Z|2000-10-02T00:00:00Z|2000-10-02T03:00:00Z,train,0,False,zero
101876,EP,2000,2000-10-02T06:00:00Z,15.1,-103.6,2000277N15257,2000-10-03T00:00:00Z,1,1.0,2000-10-01T06:00:00Z|2000-10-01T09:00:00Z|2000-10-01T12:00:00Z|2000-10-01T15:00:00Z|2000-10-01T18:00:00Z|2000-10-01T21:00:00Z|2000-10-02T00:00:00Z|2000-10-02T03:00:00Z|2000-10-02T06:00:00Z,train,0,False,zero
101876,EP,2000,2000-10-02T09:00:00Z,15.0,-104.1,2000277N15257,2000-10-03T00:00:00Z,1,1.0,2000-10-01T09:00:00Z|2000-10-01T12:00:00Z|2000-10-01T15:00:00Z|2000-10-01T18:00:00Z|2000-10-01T21:00:00Z|2000-10-02T00:00:00Z|2000-10-02T03:00:00Z|2000-10-02T06:00:00Z|2000-10-02T09:00:00Z,train,0,False,zero
101877,NA,2000,2000-10-04T09:00:00Z,26.4,-78.7,2000279N29279,2000-10-05T12:00:00Z,0,1.0,2000-10-03T09:00:00Z|2000-10-03T12:00:00Z|2000-10-03T15:00:00Z|2000-10-03T18:00:00Z|2000-10-03T21:00:00Z|2000-10-04T00:00:00Z|2000-10-04T03:00:00Z|2000-10-04T06:00:00Z|2000-10-04T09:00:00Z,train,0,False,zero
101881,NA,2000,2000-10-19T09:00:00Z,25.7,-59.6,2000294N26300,2000-10-20T12:00:00Z,0,1.0,2000-10-18T09:00:00Z|2000-10-18T12:00:00Z|2000-10-18T15:00:00Z|2000-10-18T18:00:00Z|2000-10-18T21:00:00Z|2000-10-19T00:00:00Z|2000-10-19T03:00:00Z|2000-10-19T06:00:00Z|2000-10-19T09:00:00Z,train,0,False,zero
101882,WP,2000,2000-10-20T21:00:00Z,20.7,147.2,2000295N20146,2000-10-22T00:00:00Z,0,1.0,2000-10-19T21:00:00Z|2000-10-20T00:00:00Z|2000-10-20T03:00:00Z|2000-10-20T06:00:00Z|2000-10-20T09:00:00Z|2000-10-20T12:00:00Z|2000-10-20T15:00:00Z|2000-10-20T18:00:00Z|2000-10-20T21:00:00Z,train,0,False,zero
101884,EP,2000,2000-10-25T03:00:00Z,8.9,-106.8,2000299N10252,2000-10-26T12:00:00Z,0,1.0,2000-10-24T03:00:00Z|2000-10-24T06:00:00Z|2000-10-24T09:00:00Z|2000-10-24T12:00:00Z|2000-10-24T15:00:00Z|2000-10-24T18:00:00Z|2000-10-24T21:00:00Z|2000-10-25T00:00:00Z|2000-10-25T03:00:00Z,train,0,False,zero
101895,WP,2000,2000-12-28T15:00:00Z,8.6,128.0,2000364N07130,2000-12-30T00:00:00Z,0,1.0,2000-12-27T15:00:00Z|2000-12-27T18:00:00Z|2000-12-27T21:00:00Z|2000-12-28T00:00:00Z|2000-12-28T03:00:00Z|2000-12-28T06:00:00Z|2000-12-28T09:00:00Z|2000-12-28T12:00:00Z|2000-12-28T15:00:00Z,train,0,False,zero
101898,SI,2001,2001-01-17T09:00:00Z,-13.7,84.9,2001018S12086,2001-01-19T12:00:00Z,0,0.0,2001-01-16T09:00:00Z|2001-01-16T12:00:00Z|2001-01-16T15:00:00Z|2001-01-16T18:00:00Z|2001-01-16T21:00:00Z|2001-01-17T00:00:00Z|2001-01-17T03:00:00Z|2001-01-17T06:00:00Z|2001-01-17T09:00:00Z,train,0,False,zero
101903,SP,2001,2001-02-15T21:00:00Z,-14.8,160.4,2001047S17157,2001-02-17T12:00:00Z,0,1.0,2001-02-14T21:00:00Z|2001-02-15T00:00:00Z|2001-02-15T03:00:00Z|2001-02-15T06:00:00Z|2001-02-15T09:00:00Z|2001-02-15T12:00:00Z|2001-02-15T15:00:00Z|2001-02-15T18:00:00Z|2001-02-15T21:00:00Z,train,0,False,zero
101907,SP,2001,2001-02-28T15:00:00Z,-18.7,-135.6,2001060S19223,2001-03-02T00:00:00Z,0,1.0,2001-02-27T15:00:00Z|2001-02-27T18:00:00Z|2001-02-27T21:00:00Z|2001-02-28T00:00:00Z|2001-02-28T03:00:00Z|2001-02-28T06:00:00Z|2001-02-28T09:00:00Z|2001-02-28T12:00:00Z|2001-02-28T15:00:00Z,train,0,False,zero
101922,WP,2001,2001-06-28T21:00:00Z,12.2,116.1,2001180N15118,2001-06-30T00:00:00Z,0,1.0,2001-06-27T21:00:00Z|2001-06-28T00:00:00Z|2001-06-28T03:00:00Z|2001-06-28T06:00:00Z|2001-06-28T09:00:00Z|2001-06-28T12:00:00Z|2001-06-28T15:00:00Z|2001-06-28T18:00:00Z|2001-06-28T21:00:00Z,train,0,False,zero
101926,NA,2001,2001-07-11T15:00:00Z,10.9,-40.6,2001193N11318,,0,,2001-07-10T15:00:00Z|2001-07-10T18:00:00Z|2001-07-10T21:00:00Z|2001-07-11T00:00:00Z|2001-07-11T03:00:00Z|2001-07-11T06:00:00Z|2001-07-11T09:00:00Z|2001-07-11T12:00:00Z|2001-07-11T15:00:00Z,train,0,False,zero
101927,EP,2001,2001-07-13T00:00:00Z,16.8,-109.5,2001194N15252,2001-07-13T12:00:00Z,1,1.0,2001-07-12T00:00:00Z|2001-07-12T03:00:00Z|2001-07-12T06:00:00Z|2001-07-12T09:00:00Z|2001-07-12T12:00:00Z|2001-07-12T15:00:00Z|2001-07-12T18:00:00Z|2001-07-12T21:00:00Z|2001-07-13T00:00:00Z,train,0,False,zero
101927,EP,2001,2001-07-13T03:00:00Z,15.5,-108.9,2001194N15252,2001-07-13T12:00:00Z,1,1.0,2001-07-12T03:00:00Z|2001-07-12T06:00:00Z|2001-07-12T09:00:00Z|2001-07-12T12:00:00Z|2001-07-12T15:00:00Z|2001-07-12T18:00:00Z|2001-07-12T21:00:00Z|2001-07-13T00:00:00Z|2001-07-13T03:00:00Z,train,0,False,zero
101930,WP,2001,2001-07-20T18:00:00Z,23.2,148.9,2001202N23152,2001-07-21T18:00:00Z,1,1.0,2001-07-19T18:00:00Z|2001-07-19T21:00:00Z|2001-07-20T00:00:00Z|2001-07-20T03:00:00Z|2001-07-20T06:00:00Z|2001-07-20T09:00:00Z|2001-07-20T12:00:00Z|2001-07-20T15:00:00Z|2001-07-20T18:00:00Z,train,0,False,zero
101930,WP,2001,2001-07-20T21:00:00Z,21.6,151.7,2001202N23152,2001-07-21T18:00:00Z,1,1.0,2001-07-19T21:00:00Z|2001-07-20T00:00:00Z|2001-07-20T03:00:00Z|2001-07-20T06:00:00Z|2001-07-20T09:00:00Z|2001-07-20T12:00:00Z|2001-07-20T15:00:00Z|2001-07-20T18:00:00Z|2001-07-20T21:00:00Z,train,0,False,zero
101933,WP,2001,2001-07-31T03:00:00Z,10.5,154.1,2001212N10158,2001-08-02T00:00:00Z,0,1.0,2001-07-30T03:00:00Z|2001-07-30T06:00:00Z|2001-07-30T09:00:00Z|2001-07-30T12:00:00Z|2001-07-30T15:00:00Z|2001-07-30T18:00:00Z|2001-07-30T21:00:00Z|2001-07-31T00:00:00Z|2001-07-31T03:00:00Z,train,0,False,zero
101934,NA,2001,2001-08-01T21:00:00Z,23.5,-79.5,2001215N26275,2001-08-02T15:00:00Z,1,1.0,2001-07-31T21:00:00Z|2001-08-01T00:00:00Z|2001-08-01T03:00:00Z|2001-08-01T06:00:00Z|2001-08-01T09:00:00Z|2001-08-01T12:00:00Z|2001-08-01T15:00:00Z|2001-08-01T18:00:00Z|2001-08-01T21:00:00Z,train,0,False,zero
101934,NA,2001,2001-08-02T00:00:00Z,24.9,-79.3,2001215N26275,2001-08-02T15:00:00Z,1,1.0,2001-08-01T00:00:00Z|2001-08-01T03:00:00Z|2001-08-01T06:00:00Z|2001-08-01T09:00:00Z|2001-08-01T12:00:00Z|2001-08-01T15:00:00Z|2001-08-01T18:00:00Z|2001-08-01T21:00:00Z|2001-08-02T00:00:00Z,train,0,False,zero
101934,NA,2001,2001-08-02T03:00:00Z,25.3,-81.2,2001215N26275,2001-08-02T15:00:00Z,1,1.0,2001-08-01T03:00:00Z|2001-08-01T06:00:00Z|2001-08-01T09:00:00Z|2001-08-01T12:00:00Z|2001-08-01T15:00:00Z|2001-08-01T18:00:00Z|2001-08-01T21:00:00Z|2001-08-02T00:00:00Z|2001-08-02T03:00:00Z,train,0,False,zero
101934,NA,2001,2001-08-02T06:00:00Z,25.6,-83.1,2001215N26275,2001-08-02T15:00:00Z,1,1.0,2001-08-01T06:00:00Z|2001-08-01T09:00:00Z|2001-08-01T12:00:00Z|2001-08-01T15:00:00Z|2001-08-01T18:00:00Z|2001-08-01T21:00:00Z|2001-08-02T00:00:00Z|2001-08-02T03:00:00Z|2001-08-02T06:00:00Z,train,0,False,zero
101934,NA,2001,2001-08-02T09:00:00Z,26.3,-82.9,2001215N26275,2001-08-02T15:00:00Z,1,1.0,2001-08-01T09:00:00Z|2001-08-01T12:00:00Z|2001-08-01T15:00:00Z|2001-08-01T18:00:00Z|2001-08-01T21:00:00Z|2001-08-02T00:00:00Z|2001-08-02T03:00:00Z|2001-08-02T06:00:00Z|2001-08-02T09:00:00Z,train,0,False,zero
101935,WP,2001,2001-08-08T03:00:00Z,15.5,113.9,2001220N17118,2001-08-10T06:00:00Z,0,0.0,2001-08-07T03:00:00Z|2001-08-07T06:00:00Z|2001-08-07T09:00:00Z|2001-08-07T12:00:00Z|2001-08-07T15:00:00Z|2001-08-07T18:00:00Z|2001-08-07T21:00:00Z|2001-08-08T00:00:00Z|2001-08-08T03:00:00Z,train,0,False,zero
101939,NA,2001,2001-08-22T06:00:00Z,16.7,-61.1,2001235N18296,2001-08-22T12:00:00Z,1,1.0,2001-08-21T06:00:00Z|2001-08-21T09:00:00Z|2001-08-21T12:00:00Z|2001-08-21T15:00:00Z|2001-08-21T18:00:00Z|2001-08-21T21:00:00Z|2001-08-22T00:00:00Z|2001-08-22T03:00:00Z|2001-08-22T06:00:00Z,train,0,False,zero
101939,NA,2001,2001-08-22T09:00:00Z,17.1,-61.9,2001235N18296,2001-08-22T12:00:00Z,1,1.0,2001-08-21T09:00:00Z|2001-08-21T12:00:00Z|2001-08-21T15:00:00Z|2001-08-21T18:00:00Z|2001-08-21T21:00:00Z|2001-08-22T00:00:00Z|2001-08-22T03:00:00Z|2001-08-22T06:00:00Z|2001-08-22T09:00:00Z,train,0,False,zero
101941,WP,2001,2001-08-25T21:00:00Z,15.1,138.0,2001238N16139,2001-08-27T00:00:00Z,0,1.0,2001-08-24T21:00:00Z|2001-08-25T00:00:00Z|2001-08-25T03:00:00Z|2001-08-25T06:00:00Z|2001-08-25T09:00:00Z|2001-08-25T12:00:00Z|2001-08-25T15:00:00Z|2001-08-25T18:00:00Z|2001-08-25T21:00:00Z,train,0,False,zero
101944,WP,2001,2001-08-27T03:00:00Z,16.2,118.6,2001239N19116,2001-08-30T12:00:00Z,0,0.0,2001-08-26T03:00:00Z|2001-08-26T06:00:00Z|2001-08-26T09:00:00Z|2001-08-26T12:00:00Z|2001-08-26T15:00:00Z|2001-08-26T18:00:00Z|2001-08-26T21:00:00Z|2001-08-27T00:00:00Z|2001-08-27T03:00:00Z,train,0,False,zero
101953,NA,2001,2001-09-11T15:00:00Z,23.7,-84.4,2001255N26276,2001-09-13T12:00:00Z,0,1.0,2001-09-10T15:00:00Z|2001-09-10T18:00:00Z|2001-09-10T21:00:00Z|2001-09-11T00:00:00Z|2001-09-11T03:00:00Z|2001-09-11T06:00:00Z|2001-09-11T09:00:00Z|2001-09-11T12:00:00Z|2001-09-11T15:00:00Z,train,0,False,zero
101954,WP,2001,2001-09-15T21:00:00Z,19.1,136.4,2001259N20138,2001-09-17T18:00:00Z,0,1.0,2001-09-14T21:00:00Z|2001-09-15T00:00:00Z|2001-09-15T03:00:00Z|2001-09-15T06:00:00Z|2001-09-15T09:00:00Z|2001-09-15T12:00:00Z|2001-09-15T15:00:00Z|2001-09-15T18:00:00Z|2001-09-15T21:00:00Z,train,0,False,zero
101955,WP,2001,2001-09-17T03:00:00Z,14.5,168.7,2001260N14167,2001-09-19T12:00:00Z,0,0.0,2001-09-16T03:00:00Z|2001-09-16T06:00:00Z|2001-09-16T09:00:00Z|2001-09-16T12:00:00Z|2001-09-16T15:00:00Z|2001-09-16T18:00:00Z|2001-09-16T21:00:00Z|2001-09-17T00:00:00Z|2001-09-17T03:00:00Z,train,0,False,zero
101961,EP,2001,2001-09-22T09:00:00Z,8.5,-143.0,2001266N10217,2001-09-23T06:00:00Z,1,1.0,2001-09-21T09:00:00Z|2001-09-21T12:00:00Z|2001-09-21T15:00:00Z|2001-09-21T18:00:00Z|2001-09-21T21:00:00Z|2001-09-22T00:00:00Z|2001-09-22T03:00:00Z|2001-09-22T06:00:00Z|2001-09-22T09:00:00Z,train,0,False,zero
101963,EP,2001,2001-10-01T12:00:00Z,11.1,-101.5,2001275N12258,2001-10-02T12:00:00Z,1,1.0,2001-09-30T12:00:00Z|2001-09-30T15:00:00Z|2001-09-30T18:00:00Z|2001-09-30T21:00:00Z|2001-10-01T00:00:00Z|2001-10-01T03:00:00Z|2001-10-01T06:00:00Z|2001-10-01T09:00:00Z|2001-10-01T12:00:00Z,train,0,False,zero
101963,EP,2001,2001-10-01T15:00:00Z,11.4,-101.8,2001275N12258,2001-10-02T12:00:00Z,1,1.0,2001-09-30T15:00:00Z|2001-09-30T18:00:00Z|2001-09-30T21:00:00Z|2001-10-01T00:00:00Z|2001-10-01T03:00:00Z|2001-10-01T06:00:00Z|2001-10-01T09:00:00Z|2001-10-01T12:00:00Z|2001-10-01T15:00:00Z,train,0,False,zero
101963,EP,2001,2001-10-01T18:00:00Z,11.5,-102.2,2001275N12258,2001-10-02T12:00:00Z,1,1.0,2001-09-30T18:00:00Z|2001-09-30T21:00:00Z|2001-10-01T00:00:00Z|2001-10-01T03:00:00Z|2001-10-01T06:00:00Z|2001-10-01T09:00:00Z|2001-10-01T12:00:00Z|2001-10-01T15:00:00Z|2001-10-01T18:00:00Z,train,0,False,zero
101963,EP,2001,2001-10-01T21:00:00Z,11.7,-102.8,2001275N12258,2001-10-02T12:00:00Z,1,1.0,2001-09-30T21:00:00Z|2001-10-01T00:00:00Z|2001-10-01T03:00:00Z|2001-10-01T06:00:00Z|2001-10-01T09:00:00Z|2001-10-01T12:00:00Z|2001-10-01T15:00:00Z|2001-10-01T18:00:00Z|2001-10-01T21:00:00Z,train,0,False,zero
101967,NA,2001,2001-10-04T09:00:00Z,13.9,-57.0,2001278N12302,2001-10-05T12:00:00Z,0,1.0,2001-10-03T09:00:00Z|2001-10-03T12:00:00Z|2001-10-03T15:00:00Z|2001-10-03T18:00:00Z|2001-10-03T21:00:00Z|2001-10-04T00:00:00Z|2001-10-04T03:00:00Z|2001-10-04T06:00:00Z|2001-10-04T09:00:00Z,train,0,False,zero
101969,NI,2001,2001-10-08T03:00:00Z,16.9,70.5,2001281N18071,2001-10-09T12:00:00Z,0,1.0,2001-10-07T03:00:00Z|2001-10-07T06:00:00Z|2001-10-07T09:00:00Z|2001-10-07T12:00:00Z|2001-10-07T15:00:00Z|2001-10-07T18:00:00Z|2001-10-07T21:00:00Z|2001-10-08T00:00:00Z|2001-10-08T03:00:00Z,train,0,False,zero
101970,EP,2001,2001-10-10T06:00:00Z,13.5,-99.8,2001284N14261,2001-10-11T06:00:00Z,1,1.0,2001-10-09T06:00:00Z|2001-10-09T09:00:00Z|2001-10-09T12:00:00Z|2001-10-09T15:00:00Z|2001-10-09T18:00:00Z|2001-10-09T21:00:00Z|2001-10-10T00:00:00Z|2001-10-10T03:00:00Z|2001-10-10T06:00:00Z,train,0,False,zero
101970,EP,2001,2001-10-10T09:00:00Z,12.8,-100.9,2001284N14261,2001-10-11T06:00:00Z,1,1.0,2001-10-09T09:00:00Z|2001-10-09T12:00:00Z|2001-10-09T15:00:00Z|2001-10-09T18:00:00Z|2001-10-09T21:00:00Z|2001-10-10T00:00:00Z|2001-10-10T03:00:00Z|2001-10-10T06:00:00Z|2001-10-10T09:00:00Z,train,0,False,zero
101972,NA,2001,2001-10-10T18:00:00Z,27.7,-59.2,2001284N28297,2001-10-11T12:00:00Z,1,1.0,2001-10-09T18:00:00Z|2001-10-09T21:00:00Z|2001-10-10T00:00:00Z|2001-10-10T03:00:00Z|2001-10-10T06:00:00Z|2001-10-10T09:00:00Z|2001-10-10T12:00:00Z|2001-10-10T15:00:00Z|2001-10-10T18:00:00Z,train,0,False,zero
101972,NA,2001,2001-10-10T21:00:00Z,27.9,-59.1,2001284N28297,2001-10-11T12:00:00Z,1,1.0,2001-10-09T21:00:00Z|2001-10-10T00:00:00Z|2001-10-10T03:00:00Z|2001-10-10T06:00:00Z|2001-10-10T09:00:00Z|2001-10-10T12:00:00Z|2001-10-10T15:00:00Z|2001-10-10T18:00:00Z|2001-10-10T21:00:00Z,train,0,False,zero
101972,NA,2001,2001-10-11T00:00:00Z,27.3,-57.0,2001284N28297,2001-10-11T12:00:00Z,1,1.0,2001-10-10T00:00:00Z|2001-10-10T03:00:00Z|2001-10-10T06:00:00Z|2001-10-10T09:00:00Z|2001-10-10T12:00:00Z|2001-10-10T15:00:00Z|2001-10-10T18:00:00Z|2001-10-10T21:00:00Z|2001-10-11T00:00:00Z,train,0,False,zero
101972,NA,2001,2001-10-11T03:00:00Z,30.0,-60.2,2001284N28297,2001-10-11T12:00:00Z,1,1.0,2001-10-10T03:00:00Z|2001-10-10T06:00:00Z|2001-10-10T09:00:00Z|2001-10-10T12:00:00Z|2001-10-10T15:00:00Z|2001-10-10T18:00:00Z|2001-10-10T21:00:00Z|2001-10-11T00:00:00Z|2001-10-11T03:00:00Z,train,0,False,zero
101975,SI,2001,2001-10-24T15:00:00Z,-7.2,98.0,2001298S07098,2001-10-26T06:00:00Z,0,1.0,2001-10-23T15:00:00Z|2001-10-23T18:00:00Z|2001-10-23T21:00:00Z|2001-10-24T00:00:00Z|2001-10-24T03:00:00Z|2001-10-24T06:00:00Z|2001-10-24T09:00:00Z|2001-10-24T12:00:00Z|2001-10-24T15:00:00Z,train,0,False,zero
101976,NA,2001,2001-10-27T09:00:00Z,28.6,-32.9,2001301N27325,2001-10-30T00:00:00Z,0,0.0,2001-10-26T09:00:00Z|2001-10-26T12:00:00Z|2001-10-26T15:00:00Z|2001-10-26T18:00:00Z|2001-10-26T21:00:00Z|2001-10-27T00:00:00Z|2001-10-27T03:00:00Z|2001-10-27T06:00:00Z|2001-10-27T09:00:00Z,train,0,False,zero
101984,WP,2001,2001-11-18T15:00:00Z,5.7,110.5,2001323N05107,2001-11-20T18:00:00Z,0,0.0,2001-11-17T15:00:00Z|2001-11-17T18:00:00Z|2001-11-17T21:00:00Z|2001-11-18T00:00:00Z|2001-11-18T03:00:00Z|2001-11-18T06:00:00Z|2001-11-18T09:00:00Z|2001-11-18T12:00:00Z|2001-11-18T15:00:00Z,train,0,False,zero
101994,SI,2001,2001-12-29T21:00:00Z,-18.6,37.8,2001364S19036,2002-01-01T00:00:00Z,0,0.0,2001-12-28T21:00:00Z|2001-12-29T00:00:00Z|2001-12-29T03:00:00Z|2001-12-29T06:00:00Z|2001-12-29T09:00:00Z|2001-12-29T12:00:00Z|2001-12-29T15:00:00Z|2001-12-29T18:00:00Z|2001-12-29T21:00:00Z,train,0,False,zero
102007,SP,2002,2002-03-13T15:00:00Z,-15.5,162.9,2002073S16161,2002-03-14T18:00:00Z,0,1.0,2002-03-12T15:00:00Z|2002-03-12T18:00:00Z|2002-03-12T21:00:00Z|2002-03-13T00:00:00Z|2002-03-13T03:00:00Z|2002-03-13T06:00:00Z|2002-03-13T09:00:00Z|2002-03-13T12:00:00Z|2002-03-13T15:00:00Z,train,0,False,zero
102008,WP,2002,2002-03-18T15:00:00Z,7.7,138.8,2002078N04138,,0,0.0,2002-03-17T15:00:00Z|2002-03-17T18:00:00Z|2002-03-17T21:00:00Z|2002-03-18T00:00:00Z|2002-03-18T03:00:00Z|2002-03-18T06:00:00Z|2002-03-18T09:00:00Z|2002-03-18T12:00:00Z|2002-03-18T15:00:00Z,train,0,False,zero
102011,SI,2002,2002-04-05T15:00:00Z,-7.3,101.8,2002096S10103,2002-04-07T00:00:00Z,0,1.0,2002-04-04T15:00:00Z|2002-04-04T18:00:00Z|2002-04-04T21:00:00Z|2002-04-05T00:00:00Z|2002-04-05T03:00:00Z|2002-04-05T06:00:00Z|2002-04-05T09:00:00Z|2002-04-05T12:00:00Z|2002-04-05T15:00:00Z,train,0,False,zero
102019,EP,2002,2002-05-24T15:00:00Z,9.5,-100.3,2002145N11259,2002-05-26T12:00:00Z,0,1.0,2002-05-23T15:00:00Z|2002-05-23T18:00:00Z|2002-05-23T21:00:00Z|2002-05-24T00:00:00Z|2002-05-24T03:00:00Z|2002-05-24T06:00:00Z|2002-05-24T09:00:00Z|2002-05-24T12:00:00Z|2002-05-24T15:00:00Z,train,0,False,zero
102043,WP,2002,2002-08-14T09:00:00Z,13.5,113.8,2002227N14115,2002-08-18T00:00:00Z,0,0.0,2002-08-13T09:00:00Z|2002-08-13T12:00:00Z|2002-08-13T15:00:00Z|2002-08-13T18:00:00Z|2002-08-13T21:00:00Z|2002-08-14T00:00:00Z|2002-08-14T03:00:00Z|2002-08-14T06:00:00Z|2002-08-14T09:00:00Z,train,0,False,zero
102044,EP,2002,2002-08-20T21:00:00Z,9.4,-134.1,2002234N11221,2002-08-21T18:00:00Z,1,1.0,2002-08-19T21:00:00Z|2002-08-20T00:00:00Z|2002-08-20T03:00:00Z|2002-08-20T06:00:00Z|2002-08-20T09:00:00Z|2002-08-20T12:00:00Z|2002-08-20T15:00:00Z|2002-08-20T18:00:00Z|2002-08-20T21:00:00Z,train,0,False,zero
102044,EP,2002,2002-08-21T00:00:00Z,8.8,-135.9,2002234N11221,2002-08-21T18:00:00Z,1,1.0,2002-08-20T00:00:00Z|2002-08-20T03:00:00Z|2002-08-20T06:00:00Z|2002-08-20T09:00:00Z|2002-08-20T12:00:00Z|2002-08-20T15:00:00Z|2002-08-20T18:00:00Z|2002-08-20T21:00:00Z|2002-08-21T00:00:00Z,train,0,False,zero
102044,EP,2002,2002-08-21T03:00:00Z,8.2,-137.7,2002234N11221,2002-08-21T18:00:00Z,1,1.0,2002-08-20T03:00:00Z|2002-08-20T06:00:00Z|2002-08-20T09:00:00Z|2002-08-20T12:00:00Z|2002-08-20T15:00:00Z|2002-08-20T18:00:00Z|2002-08-20T21:00:00Z|2002-08-21T00:00:00Z|2002-08-21T03:00:00Z,train,0,False,zero
102044,EP,2002,2002-08-21T06:00:00Z,10.8,-135.4,2002234N11221,2002-08-21T18:00:00Z,1,1.0,2002-08-20T06:00:00Z|2002-08-20T09:00:00Z|2002-08-20T12:00:00Z|2002-08-20T15:00:00Z|2002-08-20T18:00:00Z|2002-08-20T21:00:00Z|2002-08-21T00:00:00Z|2002-08-21T03:00:00Z|2002-08-21T06:00:00Z,train,0,False,zero
102044,EP,2002,2002-08-21T09:00:00Z,10.6,-136.2,2002234N11221,2002-08-21T18:00:00Z,1,1.0,2002-08-20T09:00:00Z|2002-08-20T12:00:00Z|2002-08-20T15:00:00Z|2002-08-20T18:00:00Z|2002-08-20T21:00:00Z|2002-08-21T00:00:00Z|2002-08-21T03:00:00Z|2002-08-21T06:00:00Z|2002-08-21T09:00:00Z,train,0,False,zero
102044,EP,2002,2002-08-21T12:00:00Z,10.3,-137.1,2002234N11221,2002-08-21T18:00:00Z,1,1.0,2002-08-20T12:00:00Z|2002-08-20T15:00:00Z|2002-08-20T18:00:00Z|2002-08-20T21:00:00Z|2002-08-21T00:00:00Z|2002-08-21T03:00:00Z|2002-08-21T06:00:00Z|2002-08-21T09:00:00Z|2002-08-21T12:00:00Z,train,0,False,zero
102044,EP,2002,2002-08-21T15:00:00Z,10.1,-137.9,2002234N11221,2002-08-21T18:00:00Z,1,1.0,2002-08-20T15:00:00Z|2002-08-20T18:00:00Z|2002-08-20T21:00:00Z|2002-08-21T00:00:00Z|2002-08-21T03:00:00Z|2002-08-21T06:00:00Z|2002-08-21T09:00:00Z|2002-08-21T12:00:00Z|2002-08-21T15:00:00Z,train,0,False,zero
102051,EP,2002,2002-08-29T09:00:00Z,14.8,-93.8,2002242N14257,2002-08-30T09:00:00Z,1,1.0,2002-08-28T09:00:00Z|2002-08-28T12:00:00Z|2002-08-28T15:00:00Z|2002-08-28T18:00:00Z|2002-08-28T21:00:00Z|2002-08-29T00:00:00Z|2002-08-29T03:00:00Z|2002-08-29T06:00:00Z|2002-08-29T09:00:00Z,train,0,False,zero
102051,EP,2002,2002-08-29T12:00:00Z,14.5,-94.7,2002242N14257,2002-08-30T09:00:00Z,1,1.0,2002-08-28T12:00:00Z|2002-08-28T15:00:00Z|2002-08-28T18:00:00Z|2002-08-28T21:00:00Z|2002-08-29T00:00:00Z|2002-08-29T03:00:00Z|2002-08-29T06:00:00Z|2002-08-29T09:00:00Z|2002-08-29T12:00:00Z,train,0,False,zero
102051,EP,2002,2002-08-29T15:00:00Z,14.1,-95.6,2002242N14257,2002-08-30T09:00:00Z,1,1.0,2002-08-28T15:00:00Z|2002-08-28T18:00:00Z|2002-08-28T21:00:00Z|2002-08-29T00:00:00Z|2002-08-29T03:00:00Z|2002-08-29T06:00:00Z|2002-08-29T09:00:00Z|2002-08-29T12:00:00Z|2002-08-29T15:00:00Z,train,0,False,zero
102051,EP,2002,2002-08-29T18:00:00Z,14.1,-96.4,2002242N14257,2002-08-30T09:00:00Z,1,1.0,2002-08-28T18:00:00Z|2002-08-28T21:00:00Z|2002-08-29T00:00:00Z|2002-08-29T03:00:00Z|2002-08-29T06:00:00Z|2002-08-29T09:00:00Z|2002-08-29T12:00:00Z|2002-08-29T15:00:00Z|2002-08-29T18:00:00Z,train,0,False,zero
102051,EP,2002,2002-08-29T21:00:00Z,14.1,-97.2,2002242N14257,2002-08-30T09:00:00Z,1,1.0,2002-08-28T21:00:00Z|2002-08-29T00:00:00Z|2002-08-29T03:00:00Z|2002-08-29T06:00:00Z|2002-08-29T09:00:00Z|2002-08-29T12:00:00Z|2002-08-29T15:00:00Z|2002-08-29T18:00:00Z|2002-08-29T21:00:00Z,train,0,False,zero
102051,EP,2002,2002-08-30T00:00:00Z,12.6,-100.5,2002242N14257,2002-08-30T09:00:00Z,1,1.0,2002-08-29T00:00:00Z|2002-08-29T03:00:00Z|2002-08-29T06:00:00Z|2002-08-29T09:00:00Z|2002-08-29T12:00:00Z|2002-08-29T15:00:00Z|2002-08-29T18:00:00Z|2002-08-29T21:00:00Z|2002-08-30T00:00:00Z,train,0,False,zero
102051,EP,2002,2002-08-30T03:00:00Z,12.8,-102.2,2002242N14257,2002-08-30T09:00:00Z,1,1.0,2002-08-29T03:00:00Z|2002-08-29T06:00:00Z|2002-08-29T09:00:00Z|2002-08-29T12:00:00Z|2002-08-29T15:00:00Z|2002-08-29T18:00:00Z|2002-08-29T21:00:00Z|2002-08-30T00:00:00Z|2002-08-30T03:00:00Z,train,0,False,zero
102050,NA,2002,2002-08-28T18:00:00Z,8.4,-27.0,2002242N10329,2002-08-29T18:00:00Z,1,1.0,2002-08-27T18:00:00Z|2002-08-27T21:00:00Z|2002-08-28T00:00:00Z|2002-08-28T03:00:00Z|2002-08-28T06:00:00Z|2002-08-28T09:00:00Z|2002-08-28T12:00:00Z|2002-08-28T15:00:00Z|2002-08-28T18:00:00Z,train,0,False,zero
102050,NA,2002,2002-08-28T21:00:00Z,8.5,-27.9,2002242N10329,2002-08-29T18:00:00Z,1,1.0,2002-08-27T21:00:00Z|2002-08-28T00:00:00Z|2002-08-28T03:00:00Z|2002-08-28T06:00:00Z|2002-08-28T09:00:00Z|2002-08-28T12:00:00Z|2002-08-28T15:00:00Z|2002-08-28T18:00:00Z|2002-08-28T21:00:00Z,train,0,False,zero
102050,NA,2002,2002-08-29T00:00:00Z,8.5,-28.9,2002242N10329,2002-08-29T18:00:00Z,1,1.0,2002-08-28T00:00:00Z|2002-08-28T03:00:00Z|2002-08-28T06:00:00Z|2002-08-28T09:00:00Z|2002-08-28T12:00:00Z|2002-08-28T15:00:00Z|2002-08-28T18:00:00Z|2002-08-28T21:00:00Z|2002-08-29T00:00:00Z,train,0,False,zero
102050,NA,2002,2002-08-29T03:00:00Z,8.5,-29.6,2002242N10329,2002-08-29T18:00:00Z,1,1.0,2002-08-28T03:00:00Z|2002-08-28T06:00:00Z|2002-08-28T09:00:00Z|2002-08-28T12:00:00Z|2002-08-28T15:00:00Z|2002-08-28T18:00:00Z|2002-08-28T21:00:00Z|2002-08-29T00:00:00Z|2002-08-29T03:00:00Z,train,0,False,zero
102050,NA,2002,2002-08-29T06:00:00Z,8.4,-30.5,2002242N10329,2002-08-29T18:00:00Z,1,1.0,2002-08-28T06:00:00Z|2002-08-28T09:00:00Z|2002-08-28T12:00:00Z|2002-08-28T15:00:00Z|2002-08-28T18:00:00Z|2002-08-28T21:00:00Z|2002-08-29T00:00:00Z|2002-08-29T03:00:00Z|2002-08-29T06:00:00Z,train,0,False,zero
102050,NA,2002,2002-08-29T09:00:00Z,8.2,-31.4,2002242N10329,2002-08-29T18:00:00Z,1,1.0,2002-08-28T09:00:00Z|2002-08-28T12:00:00Z|2002-08-28T15:00:00Z|2002-08-28T18:00:00Z|2002-08-28T21:00:00Z|2002-08-29T00:00:00Z|2002-08-29T03:00:00Z|2002-08-29T06:00:00Z|2002-08-29T09:00:00Z,train,0,False,zero
102065,NA,2002,2002-09-21T15:00:00Z,12.0,-45.9,2002265N10315,2002-09-23T00:00:00Z,0,1.0,2002-09-20T15:00:00Z|2002-09-20T18:00:00Z|2002-09-20T21:00:00Z|2002-09-21T00:00:00Z|2002-09-21T03:00:00Z|2002-09-21T06:00:00Z|2002-09-21T09:00:00Z|2002-09-21T12:00:00Z|2002-09-21T15:00:00Z,train,0,False,zero
102066,WP,2002,2002-09-24T21:00:00Z,14.1,162.9,2002268N15163,2002-09-26T18:00:00Z,0,1.0,2002-09-23T21:00:00Z|2002-09-24T00:00:00Z|2002-09-24T03:00:00Z|2002-09-24T06:00:00Z|2002-09-24T09:00:00Z|2002-09-24T12:00:00Z|2002-09-24T15:00:00Z|2002-09-24T18:00:00Z|2002-09-24T21:00:00Z,train,0,False,zero
102074,EP,2002,2002-10-22T06:00:00Z,7.1,-131.8,2002296N11230,2002-10-23T06:00:00Z,1,1.0,2002-10-21T06:00:00Z|2002-10-21T09:00:00Z|2002-10-21T12:00:00Z|2002-10-21T15:00:00Z|2002-10-21T18:00:00Z|2002-10-21T21:00:00Z|2002-10-22T00:00:00Z|2002-10-22T03:00:00Z|2002-10-22T06:00:00Z,train,0,False,zero
102074,EP,2002,2002-10-22T09:00:00Z,9.2,-129.7,2002296N11230,2002-10-23T06:00:00Z,1,1.0,2002-10-21T09:00:00Z|2002-10-21T12:00:00Z|2002-10-21T15:00:00Z|2002-10-21T18:00:00Z|2002-10-21T21:00:00Z|2002-10-22T00:00:00Z|2002-10-22T03:00:00Z|2002-10-22T06:00:00Z|2002-10-22T09:00:00Z,train,0,False,zero
102074,EP,2002,2002-10-22T12:00:00Z,9.7,-129.7,2002296N11230,2002-10-23T06:00:00Z,1,1.0,2002-10-21T12:00:00Z|2002-10-21T15:00:00Z|2002-10-21T18:00:00Z|2002-10-21T21:00:00Z|2002-10-22T00:00:00Z|2002-10-22T03:00:00Z|2002-10-22T06:00:00Z|2002-10-22T09:00:00Z|2002-10-22T12:00:00Z,train,0,False,zero
102074,EP,2002,2002-10-22T15:00:00Z,10.3,-129.7,2002296N11230,2002-10-23T06:00:00Z,1,1.0,2002-10-21T15:00:00Z|2002-10-21T18:00:00Z|2002-10-21T21:00:00Z|2002-10-22T00:00:00Z|2002-10-22T03:00:00Z|2002-10-22T06:00:00Z|2002-10-22T09:00:00Z|2002-10-22T12:00:00Z|2002-10-22T15:00:00Z,train,0,False,zero
102076,WP,2002,2002-10-24T21:00:00Z,14.3,168.9,2002298N17169,2002-10-27T12:00:00Z,0,0.0,2002-10-23T21:00:00Z|2002-10-24T00:00:00Z|2002-10-24T03:00:00Z|2002-10-24T06:00:00Z|2002-10-24T09:00:00Z|2002-10-24T12:00:00Z|2002-10-24T15:00:00Z|2002-10-24T18:00:00Z|2002-10-24T21:00:00Z,train,0,False,zero
102090,SI,2003,2003-01-06T09:00:00Z,-9.9,72.1,2003007S10072,2003-01-08T00:00:00Z,0,1.0,2003-01-05T09:00:00Z|2003-01-05T12:00:00Z|2003-01-05T15:00:00Z|2003-01-05T18:00:00Z|2003-01-05T21:00:00Z|2003-01-06T00:00:00Z|2003-01-06T03:00:00Z|2003-01-06T06:00:00Z|2003-01-06T09:00:00Z,train,0,False,zero
102097,SI,2003,2003-02-03T15:00:00Z,-11.2,97.9,2003035S10099,2003-02-11T18:00:00Z,0,0.0,2003-02-02T15:00:00Z|2003-02-02T18:00:00Z|2003-02-02T21:00:00Z|2003-02-03T00:00:00Z|2003-02-03T03:00:00Z|2003-02-03T06:00:00Z|2003-02-03T09:00:00Z|2003-02-03T12:00:00Z|2003-02-03T15:00:00Z,train,0,False,zero
102103,SI,2003,2003-03-01T03:00:00Z,-12.5,101.8,2003060S13103,2003-03-04T12:00:00Z,0,0.0,2003-02-28T03:00:00Z|2003-02-28T06:00:00Z|2003-02-28T09:00:00Z|2003-02-28T12:00:00Z|2003-02-28T15:00:00Z|2003-02-28T18:00:00Z|2003-02-28T21:00:00Z|2003-03-01T00:00:00Z|2003-03-01T03:00:00Z,train,0,False,zero
102109,WP,2003,2003-04-08T03:00:00Z,2.8,158.7,2003098N03159,2003-04-09T06:00:00Z,0,1.0,2003-04-07T03:00:00Z|2003-04-07T06:00:00Z|2003-04-07T09:00:00Z|2003-04-07T12:00:00Z|2003-04-07T15:00:00Z|2003-04-07T18:00:00Z|2003-04-07T21:00:00Z|2003-04-08T00:00:00Z|2003-04-08T03:00:00Z,train,0,False,zero
102113,NI,2003,2003-05-08T09:00:00Z,7.2,88.5,2003129N05091,2003-05-10T18:00:00Z,0,0.0,2003-05-07T09:00:00Z|2003-05-07T12:00:00Z|2003-05-07T15:00:00Z|2003-05-07T18:00:00Z|2003-05-07T21:00:00Z|2003-05-08T00:00:00Z|2003-05-08T03:00:00Z|2003-05-08T06:00:00Z|2003-05-08T09:00:00Z,train,0,False,zero
102119,SP,2003,2003-06-03T21:00:00Z,-10.4,173.1,2003155S10172,2003-06-05T03:00:00Z,0,1.0,2003-06-02T21:00:00Z|2003-06-03T00:00:00Z|2003-06-03T03:00:00Z|2003-06-03T06:00:00Z|2003-06-03T09:00:00Z|2003-06-03T12:00:00Z|2003-06-03T15:00:00Z|2003-06-03T18:00:00Z|2003-06-03T21:00:00Z,train,0,False,zero
102135,WP,2003,2003-07-30T15:00:00Z,14.3,129.6,2003212N12130,2003-08-01T18:00:00Z,0,0.0,2003-07-29T15:00:00Z|2003-07-29T18:00:00Z|2003-07-29T21:00:00Z|2003-07-30T00:00:00Z|2003-07-30T03:00:00Z|2003-07-30T06:00:00Z|2003-07-30T09:00:00Z|2003-07-30T12:00:00Z|2003-07-30T15:00:00Z,train,0,False,zero
102136,EP,2003,2003-08-06T21:00:00Z,16.7,-115.5,2003219N16244,2003-08-07T21:00:00Z,1,1.0,2003-08-05T21:00:00Z|2003-08-06T00:00:00Z|2003-08-06T03:00:00Z|2003-08-06T06:00:00Z|2003-08-06T09:00:00Z|2003-08-06T12:00:00Z|2003-08-06T15:00:00Z|2003-08-06T18:00:00Z|2003-08-06T21:00:00Z,train,0,False,zero
102136,EP,2003,2003-08-07T00:00:00Z,16.8,-115.4,2003219N16244,2003-08-07T21:00:00Z,1,1.0,2003-08-06T00:00:00Z|2003-08-06T03:00:00Z|2003-08-06T06:00:00Z|2003-08-06T09:00:00Z|2003-08-06T12:00:00Z|2003-08-06T15:00:00Z|2003-08-06T18:00:00Z|2003-08-06T21:00:00Z|2003-08-07T00:00:00Z,train,0,False,zero
102136,EP,2003,2003-08-07T03:00:00Z,16.9,-115.3,2003219N16244,2003-08-07T21:00:00Z,1,1.0,2003-08-06T03:00:00Z|2003-08-06T06:00:00Z|2003-08-06T09:00:00Z|2003-08-06T12:00:00Z|2003-08-06T15:00:00Z|2003-08-06T18:00:00Z|2003-08-06T21:00:00Z|2003-08-07T00:00:00Z|2003-08-07T03:00:00Z,train,0,False,zero
102138,EP,2003,2003-08-10T21:00:00Z,12.0,-139.1,2003223N13224,,0,0.0,2003-08-09T21:00:00Z|2003-08-10T00:00:00Z|2003-08-10T03:00:00Z|2003-08-10T06:00:00Z|2003-08-10T09:00:00Z|2003-08-10T12:00:00Z|2003-08-10T15:00:00Z|2003-08-10T18:00:00Z|2003-08-10T21:00:00Z,train,0,False,zero
102140,NA,2003,2003-08-14T12:00:00Z,25.3,-81.3,2003227N26277,2003-08-14T18:00:00Z,1,1.0,2003-08-13T12:00:00Z|2003-08-13T15:00:00Z|2003-08-13T18:00:00Z|2003-08-13T21:00:00Z|2003-08-14T00:00:00Z|2003-08-14T03:00:00Z|2003-08-14T06:00:00Z|2003-08-14T09:00:00Z|2003-08-14T12:00:00Z,train,0,False,zero
102140,NA,2003,2003-08-14T15:00:00Z,25.0,-81.7,2003227N26277,2003-08-14T18:00:00Z,1,1.0,2003-08-13T15:00:00Z|2003-08-13T18:00:00Z|2003-08-13T21:00:00Z|2003-08-14T00:00:00Z|2003-08-14T03:00:00Z|2003-08-14T06:00:00Z|2003-08-14T09:00:00Z|2003-08-14T12:00:00Z|2003-08-14T15:00:00Z,train,0,False,zero
102146,WP,2003,2003-08-27T09:00:00Z,18.1,140.0,2003240N20139,2003-08-28T12:00:00Z,0,1.0,2003-08-26T09:00:00Z|2003-08-26T12:00:00Z|2003-08-26T15:00:00Z|2003-08-26T18:00:00Z|2003-08-26T21:00:00Z|2003-08-27T00:00:00Z|2003-08-27T03:00:00Z|2003-08-27T06:00:00Z|2003-08-27T09:00:00Z,train,0,False,zero
102151,NA,2003,2003-09-05T06:00:00Z,13.9,-29.4,2003249N14329,2003-09-06T06:00:00Z,1,1.0,2003-09-04T06:00:00Z|2003-09-04T09:00:00Z|2003-09-04T12:00:00Z|2003-09-04T15:00:00Z|2003-09-04T18:00:00Z|2003-09-04T21:00:00Z|2003-09-05T00:00:00Z|2003-09-05T03:00:00Z|2003-09-05T06:00:00Z,train,0,False,zero
102151,NA,2003,2003-09-05T09:00:00Z,14.5,-30.1,2003249N14329,2003-09-06T06:00:00Z,1,1.0,2003-09-04T09:00:00Z|2003-09-04T12:00:00Z|2003-09-04T15:00:00Z|2003-09-04T18:00:00Z|2003-09-04T21:00:00Z|2003-09-05T00:00:00Z|2003-09-05T03:00:00Z|2003-09-05T06:00:00Z|2003-09-05T09:00:00Z,train,0,False,zero
102151,NA,2003,2003-09-05T12:00:00Z,14.3,-30.7,2003249N14329,2003-09-06T06:00:00Z,1,1.0,2003-09-04T12:00:00Z|2003-09-04T15:00:00Z|2003-09-04T18:00:00Z|2003-09-04T21:00:00Z|2003-09-05T00:00:00Z|2003-09-05T03:00:00Z|2003-09-05T06:00:00Z|2003-09-05T09:00:00Z|2003-09-05T12:00:00Z,train,0,False,zero
102151,NA,2003,2003-09-05T15:00:00Z,14.6,-31.2,2003249N14329,2003-09-06T06:00:00Z,1,1.0,2003-09-04T15:00:00Z|2003-09-04T18:00:00Z|2003-09-04T21:00:00Z|2003-09-05T00:00:00Z|2003-09-05T03:00:00Z|2003-09-05T06:00:00Z|2003-09-05T09:00:00Z|2003-09-05T12:00:00Z|2003-09-05T15:00:00Z,train,0,False,zero
102151,NA,2003,2003-09-05T18:00:00Z,14.9,-32.2,2003249N14329,2003-09-06T06:00:00Z,1,1.0,2003-09-04T18:00:00Z|2003-09-04T21:00:00Z|2003-09-05T00:00:00Z|2003-09-05T03:00:00Z|2003-09-05T06:00:00Z|2003-09-05T09:00:00Z|2003-09-05T12:00:00Z|2003-09-05T15:00:00Z|2003-09-05T18:00:00Z,train,0,False,zero
102151,NA,2003,2003-09-05T21:00:00Z,14.6,-32.0,2003249N14329,2003-09-06T06:00:00Z,1,1.0,2003-09-04T21:00:00Z|2003-09-05T00:00:00Z|2003-09-05T03:00:00Z|2003-09-05T06:00:00Z|2003-09-05T09:00:00Z|2003-09-05T12:00:00Z|2003-09-05T15:00:00Z|2003-09-05T18:00:00Z|2003-09-05T21:00:00Z,train,0,False,zero
102152,NA,2003,2003-09-08T03:00:00Z,11.6,-21.7,2003251N12338,,0,0.0,2003-09-07T03:00:00Z|2003-09-07T06:00:00Z|2003-09-07T09:00:00Z|2003-09-07T12:00:00Z|2003-09-07T15:00:00Z|2003-09-07T18:00:00Z|2003-09-07T21:00:00Z|2003-09-08T00:00:00Z|2003-09-08T03:00:00Z,train,0,False,zero
102159,NA,2003,2003-09-27T15:00:00Z,17.6,-80.7,2003271N18275,2003-09-30T18:00:00Z,0,0.0,2003-09-26T15:00:00Z|2003-09-26T18:00:00Z|2003-09-26T21:00:00Z|2003-09-27T00:00:00Z|2003-09-27T03:00:00Z|2003-09-27T06:00:00Z|2003-09-27T09:00:00Z|2003-09-27T12:00:00Z|2003-09-27T15:00:00Z,train,0,False,zero
102169,EP,2003,2003-10-20T03:00:00Z,10.2,-100.5,2003294N10260,2003-10-20T18:00:00Z,1,1.0,2003-10-19T03:00:00Z|2003-10-19T06:00:00Z|2003-10-19T09:00:00Z|2003-10-19T12:00:00Z|2003-10-19T15:00:00Z|2003-10-19T18:00:00Z|2003-10-19T21:00:00Z|2003-10-20T00:00:00Z|2003-10-20T03:00:00Z,train,0,False,zero
102169,EP,2003,2003-10-20T06:00:00Z,9.7,-100.6,2003294N10260,2003-10-20T18:00:00Z,1,1.0,2003-10-19T06:00:00Z|2003-10-19T09:00:00Z|2003-10-19T12:00:00Z|2003-10-19T15:00:00Z|2003-10-19T18:00:00Z|2003-10-19T21:00:00Z|2003-10-20T00:00:00Z|2003-10-20T03:00:00Z|2003-10-20T06:00:00Z,train,0,False,zero
102169,EP,2003,2003-10-20T09:00:00Z,9.8,-100.8,2003294N10260,2003-10-20T18:00:00Z,1,1.0,2003-10-19T09:00:00Z|2003-10-19T12:00:00Z|2003-10-19T15:00:00Z|2003-10-19T18:00:00Z|2003-10-19T21:00:00Z|2003-10-20T00:00:00Z|2003-10-20T03:00:00Z|2003-10-20T06:00:00Z|2003-10-20T09:00:00Z,train,0,False,zero
102191,WP,2004,2004-02-10T15:00:00Z,9.4,147.3,2004042N08148,2004-02-13T12:00:00Z,0,0.0,2004-02-09T15:00:00Z|2004-02-09T18:00:00Z|2004-02-09T21:00:00Z|2004-02-10T00:00:00Z|2004-02-10T03:00:00Z|2004-02-10T06:00:00Z|2004-02-10T09:00:00Z|2004-02-10T12:00:00Z|2004-02-10T15:00:00Z,train,0,False,zero
102195,SI,2004,2004-03-01T03:00:00Z,-15.1,71.2,2004061S12072,2004-03-03T00:00:00Z,0,1.0,2004-02-29T03:00:00Z|2004-02-29T06:00:00Z|2004-02-29T09:00:00Z|2004-02-29T12:00:00Z|2004-02-29T15:00:00Z|2004-02-29T18:00:00Z|2004-02-29T21:00:00Z|2004-03-01T00:00:00Z|2004-03-01T03:00:00Z,train,0,False,zero
102196,SI,2004,2004-03-07T09:00:00Z,-15.3,90.1,2004068S13089,2004-03-09T06:00:00Z,0,1.0,2004-03-06T09:00:00Z|2004-03-06T12:00:00Z|2004-03-06T15:00:00Z|2004-03-06T18:00:00Z|2004-03-06T21:00:00Z|2004-03-07T00:00:00Z|2004-03-07T03:00:00Z|2004-03-07T06:00:00Z|2004-03-07T09:00:00Z,train,0,False,zero
102207,WP,2004,2004-05-12T21:00:00Z,8.1,132.9,2004134N07132,2004-05-13T21:00:00Z,1,1.0,2004-05-11T21:00:00Z|2004-05-12T00:00:00Z|2004-05-12T03:00:00Z|2004-05-12T06:00:00Z|2004-05-12T09:00:00Z|2004-05-12T12:00:00Z|2004-05-12T15:00:00Z|2004-05-12T18:00:00Z|2004-05-12T21:00:00Z,train,0,False,zero
102210,NI,2004,2004-05-14T15:00:00Z,15.1,86.1,2004136N15090,2004-05-17T00:00:00Z,0,0.0,2004-05-13T15:00:00Z|2004-05-13T18:00:00Z|2004-05-13T21:00:00Z|2004-05-14T00:00:00Z|2004-05-14T03:00:00Z|2004-05-14T06:00:00Z|2004-05-14T09:00:00Z|2004-05-14T12:00:00Z|2004-05-14T15:00:00Z,train,0,False,zero
102211,EP,2004,2004-05-21T15:00:00Z,14.7,-107.2,2004143N15252,2004-05-22T12:00:00Z,1,1.0,2004-05-20T15:00:00Z|2004-05-20T18:00:00Z|2004-05-20T21:00:00Z|2004-05-21T00:00:00Z|2004-05-21T03:00:00Z|2004-05-21T06:00:00Z|2004-05-21T09:00:00Z|2004-05-21T12:00:00Z|2004-05-21T15:00:00Z,train,0,False,zero
102211,EP,2004,2004-05-21T18:00:00Z,15.6,-105.9,2004143N15252,2004-05-22T12:00:00Z,1,1.0,2004-05-20T18:00:00Z|2004-05-20T21:00:00Z|2004-05-21T00:00:00Z|2004-05-21T03:00:00Z|2004-05-21T06:00:00Z|2004-05-21T09:00:00Z|2004-05-21T12:00:00Z|2004-05-21T15:00:00Z|2004-05-21T18:00:00Z,train,0,False,zero
102211,EP,2004,2004-05-21T21:00:00Z,16.4,-104.6,2004143N15252,2004-05-22T12:00:00Z,1,1.0,2004-05-20T21:00:00Z|2004-05-21T00:00:00Z|2004-05-21T03:00:00Z|2004-05-21T06:00:00Z|2004-05-21T09:00:00Z|2004-05-21T12:00:00Z|2004-05-21T15:00:00Z|2004-05-21T18:00:00Z|2004-05-21T21:00:00Z,train,0,False,zero
102212,WP,2004,2004-06-04T03:00:00Z,15.4,116.0,2004156N16117,2004-06-05T12:00:00Z,0,1.0,2004-06-03T03:00:00Z|2004-06-03T06:00:00Z|2004-06-03T09:00:00Z|2004-06-03T12:00:00Z|2004-06-03T15:00:00Z|2004-06-03T18:00:00Z|2004-06-03T21:00:00Z|2004-06-04T00:00:00Z|2004-06-04T03:00:00Z,train,0,False,zero
102216,WP,2004,2004-06-24T15:00:00Z,11.5,154.0,2004177N12154,2004-06-26T06:00:00Z,0,1.0,2004-06-23T15:00:00Z|2004-06-23T18:00:00Z|2004-06-23T21:00:00Z|2004-06-24T00:00:00Z|2004-06-24T03:00:00Z|2004-06-24T06:00:00Z|2004-06-24T09:00:00Z|2004-06-24T12:00:00Z|2004-06-24T15:00:00Z,train,0,False,zero
102217,EP,2004,2004-07-02T09:00:00Z,16.4,-119.2,2004185N16241,,0,0.0,2004-07-01T09:00:00Z|2004-07-01T12:00:00Z|2004-07-01T15:00:00Z|2004-07-01T18:00:00Z|2004-07-01T21:00:00Z|2004-07-02T00:00:00Z|2004-07-02T03:00:00Z|2004-07-02T06:00:00Z|2004-07-02T09:00:00Z,train,0,False,zero
102225,NA,2004,2004-07-31T15:00:00Z,28.8,-77.9,2004214N30282,2004-08-01T18:00:00Z,0,1.0,2004-07-30T15:00:00Z|2004-07-30T18:00:00Z|2004-07-30T21:00:00Z|2004-07-31T00:00:00Z|2004-07-31T03:00:00Z|2004-07-31T06:00:00Z|2004-07-31T09:00:00Z|2004-07-31T12:00:00Z|2004-07-31T15:00:00Z,train,0,False,zero
102227,WP,2004,2004-08-02T15:00:00Z,14.7,163.8,2004216N16166,2004-08-04T00:00:00Z,0,1.0,2004-08-01T15:00:00Z|2004-08-01T18:00:00Z|2004-08-01T21:00:00Z|2004-08-02T00:00:00Z|2004-08-02T03:00:00Z|2004-08-02T06:00:00Z|2004-08-02T09:00:00Z|2004-08-02T12:00:00Z|2004-08-02T15:00:00Z,train,0,False,zero
102231,NA,2004,2004-08-09T06:00:00Z,12.5,-56.9,2004223N11301,2004-08-10T06:00:00Z,1,1.0,2004-08-08T06:00:00Z|2004-08-08T09:00:00Z|2004-08-08T12:00:00Z|2004-08-08T15:00:00Z|2004-08-08T18:00:00Z|2004-08-08T21:00:00Z|2004-08-09T00:00:00Z|2004-08-09T03:00:00Z|2004-08-09T06:00:00Z,train,0,False,zero
102231,NA,2004,2004-08-09T09:00:00Z,12.3,-58.0,2004223N11301,2004-08-10T06:00:00Z,1,1.0,2004-08-08T09:00:00Z|2004-08-08T12:00:00Z|2004-08-08T15:00:00Z|2004-08-08T18:00:00Z|2004-08-08T21:00:00Z|2004-08-09T00:00:00Z|2004-08-09T03:00:00Z|2004-08-09T06:00:00Z|2004-08-09T09:00:00Z,train,0,False,zero
102233,NA,2004,2004-08-13T00:00:00Z,11.2,-22.1,2004227N12338,2004-08-14T00:00:00Z,1,1.0,2004-08-12T00:00:00Z|2004-08-12T03:00:00Z|2004-08-12T06:00:00Z|2004-08-12T09:00:00Z|2004-08-12T12:00:00Z|2004-08-12T15:00:00Z|2004-08-12T18:00:00Z|2004-08-12T21:00:00Z|2004-08-13T00:00:00Z,train,0,False,zero
102233,NA,2004,2004-08-13T03:00:00Z,8.8,-22.9,2004227N12338,2004-08-14T00:00:00Z,1,1.0,2004-08-12T03:00:00Z|2004-08-12T06:00:00Z|2004-08-12T09:00:00Z|2004-08-12T12:00:00Z|2004-08-12T15:00:00Z|2004-08-12T18:00:00Z|2004-08-12T21:00:00Z|2004-08-13T00:00:00Z|2004-08-13T03:00:00Z,train,0,False,zero
102233,NA,2004,2004-08-13T06:00:00Z,11.6,-21.5,2004227N12338,2004-08-14T00:00:00Z,1,1.0,2004-08-12T06:00:00Z|2004-08-12T09:00:00Z|2004-08-12T12:00:00Z|2004-08-12T15:00:00Z|2004-08-12T18:00:00Z|2004-08-12T21:00:00Z|2004-08-13T00:00:00Z|2004-08-13T03:00:00Z|2004-08-13T06:00:00Z,train,0,False,zero
102233,NA,2004,2004-08-13T09:00:00Z,11.1,-21.9,2004227N12338,2004-08-14T00:00:00Z,1,1.0,2004-08-12T09:00:00Z|2004-08-12T12:00:00Z|2004-08-12T15:00:00Z|2004-08-12T18:00:00Z|2004-08-12T21:00:00Z|2004-08-13T00:00:00Z|2004-08-13T03:00:00Z|2004-08-13T06:00:00Z|2004-08-13T09:00:00Z,train,0,False,zero
102240,NA,2004,2004-08-24T18:00:00Z,11.8,-34.4,2004238N11325,2004-08-25T18:00:00Z,1,1.0,2004-08-23T18:00:00Z|2004-08-23T21:00:00Z|2004-08-24T00:00:00Z|2004-08-24T03:00:00Z|2004-08-24T06:00:00Z|2004-08-24T09:00:00Z|2004-08-24T12:00:00Z|2004-08-24T15:00:00Z|2004-08-24T18:00:00Z,train,0,False,zero
102240,NA,2004,2004-08-24T21:00:00Z,9.4,-36.9,2004238N11325,2004-08-25T18:00:00Z,1,1.0,2004-08-23T21:00:00Z|2004-08-24T00:00:00Z|2004-08-24T03:00:00Z|2004-08-24T06:00:00Z|2004-08-24T09:00:00Z|2004-08-24T12:00:00Z|2004-08-24T15:00:00Z|2004-08-24T18:00:00Z|2004-08-24T21:00:00Z,train,0,False,zero
102248,NA,2004,2004-09-02T06:00:00Z,10.8,-25.4,2004247N10332,2004-09-03T06:00:00Z,1,1.0,2004-09-01T06:00:00Z|2004-09-01T09:00:00Z|2004-09-01T12:00:00Z|2004-09-01T15:00:00Z|2004-09-01T18:00:00Z|2004-09-01T21:00:00Z|2004-09-02T00:00:00Z|2004-09-02T03:00:00Z|2004-09-02T06:00:00Z,train,0,False,zero
102248,NA,2004,2004-09-02T09:00:00Z,11.1,-26.5,2004247N10332,2004-09-03T06:00:00Z,1,1.0,2004-09-01T09:00:00Z|2004-09-01T12:00:00Z|2004-09-01T15:00:00Z|2004-09-01T18:00:00Z|2004-09-01T21:00:00Z|2004-09-02T00:00:00Z|2004-09-02T03:00:00Z|2004-09-02T06:00:00Z|2004-09-02T09:00:00Z,train,0,False,zero
102248,NA,2004,2004-09-02T12:00:00Z,9.7,-27.3,2004247N10332,2004-09-03T06:00:00Z,1,1.0,2004-09-01T12:00:00Z|2004-09-01T15:00:00Z|2004-09-01T18:00:00Z|2004-09-01T21:00:00Z|2004-09-02T00:00:00Z|2004-09-02T03:00:00Z|2004-09-02T06:00:00Z|2004-09-02T09:00:00Z|2004-09-02T12:00:00Z,train,0,False,zero
102248,NA,2004,2004-09-02T15:00:00Z,8.3,-29.3,2004247N10332,2004-09-03T06:00:00Z,1,1.0,2004-09-01T15:00:00Z|2004-09-01T18:00:00Z|2004-09-01T21:00:00Z|2004-09-02T00:00:00Z|2004-09-02T03:00:00Z|2004-09-02T06:00:00Z|2004-09-02T09:00:00Z|2004-09-02T12:00:00Z|2004-09-02T15:00:00Z,train,0,False,zero
102251,NA,2004,2004-09-07T09:00:00Z,32.3,-37.4,2004252N32320,,0,0.0,2004-09-06T09:00:00Z|2004-09-06T12:00:00Z|2004-09-06T15:00:00Z|2004-09-06T18:00:00Z|2004-09-06T21:00:00Z|2004-09-07T00:00:00Z|2004-09-07T03:00:00Z|2004-09-07T06:00:00Z|2004-09-07T09:00:00Z,train,0,False,zero
102259,WP,2004,2004-10-01T03:00:00Z,11.1,139.6,2004275N14139,2004-10-04T06:00:00Z,0,0.0,2004-09-30T03:00:00Z|2004-09-30T06:00:00Z|2004-09-30T09:00:00Z|2004-09-30T12:00:00Z|2004-09-30T15:00:00Z|2004-09-30T18:00:00Z|2004-09-30T21:00:00Z|2004-10-01T00:00:00Z|2004-10-01T03:00:00Z,train,0,False,zero
102260,EP,2004,2004-10-04T15:00:00Z,12.8,-112.2,2004279N14249,2004-10-05T06:00:00Z,1,1.0,2004-10-03T15:00:00Z|2004-10-03T18:00:00Z|2004-10-03T21:00:00Z|2004-10-04T00:00:00Z|2004-10-04T03:00:00Z|2004-10-04T06:00:00Z|2004-10-04T09:00:00Z|2004-10-04T12:00:00Z|2004-10-04T15:00:00Z,train,0,False,zero
102261,NA,2004,2004-10-07T18:00:00Z,20.8,-92.8,2004283N24265,2004-10-08T18:00:00Z,1,1.0,2004-10-06T18:00:00Z|2004-10-06T21:00:00Z|2004-10-07T00:00:00Z|2004-10-07T03:00:00Z|2004-10-07T06:00:00Z|2004-10-07T09:00:00Z|2004-10-07T12:00:00Z|2004-10-07T15:00:00Z|2004-10-07T18:00:00Z,train,0,False,zero
102261,NA,2004,2004-10-07T21:00:00Z,21.7,-93.3,2004283N24265,2004-10-08T18:00:00Z,1,1.0,2004-10-06T21:00:00Z|2004-10-07T00:00:00Z|2004-10-07T03:00:00Z|2004-10-07T06:00:00Z|2004-10-07T09:00:00Z|2004-10-07T12:00:00Z|2004-10-07T15:00:00Z|2004-10-07T18:00:00Z|2004-10-07T21:00:00Z,train,0,False,zero
102261,NA,2004,2004-10-08T00:00:00Z,22.5,-93.8,2004283N24265,2004-10-08T18:00:00Z,1,1.0,2004-10-07T00:00:00Z|2004-10-07T03:00:00Z|2004-10-07T06:00:00Z|2004-10-07T09:00:00Z|2004-10-07T12:00:00Z|2004-10-07T15:00:00Z|2004-10-07T18:00:00Z|2004-10-07T21:00:00Z|2004-10-08T00:00:00Z,train,0,False,zero
102261,NA,2004,2004-10-08T03:00:00Z,23.4,-94.3,2004283N24265,2004-10-08T18:00:00Z,1,1.0,2004-10-07T03:00:00Z|2004-10-07T06:00:00Z|2004-10-07T09:00:00Z|2004-10-07T12:00:00Z|2004-10-07T15:00:00Z|2004-10-07T18:00:00Z|2004-10-07T21:00:00Z|2004-10-08T00:00:00Z|2004-10-08T03:00:00Z,train,0,False,zero
102261,NA,2004,2004-10-08T06:00:00Z,24.2,-94.8,2004283N24265,2004-10-08T18:00:00Z,1,1.0,2004-10-07T06:00:00Z|2004-10-07T09:00:00Z|2004-10-07T12:00:00Z|2004-10-07T15:00:00Z|2004-10-07T18:00:00Z|2004-10-07T21:00:00Z|2004-10-08T00:00:00Z|2004-10-08T03:00:00Z|2004-10-08T06:00:00Z,train,0,False,zero
102261,NA,2004,2004-10-08T09:00:00Z,25.0,-93.4,2004283N24265,2004-10-08T18:00:00Z,1,1.0,2004-10-07T09:00:00Z|2004-10-07T12:00:00Z|2004-10-07T15:00:00Z|2004-10-07T18:00:00Z|2004-10-07T21:00:00Z|2004-10-08T00:00:00Z|2004-10-08T03:00:00Z|2004-10-08T06:00:00Z|2004-10-08T09:00:00Z,train,0,False,zero
102263,NA,2004,2004-10-09T00:00:00Z,28.8,-60.5,2004284N30295,2004-10-10T00:00:00Z,1,1.0,2004-10-08T00:00:00Z|2004-10-08T03:00:00Z|2004-10-08T06:00:00Z|2004-10-08T09:00:00Z|2004-10-08T12:00:00Z|2004-10-08T15:00:00Z|2004-10-08T18:00:00Z|2004-10-08T21:00:00Z|2004-10-09T00:00:00Z,train,0,False,zero
102263,NA,2004,2004-10-09T03:00:00Z,29.3,-60.3,2004284N30295,2004-10-10T00:00:00Z,1,1.0,2004-10-08T03:00:00Z|2004-10-08T06:00:00Z|2004-10-08T09:00:00Z|2004-10-08T12:00:00Z|2004-10-08T15:00:00Z|2004-10-08T18:00:00Z|2004-10-08T21:00:00Z|2004-10-09T00:00:00Z|2004-10-09T03:00:00Z,train,0,False,zero
102263,NA,2004,2004-10-09T06:00:00Z,29.9,-60.0,2004284N30295,2004-10-10T00:00:00Z,1,1.0,2004-10-08T06:00:00Z|2004-10-08T09:00:00Z|2004-10-08T12:00:00Z|2004-10-08T15:00:00Z|2004-10-08T18:00:00Z|2004-10-08T21:00:00Z|2004-10-09T00:00:00Z|2004-10-09T03:00:00Z|2004-10-09T06:00:00Z,train,0,False,zero
102263,NA,2004,2004-10-09T09:00:00Z,30.4,-59.8,2004284N30295,2004-10-10T00:00:00Z,1,1.0,2004-10-08T09:00:00Z|2004-10-08T12:00:00Z|2004-10-08T15:00:00Z|2004-10-08T18:00:00Z|2004-10-08T21:00:00Z|2004-10-09T00:00:00Z|2004-10-09T03:00:00Z|2004-10-09T06:00:00Z|2004-10-09T09:00:00Z,train,0,False,zero
102263,NA,2004,2004-10-09T12:00:00Z,32.9,-61.6,2004284N30295,2004-10-10T00:00:00Z,1,1.0,2004-10-08T12:00:00Z|2004-10-08T15:00:00Z|2004-10-08T18:00:00Z|2004-10-08T21:00:00Z|2004-10-09T00:00:00Z|2004-10-09T03:00:00Z|2004-10-09T06:00:00Z|2004-10-09T09:00:00Z|2004-10-09T12:00:00Z,train,0,False,zero
102263,NA,2004,2004-10-09T15:00:00Z,32.1,-61.8,2004284N30295,2004-10-10T00:00:00Z,1,1.0,2004-10-08T15:00:00Z|2004-10-08T18:00:00Z|2004-10-08T21:00:00Z|2004-10-09T00:00:00Z|2004-10-09T03:00:00Z|2004-10-09T06:00:00Z|2004-10-09T09:00:00Z|2004-10-09T12:00:00Z|2004-10-09T15:00:00Z,train,0,False,zero
102263,NA,2004,2004-10-09T18:00:00Z,32.4,-63.4,2004284N30295,2004-10-10T00:00:00Z,1,1.0,2004-10-08T18:00:00Z|2004-10-08T21:00:00Z|2004-10-09T00:00:00Z|2004-10-09T03:00:00Z|2004-10-09T06:00:00Z|2004-10-09T09:00:00Z|2004-10-09T12:00:00Z|2004-10-09T15:00:00Z|2004-10-09T18:00:00Z,train,0,False,zero
102263,NA,2004,2004-10-09T21:00:00Z,33.0,-63.8,2004284N30295,2004-10-10T00:00:00Z,1,1.0,2004-10-08T21:00:00Z|2004-10-09T00:00:00Z|2004-10-09T03:00:00Z|2004-10-09T06:00:00Z|2004-10-09T09:00:00Z|2004-10-09T12:00:00Z|2004-10-09T15:00:00Z|2004-10-09T18:00:00Z|2004-10-09T21:00:00Z,train,0,False,zero
102264,EP,2004,2004-10-11T15:00:00Z,13.1,-97.4,2004286N14263,2004-10-12T18:00:00Z,0,1.0,2004-10-10T15:00:00Z|2004-10-10T18:00:00Z|2004-10-10T21:00:00Z|2004-10-11T00:00:00Z|2004-10-11T03:00:00Z|2004-10-11T06:00:00Z|2004-10-11T09:00:00Z|2004-10-11T12:00:00Z|2004-10-11T15:00:00Z,train,0,False,zero
102268,NI,2004,2004-11-01T09:00:00Z,10.1,64.9,2004307N09068,2004-11-04T06:00:00Z,0,0.0,2004-10-31T09:00:00Z|2004-10-31T12:00:00Z|2004-10-31T15:00:00Z|2004-10-31T18:00:00Z|2004-10-31T21:00:00Z|2004-11-01T00:00:00Z|2004-11-01T03:00:00Z|2004-11-01T06:00:00Z|2004-11-01T09:00:00Z,train,0,False,zero
102270,WP,2004,2004-11-13T12:00:00Z,9.8,133.5,2004319N10134,2004-11-14T12:00:00Z,1,1.0,2004-11-12T12:00:00Z|2004-11-12T15:00:00Z|2004-11-12T18:00:00Z|2004-11-12T21:00:00Z|2004-11-13T00:00:00Z|2004-11-13T03:00:00Z|2004-11-13T06:00:00Z|2004-11-13T09:00:00Z|2004-11-13T12:00:00Z,train,0,False,zero
102270,WP,2004,2004-11-13T15:00:00Z,11.0,133.3,2004319N10134,2004-11-14T12:00:00Z,1,1.0,2004-11-12T15:00:00Z|2004-11-12T18:00:00Z|2004-11-12T21:00:00Z|2004-11-13T00:00:00Z|2004-11-13T03:00:00Z|2004-11-13T06:00:00Z|2004-11-13T09:00:00Z|2004-11-13T12:00:00Z|2004-11-13T15:00:00Z,train,0,False,zero
102283,NI,2005,2005-01-11T15:00:00Z,4.2,90.5,2005012N04090,2005-01-14T12:00:00Z,0,0.0,2005-01-10T15:00:00Z|2005-01-10T18:00:00Z|2005-01-10T21:00:00Z|2005-01-11T00:00:00Z|2005-01-11T03:00:00Z|2005-01-11T06:00:00Z|2005-01-11T09:00:00Z|2005-01-11T12:00:00Z|2005-01-11T15:00:00Z,train,0,False,zero
102286,SI,2005,2005-01-15T03:00:00Z,-6.2,87.7,2005015S06089,2005-01-18T00:00:00Z,0,0.0,2005-01-14T03:00:00Z|2005-01-14T06:00:00Z|2005-01-14T09:00:00Z|2005-01-14T12:00:00Z|2005-01-14T15:00:00Z|2005-01-14T18:00:00Z|2005-01-14T21:00:00Z|2005-01-15T00:00:00Z|2005-01-15T03:00:00Z,train,0,False,zero
102303,WP,2005,2005-04-16T15:00:00Z,7.9,150.8,2005107N07151,2005-04-22T18:00:00Z,0,0.0,2005-04-15T15:00:00Z|2005-04-15T18:00:00Z|2005-04-15T21:00:00Z|2005-04-16T00:00:00Z|2005-04-16T03:00:00Z|2005-04-16T06:00:00Z|2005-04-16T09:00:00Z|2005-04-16T12:00:00Z|2005-04-16T15:00:00Z,train,0,False,zero
102318,NA,2005,2005-07-21T03:00:00Z,21.7,-71.2,2005203N25285,2005-07-21T21:00:00Z,1,1.0,2005-07-20T03:00:00Z|2005-07-20T06:00:00Z|2005-07-20T09:00:00Z|2005-07-20T12:00:00Z|2005-07-20T15:00:00Z|2005-07-20T18:00:00Z|2005-07-20T21:00:00Z|2005-07-21T00:00:00Z|2005-07-21T03:00:00Z,train,0,False,zero
102318,NA,2005,2005-07-21T06:00:00Z,23.3,-73.0,2005203N25285,2005-07-21T21:00:00Z,1,1.0,2005-07-20T06:00:00Z|2005-07-20T09:00:00Z|2005-07-20T12:00:00Z|2005-07-20T15:00:00Z|2005-07-20T18:00:00Z|2005-07-20T21:00:00Z|2005-07-21T00:00:00Z|2005-07-21T03:00:00Z|2005-07-21T06:00:00Z,train,0,False,zero
102318,NA,2005,2005-07-21T09:00:00Z,24.5,-72.8,2005203N25285,2005-07-21T21:00:00Z,1,1.0,2005-07-20T09:00:00Z|2005-07-20T12:00:00Z|2005-07-20T15:00:00Z|2005-07-20T18:00:00Z|2005-07-20T21:00:00Z|2005-07-21T00:00:00Z|2005-07-21T03:00:00Z|2005-07-21T06:00:00Z|2005-07-21T09:00:00Z,train,0,False,zero
102318,NA,2005,2005-07-21T12:00:00Z,24.5,-73.4,2005203N25285,2005-07-21T21:00:00Z,1,1.0,2005-07-20T12:00:00Z|2005-07-20T15:00:00Z|2005-07-20T18:00:00Z|2005-07-20T21:00:00Z|2005-07-21T00:00:00Z|2005-07-21T03:00:00Z|2005-07-21T06:00:00Z|2005-07-21T09:00:00Z|2005-07-21T12:00:00Z,train,0,False,zero
102318,NA,2005,2005-07-21T15:00:00Z,24.4,-73.9,2005203N25285,2005-07-21T21:00:00Z,1,1.0,2005-07-20T15:00:00Z|2005-07-20T18:00:00Z|2005-07-20T21:00:00Z|2005-07-21T00:00:00Z|2005-07-21T03:00:00Z|2005-07-21T06:00:00Z|2005-07-21T09:00:00Z|2005-07-21T12:00:00Z|2005-07-21T15:00:00Z,train,0,False,zero
102323,NA,2005,2005-08-02T06:00:00Z,26.5,-66.5,2005215N28291,2005-08-03T03:00:00Z,1,1.0,2005-08-01T06:00:00Z|2005-08-01T09:00:00Z|2005-08-01T12:00:00Z|2005-08-01T15:00:00Z|2005-08-01T18:00:00Z|2005-08-01T21:00:00Z|2005-08-02T00:00:00Z|2005-08-02T03:00:00Z|2005-08-02T06:00:00Z,train,0,False,zero
102323,NA,2005,2005-08-02T09:00:00Z,26.2,-65.8,2005215N28291,2005-08-03T03:00:00Z,1,1.0,2005-08-01T09:00:00Z|2005-08-01T12:00:00Z|2005-08-01T15:00:00Z|2005-08-01T18:00:00Z|2005-08-01T21:00:00Z|2005-08-02T00:00:00Z|2005-08-02T03:00:00Z|2005-08-02T06:00:00Z|2005-08-02T09:00:00Z,train,0,False,zero
102323,NA,2005,2005-08-02T12:00:00Z,25.8,-65.1,2005215N28291,2005-08-03T03:00:00Z,1,1.0,2005-08-01T12:00:00Z|2005-08-01T15:00:00Z|2005-08-01T18:00:00Z|2005-08-01T21:00:00Z|2005-08-02T00:00:00Z|2005-08-02T03:00:00Z|2005-08-02T06:00:00Z|2005-08-02T09:00:00Z|2005-08-02T12:00:00Z,train,0,False,zero
102323,NA,2005,2005-08-02T15:00:00Z,28.5,-67.7,2005215N28291,2005-08-03T03:00:00Z,1,1.0,2005-08-01T15:00:00Z|2005-08-01T18:00:00Z|2005-08-01T21:00:00Z|2005-08-02T00:00:00Z|2005-08-02T03:00:00Z|2005-08-02T06:00:00Z|2005-08-02T09:00:00Z|2005-08-02T12:00:00Z|2005-08-02T15:00:00Z,train,0,False,zero
102335,EP,2005,2005-08-25T06:00:00Z,18.4,-105.4,2005238N17255,2005-08-26T00:00:00Z,1,1.0,2005-08-24T06:00:00Z|2005-08-24T09:00:00Z|2005-08-24T12:00:00Z|2005-08-24T15:00:00Z|2005-08-24T18:00:00Z|2005-08-24T21:00:00Z|2005-08-25T00:00:00Z|2005-08-25T03:00:00Z|2005-08-25T06:00:00Z,train,0,False,zero
102335,EP,2005,2005-08-25T09:00:00Z,17.8,-106.2,2005238N17255,2005-08-26T00:00:00Z,1,1.0,2005-08-24T09:00:00Z|2005-08-24T12:00:00Z|2005-08-24T15:00:00Z|2005-08-24T18:00:00Z|2005-08-24T21:00:00Z|2005-08-25T00:00:00Z|2005-08-25T03:00:00Z|2005-08-25T06:00:00Z|2005-08-25T09:00:00Z,train,0,False,zero
102337,WP,2005,2005-08-28T15:00:00Z,14.1,154.1,2005241N15155,2005-08-29T18:00:00Z,0,1.0,2005-08-27T15:00:00Z|2005-08-27T18:00:00Z|2005-08-27T21:00:00Z|2005-08-28T00:00:00Z|2005-08-28T03:00:00Z|2005-08-28T06:00:00Z|2005-08-28T09:00:00Z|2005-08-28T12:00:00Z|2005-08-28T15:00:00Z,train,0,False,zero
102341,NA,2005,2005-09-05T00:00:00Z,26.8,-67.2,2005249N28293,2005-09-06T00:00:00Z,1,1.0,2005-09-04T00:00:00Z|2005-09-04T03:00:00Z|2005-09-04T06:00:00Z|2005-09-04T09:00:00Z|2005-09-04T12:00:00Z|2005-09-04T15:00:00Z|2005-09-04T18:00:00Z|2005-09-04T21:00:00Z|2005-09-05T00:00:00Z,train,0,False,zero
102341,NA,2005,2005-09-05T03:00:00Z,25.8,-66.9,2005249N28293,2005-09-06T00:00:00Z,1,1.0,2005-09-04T03:00:00Z|2005-09-04T06:00:00Z|2005-09-04T09:00:00Z|2005-09-04T12:00:00Z|2005-09-04T15:00:00Z|2005-09-04T18:00:00Z|2005-09-04T21:00:00Z|2005-09-05T00:00:00Z|2005-09-05T03:00:00Z,train,0,False,zero
102341,NA,2005,2005-09-05T06:00:00Z,26.3,-65.9,2005249N28293,2005-09-06T00:00:00Z,1,1.0,2005-09-04T06:00:00Z|2005-09-04T09:00:00Z|2005-09-04T12:00:00Z|2005-09-04T15:00:00Z|2005-09-04T18:00:00Z|2005-09-04T21:00:00Z|2005-09-05T00:00:00Z|2005-09-05T03:00:00Z|2005-09-05T06:00:00Z,train,0,False,zero
102341,NA,2005,2005-09-05T09:00:00Z,26.9,-65.0,2005249N28293,2005-09-06T00:00:00Z,1,1.0,2005-09-04T09:00:00Z|2005-09-04T12:00:00Z|2005-09-04T15:00:00Z|2005-09-04T18:00:00Z|2005-09-04T21:00:00Z|2005-09-05T00:00:00Z|2005-09-05T03:00:00Z|2005-09-05T06:00:00Z|2005-09-05T09:00:00Z,train,0,False,zero
102341,NA,2005,2005-09-05T12:00:00Z,27.4,-64.0,2005249N28293,2005-09-06T00:00:00Z,1,1.0,2005-09-04T12:00:00Z|2005-09-04T15:00:00Z|2005-09-04T18:00:00Z|2005-09-04T21:00:00Z|2005-09-05T00:00:00Z|2005-09-05T03:00:00Z|2005-09-05T06:00:00Z|2005-09-05T09:00:00Z|2005-09-05T12:00:00Z,train,0,False,zero
102341,NA,2005,2005-09-05T15:00:00Z,26.7,-63.8,2005249N28293,2005-09-06T00:00:00Z,1,1.0,2005-09-04T15:00:00Z|2005-09-04T18:00:00Z|2005-09-04T21:00:00Z|2005-09-05T00:00:00Z|2005-09-05T03:00:00Z|2005-09-05T06:00:00Z|2005-09-05T09:00:00Z|2005-09-05T12:00:00Z|2005-09-05T15:00:00Z,train,0,False,zero
102344,EP,2005,2005-09-14T06:00:00Z,15.5,-121.7,2005258N12242,2005-09-15T03:00:00Z,1,1.0,2005-09-13T06:00:00Z|2005-09-13T09:00:00Z|2005-09-13T12:00:00Z|2005-09-13T15:00:00Z|2005-09-13T18:00:00Z|2005-09-13T21:00:00Z|2005-09-14T00:00:00Z|2005-09-14T03:00:00Z|2005-09-14T06:00:00Z,train,0,False,zero
102344,EP,2005,2005-09-14T09:00:00Z,14.3,-121.7,2005258N12242,2005-09-15T03:00:00Z,1,1.0,2005-09-13T09:00:00Z|2005-09-13T12:00:00Z|2005-09-13T15:00:00Z|2005-09-13T18:00:00Z|2005-09-13T21:00:00Z|2005-09-14T00:00:00Z|2005-09-14T03:00:00Z|2005-09-14T06:00:00Z|2005-09-14T09:00:00Z,train,0,False,zero
102344,EP,2005,2005-09-14T12:00:00Z,13.2,-121.6,2005258N12242,2005-09-15T03:00:00Z,1,1.0,2005-09-13T12:00:00Z|2005-09-13T15:00:00Z|2005-09-13T18:00:00Z|2005-09-13T21:00:00Z|2005-09-14T00:00:00Z|2005-09-14T03:00:00Z|2005-09-14T06:00:00Z|2005-09-14T09:00:00Z|2005-09-14T12:00:00Z,train,0,False,zero
102344,EP,2005,2005-09-14T15:00:00Z,12.0,-121.6,2005258N12242,2005-09-15T03:00:00Z,1,1.0,2005-09-13T15:00:00Z|2005-09-13T18:00:00Z|2005-09-13T21:00:00Z|2005-09-14T00:00:00Z|2005-09-14T03:00:00Z|2005-09-14T06:00:00Z|2005-09-14T09:00:00Z|2005-09-14T12:00:00Z|2005-09-14T15:00:00Z,train,0,False,zero
102348,NA,2005,2005-09-17T18:00:00Z,21.6,-65.4,2005261N21290,2005-09-18T18:00:00Z,1,1.0,2005-09-16T18:00:00Z|2005-09-16T21:00:00Z|2005-09-17T00:00:00Z|2005-09-17T03:00:00Z|2005-09-17T06:00:00Z|2005-09-17T09:00:00Z|2005-09-17T12:00:00Z|2005-09-17T15:00:00Z|2005-09-17T18:00:00Z,train,0,False,zero
102348,NA,2005,2005-09-17T21:00:00Z,22.1,-66.6,2005261N21290,2005-09-18T18:00:00Z,1,1.0,2005-09-16T21:00:00Z|2005-09-17T00:00:00Z|2005-09-17T03:00:00Z|2005-09-17T06:00:00Z|2005-09-17T09:00:00Z|2005-09-17T12:00:00Z|2005-09-17T15:00:00Z|2005-09-17T18:00:00Z|2005-09-17T21:00:00Z,train,0,False,zero
102355,NI,2005,2005-10-01T03:00:00Z,19.5,89.3,2005274N17086,2005-10-02T06:00:00Z,0,1.0,2005-09-30T03:00:00Z|2005-09-30T06:00:00Z|2005-09-30T09:00:00Z|2005-09-30T12:00:00Z|2005-09-30T15:00:00Z|2005-09-30T18:00:00Z|2005-09-30T21:00:00Z|2005-10-01T00:00:00Z|2005-10-01T03:00:00Z,train,0,False,zero
102356,NA,2005,2005-10-01T06:00:00Z,20.2,-83.9,2005275N19274,2005-10-02T03:00:00Z,1,1.0,2005-09-30T06:00:00Z|2005-09-30T09:00:00Z|2005-09-30T12:00:00Z|2005-09-30T15:00:00Z|2005-09-30T18:00:00Z|2005-09-30T21:00:00Z|2005-10-01T00:00:00Z|2005-10-01T03:00:00Z|2005-10-01T06:00:00Z,train,0,False,zero
102356,NA,2005,2005-10-01T09:00:00Z,17.9,-85.7,2005275N19274,2005-10-02T03:00:00Z,1,1.0,2005-09-30T09:00:00Z|2005-09-30T12:00:00Z|2005-09-30T15:00:00Z|2005-09-30T18:00:00Z|2005-09-30T21:00:00Z|2005-10-01T00:00:00Z|2005-10-01T03:00:00Z|2005-10-01T06:00:00Z|2005-10-01T09:00:00Z,train,0,False,zero
102358,NA,2005,2005-10-04T06:00:00Z,24.9,-73.9,2005278N27280,2005-10-05T06:00:00Z,1,1.0,2005-10-03T06:00:00Z|2005-10-03T09:00:00Z|2005-10-03T12:00:00Z|2005-10-03T15:00:00Z|2005-10-03T18:00:00Z|2005-10-03T21:00:00Z|2005-10-04T00:00:00Z|2005-10-04T03:00:00Z|2005-10-04T06:00:00Z,train,0,False,zero
102358,NA,2005,2005-10-04T09:00:00Z,25.3,-75.2,2005278N27280,2005-10-05T06:00:00Z,1,1.0,2005-10-03T09:00:00Z|2005-10-03T12:00:00Z|2005-10-03T15:00:00Z|2005-10-03T18:00:00Z|2005-10-03T21:00:00Z|2005-10-04T00:00:00Z|2005-10-04T03:00:00Z|2005-10-04T06:00:00Z|2005-10-04T09:00:00Z,train,0,False,zero
102358,NA,2005,2005-10-04T12:00:00Z,25.5,-75.7,2005278N27280,2005-10-05T06:00:00Z,1,1.0,2005-10-03T12:00:00Z|2005-10-03T15:00:00Z|2005-10-03T18:00:00Z|2005-10-03T21:00:00Z|2005-10-04T00:00:00Z|2005-10-04T03:00:00Z|2005-10-04T06:00:00Z|2005-10-04T09:00:00Z|2005-10-04T12:00:00Z,train,0,False,zero
102358,NA,2005,2005-10-04T15:00:00Z,25.7,-76.3,2005278N27280,2005-10-05T06:00:00Z,1,1.0,2005-10-03T15:00:00Z|2005-10-03T18:00:00Z|2005-10-03T21:00:00Z|2005-10-04T00:00:00Z|2005-10-04T03:00:00Z|2005-10-04T06:00:00Z|2005-10-04T09:00:00Z|2005-10-04T12:00:00Z|2005-10-04T15:00:00Z,train,0,False,zero
102358,NA,2005,2005-10-04T18:00:00Z,25.8,-76.8,2005278N27280,2005-10-05T06:00:00Z,1,1.0,2005-10-03T18:00:00Z|2005-10-03T21:00:00Z|2005-10-04T00:00:00Z|2005-10-04T03:00:00Z|2005-10-04T06:00:00Z|2005-10-04T09:00:00Z|2005-10-04T12:00:00Z|2005-10-04T15:00:00Z|2005-10-04T18:00:00Z,train,0,False,zero
102358,NA,2005,2005-10-04T21:00:00Z,26.0,-77.4,2005278N27280,2005-10-05T06:00:00Z,1,1.0,2005-10-03T21:00:00Z|2005-10-04T00:00:00Z|2005-10-04T03:00:00Z|2005-10-04T06:00:00Z|2005-10-04T09:00:00Z|2005-10-04T12:00:00Z|2005-10-04T15:00:00Z|2005-10-04T18:00:00Z|2005-10-04T21:00:00Z,train,0,False,zero
102358,NA,2005,2005-10-05T00:00:00Z,26.5,-77.3,2005278N27280,2005-10-05T06:00:00Z,1,1.0,2005-10-04T00:00:00Z|2005-10-04T03:00:00Z|2005-10-04T06:00:00Z|2005-10-04T09:00:00Z|2005-10-04T12:00:00Z|2005-10-04T15:00:00Z|2005-10-04T18:00:00Z|2005-10-04T21:00:00Z|2005-10-05T00:00:00Z,train,0,False,zero
102358,NA,2005,2005-10-05T03:00:00Z,27.0,-77.2,2005278N27280,2005-10-05T06:00:00Z,1,1.0,2005-10-04T03:00:00Z|2005-10-04T06:00:00Z|2005-10-04T09:00:00Z|2005-10-04T12:00:00Z|2005-10-04T15:00:00Z|2005-10-04T18:00:00Z|2005-10-04T21:00:00Z|2005-10-05T00:00:00Z|2005-10-05T03:00:00Z,train,0,False,zero
102359,WP,2005,2005-10-06T03:00:00Z,18.4,113.1,2005279N17111,,0,0.0,2005-10-05T03:00:00Z|2005-10-05T06:00:00Z|2005-10-05T09:00:00Z|2005-10-05T12:00:00Z|2005-10-05T15:00:00Z|2005-10-05T18:00:00Z|2005-10-05T21:00:00Z|2005-10-06T00:00:00Z|2005-10-06T03:00:00Z,train,0,False,zero
102364,EP,2005,2005-10-14T21:00:00Z,10.3,-100.9,2005288N11259,,0,0.0,2005-10-13T21:00:00Z|2005-10-14T00:00:00Z|2005-10-14T03:00:00Z|2005-10-14T06:00:00Z|2005-10-14T09:00:00Z|2005-10-14T12:00:00Z|2005-10-14T15:00:00Z|2005-10-14T18:00:00Z|2005-10-14T21:00:00Z,train,0,False,zero
102373,NA,2005,2005-11-13T21:00:00Z,11.8,-59.7,2005318N13298,2005-11-15T06:00:00Z,0,1.0,2005-11-12T21:00:00Z|2005-11-13T00:00:00Z|2005-11-13T03:00:00Z|2005-11-13T06:00:00Z|2005-11-13T09:00:00Z|2005-11-13T12:00:00Z|2005-11-13T15:00:00Z|2005-11-13T18:00:00Z|2005-11-13T21:00:00Z,train,0,False,zero
102378,NI,2005,2005-12-04T03:00:00Z,9.3,91.3,2005338N09093,2005-12-06T00:00:00Z,0,1.0,2005-12-03T03:00:00Z|2005-12-03T06:00:00Z|2005-12-03T09:00:00Z|2005-12-03T12:00:00Z|2005-12-03T15:00:00Z|2005-12-03T18:00:00Z|2005-12-03T21:00:00Z|2005-12-04T00:00:00Z|2005-12-04T03:00:00Z,train,0,False,zero
102393,SI,2006,2006-02-22T06:00:00Z,-10.7,78.5,2006054S09082,2006-02-23T06:00:00Z,1,1.0,2006-02-21T06:00:00Z|2006-02-21T09:00:00Z|2006-02-21T12:00:00Z|2006-02-21T15:00:00Z|2006-02-21T18:00:00Z|2006-02-21T21:00:00Z|2006-02-22T00:00:00Z|2006-02-22T03:00:00Z|2006-02-22T06:00:00Z,train,0,False,zero
102393,SI,2006,2006-02-22T09:00:00Z,-11.7,79.0,2006054S09082,2006-02-23T06:00:00Z,1,1.0,2006-02-21T09:00:00Z|2006-02-21T12:00:00Z|2006-02-21T15:00:00Z|2006-02-21T18:00:00Z|2006-02-21T21:00:00Z|2006-02-22T00:00:00Z|2006-02-22T03:00:00Z|2006-02-22T06:00:00Z|2006-02-22T09:00:00Z,train,0,False,zero
102396,SI,2006,2006-03-01T03:00:00Z,-14.5,57.5,2006060S13058,2006-03-04T00:00:00Z,0,0.0,2006-02-28T03:00:00Z|2006-02-28T06:00:00Z|2006-02-28T09:00:00Z|2006-02-28T12:00:00Z|2006-02-28T15:00:00Z|2006-02-28T18:00:00Z|2006-02-28T21:00:00Z|2006-03-01T00:00:00Z|2006-03-01T03:00:00Z,train,0,False,zero
102408,NA,2006,2006-06-10T00:00:00Z,19.2,-81.6,2006161N20275,2006-06-11T00:00:00Z,1,1.0,2006-06-09T00:00:00Z|2006-06-09T03:00:00Z|2006-06-09T06:00:00Z|2006-06-09T09:00:00Z|2006-06-09T12:00:00Z|2006-06-09T15:00:00Z|2006-06-09T18:00:00Z|2006-06-09T21:00:00Z|2006-06-10T00:00:00Z,train,0,False,zero
102408,NA,2006,2006-06-10T03:00:00Z,19.7,-81.2,2006161N20275,2006-06-11T00:00:00Z,1,1.0,2006-06-09T03:00:00Z|2006-06-09T06:00:00Z|2006-06-09T09:00:00Z|2006-06-09T12:00:00Z|2006-06-09T15:00:00Z|2006-06-09T18:00:00Z|2006-06-09T21:00:00Z|2006-06-10T00:00:00Z|2006-06-10T03:00:00Z,train,0,False,zero
102411,NI,2006,2006-06-30T15:00:00Z,16.6,89.9,2006182N20088,2006-07-02T12:00:00Z,0,1.0,2006-06-29T15:00:00Z|2006-06-29T18:00:00Z|2006-06-29T21:00:00Z|2006-06-30T00:00:00Z|2006-06-30T03:00:00Z|2006-06-30T06:00:00Z|2006-06-30T09:00:00Z|2006-06-30T12:00:00Z|2006-06-30T15:00:00Z,train,0,False,zero
102419,EP,2006,2006-07-21T06:00:00Z,12.5,-104.7,2006203N12257,2006-07-22T06:00:00Z,1,1.0,2006-07-20T06:00:00Z|2006-07-20T09:00:00Z|2006-07-20T12:00:00Z|2006-07-20T15:00:00Z|2006-07-20T18:00:00Z|2006-07-20T21:00:00Z|2006-07-21T00:00:00Z|2006-07-21T03:00:00Z|2006-07-21T06:00:00Z,train,0,False,zero
102419,EP,2006,2006-07-21T09:00:00Z,11.7,-104.7,2006203N12257,2006-07-22T06:00:00Z,1,1.0,2006-07-20T09:00:00Z|2006-07-20T12:00:00Z|2006-07-20T15:00:00Z|2006-07-20T18:00:00Z|2006-07-20T21:00:00Z|2006-07-21T00:00:00Z|2006-07-21T03:00:00Z|2006-07-21T06:00:00Z|2006-07-21T09:00:00Z,train,0,False,zero
102421,EP,2006,2006-07-31T21:00:00Z,12.7,-105.6,2006213N13256,2006-08-01T12:00:00Z,1,1.0,2006-07-30T21:00:00Z|2006-07-31T00:00:00Z|2006-07-31T03:00:00Z|2006-07-31T06:00:00Z|2006-07-31T09:00:00Z|2006-07-31T12:00:00Z|2006-07-31T15:00:00Z|2006-07-31T18:00:00Z|2006-07-31T21:00:00Z,train,0,False,zero
102425,WP,2006,2006-08-03T15:00:00Z,22.2,155.3,2006216N21152,2006-08-05T21:00:00Z,0,0.0,2006-08-02T15:00:00Z|2006-08-02T18:00:00Z|2006-08-02T21:00:00Z|2006-08-03T00:00:00Z|2006-08-03T03:00:00Z|2006-08-03T06:00:00Z|2006-08-03T09:00:00Z|2006-08-03T12:00:00Z|2006-08-03T15:00:00Z,train,0,False,zero
102429,WP,2006,2006-08-15T21:00:00Z,7.8,-139.9,2006228N10218,2006-08-20T09:00:00Z,0,0.0,2006-08-14T21:00:00Z|2006-08-15T00:00:00Z|2006-08-15T03:00:00Z|2006-08-15T06:00:00Z|2006-08-15T09:00:00Z|2006-08-15T12:00:00Z|2006-08-15T15:00:00Z|2006-08-15T18:00:00Z|2006-08-15T21:00:00Z,train,0,False,zero
102434,NA,2006,2006-08-24T12:00:00Z,10.6,-60.9,2006237N13298,2006-08-25T12:00:00Z,1,1.0,2006-08-23T12:00:00Z|2006-08-23T15:00:00Z|2006-08-23T18:00:00Z|2006-08-23T21:00:00Z|2006-08-24T00:00:00Z|2006-08-24T03:00:00Z|2006-08-24T06:00:00Z|2006-08-24T09:00:00Z|2006-08-24T12:00:00Z,train,0,False,zero
102434,NA,2006,2006-08-24T15:00:00Z,11.7,-58.0,2006237N13298,2006-08-25T12:00:00Z,1,1.0,2006-08-23T15:00:00Z|2006-08-23T18:00:00Z|2006-08-23T21:00:00Z|2006-08-24T00:00:00Z|2006-08-24T03:00:00Z|2006-08-24T06:00:00Z|2006-08-24T09:00:00Z|2006-08-24T12:00:00Z|2006-08-24T15:00:00Z,train,0,False,zero
102436,EP,2006,2006-08-29T06:00:00Z,14.5,-117.9,2006242N16246,2006-08-30T06:00:00Z,1,1.0,2006-08-28T06:00:00Z|2006-08-28T09:00:00Z|2006-08-28T12:00:00Z|2006-08-28T15:00:00Z|2006-08-28T18:00:00Z|2006-08-28T21:00:00Z|2006-08-29T00:00:00Z|2006-08-29T03:00:00Z|2006-08-29T06:00:00Z,train,0,False,zero
102436,EP,2006,2006-08-29T09:00:00Z,14.9,-116.4,2006242N16246,2006-08-30T06:00:00Z,1,1.0,2006-08-28T09:00:00Z|2006-08-28T12:00:00Z|2006-08-28T15:00:00Z|2006-08-28T18:00:00Z|2006-08-28T21:00:00Z|2006-08-29T00:00:00Z|2006-08-29T03:00:00Z|2006-08-29T06:00:00Z|2006-08-29T09:00:00Z,train,0,False,zero
102436,EP,2006,2006-08-29T12:00:00Z,15.8,-114.6,2006242N16246,2006-08-30T06:00:00Z,1,1.0,2006-08-28T12:00:00Z|2006-08-28T15:00:00Z|2006-08-28T18:00:00Z|2006-08-28T21:00:00Z|2006-08-29T00:00:00Z|2006-08-29T03:00:00Z|2006-08-29T06:00:00Z|2006-08-29T09:00:00Z|2006-08-29T12:00:00Z,train,0,False,zero
102436,EP,2006,2006-08-29T15:00:00Z,15.1,-114.5,2006242N16246,2006-08-30T06:00:00Z,1,1.0,2006-08-28T15:00:00Z|2006-08-28T18:00:00Z|2006-08-28T21:00:00Z|2006-08-29T00:00:00Z|2006-08-29T03:00:00Z|2006-08-29T06:00:00Z|2006-08-29T09:00:00Z|2006-08-29T12:00:00Z|2006-08-29T15:00:00Z,train,0,False,zero
102436,EP,2006,2006-08-29T18:00:00Z,14.4,-114.3,2006242N16246,2006-08-30T06:00:00Z,1,1.0,2006-08-28T18:00:00Z|2006-08-28T21:00:00Z|2006-08-29T00:00:00Z|2006-08-29T03:00:00Z|2006-08-29T06:00:00Z|2006-08-29T09:00:00Z|2006-08-29T12:00:00Z|2006-08-29T15:00:00Z|2006-08-29T18:00:00Z,train,0,False,zero
102436,EP,2006,2006-08-29T21:00:00Z,13.6,-114.2,2006242N16246,2006-08-30T06:00:00Z,1,1.0,2006-08-28T21:00:00Z|2006-08-29T00:00:00Z|2006-08-29T03:00:00Z|2006-08-29T06:00:00Z|2006-08-29T09:00:00Z|2006-08-29T12:00:00Z|2006-08-29T15:00:00Z|2006-08-29T18:00:00Z|2006-08-29T21:00:00Z,train,0,False,zero
102437,NA,2006,2006-09-03T15:00:00Z,12.7,-39.3,2006247N14321,2006-09-05T06:00:00Z,0,1.0,2006-09-02T15:00:00Z|2006-09-02T18:00:00Z|2006-09-02T21:00:00Z|2006-09-03T00:00:00Z|2006-09-03T03:00:00Z|2006-09-03T06:00:00Z|2006-09-03T09:00:00Z|2006-09-03T12:00:00Z|2006-09-03T15:00:00Z,train,0,False,zero
102445,WP,2006,2006-09-15T21:00:00Z,16.6,155.4,2006259N19155,2006-09-17T06:00:00Z,0,1.0,2006-09-14T21:00:00Z|2006-09-15T00:00:00Z|2006-09-15T03:00:00Z|2006-09-15T06:00:00Z|2006-09-15T09:00:00Z|2006-09-15T12:00:00Z|2006-09-15T15:00:00Z|2006-09-15T18:00:00Z|2006-09-15T21:00:00Z,train,0,False,zero
102451,NA,2006,2006-09-27T06:00:00Z,24.7,-49.3,2006271N26307,2006-09-28T06:00:00Z,1,1.0,2006-09-26T06:00:00Z|2006-09-26T09:00:00Z|2006-09-26T12:00:00Z|2006-09-26T15:00:00Z|2006-09-26T18:00:00Z|2006-09-26T21:00:00Z|2006-09-27T00:00:00Z|2006-09-27T03:00:00Z|2006-09-27T06:00:00Z,train,0,False,zero
102451,NA,2006,2006-09-27T09:00:00Z,25.1,-49.8,2006271N26307,2006-09-28T06:00:00Z,1,1.0,2006-09-26T09:00:00Z|2006-09-26T12:00:00Z|2006-09-26T15:00:00Z|2006-09-26T18:00:00Z|2006-09-26T21:00:00Z|2006-09-27T00:00:00Z|2006-09-27T03:00:00Z|2006-09-27T06:00:00Z|2006-09-27T09:00:00Z,train,0,False,zero
102451,NA,2006,2006-09-27T12:00:00Z,26.4,-49.8,2006271N26307,2006-09-28T06:00:00Z,1,1.0,2006-09-26T12:00:00Z|2006-09-26T15:00:00Z|2006-09-26T18:00:00Z|2006-09-26T21:00:00Z|2006-09-27T00:00:00Z|2006-09-27T03:00:00Z|2006-09-27T06:00:00Z|2006-09-27T09:00:00Z|2006-09-27T12:00:00Z,train,0,False,zero
102451,NA,2006,2006-09-27T15:00:00Z,25.8,-50.6,2006271N26307,2006-09-28T06:00:00Z,1,1.0,2006-09-26T15:00:00Z|2006-09-26T18:00:00Z|2006-09-26T21:00:00Z|2006-09-27T00:00:00Z|2006-09-27T03:00:00Z|2006-09-27T06:00:00Z|2006-09-27T09:00:00Z|2006-09-27T12:00:00Z|2006-09-27T15:00:00Z,train,0,False,zero
102450,NI,2006,2006-09-27T21:00:00Z,16.6,89.1,2006271N18089,2006-09-28T18:00:00Z,1,1.0,2006-09-26T21:00:00Z|2006-09-27T00:00:00Z|2006-09-27T03:00:00Z|2006-09-27T06:00:00Z|2006-09-27T09:00:00Z|2006-09-27T12:00:00Z|2006-09-27T15:00:00Z|2006-09-27T18:00:00Z|2006-09-27T21:00:00Z,train,0,False,zero
102458,EP,2006,2006-10-20T12:00:00Z,15.6,-103.2,2006294N16254,2006-10-21T12:00:00Z,1,1.0,2006-10-19T12:00:00Z|2006-10-19T15:00:00Z|2006-10-19T18:00:00Z|2006-10-19T21:00:00Z|2006-10-20T00:00:00Z|2006-10-20T03:00:00Z|2006-10-20T06:00:00Z|2006-10-20T09:00:00Z|2006-10-20T12:00:00Z,train,0,False,zero
102458,EP,2006,2006-10-20T15:00:00Z,15.6,-103.8,2006294N16254,2006-10-21T12:00:00Z,1,1.0,2006-10-19T15:00:00Z|2006-10-19T18:00:00Z|2006-10-19T21:00:00Z|2006-10-20T00:00:00Z|2006-10-20T03:00:00Z|2006-10-20T06:00:00Z|2006-10-20T09:00:00Z|2006-10-20T12:00:00Z|2006-10-20T15:00:00Z,train,0,False,zero
102458,EP,2006,2006-10-20T18:00:00Z,15.5,-104.5,2006294N16254,2006-10-21T12:00:00Z,1,1.0,2006-10-19T18:00:00Z|2006-10-19T21:00:00Z|2006-10-20T00:00:00Z|2006-10-20T03:00:00Z|2006-10-20T06:00:00Z|2006-10-20T09:00:00Z|2006-10-20T12:00:00Z|2006-10-20T15:00:00Z|2006-10-20T18:00:00Z,train,0,False,zero
102458,EP,2006,2006-10-20T21:00:00Z,15.5,-105.0,2006294N16254,2006-10-21T12:00:00Z,1,1.0,2006-10-19T21:00:00Z|2006-10-20T00:00:00Z|2006-10-20T03:00:00Z|2006-10-20T06:00:00Z|2006-10-20T09:00:00Z|2006-10-20T12:00:00Z|2006-10-20T15:00:00Z|2006-10-20T18:00:00Z|2006-10-20T21:00:00Z,train,0,False,zero
102458,EP,2006,2006-10-21T00:00:00Z,15.8,-105.7,2006294N16254,2006-10-21T12:00:00Z,1,1.0,2006-10-20T00:00:00Z|2006-10-20T03:00:00Z|2006-10-20T06:00:00Z|2006-10-20T09:00:00Z|2006-10-20T12:00:00Z|2006-10-20T15:00:00Z|2006-10-20T18:00:00Z|2006-10-20T21:00:00Z|2006-10-21T00:00:00Z,train,0,False,zero
102458,EP,2006,2006-10-21T03:00:00Z,16.3,-106.2,2006294N16254,2006-10-21T12:00:00Z,1,1.0,2006-10-20T03:00:00Z|2006-10-20T06:00:00Z|2006-10-20T09:00:00Z|2006-10-20T12:00:00Z|2006-10-20T15:00:00Z|2006-10-20T18:00:00Z|2006-10-20T21:00:00Z|2006-10-21T00:00:00Z|2006-10-21T03:00:00Z,train,0,False,zero
102462,EP,2006,2006-10-26T09:00:00Z,17.4,-102.9,2006300N17256,,0,0.0,2006-10-25T09:00:00Z|2006-10-25T12:00:00Z|2006-10-25T15:00:00Z|2006-10-25T18:00:00Z|2006-10-25T21:00:00Z|2006-10-26T00:00:00Z|2006-10-26T03:00:00Z|2006-10-26T06:00:00Z|2006-10-26T09:00:00Z,train,0,False,zero
102496,SP,2007,2007-05-15T09:00:00Z,-7.2,158.7,2007136S10158,,0,0.0,2007-05-14T09:00:00Z|2007-05-14T12:00:00Z|2007-05-14T15:00:00Z|2007-05-14T18:00:00Z|2007-05-14T21:00:00Z|2007-05-15T00:00:00Z|2007-05-15T03:00:00Z|2007-05-15T06:00:00Z|2007-05-15T09:00:00Z,train,0,False,zero
102498,EP,2007,2007-05-29T12:00:00Z,12.8,-98.7,2007150N14263,2007-05-30T12:00:00Z,1,1.0,2007-05-28T12:00:00Z|2007-05-28T15:00:00Z|2007-05-28T18:00:00Z|2007-05-28T21:00:00Z|2007-05-29T00:00:00Z|2007-05-29T03:00:00Z|2007-05-29T06:00:00Z|2007-05-29T09:00:00Z|2007-05-29T12:00:00Z,train,0,False,zero
102498,EP,2007,2007-05-29T15:00:00Z,13.6,-96.8,2007150N14263,2007-05-30T12:00:00Z,1,1.0,2007-05-28T15:00:00Z|2007-05-28T18:00:00Z|2007-05-28T21:00:00Z|2007-05-29T00:00:00Z|2007-05-29T03:00:00Z|2007-05-29T06:00:00Z|2007-05-29T09:00:00Z|2007-05-29T12:00:00Z|2007-05-29T15:00:00Z,train,0,False,zero
102501,EP,2007,2007-06-11T09:00:00Z,16.1,-110.8,2007163N15250,,0,0.0,2007-06-10T09:00:00Z|2007-06-10T12:00:00Z|2007-06-10T15:00:00Z|2007-06-10T18:00:00Z|2007-06-10T21:00:00Z|2007-06-11T00:00:00Z|2007-06-11T03:00:00Z|2007-06-11T06:00:00Z|2007-06-11T09:00:00Z,train,0,False,zero
102502,NI,2007,2007-06-20T15:00:00Z,18.1,88.1,2007172N15088,2007-06-25T06:00:00Z,0,0.0,2007-06-19T15:00:00Z|2007-06-19T18:00:00Z|2007-06-19T21:00:00Z|2007-06-20T00:00:00Z|2007-06-20T03:00:00Z|2007-06-20T06:00:00Z|2007-06-20T09:00:00Z|2007-06-20T12:00:00Z|2007-06-20T15:00:00Z,train,0,False,zero
102504,WP,2007,2007-07-02T21:00:00Z,14.2,110.9,2007184N16112,2007-07-05T00:00:00Z,0,0.0,2007-07-01T21:00:00Z|2007-07-02T00:00:00Z|2007-07-02T03:00:00Z|2007-07-02T06:00:00Z|2007-07-02T09:00:00Z|2007-07-02T12:00:00Z|2007-07-02T15:00:00Z|2007-07-02T18:00:00Z|2007-07-02T21:00:00Z,train,0,False,zero
102506,EP,2007,2007-07-09T15:00:00Z,19.0,-116.1,2007191N17241,,0,0.0,2007-07-08T15:00:00Z|2007-07-08T18:00:00Z|2007-07-08T21:00:00Z|2007-07-09T00:00:00Z|2007-07-09T03:00:00Z|2007-07-09T06:00:00Z|2007-07-09T09:00:00Z|2007-07-09T12:00:00Z|2007-07-09T15:00:00Z,train,0,False,zero
102508,EP,2007,2007-07-14T09:00:00Z,12.9,-116.2,2007196N15246,,0,,2007-07-13T09:00:00Z|2007-07-13T12:00:00Z|2007-07-13T15:00:00Z|2007-07-13T18:00:00Z|2007-07-13T21:00:00Z|2007-07-14T00:00:00Z|2007-07-14T03:00:00Z|2007-07-14T06:00:00Z|2007-07-14T09:00:00Z,train,0,False,zero
102514,EP,2007,2007-07-31T00:00:00Z,12.5,-122.2,2007213N13238,2007-08-01T00:00:00Z,1,1.0,2007-07-30T00:00:00Z|2007-07-30T03:00:00Z|2007-07-30T06:00:00Z|2007-07-30T09:00:00Z|2007-07-30T12:00:00Z|2007-07-30T15:00:00Z|2007-07-30T18:00:00Z|2007-07-30T21:00:00Z|2007-07-31T00:00:00Z,train,0,False,zero
102514,EP,2007,2007-07-31T03:00:00Z,12.5,-122.5,2007213N13238,2007-08-01T00:00:00Z,1,1.0,2007-07-30T03:00:00Z|2007-07-30T06:00:00Z|2007-07-30T09:00:00Z|2007-07-30T12:00:00Z|2007-07-30T15:00:00Z|2007-07-30T18:00:00Z|2007-07-30T21:00:00Z|2007-07-31T00:00:00Z|2007-07-31T03:00:00Z,train,0,False,zero
102514,EP,2007,2007-07-31T06:00:00Z,12.4,-123.2,2007213N13238,2007-08-01T00:00:00Z,1,1.0,2007-07-30T06:00:00Z|2007-07-30T09:00:00Z|2007-07-30T12:00:00Z|2007-07-30T15:00:00Z|2007-07-30T18:00:00Z|2007-07-30T21:00:00Z|2007-07-31T00:00:00Z|2007-07-31T03:00:00Z|2007-07-31T06:00:00Z,train,0,False,zero
102514,EP,2007,2007-07-31T09:00:00Z,12.2,-123.8,2007213N13238,2007-08-01T00:00:00Z,1,1.0,2007-07-30T09:00:00Z|2007-07-30T12:00:00Z|2007-07-30T15:00:00Z|2007-07-30T18:00:00Z|2007-07-30T21:00:00Z|2007-07-31T00:00:00Z|2007-07-31T03:00:00Z|2007-07-31T06:00:00Z|2007-07-31T09:00:00Z,train,0,False,zero
102517,EP,2007,2007-08-08T03:00:00Z,13.9,-124.3,2007221N13234,2007-08-09T00:00:00Z,1,1.0,2007-08-07T03:00:00Z|2007-08-07T06:00:00Z|2007-08-07T09:00:00Z|2007-08-07T12:00:00Z|2007-08-07T15:00:00Z|2007-08-07T18:00:00Z|2007-08-07T21:00:00Z|2007-08-08T00:00:00Z|2007-08-08T03:00:00Z,train,0,False,zero
102517,EP,2007,2007-08-08T06:00:00Z,14.1,-124.3,2007221N13234,2007-08-09T00:00:00Z,1,1.0,2007-08-07T06:00:00Z|2007-08-07T09:00:00Z|2007-08-07T12:00:00Z|2007-08-07T15:00:00Z|2007-08-07T18:00:00Z|2007-08-07T21:00:00Z|2007-08-08T00:00:00Z|2007-08-08T03:00:00Z|2007-08-08T06:00:00Z,train,0,False,zero
102517,EP,2007,2007-08-08T09:00:00Z,13.7,-125.1,2007221N13234,2007-08-09T00:00:00Z,1,1.0,2007-08-07T09:00:00Z|2007-08-07T12:00:00Z|2007-08-07T15:00:00Z|2007-08-07T18:00:00Z|2007-08-07T21:00:00Z|2007-08-08T00:00:00Z|2007-08-08T03:00:00Z|2007-08-08T06:00:00Z|2007-08-08T09:00:00Z,train,0,False,zero
102517,EP,2007,2007-08-08T12:00:00Z,13.2,-126.4,2007221N13234,2007-08-09T00:00:00Z,1,1.0,2007-08-07T12:00:00Z|2007-08-07T15:00:00Z|2007-08-07T18:00:00Z|2007-08-07T21:00:00Z|2007-08-08T00:00:00Z|2007-08-08T03:00:00Z|2007-08-08T06:00:00Z|2007-08-08T09:00:00Z|2007-08-08T12:00:00Z,train,0,False,zero
102517,EP,2007,2007-08-08T15:00:00Z,13.1,-127.0,2007221N13234,2007-08-09T00:00:00Z,1,1.0,2007-08-07T15:00:00Z|2007-08-07T18:00:00Z|2007-08-07T21:00:00Z|2007-08-08T00:00:00Z|2007-08-08T03:00:00Z|2007-08-08T06:00:00Z|2007-08-08T09:00:00Z|2007-08-08T12:00:00Z|2007-08-08T15:00:00Z,train,0,False,zero
102519,NA,2007,2007-08-13T03:00:00Z,11.6,-30.5,2007225N12331,2007-08-14T12:00:00Z,0,1.0,2007-08-12T03:00:00Z|2007-08-12T06:00:00Z|2007-08-12T09:00:00Z|2007-08-12T12:00:00Z|2007-08-12T15:00:00Z|2007-08-12T18:00:00Z|2007-08-12T21:00:00Z|2007-08-13T00:00:00Z|2007-08-13T03:00:00Z,train,0,False,zero
102520,NA,2007,2007-08-14T18:00:00Z,24.2,-90.1,2007227N24269,2007-08-15T18:00:00Z,1,1.0,2007-08-13T18:00:00Z|2007-08-13T21:00:00Z|2007-08-14T00:00:00Z|2007-08-14T03:00:00Z|2007-08-14T06:00:00Z|2007-08-14T09:00:00Z|2007-08-14T12:00:00Z|2007-08-14T15:00:00Z|2007-08-14T18:00:00Z,train,0,False,zero
102520,NA,2007,2007-08-14T21:00:00Z,26.9,-88.9,2007227N24269,2007-08-15T18:00:00Z,1,1.0,2007-08-13T21:00:00Z|2007-08-14T00:00:00Z|2007-08-14T03:00:00Z|2007-08-14T06:00:00Z|2007-08-14T09:00:00Z|2007-08-14T12:00:00Z|2007-08-14T15:00:00Z|2007-08-14T18:00:00Z|2007-08-14T21:00:00Z,train,0,False,zero
102526,NA,2007,2007-09-07T18:00:00Z,30.8,-73.0,2007251N30288,2007-09-08T00:00:00Z,1,1.0,2007-09-06T18:00:00Z|2007-09-06T21:00:00Z|2007-09-07T00:00:00Z|2007-09-07T03:00:00Z|2007-09-07T06:00:00Z|2007-09-07T09:00:00Z|2007-09-07T12:00:00Z|2007-09-07T15:00:00Z|2007-09-07T18:00:00Z,train,0,False,zero
102526,NA,2007,2007-09-07T21:00:00Z,30.4,-69.3,2007251N30288,2007-09-08T00:00:00Z,1,1.0,2007-09-06T21:00:00Z|2007-09-07T00:00:00Z|2007-09-07T03:00:00Z|2007-09-07T06:00:00Z|2007-09-07T09:00:00Z|2007-09-07T12:00:00Z|2007-09-07T15:00:00Z|2007-09-07T18:00:00Z|2007-09-07T21:00:00Z,train,0,False,zero
102528,NA,2007,2007-09-12T03:00:00Z,12.5,-43.8,2007255N13316,2007-09-13T06:00:00Z,0,1.0,2007-09-11T03:00:00Z|2007-09-11T06:00:00Z|2007-09-11T09:00:00Z|2007-09-11T12:00:00Z|2007-09-11T15:00:00Z|2007-09-11T18:00:00Z|2007-09-11T21:00:00Z|2007-09-12T00:00:00Z|2007-09-12T03:00:00Z,train,0,False,zero
102531,EP,2007,2007-09-17T21:00:00Z,13.2,-105.4,2007261N13254,2007-09-18T21:00:00Z,1,1.0,2007-09-16T21:00:00Z|2007-09-17T00:00:00Z|2007-09-17T03:00:00Z|2007-09-17T06:00:00Z|2007-09-17T09:00:00Z|2007-09-17T12:00:00Z|2007-09-17T15:00:00Z|2007-09-17T18:00:00Z|2007-09-17T21:00:00Z,train,0,False,zero
102531,EP,2007,2007-09-18T00:00:00Z,13.7,-104.8,2007261N13254,2007-09-18T21:00:00Z,1,1.0,2007-09-17T00:00:00Z|2007-09-17T03:00:00Z|2007-09-17T06:00:00Z|2007-09-17T09:00:00Z|2007-09-17T12:00:00Z|2007-09-17T15:00:00Z|2007-09-17T18:00:00Z|2007-09-17T21:00:00Z|2007-09-18T00:00:00Z,train,0,False,zero
102531,EP,2007,2007-09-18T03:00:00Z,12.9,-106.5,2007261N13254,2007-09-18T21:00:00Z,1,1.0,2007-09-17T03:00:00Z|2007-09-17T06:00:00Z|2007-09-17T09:00:00Z|2007-09-17T12:00:00Z|2007-09-17T15:00:00Z|2007-09-17T18:00:00Z|2007-09-17T21:00:00Z|2007-09-18T00:00:00Z|2007-09-18T03:00:00Z,train,0,False,zero
102540,EP,2007,2007-09-28T12:00:00Z,13.6,-108.1,2007272N15251,2007-09-29T12:00:00Z,1,1.0,2007-09-27T12:00:00Z|2007-09-27T15:00:00Z|2007-09-27T18:00:00Z|2007-09-27T21:00:00Z|2007-09-28T00:00:00Z|2007-09-28T03:00:00Z|2007-09-28T06:00:00Z|2007-09-28T09:00:00Z|2007-09-28T12:00:00Z,train,0,False,zero
102540,EP,2007,2007-09-28T15:00:00Z,14.6,-108.7,2007272N15251,2007-09-29T12:00:00Z,1,1.0,2007-09-27T15:00:00Z|2007-09-27T18:00:00Z|2007-09-27T21:00:00Z|2007-09-28T00:00:00Z|2007-09-28T03:00:00Z|2007-09-28T06:00:00Z|2007-09-28T09:00:00Z|2007-09-28T12:00:00Z|2007-09-28T15:00:00Z,train,0,False,zero
102540,EP,2007,2007-09-28T18:00:00Z,15.1,-108.8,2007272N15251,2007-09-29T12:00:00Z,1,1.0,2007-09-27T18:00:00Z|2007-09-27T21:00:00Z|2007-09-28T00:00:00Z|2007-09-28T03:00:00Z|2007-09-28T06:00:00Z|2007-09-28T09:00:00Z|2007-09-28T12:00:00Z|2007-09-28T15:00:00Z|2007-09-28T18:00:00Z,train,0,False,zero
102540,EP,2007,2007-09-28T21:00:00Z,15.3,-109.7,2007272N15251,2007-09-29T12:00:00Z,1,1.0,2007-09-27T21:00:00Z|2007-09-28T00:00:00Z|2007-09-28T03:00:00Z|2007-09-28T06:00:00Z|2007-09-28T09:00:00Z|2007-09-28T12:00:00Z|2007-09-28T15:00:00Z|2007-09-28T18:00:00Z|2007-09-28T21:00:00Z,train,0,False,zero
102545,NA,2007,2007-10-11T09:00:00Z,29.3,-51.2,2007285N30307,2007-10-16T12:00:00Z,0,0.0,2007-10-10T09:00:00Z|2007-10-10T12:00:00Z|2007-10-10T15:00:00Z|2007-10-10T18:00:00Z|2007-10-10T21:00:00Z|2007-10-11T00:00:00Z|2007-10-11T03:00:00Z|2007-10-11T06:00:00Z|2007-10-11T09:00:00Z,train,0,False,zero
102546,EP,2007,2007-10-14T21:00:00Z,15.8,-110.3,2007288N15251,2007-10-16T12:00:00Z,0,1.0,2007-10-13T21:00:00Z|2007-10-14T00:00:00Z|2007-10-14T03:00:00Z|2007-10-14T06:00:00Z|2007-10-14T09:00:00Z|2007-10-14T12:00:00Z|2007-10-14T15:00:00Z|2007-10-14T18:00:00Z|2007-10-14T21:00:00Z,train,0,False,zero
102547,WP,2007,2007-10-18T00:00:00Z,15.8,147.6,2007291N19148,2007-10-19T00:00:00Z,1,1.0,2007-10-17T00:00:00Z|2007-10-17T03:00:00Z|2007-10-17T06:00:00Z|2007-10-17T09:00:00Z|2007-10-17T12:00:00Z|2007-10-17T15:00:00Z|2007-10-17T18:00:00Z|2007-10-17T21:00:00Z|2007-10-18T00:00:00Z,train,0,False,zero
102547,WP,2007,2007-10-18T03:00:00Z,17.7,146.6,2007291N19148,2007-10-19T00:00:00Z,1,1.0,2007-10-17T03:00:00Z|2007-10-17T06:00:00Z|2007-10-17T09:00:00Z|2007-10-17T12:00:00Z|2007-10-17T15:00:00Z|2007-10-17T18:00:00Z|2007-10-17T21:00:00Z|2007-10-18T00:00:00Z|2007-10-18T03:00:00Z,train,0,False,zero
102556,SI,2007,2007-11-17T09:00:00Z,-4.6,74.4,2007322S06075,2007-11-18T09:00:00Z,1,1.0,2007-11-16T09:00:00Z|2007-11-16T12:00:00Z|2007-11-16T15:00:00Z|2007-11-16T18:00:00Z|2007-11-16T21:00:00Z|2007-11-17T00:00:00Z|2007-11-17T03:00:00Z|2007-11-17T06:00:00Z|2007-11-17T09:00:00Z,train,0,False,zero
102564,SI,2007,2007-12-17T09:00:00Z,-11.8,87.2,2007352S12088,2007-12-18T12:00:00Z,0,1.0,2007-12-16T09:00:00Z|2007-12-16T12:00:00Z|2007-12-16T15:00:00Z|2007-12-16T18:00:00Z|2007-12-16T21:00:00Z|2007-12-17T00:00:00Z|2007-12-17T03:00:00Z|2007-12-17T06:00:00Z|2007-12-17T09:00:00Z,train,0,False,zero
102565,SI,2007,2007-12-25T21:00:00Z,-9.7,116.2,2007360S10116,2007-12-28T06:00:00Z,0,0.0,2007-12-24T21:00:00Z|2007-12-25T00:00:00Z|2007-12-25T03:00:00Z|2007-12-25T06:00:00Z|2007-12-25T09:00:00Z|2007-12-25T12:00:00Z|2007-12-25T15:00:00Z|2007-12-25T18:00:00Z|2007-12-25T21:00:00Z,train,0,False,zero
102575,SI,2008,2008-02-03T09:00:00Z,-15.2,99.6,2008034S12103,2008-02-07T00:00:00Z,0,0.0,2008-02-02T09:00:00Z|2008-02-02T12:00:00Z|2008-02-02T15:00:00Z|2008-02-02T18:00:00Z|2008-02-02T21:00:00Z|2008-02-03T00:00:00Z|2008-02-03T03:00:00Z|2008-02-03T06:00:00Z|2008-02-03T09:00:00Z,validation,0,False,zero
102589,NI,2008,2008-04-25T09:00:00Z,12.9,93.3,2008117N11090,2008-04-27T12:00:00Z,0,0.0,2008-04-24T09:00:00Z|2008-04-24T12:00:00Z|2008-04-24T15:00:00Z|2008-04-24T18:00:00Z|2008-04-24T21:00:00Z|2008-04-25T00:00:00Z|2008-04-25T03:00:00Z|2008-04-25T06:00:00Z|2008-04-25T09:00:00Z,validation,0,False,zero
102591,WP,2008,2008-05-14T03:00:00Z,10.6,113.7,2008135N12116,2008-05-16T00:00:00Z,0,1.0,2008-05-13T03:00:00Z|2008-05-13T06:00:00Z|2008-05-13T09:00:00Z|2008-05-13T12:00:00Z|2008-05-13T15:00:00Z|2008-05-13T18:00:00Z|2008-05-13T21:00:00Z|2008-05-14T00:00:00Z|2008-05-14T03:00:00Z,validation,0,False,zero
102598,EP,2008,2008-06-27T12:00:00Z,11.8,-125.8,2008180N14238,2008-06-28T12:00:00Z,1,1.0,2008-06-26T12:00:00Z|2008-06-26T15:00:00Z|2008-06-26T18:00:00Z|2008-06-26T21:00:00Z|2008-06-27T00:00:00Z|2008-06-27T03:00:00Z|2008-06-27T06:00:00Z|2008-06-27T09:00:00Z|2008-06-27T12:00:00Z,validation,0,False,zero
102598,EP,2008,2008-06-27T15:00:00Z,12.2,-124.5,2008180N14238,2008-06-28T12:00:00Z,1,1.0,2008-06-26T15:00:00Z|2008-06-26T18:00:00Z|2008-06-26T21:00:00Z|2008-06-27T00:00:00Z|2008-06-27T03:00:00Z|2008-06-27T06:00:00Z|2008-06-27T09:00:00Z|2008-06-27T12:00:00Z|2008-06-27T15:00:00Z,validation,0,False,zero
102600,NA,2008,2008-07-03T00:00:00Z,12.0,-21.3,2008185N13337,2008-07-03T12:00:00Z,1,1.0,2008-07-02T00:00:00Z|2008-07-02T03:00:00Z|2008-07-02T06:00:00Z|2008-07-02T09:00:00Z|2008-07-02T12:00:00Z|2008-07-02T15:00:00Z|2008-07-02T18:00:00Z|2008-07-02T21:00:00Z|2008-07-03T00:00:00Z,validation,0,False,zero
102600,NA,2008,2008-07-03T03:00:00Z,12.2,-21.9,2008185N13337,2008-07-03T12:00:00Z,1,1.0,2008-07-02T03:00:00Z|2008-07-02T06:00:00Z|2008-07-02T09:00:00Z|2008-07-02T12:00:00Z|2008-07-02T15:00:00Z|2008-07-02T18:00:00Z|2008-07-02T21:00:00Z|2008-07-03T00:00:00Z|2008-07-03T03:00:00Z,validation,0,False,zero
102606,NA,2008,2008-07-19T12:00:00Z,14.1,-75.6,2008203N18276,2008-07-20T12:00:00Z,1,1.0,2008-07-18T12:00:00Z|2008-07-18T15:00:00Z|2008-07-18T18:00:00Z|2008-07-18T21:00:00Z|2008-07-19T00:00:00Z|2008-07-19T03:00:00Z|2008-07-19T06:00:00Z|2008-07-19T09:00:00Z|2008-07-19T12:00:00Z,validation,0,False,zero
102606,NA,2008,2008-07-19T15:00:00Z,16.2,-76.3,2008203N18276,2008-07-20T12:00:00Z,1,1.0,2008-07-18T15:00:00Z|2008-07-18T18:00:00Z|2008-07-18T21:00:00Z|2008-07-19T00:00:00Z|2008-07-19T03:00:00Z|2008-07-19T06:00:00Z|2008-07-19T09:00:00Z|2008-07-19T12:00:00Z|2008-07-19T15:00:00Z,validation,0,False,zero
102606,NA,2008,2008-07-19T18:00:00Z,16.7,-77.2,2008203N18276,2008-07-20T12:00:00Z,1,1.0,2008-07-18T18:00:00Z|2008-07-18T21:00:00Z|2008-07-19T00:00:00Z|2008-07-19T03:00:00Z|2008-07-19T06:00:00Z|2008-07-19T09:00:00Z|2008-07-19T12:00:00Z|2008-07-19T15:00:00Z|2008-07-19T18:00:00Z,validation,0,False,zero
102606,NA,2008,2008-07-19T21:00:00Z,16.6,-77.9,2008203N18276,2008-07-20T12:00:00Z,1,1.0,2008-07-18T21:00:00Z|2008-07-19T00:00:00Z|2008-07-19T03:00:00Z|2008-07-19T06:00:00Z|2008-07-19T09:00:00Z|2008-07-19T12:00:00Z|2008-07-19T15:00:00Z|2008-07-19T18:00:00Z|2008-07-19T21:00:00Z,validation,0,False,zero
102606,NA,2008,2008-07-20T00:00:00Z,17.4,-78.4,2008203N18276,2008-07-20T12:00:00Z,1,1.0,2008-07-19T00:00:00Z|2008-07-19T03:00:00Z|2008-07-19T06:00:00Z|2008-07-19T09:00:00Z|2008-07-19T12:00:00Z|2008-07-19T15:00:00Z|2008-07-19T18:00:00Z|2008-07-19T21:00:00Z|2008-07-20T00:00:00Z,validation,0,False,zero
102606,NA,2008,2008-07-20T03:00:00Z,16.4,-79.8,2008203N18276,2008-07-20T12:00:00Z,1,1.0,2008-07-19T03:00:00Z|2008-07-19T06:00:00Z|2008-07-19T09:00:00Z|2008-07-19T12:00:00Z|2008-07-19T15:00:00Z|2008-07-19T18:00:00Z|2008-07-19T21:00:00Z|2008-07-20T00:00:00Z|2008-07-20T03:00:00Z,validation,0,False,zero
102606,NA,2008,2008-07-20T06:00:00Z,16.8,-80.2,2008203N18276,2008-07-20T12:00:00Z,1,1.0,2008-07-19T06:00:00Z|2008-07-19T09:00:00Z|2008-07-19T12:00:00Z|2008-07-19T15:00:00Z|2008-07-19T18:00:00Z|2008-07-19T21:00:00Z|2008-07-20T00:00:00Z|2008-07-20T03:00:00Z|2008-07-20T06:00:00Z,validation,0,False,zero
102606,NA,2008,2008-07-20T09:00:00Z,17.6,-80.8,2008203N18276,2008-07-20T12:00:00Z,1,1.0,2008-07-19T09:00:00Z|2008-07-19T12:00:00Z|2008-07-19T15:00:00Z|2008-07-19T18:00:00Z|2008-07-19T21:00:00Z|2008-07-20T00:00:00Z|2008-07-20T03:00:00Z|2008-07-20T06:00:00Z|2008-07-20T09:00:00Z,validation,0,False,zero
102607,EP,2008,2008-07-20T18:00:00Z,13.4,-100.1,2008204N13260,2008-07-21T18:00:00Z,1,1.0,2008-07-19T18:00:00Z|2008-07-19T21:00:00Z|2008-07-20T00:00:00Z|2008-07-20T03:00:00Z|2008-07-20T06:00:00Z|2008-07-20T09:00:00Z|2008-07-20T12:00:00Z|2008-07-20T15:00:00Z|2008-07-20T18:00:00Z,validation,0,False,zero
102607,EP,2008,2008-07-20T21:00:00Z,15.1,-100.7,2008204N13260,2008-07-21T18:00:00Z,1,1.0,2008-07-19T21:00:00Z|2008-07-20T00:00:00Z|2008-07-20T03:00:00Z|2008-07-20T06:00:00Z|2008-07-20T09:00:00Z|2008-07-20T12:00:00Z|2008-07-20T15:00:00Z|2008-07-20T18:00:00Z|2008-07-20T21:00:00Z,validation,0,False,zero
102607,EP,2008,2008-07-21T00:00:00Z,14.2,-100.0,2008204N13260,2008-07-21T18:00:00Z,1,1.0,2008-07-20T00:00:00Z|2008-07-20T03:00:00Z|2008-07-20T06:00:00Z|2008-07-20T09:00:00Z|2008-07-20T12:00:00Z|2008-07-20T15:00:00Z|2008-07-20T18:00:00Z|2008-07-20T21:00:00Z|2008-07-21T00:00:00Z,validation,0,False,zero
102607,EP,2008,2008-07-21T03:00:00Z,13.3,-99.4,2008204N13260,2008-07-21T18:00:00Z,1,1.0,2008-07-20T03:00:00Z|2008-07-20T06:00:00Z|2008-07-20T09:00:00Z|2008-07-20T12:00:00Z|2008-07-20T15:00:00Z|2008-07-20T18:00:00Z|2008-07-20T21:00:00Z|2008-07-21T00:00:00Z|2008-07-21T03:00:00Z,validation,0,False,zero
102607,EP,2008,2008-07-21T06:00:00Z,13.7,-100.3,2008204N13260,2008-07-21T18:00:00Z,1,1.0,2008-07-20T06:00:00Z|2008-07-20T09:00:00Z|2008-07-20T12:00:00Z|2008-07-20T15:00:00Z|2008-07-20T18:00:00Z|2008-07-20T21:00:00Z|2008-07-21T00:00:00Z|2008-07-21T03:00:00Z|2008-07-21T06:00:00Z,validation,0,False,zero
102607,EP,2008,2008-07-21T09:00:00Z,14.3,-101.7,2008204N13260,2008-07-21T18:00:00Z,1,1.0,2008-07-20T09:00:00Z|2008-07-20T12:00:00Z|2008-07-20T15:00:00Z|2008-07-20T18:00:00Z|2008-07-20T21:00:00Z|2008-07-21T00:00:00Z|2008-07-21T03:00:00Z|2008-07-21T06:00:00Z|2008-07-21T09:00:00Z,validation,0,False,zero
102612,EP,2008,2008-08-06T00:00:00Z,9.6,-109.2,2008220N12250,2008-08-07T00:00:00Z,1,1.0,2008-08-05T00:00:00Z|2008-08-05T03:00:00Z|2008-08-05T06:00:00Z|2008-08-05T09:00:00Z|2008-08-05T12:00:00Z|2008-08-05T15:00:00Z|2008-08-05T18:00:00Z|2008-08-05T21:00:00Z|2008-08-06T00:00:00Z,validation,0,False,zero
102612,EP,2008,2008-08-06T03:00:00Z,12.5,-108.5,2008220N12250,2008-08-07T00:00:00Z,1,1.0,2008-08-05T03:00:00Z|2008-08-05T06:00:00Z|2008-08-05T09:00:00Z|2008-08-05T12:00:00Z|2008-08-05T15:00:00Z|2008-08-05T18:00:00Z|2008-08-05T21:00:00Z|2008-08-06T00:00:00Z|2008-08-06T03:00:00Z,validation,0,False,zero
102612,EP,2008,2008-08-06T06:00:00Z,12.6,-109.3,2008220N12250,2008-08-07T00:00:00Z,1,1.0,2008-08-05T06:00:00Z|2008-08-05T09:00:00Z|2008-08-05T12:00:00Z|2008-08-05T15:00:00Z|2008-08-05T18:00:00Z|2008-08-05T21:00:00Z|2008-08-06T00:00:00Z|2008-08-06T03:00:00Z|2008-08-06T06:00:00Z,validation,0,False,zero
102612,EP,2008,2008-08-06T09:00:00Z,12.6,-110.1,2008220N12250,2008-08-07T00:00:00Z,1,1.0,2008-08-05T09:00:00Z|2008-08-05T12:00:00Z|2008-08-05T15:00:00Z|2008-08-05T18:00:00Z|2008-08-05T21:00:00Z|2008-08-06T00:00:00Z|2008-08-06T03:00:00Z|2008-08-06T06:00:00Z|2008-08-06T09:00:00Z,validation,0,False,zero
102617,NA,2008,2008-08-14T15:00:00Z,20.4,-61.0,2008229N18293,2008-08-15T14:30:00Z,1,1.0,2008-08-13T15:00:00Z|2008-08-13T18:00:00Z|2008-08-13T21:00:00Z|2008-08-14T00:00:00Z|2008-08-14T03:00:00Z|2008-08-14T06:00:00Z|2008-08-14T09:00:00Z|2008-08-14T12:00:00Z|2008-08-14T15:00:00Z,validation,0,False,zero
102617,NA,2008,2008-08-14T18:00:00Z,18.1,-61.7,2008229N18293,2008-08-15T14:30:00Z,1,1.0,2008-08-13T18:00:00Z|2008-08-13T21:00:00Z|2008-08-14T00:00:00Z|2008-08-14T03:00:00Z|2008-08-14T06:00:00Z|2008-08-14T09:00:00Z|2008-08-14T12:00:00Z|2008-08-14T15:00:00Z|2008-08-14T18:00:00Z,validation,0,False,zero
102617,NA,2008,2008-08-14T21:00:00Z,18.3,-61.8,2008229N18293,2008-08-15T14:30:00Z,1,1.0,2008-08-13T21:00:00Z|2008-08-14T00:00:00Z|2008-08-14T03:00:00Z|2008-08-14T06:00:00Z|2008-08-14T09:00:00Z|2008-08-14T12:00:00Z|2008-08-14T15:00:00Z|2008-08-14T18:00:00Z|2008-08-14T21:00:00Z,validation,0,False,zero
102617,NA,2008,2008-08-15T00:00:00Z,17.7,-64.4,2008229N18293,2008-08-15T14:30:00Z,1,1.0,2008-08-14T00:00:00Z|2008-08-14T03:00:00Z|2008-08-14T06:00:00Z|2008-08-14T09:00:00Z|2008-08-14T12:00:00Z|2008-08-14T15:00:00Z|2008-08-14T18:00:00Z|2008-08-14T21:00:00Z|2008-08-15T00:00:00Z,validation,0,False,zero
102617,NA,2008,2008-08-15T03:00:00Z,17.9,-64.7,2008229N18293,2008-08-15T14:30:00Z,1,1.0,2008-08-14T03:00:00Z|2008-08-14T06:00:00Z|2008-08-14T09:00:00Z|2008-08-14T12:00:00Z|2008-08-14T15:00:00Z|2008-08-14T18:00:00Z|2008-08-14T21:00:00Z|2008-08-15T00:00:00Z|2008-08-15T03:00:00Z,validation,0,False,zero
102617,NA,2008,2008-08-15T06:00:00Z,18.0,-65.6,2008229N18293,2008-08-15T14:30:00Z,1,1.0,2008-08-14T06:00:00Z|2008-08-14T09:00:00Z|2008-08-14T12:00:00Z|2008-08-14T15:00:00Z|2008-08-14T18:00:00Z|2008-08-14T21:00:00Z|2008-08-15T00:00:00Z|2008-08-15T03:00:00Z|2008-08-15T06:00:00Z,validation,0,False,zero
102617,NA,2008,2008-08-15T09:00:00Z,18.0,-66.5,2008229N18293,2008-08-15T14:30:00Z,1,1.0,2008-08-14T09:00:00Z|2008-08-14T12:00:00Z|2008-08-14T15:00:00Z|2008-08-14T18:00:00Z|2008-08-14T21:00:00Z|2008-08-15T00:00:00Z|2008-08-15T03:00:00Z|2008-08-15T06:00:00Z|2008-08-15T09:00:00Z,validation,0,False,zero
102620,NA,2008,2008-08-24T18:00:00Z,13.7,-66.9,2008238N13293,2008-08-25T12:00:00Z,1,1.0,2008-08-23T18:00:00Z|2008-08-23T21:00:00Z|2008-08-24T00:00:00Z|2008-08-24T03:00:00Z|2008-08-24T06:00:00Z|2008-08-24T09:00:00Z|2008-08-24T12:00:00Z|2008-08-24T15:00:00Z|2008-08-24T18:00:00Z,validation,0,False,zero
102620,NA,2008,2008-08-24T21:00:00Z,14.4,-65.5,2008238N13293,2008-08-25T12:00:00Z,1,1.0,2008-08-23T21:00:00Z|2008-08-24T00:00:00Z|2008-08-24T03:00:00Z|2008-08-24T06:00:00Z|2008-08-24T09:00:00Z|2008-08-24T12:00:00Z|2008-08-24T15:00:00Z|2008-08-24T18:00:00Z|2008-08-24T21:00:00Z,validation,0,False,zero
102619,WP,2008,2008-08-24T21:00:00Z,12.2,131.8,2008238N13130,2008-08-27T00:00:00Z,0,0.0,2008-08-23T21:00:00Z|2008-08-24T00:00:00Z|2008-08-24T03:00:00Z|2008-08-24T06:00:00Z|2008-08-24T09:00:00Z|2008-08-24T12:00:00Z|2008-08-24T15:00:00Z|2008-08-24T18:00:00Z|2008-08-24T21:00:00Z,validation,0,False,zero
102623,NA,2008,2008-09-01T06:00:00Z,12.4,-18.3,2008246N12338,2008-09-02T06:00:00Z,1,1.0,2008-08-31T06:00:00Z|2008-08-31T09:00:00Z|2008-08-31T12:00:00Z|2008-08-31T15:00:00Z|2008-08-31T18:00:00Z|2008-08-31T21:00:00Z|2008-09-01T00:00:00Z|2008-09-01T03:00:00Z|2008-09-01T06:00:00Z,validation,0,False,zero
102623,NA,2008,2008-09-01T09:00:00Z,15.2,-17.5,2008246N12338,2008-09-02T06:00:00Z,1,1.0,2008-08-31T09:00:00Z|2008-08-31T12:00:00Z|2008-08-31T15:00:00Z|2008-08-31T18:00:00Z|2008-08-31T21:00:00Z|2008-09-01T00:00:00Z|2008-09-01T03:00:00Z|2008-09-01T06:00:00Z|2008-09-01T09:00:00Z,validation,0,False,zero
102623,NA,2008,2008-09-01T12:00:00Z,13.7,-19.7,2008246N12338,2008-09-02T06:00:00Z,1,1.0,2008-08-31T12:00:00Z|2008-08-31T15:00:00Z|2008-08-31T18:00:00Z|2008-08-31T21:00:00Z|2008-09-01T00:00:00Z|2008-09-01T03:00:00Z|2008-09-01T06:00:00Z|2008-09-01T09:00:00Z|2008-09-01T12:00:00Z,validation,0,False,zero
102623,NA,2008,2008-09-01T15:00:00Z,13.9,-20.4,2008246N12338,2008-09-02T06:00:00Z,1,1.0,2008-08-31T15:00:00Z|2008-08-31T18:00:00Z|2008-08-31T21:00:00Z|2008-09-01T00:00:00Z|2008-09-01T03:00:00Z|2008-09-01T06:00:00Z|2008-09-01T09:00:00Z|2008-09-01T12:00:00Z|2008-09-01T15:00:00Z,validation,0,False,zero
102623,NA,2008,2008-09-01T18:00:00Z,14.1,-21.1,2008246N12338,2008-09-02T06:00:00Z,1,1.0,2008-08-31T18:00:00Z|2008-08-31T21:00:00Z|2008-09-01T00:00:00Z|2008-09-01T03:00:00Z|2008-09-01T06:00:00Z|2008-09-01T09:00:00Z|2008-09-01T12:00:00Z|2008-09-01T15:00:00Z|2008-09-01T18:00:00Z,validation,0,False,zero
102623,NA,2008,2008-09-01T21:00:00Z,12.9,-22.2,2008246N12338,2008-09-02T06:00:00Z,1,1.0,2008-08-31T21:00:00Z|2008-09-01T00:00:00Z|2008-09-01T03:00:00Z|2008-09-01T06:00:00Z|2008-09-01T09:00:00Z|2008-09-01T12:00:00Z|2008-09-01T15:00:00Z|2008-09-01T18:00:00Z|2008-09-01T21:00:00Z,validation,0,False,zero
102624,EP,2008,2008-09-01T18:00:00Z,18.6,-110.3,2008246N19250,2008-09-02T12:00:00Z,1,1.0,2008-08-31T18:00:00Z|2008-08-31T21:00:00Z|2008-09-01T00:00:00Z|2008-09-01T03:00:00Z|2008-09-01T06:00:00Z|2008-09-01T09:00:00Z|2008-09-01T12:00:00Z|2008-09-01T15:00:00Z|2008-09-01T18:00:00Z,validation,0,False,zero
102624,EP,2008,2008-09-01T21:00:00Z,18.8,-110.7,2008246N19250,2008-09-02T12:00:00Z,1,1.0,2008-08-31T21:00:00Z|2008-09-01T00:00:00Z|2008-09-01T03:00:00Z|2008-09-01T06:00:00Z|2008-09-01T09:00:00Z|2008-09-01T12:00:00Z|2008-09-01T15:00:00Z|2008-09-01T18:00:00Z|2008-09-01T21:00:00Z,validation,0,False,zero
102624,EP,2008,2008-09-02T00:00:00Z,18.1,-111.4,2008246N19250,2008-09-02T12:00:00Z,1,1.0,2008-09-01T00:00:00Z|2008-09-01T03:00:00Z|2008-09-01T06:00:00Z|2008-09-01T09:00:00Z|2008-09-01T12:00:00Z|2008-09-01T15:00:00Z|2008-09-01T18:00:00Z|2008-09-01T21:00:00Z|2008-09-02T00:00:00Z,validation,0,False,zero
102624,EP,2008,2008-09-02T03:00:00Z,18.3,-112.0,2008246N19250,2008-09-02T12:00:00Z,1,1.0,2008-09-01T03:00:00Z|2008-09-01T06:00:00Z|2008-09-01T09:00:00Z|2008-09-01T12:00:00Z|2008-09-01T15:00:00Z|2008-09-01T18:00:00Z|2008-09-01T21:00:00Z|2008-09-02T00:00:00Z|2008-09-02T03:00:00Z,validation,0,False,zero
102628,WP,2008,2008-09-12T15:00:00Z,27.8,148.1,2008257N28148,2008-09-14T06:00:00Z,0,1.0,2008-09-11T15:00:00Z|2008-09-11T18:00:00Z|2008-09-11T21:00:00Z|2008-09-12T00:00:00Z|2008-09-12T03:00:00Z|2008-09-12T06:00:00Z|2008-09-12T09:00:00Z|2008-09-12T12:00:00Z|2008-09-12T15:00:00Z,validation,0,False,zero
102644,SI,2008,2008-10-15T15:00:00Z,-6.7,69.3,2008290S05071,2008-10-16T18:00:00Z,0,1.0,2008-10-14T15:00:00Z|2008-10-14T18:00:00Z|2008-10-14T21:00:00Z|2008-10-15T00:00:00Z|2008-10-15T03:00:00Z|2008-10-15T06:00:00Z|2008-10-15T09:00:00Z|2008-10-15T12:00:00Z|2008-10-15T15:00:00Z,validation,0,False,zero
102649,EP,2008,2008-11-02T00:00:00Z,7.1,-105.0,2008308N08252,2008-11-03T00:00:00Z,1,1.0,2008-11-01T00:00:00Z|2008-11-01T03:00:00Z|2008-11-01T06:00:00Z|2008-11-01T09:00:00Z|2008-11-01T12:00:00Z|2008-11-01T15:00:00Z|2008-11-01T18:00:00Z|2008-11-01T21:00:00Z|2008-11-02T00:00:00Z,validation,0,False,zero
102649,EP,2008,2008-11-02T03:00:00Z,8.7,-102.7,2008308N08252,2008-11-03T00:00:00Z,1,1.0,2008-11-01T03:00:00Z|2008-11-01T06:00:00Z|2008-11-01T09:00:00Z|2008-11-01T12:00:00Z|2008-11-01T15:00:00Z|2008-11-01T18:00:00Z|2008-11-01T21:00:00Z|2008-11-02T00:00:00Z|2008-11-02T03:00:00Z,validation,0,False,zero
102649,EP,2008,2008-11-02T06:00:00Z,8.3,-104.9,2008308N08252,2008-11-03T00:00:00Z,1,1.0,2008-11-01T06:00:00Z|2008-11-01T09:00:00Z|2008-11-01T12:00:00Z|2008-11-01T15:00:00Z|2008-11-01T18:00:00Z|2008-11-01T21:00:00Z|2008-11-02T00:00:00Z|2008-11-02T03:00:00Z|2008-11-02T06:00:00Z,validation,0,False,zero
102649,EP,2008,2008-11-02T09:00:00Z,7.6,-107.7,2008308N08252,2008-11-03T00:00:00Z,1,1.0,2008-11-01T09:00:00Z|2008-11-01T12:00:00Z|2008-11-01T15:00:00Z|2008-11-01T18:00:00Z|2008-11-01T21:00:00Z|2008-11-02T00:00:00Z|2008-11-02T03:00:00Z|2008-11-02T06:00:00Z|2008-11-02T09:00:00Z,validation,0,False,zero
102678,SP,2009,2009-03-15T18:00:00Z,-16.2,-161.9,2009075S18197,2009-03-16T18:00:00Z,1,1.0,2009-03-14T18:00:00Z|2009-03-14T21:00:00Z|2009-03-15T00:00:00Z|2009-03-15T03:00:00Z|2009-03-15T06:00:00Z|2009-03-15T09:00:00Z|2009-03-15T12:00:00Z|2009-03-15T15:00:00Z|2009-03-15T18:00:00Z,validation,0,False,zero
102678,SP,2009,2009-03-15T21:00:00Z,-16.3,-162.2,2009075S18197,2009-03-16T18:00:00Z,1,1.0,2009-03-14T21:00:00Z|2009-03-15T00:00:00Z|2009-03-15T03:00:00Z|2009-03-15T06:00:00Z|2009-03-15T09:00:00Z|2009-03-15T12:00:00Z|2009-03-15T15:00:00Z|2009-03-15T18:00:00Z|2009-03-15T21:00:00Z,validation,0,False,zero
102689,WP,2009,2009-06-13T03:00:00Z,8.6,128.1,2009164N10131,2009-06-17T18:00:00Z,0,0.0,2009-06-12T03:00:00Z|2009-06-12T06:00:00Z|2009-06-12T09:00:00Z|2009-06-12T12:00:00Z|2009-06-12T15:00:00Z|2009-06-12T18:00:00Z|2009-06-12T21:00:00Z|2009-06-13T00:00:00Z|2009-06-13T03:00:00Z,validation,0,False,zero
102709,NA,2009,2009-08-14T18:00:00Z,13.4,-31.0,2009227N12328,2009-08-15T18:00:00Z,1,1.0,2009-08-13T18:00:00Z|2009-08-13T21:00:00Z|2009-08-14T00:00:00Z|2009-08-14T03:00:00Z|2009-08-14T06:00:00Z|2009-08-14T09:00:00Z|2009-08-14T12:00:00Z|2009-08-14T15:00:00Z|2009-08-14T18:00:00Z,validation,0,False,zero
102709,NA,2009,2009-08-14T21:00:00Z,13.3,-31.6,2009227N12328,2009-08-15T18:00:00Z,1,1.0,2009-08-13T21:00:00Z|2009-08-14T00:00:00Z|2009-08-14T03:00:00Z|2009-08-14T06:00:00Z|2009-08-14T09:00:00Z|2009-08-14T12:00:00Z|2009-08-14T15:00:00Z|2009-08-14T18:00:00Z|2009-08-14T21:00:00Z,validation,0,False,zero
102709,NA,2009,2009-08-15T00:00:00Z,12.7,-32.2,2009227N12328,2009-08-15T18:00:00Z,1,1.0,2009-08-14T00:00:00Z|2009-08-14T03:00:00Z|2009-08-14T06:00:00Z|2009-08-14T09:00:00Z|2009-08-14T12:00:00Z|2009-08-14T15:00:00Z|2009-08-14T18:00:00Z|2009-08-14T21:00:00Z|2009-08-15T00:00:00Z,validation,0,False,zero
102709,NA,2009,2009-08-15T03:00:00Z,12.0,-32.9,2009227N12328,2009-08-15T18:00:00Z,1,1.0,2009-08-14T03:00:00Z|2009-08-14T06:00:00Z|2009-08-14T09:00:00Z|2009-08-14T12:00:00Z|2009-08-14T15:00:00Z|2009-08-14T18:00:00Z|2009-08-14T21:00:00Z|2009-08-15T00:00:00Z|2009-08-15T03:00:00Z,validation,0,False,zero
102719,NA,2009,2009-08-31T21:00:00Z,14.3,-52.1,2009245N17303,2009-09-01T18:00:00Z,1,1.0,2009-08-30T21:00:00Z|2009-08-31T00:00:00Z|2009-08-31T03:00:00Z|2009-08-31T06:00:00Z|2009-08-31T09:00:00Z|2009-08-31T12:00:00Z|2009-08-31T15:00:00Z|2009-08-31T18:00:00Z|2009-08-31T21:00:00Z,validation,0,False,zero
102719,NA,2009,2009-09-01T00:00:00Z,15.9,-52.4,2009245N17303,2009-09-01T18:00:00Z,1,1.0,2009-08-31T00:00:00Z|2009-08-31T03:00:00Z|2009-08-31T06:00:00Z|2009-08-31T09:00:00Z|2009-08-31T12:00:00Z|2009-08-31T15:00:00Z|2009-08-31T18:00:00Z|2009-08-31T21:00:00Z|2009-09-01T00:00:00Z,validation,0,False,zero
102719,NA,2009,2009-09-01T03:00:00Z,15.8,-52.7,2009245N17303,2009-09-01T18:00:00Z,1,1.0,2009-08-31T03:00:00Z|2009-08-31T06:00:00Z|2009-08-31T09:00:00Z|2009-08-31T12:00:00Z|2009-08-31T15:00:00Z|2009-08-31T18:00:00Z|2009-08-31T21:00:00Z|2009-09-01T00:00:00Z|2009-09-01T03:00:00Z,validation,0,False,zero
102719,NA,2009,2009-09-01T06:00:00Z,15.9,-53.4,2009245N17303,2009-09-01T18:00:00Z,1,1.0,2009-08-31T06:00:00Z|2009-08-31T09:00:00Z|2009-08-31T12:00:00Z|2009-08-31T15:00:00Z|2009-08-31T18:00:00Z|2009-08-31T21:00:00Z|2009-09-01T00:00:00Z|2009-09-01T03:00:00Z|2009-09-01T06:00:00Z,validation,0,False,zero
102719,NA,2009,2009-09-01T09:00:00Z,16.7,-53.4,2009245N17303,2009-09-01T18:00:00Z,1,1.0,2009-08-31T09:00:00Z|2009-08-31T12:00:00Z|2009-08-31T15:00:00Z|2009-08-31T18:00:00Z|2009-08-31T21:00:00Z|2009-09-01T00:00:00Z|2009-09-01T03:00:00Z|2009-09-01T06:00:00Z|2009-09-01T09:00:00Z,validation,0,False,zero
102719,NA,2009,2009-09-01T12:00:00Z,16.8,-53.8,2009245N17303,2009-09-01T18:00:00Z,1,1.0,2009-08-31T12:00:00Z|2009-08-31T15:00:00Z|2009-08-31T18:00:00Z|2009-08-31T21:00:00Z|2009-09-01T00:00:00Z|2009-09-01T03:00:00Z|2009-09-01T06:00:00Z|2009-09-01T09:00:00Z|2009-09-01T12:00:00Z,validation,0,False,zero
102719,NA,2009,2009-09-01T15:00:00Z,16.8,-53.6,2009245N17303,2009-09-01T18:00:00Z,1,1.0,2009-08-31T15:00:00Z|2009-08-31T18:00:00Z|2009-08-31T21:00:00Z|2009-09-01T00:00:00Z|2009-09-01T03:00:00Z|2009-09-01T06:00:00Z|2009-09-01T09:00:00Z|2009-09-01T12:00:00Z|2009-09-01T15:00:00Z,validation,0,False,zero
102722,NI,2009,2009-09-03T15:00:00Z,19.4,86.4,2009247N19089,2009-09-05T06:00:00Z,0,1.0,2009-09-02T15:00:00Z|2009-09-02T18:00:00Z|2009-09-02T21:00:00Z|2009-09-03T00:00:00Z|2009-09-03T03:00:00Z|2009-09-03T06:00:00Z|2009-09-03T09:00:00Z|2009-09-03T12:00:00Z|2009-09-03T15:00:00Z,validation,0,False,zero
102724,WP,2009,2009-09-08T03:00:00Z,14.1,118.0,2009251N16118,,0,0.0,2009-09-07T03:00:00Z|2009-09-07T06:00:00Z|2009-09-07T09:00:00Z|2009-09-07T12:00:00Z|2009-09-07T15:00:00Z|2009-09-07T18:00:00Z|2009-09-07T21:00:00Z|2009-09-08T00:00:00Z|2009-09-08T03:00:00Z,validation,0,False,zero
102726,WP,2009,2009-09-11T09:00:00Z,11.5,157.4,2009255N13155,2009-09-12T15:00:00Z,0,1.0,2009-09-10T09:00:00Z|2009-09-10T12:00:00Z|2009-09-10T15:00:00Z|2009-09-10T18:00:00Z|2009-09-10T21:00:00Z|2009-09-11T00:00:00Z|2009-09-11T03:00:00Z|2009-09-11T06:00:00Z|2009-09-11T09:00:00Z,validation,0,False,zero
102728,EP,2009,2009-09-20T15:00:00Z,9.0,-108.0,2009264N13252,2009-09-23T06:00:00Z,0,0.0,2009-09-19T15:00:00Z|2009-09-19T18:00:00Z|2009-09-19T21:00:00Z|2009-09-20T00:00:00Z|2009-09-20T03:00:00Z|2009-09-20T06:00:00Z|2009-09-20T09:00:00Z|2009-09-20T12:00:00Z|2009-09-20T15:00:00Z,validation,0,False,zero
102732,WP,2009,2009-09-26T21:00:00Z,9.0,145.7,2009270N10148,2009-09-28T12:00:00Z,0,1.0,2009-09-25T21:00:00Z|2009-09-26T00:00:00Z|2009-09-26T03:00:00Z|2009-09-26T06:00:00Z|2009-09-26T09:00:00Z|2009-09-26T12:00:00Z|2009-09-26T15:00:00Z|2009-09-26T18:00:00Z|2009-09-26T21:00:00Z,validation,0,False,zero
102733,EP,2009,2009-09-27T21:00:00Z,14.6,-101.2,2009271N15257,2009-10-01T18:00:00Z,0,0.0,2009-09-26T21:00:00Z|2009-09-27T00:00:00Z|2009-09-27T03:00:00Z|2009-09-27T06:00:00Z|2009-09-27T09:00:00Z|2009-09-27T12:00:00Z|2009-09-27T15:00:00Z|2009-09-27T18:00:00Z|2009-09-27T21:00:00Z,validation,0,False,zero
102745,WP,2009,2009-11-06T09:00:00Z,18.0,159.4,2009311N20157,2009-11-07T12:00:00Z,0,1.0,2009-11-05T09:00:00Z|2009-11-05T12:00:00Z|2009-11-05T15:00:00Z|2009-11-05T18:00:00Z|2009-11-05T21:00:00Z|2009-11-06T00:00:00Z|2009-11-06T03:00:00Z|2009-11-06T06:00:00Z|2009-11-06T09:00:00Z,validation,0,False,zero
102746,NI,2009,2009-11-08T18:00:00Z,11.1,73.7,2009313N11072,2009-11-09T18:00:00Z,1,1.0,2009-11-07T18:00:00Z|2009-11-07T21:00:00Z|2009-11-08T00:00:00Z|2009-11-08T03:00:00Z|2009-11-08T06:00:00Z|2009-11-08T09:00:00Z|2009-11-08T12:00:00Z|2009-11-08T15:00:00Z|2009-11-08T18:00:00Z,validation,0,False,zero
102746,NI,2009,2009-11-08T21:00:00Z,10.5,73.7,2009313N11072,2009-11-09T18:00:00Z,1,1.0,2009-11-07T21:00:00Z|2009-11-08T00:00:00Z|2009-11-08T03:00:00Z|2009-11-08T06:00:00Z|2009-11-08T09:00:00Z|2009-11-08T12:00:00Z|2009-11-08T15:00:00Z|2009-11-08T18:00:00Z|2009-11-08T21:00:00Z,validation,0,False,zero
102746,NI,2009,2009-11-09T00:00:00Z,9.8,73.7,2009313N11072,2009-11-09T18:00:00Z,1,1.0,2009-11-08T00:00:00Z|2009-11-08T03:00:00Z|2009-11-08T06:00:00Z|2009-11-08T09:00:00Z|2009-11-08T12:00:00Z|2009-11-08T15:00:00Z|2009-11-08T18:00:00Z|2009-11-08T21:00:00Z|2009-11-09T00:00:00Z,validation,0,False,zero
102746,NI,2009,2009-11-09T03:00:00Z,11.1,72.9,2009313N11072,2009-11-09T18:00:00Z,1,1.0,2009-11-08T03:00:00Z|2009-11-08T06:00:00Z|2009-11-08T09:00:00Z|2009-11-08T12:00:00Z|2009-11-08T15:00:00Z|2009-11-08T18:00:00Z|2009-11-08T21:00:00Z|2009-11-09T00:00:00Z|2009-11-09T03:00:00Z,validation,0,False,zero
102747,SI,2009,2009-11-13T03:00:00Z,-11.0,72.2,2009317S10073,2009-11-14T03:00:00Z,1,1.0,2009-11-12T03:00:00Z|2009-11-12T06:00:00Z|2009-11-12T09:00:00Z|2009-11-12T12:00:00Z|2009-11-12T15:00:00Z|2009-11-12T18:00:00Z|2009-11-12T21:00:00Z|2009-11-13T00:00:00Z|2009-11-13T03:00:00Z,validation,0,False,zero
102747,SI,2009,2009-11-13T06:00:00Z,-11.7,72.1,2009317S10073,2009-11-14T03:00:00Z,1,1.0,2009-11-12T06:00:00Z|2009-11-12T09:00:00Z|2009-11-12T12:00:00Z|2009-11-12T15:00:00Z|2009-11-12T18:00:00Z|2009-11-12T21:00:00Z|2009-11-13T00:00:00Z|2009-11-13T03:00:00Z|2009-11-13T06:00:00Z,validation,0,False,zero
102747,SI,2009,2009-11-13T09:00:00Z,-12.4,71.9,2009317S10073,2009-11-14T03:00:00Z,1,1.0,2009-11-12T09:00:00Z|2009-11-12T12:00:00Z|2009-11-12T15:00:00Z|2009-11-12T18:00:00Z|2009-11-12T21:00:00Z|2009-11-13T00:00:00Z|2009-11-13T03:00:00Z|2009-11-13T06:00:00Z|2009-11-13T09:00:00Z,validation,0,False,zero
102764,SI,2010,2010-01-31T21:00:00Z,-18.8,42.9,2010032S20042,2010-02-01T21:00:00Z,1,1.0,2010-01-30T21:00:00Z|2010-01-31T00:00:00Z|2010-01-31T03:00:00Z|2010-01-31T06:00:00Z|2010-01-31T09:00:00Z|2010-01-31T12:00:00Z|2010-01-31T15:00:00Z|2010-01-31T18:00:00Z|2010-01-31T21:00:00Z,validation,0,False,zero
102764,SI,2010,2010-02-01T00:00:00Z,-17.9,39.5,2010032S20042,2010-02-01T21:00:00Z,1,1.0,2010-01-31T00:00:00Z|2010-01-31T03:00:00Z|2010-01-31T06:00:00Z|2010-01-31T09:00:00Z|2010-01-31T12:00:00Z|2010-01-31T15:00:00Z|2010-01-31T18:00:00Z|2010-01-31T21:00:00Z|2010-02-01T00:00:00Z,validation,0,False,zero
102764,SI,2010,2010-02-01T03:00:00Z,-18.8,42.1,2010032S20042,2010-02-01T21:00:00Z,1,1.0,2010-01-31T03:00:00Z|2010-01-31T06:00:00Z|2010-01-31T09:00:00Z|2010-01-31T12:00:00Z|2010-01-31T15:00:00Z|2010-01-31T18:00:00Z|2010-01-31T21:00:00Z|2010-02-01T00:00:00Z|2010-02-01T03:00:00Z,validation,0,False,zero
102767,SI,2010,2010-02-14T21:00:00Z,-10.8,57.7,2010046S10058,2010-02-16T00:00:00Z,0,1.0,2010-02-13T21:00:00Z|2010-02-14T00:00:00Z|2010-02-14T03:00:00Z|2010-02-14T06:00:00Z|2010-02-14T09:00:00Z|2010-02-14T12:00:00Z|2010-02-14T15:00:00Z|2010-02-14T18:00:00Z|2010-02-14T21:00:00Z,validation,0,False,zero
102769,SI,2010,2010-03-08T21:00:00Z,-19.8,52.2,2010066S19050,2010-03-10T00:00:00Z,0,1.0,2010-03-07T21:00:00Z|2010-03-08T00:00:00Z|2010-03-08T03:00:00Z|2010-03-08T06:00:00Z|2010-03-08T09:00:00Z|2010-03-08T12:00:00Z|2010-03-08T15:00:00Z|2010-03-08T18:00:00Z|2010-03-08T21:00:00Z,validation,0,False,zero
102774,SI,2010,2010-03-21T03:00:00Z,-8.9,86.2,2010080S06089,2010-03-22T18:00:00Z,0,1.0,2010-03-20T03:00:00Z|2010-03-20T06:00:00Z|2010-03-20T09:00:00Z|2010-03-20T12:00:00Z|2010-03-20T15:00:00Z|2010-03-20T18:00:00Z|2010-03-20T21:00:00Z|2010-03-21T00:00:00Z|2010-03-21T03:00:00Z,validation,0,False,zero
102776,SI,2010,2010-04-01T03:00:00Z,-11.4,94.6,2010091S09093,2010-04-02T06:00:00Z,0,1.0,2010-03-31T03:00:00Z|2010-03-31T06:00:00Z|2010-03-31T09:00:00Z|2010-03-31T12:00:00Z|2010-03-31T15:00:00Z|2010-03-31T18:00:00Z|2010-03-31T21:00:00Z|2010-04-01T00:00:00Z|2010-04-01T03:00:00Z,validation,0,False,zero
102777,SI,2010,2010-04-19T21:00:00Z,-6.4,117.6,2010110S10118,2010-04-22T12:00:00Z,0,0.0,2010-04-18T21:00:00Z|2010-04-19T00:00:00Z|2010-04-19T03:00:00Z|2010-04-19T06:00:00Z|2010-04-19T09:00:00Z|2010-04-19T12:00:00Z|2010-04-19T15:00:00Z|2010-04-19T18:00:00Z|2010-04-19T21:00:00Z,validation,0,False,zero
102778,NI,2010,2010-05-15T09:00:00Z,6.4,55.8,2010136N09057,2010-05-19T12:00:00Z,0,0.0,2010-05-14T09:00:00Z|2010-05-14T12:00:00Z|2010-05-14T15:00:00Z|2010-05-14T18:00:00Z|2010-05-14T21:00:00Z|2010-05-15T00:00:00Z|2010-05-15T03:00:00Z|2010-05-15T06:00:00Z|2010-05-15T09:00:00Z,validation,0,False,zero
102780,EP,2010,2010-05-28T06:00:00Z,12.8,-91.1,2010149N13266,2010-05-29T06:00:00Z,1,1.0,2010-05-27T06:00:00Z|2010-05-27T09:00:00Z|2010-05-27T12:00:00Z|2010-05-27T15:00:00Z|2010-05-27T18:00:00Z|2010-05-27T21:00:00Z|2010-05-28T00:00:00Z|2010-05-28T03:00:00Z|2010-05-28T06:00:00Z,validation,0,False,zero
102780,EP,2010,2010-05-28T09:00:00Z,13.1,-92.4,2010149N13266,2010-05-29T06:00:00Z,1,1.0,2010-05-27T09:00:00Z|2010-05-27T12:00:00Z|2010-05-27T15:00:00Z|2010-05-27T18:00:00Z|2010-05-27T21:00:00Z|2010-05-28T00:00:00Z|2010-05-28T03:00:00Z|2010-05-28T06:00:00Z|2010-05-28T09:00:00Z,validation,0,False,zero
102780,EP,2010,2010-05-28T12:00:00Z,13.4,-93.8,2010149N13266,2010-05-29T06:00:00Z,1,1.0,2010-05-27T12:00:00Z|2010-05-27T15:00:00Z|2010-05-27T18:00:00Z|2010-05-27T21:00:00Z|2010-05-28T00:00:00Z|2010-05-28T03:00:00Z|2010-05-28T06:00:00Z|2010-05-28T09:00:00Z|2010-05-28T12:00:00Z,validation,0,False,zero
102780,EP,2010,2010-05-28T15:00:00Z,13.2,-93.1,2010149N13266,2010-05-29T06:00:00Z,1,1.0,2010-05-27T15:00:00Z|2010-05-27T18:00:00Z|2010-05-27T21:00:00Z|2010-05-28T00:00:00Z|2010-05-28T03:00:00Z|2010-05-28T06:00:00Z|2010-05-28T09:00:00Z|2010-05-28T12:00:00Z|2010-05-28T15:00:00Z,validation,0,False,zero
102787,NA,2010,2010-07-07T03:00:00Z,20.3,-87.0,2010188N21269,,0,0.0,2010-07-06T03:00:00Z|2010-07-06T06:00:00Z|2010-07-06T09:00:00Z|2010-07-06T12:00:00Z|2010-07-06T15:00:00Z|2010-07-06T18:00:00Z|2010-07-06T21:00:00Z|2010-07-07T00:00:00Z|2010-07-07T03:00:00Z,validation,0,False,zero
102790,WP,2010,2010-07-16T21:00:00Z,15.1,123.6,2010198N15123,2010-07-19T12:00:00Z,0,0.0,2010-07-15T21:00:00Z|2010-07-16T00:00:00Z|2010-07-16T03:00:00Z|2010-07-16T06:00:00Z|2010-07-16T09:00:00Z|2010-07-16T12:00:00Z|2010-07-16T15:00:00Z|2010-07-16T18:00:00Z|2010-07-16T21:00:00Z,validation,0,False,zero
102795,NA,2010,2010-08-10T03:00:00Z,23.8,-82.6,2010222N26277,,0,0.0,2010-08-09T03:00:00Z|2010-08-09T06:00:00Z|2010-08-09T09:00:00Z|2010-08-09T12:00:00Z|2010-08-09T15:00:00Z|2010-08-09T18:00:00Z|2010-08-09T21:00:00Z|2010-08-10T00:00:00Z|2010-08-10T03:00:00Z,validation,0,False,zero
102797,WP,2010,2010-08-20T15:00:00Z,19.2,117.9,2010233N17119,2010-08-23T00:00:00Z,0,0.0,2010-08-19T15:00:00Z|2010-08-19T18:00:00Z|2010-08-19T21:00:00Z|2010-08-20T00:00:00Z|2010-08-20T03:00:00Z|2010-08-20T06:00:00Z|2010-08-20T09:00:00Z|2010-08-20T12:00:00Z|2010-08-20T15:00:00Z,validation,0,False,zero
102806,NA,2010,2010-08-31T12:00:00Z,8.3,-31.5,2010244N12328,2010-09-01T12:00:00Z,1,1.0,2010-08-30T12:00:00Z|2010-08-30T15:00:00Z|2010-08-30T18:00:00Z|2010-08-30T21:00:00Z|2010-08-31T00:00:00Z|2010-08-31T03:00:00Z|2010-08-31T06:00:00Z|2010-08-31T09:00:00Z|2010-08-31T12:00:00Z,validation,0,False,zero
102806,NA,2010,2010-08-31T15:00:00Z,8.5,-32.3,2010244N12328,2010-09-01T12:00:00Z,1,1.0,2010-08-30T15:00:00Z|2010-08-30T18:00:00Z|2010-08-30T21:00:00Z|2010-08-31T00:00:00Z|2010-08-31T03:00:00Z|2010-08-31T06:00:00Z|2010-08-31T09:00:00Z|2010-08-31T12:00:00Z|2010-08-31T15:00:00Z,validation,0,False,zero
102806,NA,2010,2010-08-31T18:00:00Z,8.7,-33.2,2010244N12328,2010-09-01T12:00:00Z,1,1.0,2010-08-30T18:00:00Z|2010-08-30T21:00:00Z|2010-08-31T00:00:00Z|2010-08-31T03:00:00Z|2010-08-31T06:00:00Z|2010-08-31T09:00:00Z|2010-08-31T12:00:00Z|2010-08-31T15:00:00Z|2010-08-31T18:00:00Z,validation,0,False,zero
102806,NA,2010,2010-08-31T21:00:00Z,8.9,-34.0,2010244N12328,2010-09-01T12:00:00Z,1,1.0,2010-08-30T21:00:00Z|2010-08-31T00:00:00Z|2010-08-31T03:00:00Z|2010-08-31T06:00:00Z|2010-08-31T09:00:00Z|2010-08-31T12:00:00Z|2010-08-31T15:00:00Z|2010-08-31T18:00:00Z|2010-08-31T21:00:00Z,validation,0,False,zero
102811,NA,2010,2010-09-11T18:00:00Z,10.8,-19.3,2010255N13340,2010-09-12T18:00:00Z,1,1.0,2010-09-10T18:00:00Z|2010-09-10T21:00:00Z|2010-09-11T00:00:00Z|2010-09-11T03:00:00Z|2010-09-11T06:00:00Z|2010-09-11T09:00:00Z|2010-09-11T12:00:00Z|2010-09-11T15:00:00Z|2010-09-11T18:00:00Z,validation,0,False,zero
102811,NA,2010,2010-09-11T21:00:00Z,12.0,-19.4,2010255N13340,2010-09-12T18:00:00Z,1,1.0,2010-09-10T21:00:00Z|2010-09-11T00:00:00Z|2010-09-11T03:00:00Z|2010-09-11T06:00:00Z|2010-09-11T09:00:00Z|2010-09-11T12:00:00Z|2010-09-11T15:00:00Z|2010-09-11T18:00:00Z|2010-09-11T21:00:00Z,validation,0,False,zero
102811,NA,2010,2010-09-12T00:00:00Z,13.2,-19.6,2010255N13340,2010-09-12T18:00:00Z,1,1.0,2010-09-11T00:00:00Z|2010-09-11T03:00:00Z|2010-09-11T06:00:00Z|2010-09-11T09:00:00Z|2010-09-11T12:00:00Z|2010-09-11T15:00:00Z|2010-09-11T18:00:00Z|2010-09-11T21:00:00Z|2010-09-12T00:00:00Z,validation,0,False,zero
102811,NA,2010,2010-09-12T03:00:00Z,13.1,-20.5,2010255N13340,2010-09-12T18:00:00Z,1,1.0,2010-09-11T03:00:00Z|2010-09-11T06:00:00Z|2010-09-11T09:00:00Z|2010-09-11T12:00:00Z|2010-09-11T15:00:00Z|2010-09-11T18:00:00Z|2010-09-11T21:00:00Z|2010-09-12T00:00:00Z|2010-09-12T03:00:00Z,validation,0,False,zero
102812,WP,2010,2010-09-13T03:00:00Z,17.4,137.9,2010256N17137,2010-09-15T00:00:00Z,0,1.0,2010-09-12T03:00:00Z|2010-09-12T06:00:00Z|2010-09-12T09:00:00Z|2010-09-12T12:00:00Z|2010-09-12T15:00:00Z|2010-09-12T18:00:00Z|2010-09-12T21:00:00Z|2010-09-13T00:00:00Z|2010-09-13T03:00:00Z,validation,0,False,zero
102813,NA,2010,2010-09-13T15:00:00Z,16.2,-78.5,2010257N16282,2010-09-14T18:00:00Z,0,1.0,2010-09-12T15:00:00Z|2010-09-12T18:00:00Z|2010-09-12T21:00:00Z|2010-09-13T00:00:00Z|2010-09-13T03:00:00Z|2010-09-13T06:00:00Z|2010-09-13T09:00:00Z|2010-09-13T12:00:00Z|2010-09-13T15:00:00Z,validation,0,False,zero
102817,NA,2010,2010-09-23T03:00:00Z,15.7,-77.5,2010267N14285,2010-09-23T18:00:00Z,1,1.0,2010-09-22T03:00:00Z|2010-09-22T06:00:00Z|2010-09-22T09:00:00Z|2010-09-22T12:00:00Z|2010-09-22T15:00:00Z|2010-09-22T18:00:00Z|2010-09-22T21:00:00Z|2010-09-23T00:00:00Z|2010-09-23T03:00:00Z,validation,0,False,zero
102817,NA,2010,2010-09-23T06:00:00Z,14.5,-77.3,2010267N14285,2010-09-23T18:00:00Z,1,1.0,2010-09-22T06:00:00Z|2010-09-22T09:00:00Z|2010-09-22T12:00:00Z|2010-09-22T15:00:00Z|2010-09-22T18:00:00Z|2010-09-22T21:00:00Z|2010-09-23T00:00:00Z|2010-09-23T03:00:00Z|2010-09-23T06:00:00Z,validation,0,False,zero
102817,NA,2010,2010-09-23T09:00:00Z,13.2,-77.2,2010267N14285,2010-09-23T18:00:00Z,1,1.0,2010-09-22T09:00:00Z|2010-09-22T12:00:00Z|2010-09-22T15:00:00Z|2010-09-22T18:00:00Z|2010-09-22T21:00:00Z|2010-09-23T00:00:00Z|2010-09-23T03:00:00Z|2010-09-23T06:00:00Z|2010-09-23T09:00:00Z,validation,0,False,zero
102824,WP,2010,2010-10-20T03:00:00Z,16.2,146.3,2010293N16147,2010-10-24T18:00:00Z,0,0.0,2010-10-19T03:00:00Z|2010-10-19T06:00:00Z|2010-10-19T09:00:00Z|2010-10-19T12:00:00Z|2010-10-19T15:00:00Z|2010-10-19T18:00:00Z|2010-10-19T21:00:00Z|2010-10-20T00:00:00Z|2010-10-20T03:00:00Z,validation,0,False,zero
102825,NI,2010,2010-10-19T09:00:00Z,17.4,91.2,2010293N17093,2010-10-20T18:00:00Z,0,1.0,2010-10-18T09:00:00Z|2010-10-18T12:00:00Z|2010-10-18T15:00:00Z|2010-10-18T18:00:00Z|2010-10-18T21:00:00Z|2010-10-19T00:00:00Z|2010-10-19T03:00:00Z|2010-10-19T06:00:00Z|2010-10-19T09:00:00Z,validation,0,False,zero
102829,NA,2010,2010-10-28T00:00:00Z,24.9,-52.2,2010302N26299,2010-10-29T00:00:00Z,1,1.0,2010-10-27T00:00:00Z|2010-10-27T03:00:00Z|2010-10-27T06:00:00Z|2010-10-27T09:00:00Z|2010-10-27T12:00:00Z|2010-10-27T15:00:00Z|2010-10-27T18:00:00Z|2010-10-27T21:00:00Z|2010-10-28T00:00:00Z,validation,0,False,zero
102829,NA,2010,2010-10-28T03:00:00Z,25.9,-52.7,2010302N26299,2010-10-29T00:00:00Z,1,1.0,2010-10-27T03:00:00Z|2010-10-27T06:00:00Z|2010-10-27T09:00:00Z|2010-10-27T12:00:00Z|2010-10-27T15:00:00Z|2010-10-27T18:00:00Z|2010-10-27T21:00:00Z|2010-10-28T00:00:00Z|2010-10-28T03:00:00Z,validation,0,False,zero
102829,NA,2010,2010-10-28T06:00:00Z,24.6,-56.2,2010302N26299,2010-10-29T00:00:00Z,1,1.0,2010-10-27T06:00:00Z|2010-10-27T09:00:00Z|2010-10-27T12:00:00Z|2010-10-27T15:00:00Z|2010-10-27T18:00:00Z|2010-10-27T21:00:00Z|2010-10-28T00:00:00Z|2010-10-28T03:00:00Z|2010-10-28T06:00:00Z,validation,0,False,zero
102829,NA,2010,2010-10-28T09:00:00Z,26.7,-58.8,2010302N26299,2010-10-29T00:00:00Z,1,1.0,2010-10-27T09:00:00Z|2010-10-27T12:00:00Z|2010-10-27T15:00:00Z|2010-10-27T18:00:00Z|2010-10-27T21:00:00Z|2010-10-28T00:00:00Z|2010-10-28T03:00:00Z|2010-10-28T06:00:00Z|2010-10-28T09:00:00Z,validation,0,False,zero
102829,NA,2010,2010-10-28T12:00:00Z,27.0,-59.1,2010302N26299,2010-10-29T00:00:00Z,1,1.0,2010-10-27T12:00:00Z|2010-10-27T15:00:00Z|2010-10-27T18:00:00Z|2010-10-27T21:00:00Z|2010-10-28T00:00:00Z|2010-10-28T03:00:00Z|2010-10-28T06:00:00Z|2010-10-28T09:00:00Z|2010-10-28T12:00:00Z,validation,0,False,zero
102829,NA,2010,2010-10-28T15:00:00Z,27.2,-59.4,2010302N26299,2010-10-29T00:00:00Z,1,1.0,2010-10-27T15:00:00Z|2010-10-27T18:00:00Z|2010-10-27T21:00:00Z|2010-10-28T00:00:00Z|2010-10-28T03:00:00Z|2010-10-28T06:00:00Z|2010-10-28T09:00:00Z|2010-10-28T12:00:00Z|2010-10-28T15:00:00Z,validation,0,False,zero
102832,WP,2010,2010-11-10T09:00:00Z,13.9,111.7,2010315N14112,,0,0.0,2010-11-09T09:00:00Z|2010-11-09T12:00:00Z|2010-11-09T15:00:00Z|2010-11-09T18:00:00Z|2010-11-09T21:00:00Z|2010-11-10T00:00:00Z|2010-11-10T03:00:00Z|2010-11-10T06:00:00Z|2010-11-10T09:00:00Z,validation,0,False,zero
102836,SP,2010,2010-12-23T09:00:00Z,-13.7,152.7,2010358S13152,2010-12-24T12:00:00Z,0,1.0,2010-12-22T09:00:00Z|2010-12-22T12:00:00Z|2010-12-22T15:00:00Z|2010-12-22T18:00:00Z|2010-12-22T21:00:00Z|2010-12-23T00:00:00Z|2010-12-23T03:00:00Z|2010-12-23T06:00:00Z|2010-12-23T09:00:00Z,validation,0,False,zero
102846,SI,2011,2011-02-09T09:00:00Z,-17.5,109.9,2011041S17113,2011-02-12T00:00:00Z,0,0.0,2011-02-08T09:00:00Z|2011-02-08T12:00:00Z|2011-02-08T15:00:00Z|2011-02-08T18:00:00Z|2011-02-08T21:00:00Z|2011-02-09T00:00:00Z|2011-02-09T03:00:00Z|2011-02-09T06:00:00Z|2011-02-09T09:00:00Z,validation,0,False,zero
102848,SI,2011,2011-02-14T15:00:00Z,-18.4,115.2,2011045S17119,2011-02-16T00:00:00Z,0,1.0,2011-02-13T15:00:00Z|2011-02-13T18:00:00Z|2011-02-13T21:00:00Z|2011-02-14T00:00:00Z|2011-02-14T03:00:00Z|2011-02-14T06:00:00Z|2011-02-14T09:00:00Z|2011-02-14T12:00:00Z|2011-02-14T15:00:00Z,validation,0,False,zero
102850,SA,2011,2011-03-09T15:00:00Z,-19.8,-37.9,2011069S20321,2011-03-16T00:00:00Z,0,0.0,2011-03-08T15:00:00Z|2011-03-08T18:00:00Z|2011-03-08T21:00:00Z|2011-03-09T00:00:00Z|2011-03-09T03:00:00Z|2011-03-09T06:00:00Z|2011-03-09T09:00:00Z|2011-03-09T12:00:00Z|2011-03-09T15:00:00Z,validation,0,False,zero
102851,SI,2011,2011-03-13T21:00:00Z,-13.4,88.8,2011073S11089,2011-03-17T06:00:00Z,0,0.0,2011-03-12T21:00:00Z|2011-03-13T00:00:00Z|2011-03-13T03:00:00Z|2011-03-13T06:00:00Z|2011-03-13T09:00:00Z|2011-03-13T12:00:00Z|2011-03-13T15:00:00Z|2011-03-13T18:00:00Z|2011-03-13T21:00:00Z,validation,0,False,zero
102854,WP,2011,2011-03-31T21:00:00Z,9.4,109.4,2011091N09112,,0,0.0,2011-03-30T21:00:00Z|2011-03-31T00:00:00Z|2011-03-31T03:00:00Z|2011-03-31T06:00:00Z|2011-03-31T09:00:00Z|2011-03-31T12:00:00Z|2011-03-31T15:00:00Z|2011-03-31T18:00:00Z|2011-03-31T21:00:00Z,validation,0,False,zero
102855,WP,2011,2011-04-02T09:00:00Z,13.1,130.6,2011093N10131,,0,0.0,2011-04-01T09:00:00Z|2011-04-01T12:00:00Z|2011-04-01T15:00:00Z|2011-04-01T18:00:00Z|2011-04-01T21:00:00Z|2011-04-02T00:00:00Z|2011-04-02T03:00:00Z|2011-04-02T06:00:00Z|2011-04-02T09:00:00Z,validation,0,False,zero
102856,SI,2011,2011-04-13T03:00:00Z,-11.9,126.0,2011103S12126,2011-04-14T18:00:00Z,0,1.0,2011-04-12T03:00:00Z|2011-04-12T06:00:00Z|2011-04-12T09:00:00Z|2011-04-12T12:00:00Z|2011-04-12T15:00:00Z|2011-04-12T18:00:00Z|2011-04-12T21:00:00Z|2011-04-13T00:00:00Z|2011-04-13T03:00:00Z,validation,0,False,zero
102857,WP,2011,2011-05-05T15:00:00Z,10.8,125.5,2011126N11129,2011-05-07T00:00:00Z,0,1.0,2011-05-04T15:00:00Z|2011-05-04T18:00:00Z|2011-05-04T21:00:00Z|2011-05-05T00:00:00Z|2011-05-05T03:00:00Z|2011-05-05T06:00:00Z|2011-05-05T09:00:00Z|2011-05-05T12:00:00Z|2011-05-05T15:00:00Z,validation,0,False,zero
102858,WP,2011,2011-05-19T21:00:00Z,8.2,141.9,2011140N08142,2011-05-21T12:00:00Z,0,1.0,2011-05-18T21:00:00Z|2011-05-19T00:00:00Z|2011-05-19T03:00:00Z|2011-05-19T06:00:00Z|2011-05-19T09:00:00Z|2011-05-19T12:00:00Z|2011-05-19T15:00:00Z|2011-05-19T18:00:00Z|2011-05-19T21:00:00Z,validation,0,False,zero
102861,NI,2011,2011-06-09T03:00:00Z,17.7,66.0,2011160N18070,2011-06-11T06:00:00Z,0,0.0,2011-06-08T03:00:00Z|2011-06-08T06:00:00Z|2011-06-08T09:00:00Z|2011-06-08T12:00:00Z|2011-06-08T15:00:00Z|2011-06-08T18:00:00Z|2011-06-08T21:00:00Z|2011-06-09T00:00:00Z|2011-06-09T03:00:00Z,validation,0,False,zero
102862,WP,2011,2011-06-16T03:00:00Z,7.3,127.6,2011167N08129,2011-06-23T00:00:00Z,0,0.0,2011-06-15T03:00:00Z|2011-06-15T06:00:00Z|2011-06-15T09:00:00Z|2011-06-15T12:00:00Z|2011-06-15T15:00:00Z|2011-06-15T18:00:00Z|2011-06-15T21:00:00Z|2011-06-16T00:00:00Z|2011-06-16T03:00:00Z,validation,0,False,zero
102863,EP,2011,2011-06-18T15:00:00Z,12.6,-98.5,2011170N12263,2011-06-19T18:00:00Z,0,1.0,2011-06-17T15:00:00Z|2011-06-17T18:00:00Z|2011-06-17T21:00:00Z|2011-06-18T00:00:00Z|2011-06-18T03:00:00Z|2011-06-18T06:00:00Z|2011-06-18T09:00:00Z|2011-06-18T12:00:00Z|2011-06-18T15:00:00Z,validation,0,False,zero
102886,WP,2011,2011-08-24T03:00:00Z,17.6,145.8,2011236N15143,2011-08-25T18:00:00Z,0,1.0,2011-08-23T03:00:00Z|2011-08-23T06:00:00Z|2011-08-23T09:00:00Z|2011-08-23T12:00:00Z|2011-08-23T15:00:00Z|2011-08-23T18:00:00Z|2011-08-23T21:00:00Z|2011-08-24T00:00:00Z|2011-08-24T03:00:00Z,validation,0,False,zero
102890,EP,2011,2011-08-30T21:00:00Z,16.7,-101.1,2011243N17259,,0,0.0,2011-08-29T21:00:00Z|2011-08-30T00:00:00Z|2011-08-30T03:00:00Z|2011-08-30T06:00:00Z|2011-08-30T09:00:00Z|2011-08-30T12:00:00Z|2011-08-30T15:00:00Z|2011-08-30T18:00:00Z|2011-08-30T21:00:00Z,validation,0,False,zero
102892,WP,2011,2011-09-01T15:00:00Z,22.0,152.5,2011245N21150,2011-09-03T12:00:00Z,0,1.0,2011-08-31T15:00:00Z|2011-08-31T18:00:00Z|2011-08-31T21:00:00Z|2011-09-01T00:00:00Z|2011-09-01T03:00:00Z|2011-09-01T06:00:00Z|2011-09-01T09:00:00Z|2011-09-01T12:00:00Z|2011-09-01T15:00:00Z,validation,0,False,zero
102907,EP,2011,2011-10-06T15:00:00Z,9.1,-95.5,2011280N10268,,0,0.0,2011-10-05T15:00:00Z|2011-10-05T18:00:00Z|2011-10-05T21:00:00Z|2011-10-06T00:00:00Z|2011-10-06T03:00:00Z|2011-10-06T06:00:00Z|2011-10-06T09:00:00Z|2011-10-06T12:00:00Z|2011-10-06T15:00:00Z,validation,0,False,zero
102911,NI,2011,2011-10-31T21:00:00Z,17.2,55.8,2011302N13062,2011-11-02T00:00:00Z,0,1.0,2011-10-30T21:00:00Z|2011-10-31T00:00:00Z|2011-10-31T03:00:00Z|2011-10-31T06:00:00Z|2011-10-31T09:00:00Z|2011-10-31T12:00:00Z|2011-10-31T15:00:00Z|2011-10-31T18:00:00Z|2011-10-31T21:00:00Z,validation,0,False,zero
102912,NI,2011,2011-11-07T09:00:00Z,15.0,59.3,2011310N11066,2011-11-08T12:00:00Z,0,1.0,2011-11-06T09:00:00Z|2011-11-06T12:00:00Z|2011-11-06T15:00:00Z|2011-11-06T18:00:00Z|2011-11-06T21:00:00Z|2011-11-07T00:00:00Z|2011-11-07T03:00:00Z|2011-11-07T06:00:00Z|2011-11-07T09:00:00Z,validation,0,False,zero
102914,WP,2011,2011-11-07T03:00:00Z,18.3,111.5,2011311N13111,,0,0.0,2011-11-06T03:00:00Z|2011-11-06T06:00:00Z|2011-11-06T09:00:00Z|2011-11-06T12:00:00Z|2011-11-06T15:00:00Z|2011-11-06T18:00:00Z|2011-11-06T21:00:00Z|2011-11-07T00:00:00Z|2011-11-07T03:00:00Z,validation,0,False,zero
102917,SI,2011,2011-12-02T03:00:00Z,-4.7,99.2,2011336S06098,2011-12-04T18:00:00Z,0,0.0,2011-12-01T03:00:00Z|2011-12-01T06:00:00Z|2011-12-01T09:00:00Z|2011-12-01T12:00:00Z|2011-12-01T15:00:00Z|2011-12-01T18:00:00Z|2011-12-01T21:00:00Z|2011-12-02T00:00:00Z|2011-12-02T03:00:00Z,validation,0,False,zero
102920,WP,2011,2011-12-09T15:00:00Z,13.3,116.4,2011344N12117,,0,0.0,2011-12-08T15:00:00Z|2011-12-08T18:00:00Z|2011-12-08T21:00:00Z|2011-12-09T00:00:00Z|2011-12-09T03:00:00Z|2011-12-09T06:00:00Z|2011-12-09T09:00:00Z|2011-12-09T12:00:00Z|2011-12-09T15:00:00Z,validation,0,False,zero
102921,WP,2011,2011-12-11T15:00:00Z,4.1,157.3,2011346N03156,2011-12-15T00:00:00Z,0,0.0,2011-12-10T15:00:00Z|2011-12-10T18:00:00Z|2011-12-10T21:00:00Z|2011-12-11T00:00:00Z|2011-12-11T03:00:00Z|2011-12-11T06:00:00Z|2011-12-11T09:00:00Z|2011-12-11T12:00:00Z|2011-12-11T15:00:00Z,validation,0,False,zero
102928,SI,2012,2012-01-18T03:00:00Z,-14.1,41.9,2012018S16041,2012-01-19T06:00:00Z,0,1.0,2012-01-17T03:00:00Z|2012-01-17T06:00:00Z|2012-01-17T09:00:00Z|2012-01-17T12:00:00Z|2012-01-17T15:00:00Z|2012-01-17T18:00:00Z|2012-01-17T21:00:00Z|2012-01-18T00:00:00Z|2012-01-18T03:00:00Z,test,0,False,zero
102929,SI,2012,2012-01-23T21:00:00Z,-16.5,112.7,2012024S15116,2012-01-25T06:00:00Z,0,1.0,2012-01-22T21:00:00Z|2012-01-23T00:00:00Z|2012-01-23T03:00:00Z|2012-01-23T06:00:00Z|2012-01-23T09:00:00Z|2012-01-23T12:00:00Z|2012-01-23T15:00:00Z|2012-01-23T18:00:00Z|2012-01-23T21:00:00Z,test,0,False,zero
102932,SI,2012,2012-02-08T09:00:00Z,-13.2,70.4,2012039S14075,2012-02-09T12:00:00Z,0,1.0,2012-02-07T09:00:00Z|2012-02-07T12:00:00Z|2012-02-07T15:00:00Z|2012-02-07T18:00:00Z|2012-02-07T21:00:00Z|2012-02-08T00:00:00Z|2012-02-08T03:00:00Z|2012-02-08T06:00:00Z|2012-02-08T09:00:00Z,test,0,False,zero
102934,WP,2012,2012-02-16T21:00:00Z,11.2,117.1,2012046N08130,,0,0.0,2012-02-15T21:00:00Z|2012-02-16T00:00:00Z|2012-02-16T03:00:00Z|2012-02-16T06:00:00Z|2012-02-16T09:00:00Z|2012-02-16T12:00:00Z|2012-02-16T15:00:00Z|2012-02-16T18:00:00Z|2012-02-16T21:00:00Z,test,0,False,zero
102939,WP,2012,2012-03-27T15:00:00Z,12.2,113.8,2012086N10116,2012-03-29T06:00:00Z,0,1.0,2012-03-26T15:00:00Z|2012-03-26T18:00:00Z|2012-03-26T21:00:00Z|2012-03-27T00:00:00Z|2012-03-27T03:00:00Z|2012-03-27T06:00:00Z|2012-03-27T09:00:00Z|2012-03-27T12:00:00Z|2012-03-27T15:00:00Z,test,0,False,zero
102942,EP,2012,2012-05-13T15:00:00Z,12.0,-103.1,2012135N10255,2012-05-15T00:00:00Z,0,1.0,2012-05-12T15:00:00Z|2012-05-12T18:00:00Z|2012-05-12T21:00:00Z|2012-05-13T00:00:00Z|2012-05-13T03:00:00Z|2012-05-13T06:00:00Z|2012-05-13T09:00:00Z|2012-05-13T12:00:00Z|2012-05-13T15:00:00Z,test,0,False,zero
102947,WP,2012,2012-05-30T21:00:00Z,10.5,130.1,2012152N12130,2012-06-01T06:00:00Z,0,1.0,2012-05-29T21:00:00Z|2012-05-30T00:00:00Z|2012-05-30T03:00:00Z|2012-05-30T06:00:00Z|2012-05-30T09:00:00Z|2012-05-30T12:00:00Z|2012-05-30T15:00:00Z|2012-05-30T18:00:00Z|2012-05-30T21:00:00Z,test,0,False,zero
102962,WP,2012,2012-07-28T03:00:00Z,24.0,149.2,2012209N25149,2012-07-29T12:00:00Z,0,1.0,2012-07-27T03:00:00Z|2012-07-27T06:00:00Z|2012-07-27T09:00:00Z|2012-07-27T12:00:00Z|2012-07-27T15:00:00Z|2012-07-27T18:00:00Z|2012-07-27T21:00:00Z|2012-07-28T00:00:00Z|2012-07-28T03:00:00Z,test,0,False,zero
102964,WP,2012,2012-08-01T09:00:00Z,20.4,147.8,2012215N23146,2012-08-04T06:00:00Z,0,0.0,2012-07-31T09:00:00Z|2012-07-31T12:00:00Z|2012-07-31T15:00:00Z|2012-07-31T18:00:00Z|2012-07-31T21:00:00Z|2012-08-01T00:00:00Z|2012-08-01T03:00:00Z|2012-08-01T06:00:00Z|2012-08-01T09:00:00Z,test,0,False,zero
102963,NA,2012,2012-08-01T09:00:00Z,10.6,-45.7,2012215N12313,2012-08-02T12:00:00Z,0,1.0,2012-07-31T09:00:00Z|2012-07-31T12:00:00Z|2012-07-31T15:00:00Z|2012-07-31T18:00:00Z|2012-07-31T21:00:00Z|2012-08-01T00:00:00Z|2012-08-01T03:00:00Z|2012-08-01T06:00:00Z|2012-08-01T09:00:00Z,test,0,False,zero
102967,EP,2012,2012-08-05T21:00:00Z,13.8,-103.9,2012219N12254,2012-08-07T15:00:00Z,0,1.0,2012-08-04T21:00:00Z|2012-08-05T00:00:00Z|2012-08-05T03:00:00Z|2012-08-05T06:00:00Z|2012-08-05T09:00:00Z|2012-08-05T12:00:00Z|2012-08-05T15:00:00Z|2012-08-05T18:00:00Z|2012-08-05T21:00:00Z,test,0,False,zero
102972,WP,2012,2012-08-18T00:00:00Z,18.8,122.7,2012230N21126,2012-08-19T00:00:00Z,1,1.0,2012-08-17T00:00:00Z|2012-08-17T03:00:00Z|2012-08-17T06:00:00Z|2012-08-17T09:00:00Z|2012-08-17T12:00:00Z|2012-08-17T15:00:00Z|2012-08-17T18:00:00Z|2012-08-17T21:00:00Z|2012-08-18T00:00:00Z,test,0,False,zero
102972,WP,2012,2012-08-18T03:00:00Z,17.7,123.7,2012230N21126,2012-08-19T00:00:00Z,1,1.0,2012-08-17T03:00:00Z|2012-08-17T06:00:00Z|2012-08-17T09:00:00Z|2012-08-17T12:00:00Z|2012-08-17T15:00:00Z|2012-08-17T18:00:00Z|2012-08-17T21:00:00Z|2012-08-18T00:00:00Z|2012-08-18T03:00:00Z,test,0,False,zero
102972,WP,2012,2012-08-18T06:00:00Z,15.8,122.9,2012230N21126,2012-08-19T00:00:00Z,1,1.0,2012-08-17T06:00:00Z|2012-08-17T09:00:00Z|2012-08-17T12:00:00Z|2012-08-17T15:00:00Z|2012-08-17T18:00:00Z|2012-08-17T21:00:00Z|2012-08-18T00:00:00Z|2012-08-18T03:00:00Z|2012-08-18T06:00:00Z,test,0,False,zero
102972,WP,2012,2012-08-18T09:00:00Z,16.7,124.2,2012230N21126,2012-08-19T00:00:00Z,1,1.0,2012-08-17T09:00:00Z|2012-08-17T12:00:00Z|2012-08-17T15:00:00Z|2012-08-17T18:00:00Z|2012-08-17T21:00:00Z|2012-08-18T00:00:00Z|2012-08-18T03:00:00Z|2012-08-18T06:00:00Z|2012-08-18T09:00:00Z,test,0,False,zero
102975,NA,2012,2012-08-21T15:00:00Z,7.8,-32.9,2012235N11328,2012-08-23T12:00:00Z,0,1.0,2012-08-20T15:00:00Z|2012-08-20T18:00:00Z|2012-08-20T21:00:00Z|2012-08-21T00:00:00Z|2012-08-21T03:00:00Z|2012-08-21T06:00:00Z|2012-08-21T09:00:00Z|2012-08-21T12:00:00Z|2012-08-21T15:00:00Z,test,0,False,zero
102976,EP,2012,2012-08-25T15:00:00Z,9.0,-101.1,2012239N11261,2012-08-27T18:00:00Z,0,0.0,2012-08-24T15:00:00Z|2012-08-24T18:00:00Z|2012-08-24T21:00:00Z|2012-08-25T00:00:00Z|2012-08-25T03:00:00Z|2012-08-25T06:00:00Z|2012-08-25T09:00:00Z|2012-08-25T12:00:00Z|2012-08-25T15:00:00Z,test,0,False,zero
102978,NA,2012,2012-08-27T21:00:00Z,24.3,-39.8,2012242N24317,2012-08-28T21:00:00Z,1,1.0,2012-08-26T21:00:00Z|2012-08-27T00:00:00Z|2012-08-27T03:00:00Z|2012-08-27T06:00:00Z|2012-08-27T09:00:00Z|2012-08-27T12:00:00Z|2012-08-27T15:00:00Z|2012-08-27T18:00:00Z|2012-08-27T21:00:00Z,test,0,False,zero
102978,NA,2012,2012-08-28T00:00:00Z,23.9,-39.8,2012242N24317,2012-08-28T21:00:00Z,1,1.0,2012-08-27T00:00:00Z|2012-08-27T03:00:00Z|2012-08-27T06:00:00Z|2012-08-27T09:00:00Z|2012-08-27T12:00:00Z|2012-08-27T15:00:00Z|2012-08-27T18:00:00Z|2012-08-27T21:00:00Z|2012-08-28T00:00:00Z,test,0,False,zero
102978,NA,2012,2012-08-28T03:00:00Z,23.9,-40.2,2012242N24317,2012-08-28T21:00:00Z,1,1.0,2012-08-27T03:00:00Z|2012-08-27T06:00:00Z|2012-08-27T09:00:00Z|2012-08-27T12:00:00Z|2012-08-27T15:00:00Z|2012-08-27T18:00:00Z|2012-08-27T21:00:00Z|2012-08-28T00:00:00Z|2012-08-28T03:00:00Z,test,0,False,zero
102978,NA,2012,2012-08-28T06:00:00Z,24.6,-40.8,2012242N24317,2012-08-28T21:00:00Z,1,1.0,2012-08-27T06:00:00Z|2012-08-27T09:00:00Z|2012-08-27T12:00:00Z|2012-08-27T15:00:00Z|2012-08-27T18:00:00Z|2012-08-27T21:00:00Z|2012-08-28T00:00:00Z|2012-08-28T03:00:00Z|2012-08-28T06:00:00Z,test,0,False,zero
102978,NA,2012,2012-08-28T09:00:00Z,24.1,-41.0,2012242N24317,2012-08-28T21:00:00Z,1,1.0,2012-08-27T09:00:00Z|2012-08-27T12:00:00Z|2012-08-27T15:00:00Z|2012-08-27T18:00:00Z|2012-08-27T21:00:00Z|2012-08-28T00:00:00Z|2012-08-28T03:00:00Z|2012-08-28T06:00:00Z|2012-08-28T09:00:00Z,test,0,False,zero
102978,NA,2012,2012-08-28T12:00:00Z,24.1,-41.1,2012242N24317,2012-08-28T21:00:00Z,1,1.0,2012-08-27T12:00:00Z|2012-08-27T15:00:00Z|2012-08-27T18:00:00Z|2012-08-27T21:00:00Z|2012-08-28T00:00:00Z|2012-08-28T03:00:00Z|2012-08-28T06:00:00Z|2012-08-28T09:00:00Z|2012-08-28T12:00:00Z,test,0,False,zero
102978,NA,2012,2012-08-28T15:00:00Z,24.1,-40.8,2012242N24317,2012-08-28T21:00:00Z,1,1.0,2012-08-27T15:00:00Z|2012-08-27T18:00:00Z|2012-08-27T21:00:00Z|2012-08-28T00:00:00Z|2012-08-28T03:00:00Z|2012-08-28T06:00:00Z|2012-08-28T09:00:00Z|2012-08-28T12:00:00Z|2012-08-28T15:00:00Z,test,0,False,zero
102982,NA,2012,2012-09-10T09:00:00Z,17.1,-37.2,2012255N16322,2012-09-12T00:00:00Z,0,1.0,2012-09-09T09:00:00Z|2012-09-09T12:00:00Z|2012-09-09T15:00:00Z|2012-09-09T18:00:00Z|2012-09-09T21:00:00Z|2012-09-10T00:00:00Z|2012-09-10T03:00:00Z|2012-09-10T06:00:00Z|2012-09-10T09:00:00Z,test,0,False,zero
102986,EP,2012,2012-09-21T18:00:00Z,11.1,-105.4,2012266N14254,2012-09-22T12:00:00Z,1,1.0,2012-09-20T18:00:00Z|2012-09-20T21:00:00Z|2012-09-21T00:00:00Z|2012-09-21T03:00:00Z|2012-09-21T06:00:00Z|2012-09-21T09:00:00Z|2012-09-21T12:00:00Z|2012-09-21T15:00:00Z|2012-09-21T18:00:00Z,test,0,False,zero
102986,EP,2012,2012-09-21T21:00:00Z,10.8,-104.2,2012266N14254,2012-09-22T12:00:00Z,1,1.0,2012-09-20T21:00:00Z|2012-09-21T00:00:00Z|2012-09-21T03:00:00Z|2012-09-21T06:00:00Z|2012-09-21T09:00:00Z|2012-09-21T12:00:00Z|2012-09-21T15:00:00Z|2012-09-21T18:00:00Z|2012-09-21T21:00:00Z,test,0,False,zero
102994,NA,2012,2012-10-10T06:00:00Z,24.7,-71.9,2012285N26288,2012-10-11T06:00:00Z,1,1.0,2012-10-09T06:00:00Z|2012-10-09T09:00:00Z|2012-10-09T12:00:00Z|2012-10-09T15:00:00Z|2012-10-09T18:00:00Z|2012-10-09T21:00:00Z|2012-10-10T00:00:00Z|2012-10-10T03:00:00Z|2012-10-10T06:00:00Z,test,0,False,zero
102994,NA,2012,2012-10-10T09:00:00Z,24.3,-71.6,2012285N26288,2012-10-11T06:00:00Z,1,1.0,2012-10-09T09:00:00Z|2012-10-09T12:00:00Z|2012-10-09T15:00:00Z|2012-10-09T18:00:00Z|2012-10-09T21:00:00Z|2012-10-10T00:00:00Z|2012-10-10T03:00:00Z|2012-10-10T06:00:00Z|2012-10-10T09:00:00Z,test,0,False,zero
102994,NA,2012,2012-10-10T12:00:00Z,24.2,-71.4,2012285N26288,2012-10-11T06:00:00Z,1,1.0,2012-10-09T12:00:00Z|2012-10-09T15:00:00Z|2012-10-09T18:00:00Z|2012-10-09T21:00:00Z|2012-10-10T00:00:00Z|2012-10-10T03:00:00Z|2012-10-10T06:00:00Z|2012-10-10T09:00:00Z|2012-10-10T12:00:00Z,test,0,False,zero
102994,NA,2012,2012-10-10T15:00:00Z,24.5,-71.6,2012285N26288,2012-10-11T06:00:00Z,1,1.0,2012-10-09T15:00:00Z|2012-10-09T18:00:00Z|2012-10-09T21:00:00Z|2012-10-10T00:00:00Z|2012-10-10T03:00:00Z|2012-10-10T06:00:00Z|2012-10-10T09:00:00Z|2012-10-10T12:00:00Z|2012-10-10T15:00:00Z,test,0,False,zero
102997,WP,2012,2012-10-12T21:00:00Z,16.3,144.7,2012287N16147,2012-10-14T12:00:00Z,0,1.0,2012-10-11T21:00:00Z|2012-10-12T00:00:00Z|2012-10-12T03:00:00Z|2012-10-12T06:00:00Z|2012-10-12T09:00:00Z|2012-10-12T12:00:00Z|2012-10-12T15:00:00Z|2012-10-12T18:00:00Z|2012-10-12T21:00:00Z,test,0,False,zero
103004,EP,2012,2012-10-29T12:00:00Z,12.1,-112.9,2012304N14246,2012-10-30T12:00:00Z,1,1.0,2012-10-28T12:00:00Z|2012-10-28T15:00:00Z|2012-10-28T18:00:00Z|2012-10-28T21:00:00Z|2012-10-29T00:00:00Z|2012-10-29T03:00:00Z|2012-10-29T06:00:00Z|2012-10-29T09:00:00Z|2012-10-29T12:00:00Z,test,0,False,zero
103004,EP,2012,2012-10-29T15:00:00Z,11.9,-112.3,2012304N14246,2012-10-30T12:00:00Z,1,1.0,2012-10-28T15:00:00Z|2012-10-28T18:00:00Z|2012-10-28T21:00:00Z|2012-10-29T00:00:00Z|2012-10-29T03:00:00Z|2012-10-29T06:00:00Z|2012-10-29T09:00:00Z|2012-10-29T12:00:00Z|2012-10-29T15:00:00Z,test,0,False,zero
103005,WP,2012,2012-11-12T03:00:00Z,7.3,117.0,2012317N07118,,0,0.0,2012-11-11T03:00:00Z|2012-11-11T06:00:00Z|2012-11-11T09:00:00Z|2012-11-11T12:00:00Z|2012-11-11T15:00:00Z|2012-11-11T18:00:00Z|2012-11-11T21:00:00Z|2012-11-12T00:00:00Z|2012-11-12T03:00:00Z,test,0,False,zero
103008,WP,2012,2012-11-26T00:00:00Z,4.0,154.7,2012331N03157,2012-11-27T00:00:00Z,1,1.0,2012-11-25T00:00:00Z|2012-11-25T03:00:00Z|2012-11-25T06:00:00Z|2012-11-25T09:00:00Z|2012-11-25T12:00:00Z|2012-11-25T15:00:00Z|2012-11-25T18:00:00Z|2012-11-25T21:00:00Z|2012-11-26T00:00:00Z,test,0,False,zero
103008,WP,2012,2012-11-26T03:00:00Z,4.8,155.2,2012331N03157,2012-11-27T00:00:00Z,1,1.0,2012-11-25T03:00:00Z|2012-11-25T06:00:00Z|2012-11-25T09:00:00Z|2012-11-25T12:00:00Z|2012-11-25T15:00:00Z|2012-11-25T18:00:00Z|2012-11-25T21:00:00Z|2012-11-26T00:00:00Z|2012-11-26T03:00:00Z,test,0,False,zero
103008,WP,2012,2012-11-26T06:00:00Z,4.6,155.3,2012331N03157,2012-11-27T00:00:00Z,1,1.0,2012-11-25T06:00:00Z|2012-11-25T09:00:00Z|2012-11-25T12:00:00Z|2012-11-25T15:00:00Z|2012-11-25T18:00:00Z|2012-11-25T21:00:00Z|2012-11-26T00:00:00Z|2012-11-26T03:00:00Z|2012-11-26T06:00:00Z,test,0,False,zero
103008,WP,2012,2012-11-26T09:00:00Z,4.3,155.4,2012331N03157,2012-11-27T00:00:00Z,1,1.0,2012-11-25T09:00:00Z|2012-11-25T12:00:00Z|2012-11-25T15:00:00Z|2012-11-25T18:00:00Z|2012-11-25T21:00:00Z|2012-11-26T00:00:00Z|2012-11-26T03:00:00Z|2012-11-26T06:00:00Z|2012-11-26T09:00:00Z,test,0,False,zero
103018,SI,2013,2013-01-11T03:00:00Z,-15.1,80.9,2013009S11084,2013-01-13T00:00:00Z,0,1.0,2013-01-10T03:00:00Z|2013-01-10T06:00:00Z|2013-01-10T09:00:00Z|2013-01-10T12:00:00Z|2013-01-10T15:00:00Z|2013-01-10T18:00:00Z|2013-01-10T21:00:00Z|2013-01-11T00:00:00Z|2013-01-11T03:00:00Z,test,0,False,zero
103022,SI,2013,2013-01-25T09:00:00Z,-10.3,70.5,2013026S13067,2013-01-26T12:00:00Z,0,1.0,2013-01-24T09:00:00Z|2013-01-24T12:00:00Z|2013-01-24T15:00:00Z|2013-01-24T18:00:00Z|2013-01-24T21:00:00Z|2013-01-25T00:00:00Z|2013-01-25T03:00:00Z|2013-01-25T06:00:00Z|2013-01-25T09:00:00Z,test,0,False,zero
103025,SI,2013,2013-02-14T09:00:00Z,-18.0,43.6,2013046S20042,2013-02-19T09:00:00Z,0,0.0,2013-02-13T09:00:00Z|2013-02-13T12:00:00Z|2013-02-13T15:00:00Z|2013-02-13T18:00:00Z|2013-02-13T21:00:00Z|2013-02-14T00:00:00Z|2013-02-14T03:00:00Z|2013-02-14T06:00:00Z|2013-02-14T09:00:00Z,test,0,False,zero
103042,WP,2013,2013-06-19T15:00:00Z,14.2,115.5,2013171N15117,2013-06-21T12:00:00Z,0,1.0,2013-06-18T15:00:00Z|2013-06-18T18:00:00Z|2013-06-18T21:00:00Z|2013-06-19T00:00:00Z|2013-06-19T03:00:00Z|2013-06-19T06:00:00Z|2013-06-19T09:00:00Z|2013-06-19T12:00:00Z|2013-06-19T15:00:00Z,test,0,False,zero
103043,EP,2013,2013-06-23T09:00:00Z,10.7,-104.4,2013175N12256,2013-06-24T00:00:00Z,1,1.0,2013-06-22T09:00:00Z|2013-06-22T12:00:00Z|2013-06-22T15:00:00Z|2013-06-22T18:00:00Z|2013-06-22T21:00:00Z|2013-06-23T00:00:00Z|2013-06-23T03:00:00Z|2013-06-23T06:00:00Z|2013-06-23T09:00:00Z,test,0,False,zero
103048,NA,2013,2013-07-07T00:00:00Z,8.3,-37.9,2013189N09319,2013-07-07T12:00:00Z,1,1.0,2013-07-06T00:00:00Z|2013-07-06T03:00:00Z|2013-07-06T06:00:00Z|2013-07-06T09:00:00Z|2013-07-06T12:00:00Z|2013-07-06T15:00:00Z|2013-07-06T18:00:00Z|2013-07-06T21:00:00Z|2013-07-07T00:00:00Z,test,0,False,zero
103048,NA,2013,2013-07-07T03:00:00Z,8.5,-38.7,2013189N09319,2013-07-07T12:00:00Z,1,1.0,2013-07-06T03:00:00Z|2013-07-06T06:00:00Z|2013-07-06T09:00:00Z|2013-07-06T12:00:00Z|2013-07-06T15:00:00Z|2013-07-06T18:00:00Z|2013-07-06T21:00:00Z|2013-07-07T00:00:00Z|2013-07-07T03:00:00Z,test,0,False,zero
103048,NA,2013,2013-07-07T06:00:00Z,8.6,-39.6,2013189N09319,2013-07-07T12:00:00Z,1,1.0,2013-07-06T06:00:00Z|2013-07-06T09:00:00Z|2013-07-06T12:00:00Z|2013-07-06T15:00:00Z|2013-07-06T18:00:00Z|2013-07-06T21:00:00Z|2013-07-07T00:00:00Z|2013-07-07T03:00:00Z|2013-07-07T06:00:00Z,test,0,False,zero
103048,NA,2013,2013-07-07T09:00:00Z,8.0,-41.4,2013189N09319,2013-07-07T12:00:00Z,1,1.0,2013-07-06T09:00:00Z|2013-07-06T12:00:00Z|2013-07-06T15:00:00Z|2013-07-06T18:00:00Z|2013-07-06T21:00:00Z|2013-07-07T00:00:00Z|2013-07-07T03:00:00Z|2013-07-07T06:00:00Z|2013-07-07T09:00:00Z,test,0,False,zero
103050,NA,2013,2013-07-22T15:00:00Z,11.6,-16.8,2013204N11340,2013-07-24T06:00:00Z,0,1.0,2013-07-21T15:00:00Z|2013-07-21T18:00:00Z|2013-07-21T21:00:00Z|2013-07-22T00:00:00Z|2013-07-22T03:00:00Z|2013-07-22T06:00:00Z|2013-07-22T09:00:00Z|2013-07-22T12:00:00Z|2013-07-22T15:00:00Z,test,0,False,zero
103052,WP,2013,2013-07-30T09:00:00Z,13.6,116.5,2013210N13122,2013-07-31T12:00:00Z,0,1.0,2013-07-29T09:00:00Z|2013-07-29T12:00:00Z|2013-07-29T15:00:00Z|2013-07-29T18:00:00Z|2013-07-29T21:00:00Z|2013-07-30T00:00:00Z|2013-07-30T03:00:00Z|2013-07-30T06:00:00Z|2013-07-30T09:00:00Z,test,0,False,zero
103060,NA,2013,2013-08-14T15:00:00Z,11.6,-25.8,2013227N14337,2013-08-15T06:00:00Z,1,1.0,2013-08-13T15:00:00Z|2013-08-13T18:00:00Z|2013-08-13T21:00:00Z|2013-08-14T00:00:00Z|2013-08-14T03:00:00Z|2013-08-14T06:00:00Z|2013-08-14T09:00:00Z|2013-08-14T12:00:00Z|2013-08-14T15:00:00Z,test,0,False,zero
103060,NA,2013,2013-08-14T18:00:00Z,13.1,-23.1,2013227N14337,2013-08-15T06:00:00Z,1,1.0,2013-08-13T18:00:00Z|2013-08-13T21:00:00Z|2013-08-14T00:00:00Z|2013-08-14T03:00:00Z|2013-08-14T06:00:00Z|2013-08-14T09:00:00Z|2013-08-14T12:00:00Z|2013-08-14T15:00:00Z|2013-08-14T18:00:00Z,test,0,False,zero
103060,NA,2013,2013-08-14T21:00:00Z,12.9,-23.6,2013227N14337,2013-08-15T06:00:00Z,1,1.0,2013-08-13T21:00:00Z|2013-08-14T00:00:00Z|2013-08-14T03:00:00Z|2013-08-14T06:00:00Z|2013-08-14T09:00:00Z|2013-08-14T12:00:00Z|2013-08-14T15:00:00Z|2013-08-14T18:00:00Z|2013-08-14T21:00:00Z,test,0,False,zero
103072,NA,2013,2013-09-07T21:00:00Z,14.1,-18.4,2013251N13342,2013-09-09T06:00:00Z,0,1.0,2013-09-06T21:00:00Z|2013-09-07T00:00:00Z|2013-09-07T03:00:00Z|2013-09-07T06:00:00Z|2013-09-07T09:00:00Z|2013-09-07T12:00:00Z|2013-09-07T15:00:00Z|2013-09-07T18:00:00Z|2013-09-07T21:00:00Z,test,0,False,zero
103080,NA,2013,2013-09-27T21:00:00Z,21.8,-49.6,2013271N21310,2013-09-30T06:00:00Z,0,0.0,2013-09-26T21:00:00Z|2013-09-27T00:00:00Z|2013-09-27T03:00:00Z|2013-09-27T06:00:00Z|2013-09-27T09:00:00Z|2013-09-27T12:00:00Z|2013-09-27T15:00:00Z|2013-09-27T18:00:00Z|2013-09-27T21:00:00Z,test,0,False,zero
103083,WP,2013,2013-10-02T15:00:00Z,17.1,150.4,2013274N18152,2013-10-04T06:00:00Z,0,1.0,2013-10-01T15:00:00Z|2013-10-01T18:00:00Z|2013-10-01T21:00:00Z|2013-10-02T00:00:00Z|2013-10-02T03:00:00Z|2013-10-02T06:00:00Z|2013-10-02T09:00:00Z|2013-10-02T12:00:00Z|2013-10-02T15:00:00Z,test,0,False,zero
103084,NA,2013,2013-10-02T06:00:00Z,19.1,-82.3,2013276N21273,2013-10-03T06:00:00Z,1,1.0,2013-10-01T06:00:00Z|2013-10-01T09:00:00Z|2013-10-01T12:00:00Z|2013-10-01T15:00:00Z|2013-10-01T18:00:00Z|2013-10-01T21:00:00Z|2013-10-02T00:00:00Z|2013-10-02T03:00:00Z|2013-10-02T06:00:00Z,test,0,False,zero
103084,NA,2013,2013-10-02T09:00:00Z,18.7,-82.5,2013276N21273,2013-10-03T06:00:00Z,1,1.0,2013-10-01T09:00:00Z|2013-10-01T12:00:00Z|2013-10-01T15:00:00Z|2013-10-01T18:00:00Z|2013-10-01T21:00:00Z|2013-10-02T00:00:00Z|2013-10-02T03:00:00Z|2013-10-02T06:00:00Z|2013-10-02T09:00:00Z,test,0,False,zero
103084,NA,2013,2013-10-02T12:00:00Z,22.2,-83.6,2013276N21273,2013-10-03T06:00:00Z,1,1.0,2013-10-01T12:00:00Z|2013-10-01T15:00:00Z|2013-10-01T18:00:00Z|2013-10-01T21:00:00Z|2013-10-02T00:00:00Z|2013-10-02T03:00:00Z|2013-10-02T06:00:00Z|2013-10-02T09:00:00Z|2013-10-02T12:00:00Z,test,0,False,zero
103084,NA,2013,2013-10-02T15:00:00Z,19.2,-83.0,2013276N21273,2013-10-03T06:00:00Z,1,1.0,2013-10-01T15:00:00Z|2013-10-01T18:00:00Z|2013-10-01T21:00:00Z|2013-10-02T00:00:00Z|2013-10-02T03:00:00Z|2013-10-02T06:00:00Z|2013-10-02T09:00:00Z|2013-10-02T12:00:00Z|2013-10-02T15:00:00Z,test,0,False,zero
103084,NA,2013,2013-10-02T18:00:00Z,20.5,-83.8,2013276N21273,2013-10-03T06:00:00Z,1,1.0,2013-10-01T18:00:00Z|2013-10-01T21:00:00Z|2013-10-02T00:00:00Z|2013-10-02T03:00:00Z|2013-10-02T06:00:00Z|2013-10-02T09:00:00Z|2013-10-02T12:00:00Z|2013-10-02T15:00:00Z|2013-10-02T18:00:00Z,test,0,False,zero
103084,NA,2013,2013-10-02T21:00:00Z,20.5,-84.7,2013276N21273,2013-10-03T06:00:00Z,1,1.0,2013-10-01T21:00:00Z|2013-10-02T00:00:00Z|2013-10-02T03:00:00Z|2013-10-02T06:00:00Z|2013-10-02T09:00:00Z|2013-10-02T12:00:00Z|2013-10-02T15:00:00Z|2013-10-02T18:00:00Z|2013-10-02T21:00:00Z,test,0,False,zero
103084,NA,2013,2013-10-03T00:00:00Z,20.7,-85.0,2013276N21273,2013-10-03T06:00:00Z,1,1.0,2013-10-02T00:00:00Z|2013-10-02T03:00:00Z|2013-10-02T06:00:00Z|2013-10-02T09:00:00Z|2013-10-02T12:00:00Z|2013-10-02T15:00:00Z|2013-10-02T18:00:00Z|2013-10-02T21:00:00Z|2013-10-03T00:00:00Z,test,0,False,zero
103084,NA,2013,2013-10-03T03:00:00Z,20.9,-85.2,2013276N21273,2013-10-03T06:00:00Z,1,1.0,2013-10-02T03:00:00Z|2013-10-02T06:00:00Z|2013-10-02T09:00:00Z|2013-10-02T12:00:00Z|2013-10-02T15:00:00Z|2013-10-02T18:00:00Z|2013-10-02T21:00:00Z|2013-10-03T00:00:00Z|2013-10-03T03:00:00Z,test,0,False,zero
103085,EP,2013,2013-10-06T00:00:00Z,13.9,-117.0,2013280N13242,2013-10-07T00:00:00Z,1,1.0,2013-10-05T00:00:00Z|2013-10-05T03:00:00Z|2013-10-05T06:00:00Z|2013-10-05T09:00:00Z|2013-10-05T12:00:00Z|2013-10-05T15:00:00Z|2013-10-05T18:00:00Z|2013-10-05T21:00:00Z|2013-10-06T00:00:00Z,test,0,False,zero
103085,EP,2013,2013-10-06T03:00:00Z,13.3,-117.3,2013280N13242,2013-10-07T00:00:00Z,1,1.0,2013-10-05T03:00:00Z|2013-10-05T06:00:00Z|2013-10-05T09:00:00Z|2013-10-05T12:00:00Z|2013-10-05T15:00:00Z|2013-10-05T18:00:00Z|2013-10-05T21:00:00Z|2013-10-06T00:00:00Z|2013-10-06T03:00:00Z,test,0,False,zero
103085,EP,2013,2013-10-06T06:00:00Z,12.7,-117.6,2013280N13242,2013-10-07T00:00:00Z,1,1.0,2013-10-05T06:00:00Z|2013-10-05T09:00:00Z|2013-10-05T12:00:00Z|2013-10-05T15:00:00Z|2013-10-05T18:00:00Z|2013-10-05T21:00:00Z|2013-10-06T00:00:00Z|2013-10-06T03:00:00Z|2013-10-06T06:00:00Z,test,0,False,zero
103085,EP,2013,2013-10-06T09:00:00Z,12.1,-117.8,2013280N13242,2013-10-07T00:00:00Z,1,1.0,2013-10-05T09:00:00Z|2013-10-05T12:00:00Z|2013-10-05T15:00:00Z|2013-10-05T18:00:00Z|2013-10-05T21:00:00Z|2013-10-06T00:00:00Z|2013-10-06T03:00:00Z|2013-10-06T06:00:00Z|2013-10-06T09:00:00Z,test,0,False,zero
103085,EP,2013,2013-10-06T12:00:00Z,11.5,-118.1,2013280N13242,2013-10-07T00:00:00Z,1,1.0,2013-10-05T12:00:00Z|2013-10-05T15:00:00Z|2013-10-05T18:00:00Z|2013-10-05T21:00:00Z|2013-10-06T00:00:00Z|2013-10-06T03:00:00Z|2013-10-06T06:00:00Z|2013-10-06T09:00:00Z|2013-10-06T12:00:00Z,test,0,False,zero
103085,EP,2013,2013-10-06T15:00:00Z,10.5,-118.9,2013280N13242,2013-10-07T00:00:00Z,1,1.0,2013-10-05T15:00:00Z|2013-10-05T18:00:00Z|2013-10-05T21:00:00Z|2013-10-06T00:00:00Z|2013-10-06T03:00:00Z|2013-10-06T06:00:00Z|2013-10-06T09:00:00Z|2013-10-06T12:00:00Z|2013-10-06T15:00:00Z,test,0,False,zero
103087,WP,2013,2013-10-08T09:00:00Z,14.0,130.2,2013282N14132,2013-10-09T09:00:00Z,1,1.0,2013-10-07T09:00:00Z|2013-10-07T12:00:00Z|2013-10-07T15:00:00Z|2013-10-07T18:00:00Z|2013-10-07T21:00:00Z|2013-10-08T00:00:00Z|2013-10-08T03:00:00Z|2013-10-08T06:00:00Z|2013-10-08T09:00:00Z,test,0,False,zero
103091,WP,2013,2013-10-15T09:00:00Z,10.5,146.6,2013289N14149,2013-10-16T09:00:00Z,1,1.0,2013-10-14T09:00:00Z|2013-10-14T12:00:00Z|2013-10-14T15:00:00Z|2013-10-14T18:00:00Z|2013-10-14T21:00:00Z|2013-10-15T00:00:00Z|2013-10-15T03:00:00Z|2013-10-15T06:00:00Z|2013-10-15T09:00:00Z,test,0,False,zero
103094,EP,2013,2013-10-19T06:00:00Z,9.4,-99.8,2013293N13260,2013-10-20T06:00:00Z,1,1.0,2013-10-18T06:00:00Z|2013-10-18T09:00:00Z|2013-10-18T12:00:00Z|2013-10-18T15:00:00Z|2013-10-18T18:00:00Z|2013-10-18T21:00:00Z|2013-10-19T00:00:00Z|2013-10-19T03:00:00Z|2013-10-19T06:00:00Z,test,0,False,zero
103094,EP,2013,2013-10-19T09:00:00Z,9.9,-100.9,2013293N13260,2013-10-20T06:00:00Z,1,1.0,2013-10-18T09:00:00Z|2013-10-18T12:00:00Z|2013-10-18T15:00:00Z|2013-10-18T18:00:00Z|2013-10-18T21:00:00Z|2013-10-19T00:00:00Z|2013-10-19T03:00:00Z|2013-10-19T06:00:00Z|2013-10-19T09:00:00Z,test,0,False,zero
103094,EP,2013,2013-10-19T12:00:00Z,10.2,-100.3,2013293N13260,2013-10-20T06:00:00Z,1,1.0,2013-10-18T12:00:00Z|2013-10-18T15:00:00Z|2013-10-18T18:00:00Z|2013-10-18T21:00:00Z|2013-10-19T00:00:00Z|2013-10-19T03:00:00Z|2013-10-19T06:00:00Z|2013-10-19T09:00:00Z|2013-10-19T12:00:00Z,test,0,False,zero
103094,EP,2013,2013-10-19T15:00:00Z,10.5,-99.6,2013293N13260,2013-10-20T06:00:00Z,1,1.0,2013-10-18T15:00:00Z|2013-10-18T18:00:00Z|2013-10-18T21:00:00Z|2013-10-19T00:00:00Z|2013-10-19T03:00:00Z|2013-10-19T06:00:00Z|2013-10-19T09:00:00Z|2013-10-19T12:00:00Z|2013-10-19T15:00:00Z,test,0,False,zero
103093,WP,2013,2013-10-19T03:00:00Z,9.8,161.3,2013292N09162,2013-10-20T18:00:00Z,0,1.0,2013-10-18T03:00:00Z|2013-10-18T06:00:00Z|2013-10-18T09:00:00Z|2013-10-18T12:00:00Z|2013-10-18T15:00:00Z|2013-10-18T18:00:00Z|2013-10-18T21:00:00Z|2013-10-19T00:00:00Z|2013-10-19T03:00:00Z,test,0,False,zero
103095,NA,2013,2013-10-20T12:00:00Z,24.4,-52.3,2013294N28304,2013-10-21T12:00:00Z,1,1.0,2013-10-19T12:00:00Z|2013-10-19T15:00:00Z|2013-10-19T18:00:00Z|2013-10-19T21:00:00Z|2013-10-20T00:00:00Z|2013-10-20T03:00:00Z|2013-10-20T06:00:00Z|2013-10-20T09:00:00Z|2013-10-20T12:00:00Z,test,0,False,zero
103095,NA,2013,2013-10-20T15:00:00Z,24.2,-51.6,2013294N28304,2013-10-21T12:00:00Z,1,1.0,2013-10-19T15:00:00Z|2013-10-19T18:00:00Z|2013-10-19T21:00:00Z|2013-10-20T00:00:00Z|2013-10-20T03:00:00Z|2013-10-20T06:00:00Z|2013-10-20T09:00:00Z|2013-10-20T12:00:00Z|2013-10-20T15:00:00Z,test,0,False,zero
103095,NA,2013,2013-10-20T18:00:00Z,25.1,-54.1,2013294N28304,2013-10-21T12:00:00Z,1,1.0,2013-10-19T18:00:00Z|2013-10-19T21:00:00Z|2013-10-20T00:00:00Z|2013-10-20T03:00:00Z|2013-10-20T06:00:00Z|2013-10-20T09:00:00Z|2013-10-20T12:00:00Z|2013-10-20T15:00:00Z|2013-10-20T18:00:00Z,test,0,False,zero
103095,NA,2013,2013-10-20T21:00:00Z,24.6,-53.8,2013294N28304,2013-10-21T12:00:00Z,1,1.0,2013-10-19T21:00:00Z|2013-10-20T00:00:00Z|2013-10-20T03:00:00Z|2013-10-20T06:00:00Z|2013-10-20T09:00:00Z|2013-10-20T12:00:00Z|2013-10-20T15:00:00Z|2013-10-20T18:00:00Z|2013-10-20T21:00:00Z,test,0,False,zero
103095,NA,2013,2013-10-21T00:00:00Z,26.9,-55.1,2013294N28304,2013-10-21T12:00:00Z,1,1.0,2013-10-20T00:00:00Z|2013-10-20T03:00:00Z|2013-10-20T06:00:00Z|2013-10-20T09:00:00Z|2013-10-20T12:00:00Z|2013-10-20T15:00:00Z|2013-10-20T18:00:00Z|2013-10-20T21:00:00Z|2013-10-21T00:00:00Z,test,0,False,zero
103095,NA,2013,2013-10-21T03:00:00Z,27.2,-54.8,2013294N28304,2013-10-21T12:00:00Z,1,1.0,2013-10-20T03:00:00Z|2013-10-20T06:00:00Z|2013-10-20T09:00:00Z|2013-10-20T12:00:00Z|2013-10-20T15:00:00Z|2013-10-20T18:00:00Z|2013-10-20T21:00:00Z|2013-10-21T00:00:00Z|2013-10-21T03:00:00Z,test,0,False,zero
103097,WP,2013,2013-10-27T21:00:00Z,15.2,142.4,2013301N13142,2013-10-29T21:00:00Z,0,1.0,2013-10-26T21:00:00Z|2013-10-27T00:00:00Z|2013-10-27T03:00:00Z|2013-10-27T06:00:00Z|2013-10-27T09:00:00Z|2013-10-27T12:00:00Z|2013-10-27T15:00:00Z|2013-10-27T18:00:00Z|2013-10-27T21:00:00Z,test,0,False,zero
103099,EP,2013,2013-11-01T03:00:00Z,15.6,-106.8,2013305N16252,2013-11-03T00:00:00Z,0,1.0,2013-10-31T03:00:00Z|2013-10-31T06:00:00Z|2013-10-31T09:00:00Z|2013-10-31T12:00:00Z|2013-10-31T15:00:00Z|2013-10-31T18:00:00Z|2013-10-31T21:00:00Z|2013-11-01T00:00:00Z|2013-11-01T03:00:00Z,test,0,False,zero
103107,WP,2013,2013-12-02T15:00:00Z,14.5,138.7,2013337N15139,,0,,2013-12-01T15:00:00Z|2013-12-01T18:00:00Z|2013-12-01T21:00:00Z|2013-12-02T00:00:00Z|2013-12-02T03:00:00Z|2013-12-02T06:00:00Z|2013-12-02T09:00:00Z|2013-12-02T12:00:00Z|2013-12-02T15:00:00Z,test,0,False,zero
103109,NI,2013,2013-12-04T21:00:00Z,8.7,83.8,2013339N09084,2013-12-06T06:00:00Z,0,1.0,2013-12-03T21:00:00Z|2013-12-04T00:00:00Z|2013-12-04T03:00:00Z|2013-12-04T06:00:00Z|2013-12-04T09:00:00Z|2013-12-04T12:00:00Z|2013-12-04T15:00:00Z|2013-12-04T18:00:00Z|2013-12-04T21:00:00Z,test,5,False,partial_1_to_8
103110,SI,2013,2013-12-14T03:00:00Z,-5.7,81.9,2013348S10082,2013-12-16T18:00:00Z,0,0.0,2013-12-13T03:00:00Z|2013-12-13T06:00:00Z|2013-12-13T09:00:00Z|2013-12-13T12:00:00Z|2013-12-13T15:00:00Z|2013-12-13T18:00:00Z|2013-12-13T21:00:00Z|2013-12-14T00:00:00Z|2013-12-14T03:00:00Z,test,0,False,zero
103112,SI,2013,2013-12-27T03:00:00Z,-13.7,121.1,2013360S12124,2013-12-28T15:00:00Z,0,1.0,2013-12-26T03:00:00Z|2013-12-26T06:00:00Z|2013-12-26T09:00:00Z|2013-12-26T12:00:00Z|2013-12-26T15:00:00Z|2013-12-26T18:00:00Z|2013-12-26T21:00:00Z|2013-12-27T00:00:00Z|2013-12-27T03:00:00Z,test,0,False,zero
103114,NI,2014,2014-01-02T15:00:00Z,8.5,84.9,2014003N08086,2014-01-04T06:00:00Z,0,1.0,2014-01-01T15:00:00Z|2014-01-01T18:00:00Z|2014-01-01T21:00:00Z|2014-01-02T00:00:00Z|2014-01-02T03:00:00Z|2014-01-02T06:00:00Z|2014-01-02T09:00:00Z|2014-01-02T12:00:00Z|2014-01-02T15:00:00Z,test,0,False,zero
103118,SI,2014,2014-01-14T09:00:00Z,-13.3,46.2,2014015S16043,2014-01-16T12:00:00Z,0,0.0,2014-01-13T09:00:00Z|2014-01-13T12:00:00Z|2014-01-13T15:00:00Z|2014-01-13T18:00:00Z|2014-01-13T21:00:00Z|2014-01-14T00:00:00Z|2014-01-14T03:00:00Z|2014-01-14T06:00:00Z|2014-01-14T09:00:00Z,test,0,False,zero
103117,WP,2014,2014-01-16T15:00:00Z,9.3,130.4,2014015N10129,,0,0.0,2014-01-15T15:00:00Z|2014-01-15T18:00:00Z|2014-01-15T21:00:00Z|2014-01-16T00:00:00Z|2014-01-16T03:00:00Z|2014-01-16T06:00:00Z|2014-01-16T09:00:00Z|2014-01-16T12:00:00Z|2014-01-16T15:00:00Z,test,0,False,zero
103122,SP,2014,2014-02-01T21:00:00Z,-18.0,148.0,2014031S17149,2014-02-04T09:00:00Z,0,0.0,2014-01-31T21:00:00Z|2014-02-01T00:00:00Z|2014-02-01T03:00:00Z|2014-02-01T06:00:00Z|2014-02-01T09:00:00Z|2014-02-01T12:00:00Z|2014-02-01T15:00:00Z|2014-02-01T18:00:00Z|2014-02-01T21:00:00Z,test,0,False,zero
103123,SI,2014,2014-02-04T03:00:00Z,-14.1,58.1,2014034S14058,2014-02-05T06:00:00Z,0,1.0,2014-02-03T03:00:00Z|2014-02-03T06:00:00Z|2014-02-03T09:00:00Z|2014-02-03T12:00:00Z|2014-02-03T15:00:00Z|2014-02-03T18:00:00Z|2014-02-03T21:00:00Z|2014-02-04T00:00:00Z|2014-02-04T03:00:00Z,test,0,False,zero
103124,SI,2014,2014-02-05T03:00:00Z,-11.8,71.4,2014036S12073,2014-02-07T06:00:00Z,0,0.0,2014-02-04T03:00:00Z|2014-02-04T06:00:00Z|2014-02-04T09:00:00Z|2014-02-04T12:00:00Z|2014-02-04T15:00:00Z|2014-02-04T18:00:00Z|2014-02-04T21:00:00Z|2014-02-05T00:00:00Z|2014-02-05T03:00:00Z,test,0,False,zero
103125,SI,2014,2014-02-17T15:00:00Z,-15.8,41.6,2014048S16039,2014-02-18T18:00:00Z,0,1.0,2014-02-16T15:00:00Z|2014-02-16T18:00:00Z|2014-02-16T21:00:00Z|2014-02-17T00:00:00Z|2014-02-17T03:00:00Z|2014-02-17T06:00:00Z|2014-02-17T09:00:00Z|2014-02-17T12:00:00Z|2014-02-17T15:00:00Z,test,0,False,zero
103126,SP,2014,2014-02-26T03:00:00Z,-18.2,178.6,2014056S18175,2014-02-28T12:00:00Z,0,0.0,2014-02-25T03:00:00Z|2014-02-25T06:00:00Z|2014-02-25T09:00:00Z|2014-02-25T12:00:00Z|2014-02-25T15:00:00Z|2014-02-25T18:00:00Z|2014-02-25T21:00:00Z|2014-02-26T00:00:00Z|2014-02-26T03:00:00Z,test,0,False,zero
103128,SP,2014,2014-03-08T21:00:00Z,-19.9,150.0,2014066S15152,2014-03-10T06:00:00Z,0,1.0,2014-03-07T21:00:00Z|2014-03-08T00:00:00Z|2014-03-08T03:00:00Z|2014-03-08T06:00:00Z|2014-03-08T09:00:00Z|2014-03-08T12:00:00Z|2014-03-08T15:00:00Z|2014-03-08T18:00:00Z|2014-03-08T21:00:00Z,test,0,False,zero
103133,SI,2014,2014-03-27T03:00:00Z,-8.5,40.7,2014086S10041,2014-03-28T18:00:00Z,0,1.0,2014-03-26T03:00:00Z|2014-03-26T06:00:00Z|2014-03-26T09:00:00Z|2014-03-26T12:00:00Z|2014-03-26T15:00:00Z|2014-03-26T18:00:00Z|2014-03-26T21:00:00Z|2014-03-27T00:00:00Z|2014-03-27T03:00:00Z,test,0,False,zero
103139,EP,2014,2014-05-22T03:00:00Z,10.2,-106.4,2014142N10254,2014-05-23T18:00:00Z,0,1.0,2014-05-21T03:00:00Z|2014-05-21T06:00:00Z|2014-05-21T09:00:00Z|2014-05-21T12:00:00Z|2014-05-21T15:00:00Z|2014-05-21T18:00:00Z|2014-05-21T21:00:00Z|2014-05-22T00:00:00Z|2014-05-22T03:00:00Z,test,0,False,zero
103143,WP,2014,2014-06-13T06:00:00Z,18.8,119.9,2014164N19116,2014-06-14T06:00:00Z,1,1.0,2014-06-12T06:00:00Z|2014-06-12T09:00:00Z|2014-06-12T12:00:00Z|2014-06-12T15:00:00Z|2014-06-12T18:00:00Z|2014-06-12T21:00:00Z|2014-06-13T00:00:00Z|2014-06-13T03:00:00Z|2014-06-13T06:00:00Z,test,0,False,zero
103143,WP,2014,2014-06-13T09:00:00Z,18.2,118.2,2014164N19116,2014-06-14T06:00:00Z,1,1.0,2014-06-12T09:00:00Z|2014-06-12T12:00:00Z|2014-06-12T15:00:00Z|2014-06-12T18:00:00Z|2014-06-12T21:00:00Z|2014-06-13T00:00:00Z|2014-06-13T03:00:00Z|2014-06-13T06:00:00Z|2014-06-13T09:00:00Z,test,0,False,zero
103143,WP,2014,2014-06-13T12:00:00Z,20.8,119.8,2014164N19116,2014-06-14T06:00:00Z,1,1.0,2014-06-12T12:00:00Z|2014-06-12T15:00:00Z|2014-06-12T18:00:00Z|2014-06-12T21:00:00Z|2014-06-13T00:00:00Z|2014-06-13T03:00:00Z|2014-06-13T06:00:00Z|2014-06-13T09:00:00Z|2014-06-13T12:00:00Z,test,0,False,zero
103143,WP,2014,2014-06-13T15:00:00Z,21.2,120.1,2014164N19116,2014-06-14T06:00:00Z,1,1.0,2014-06-12T15:00:00Z|2014-06-12T18:00:00Z|2014-06-12T21:00:00Z|2014-06-13T00:00:00Z|2014-06-13T03:00:00Z|2014-06-13T06:00:00Z|2014-06-13T09:00:00Z|2014-06-13T12:00:00Z|2014-06-13T15:00:00Z,test,0,False,zero
103143,WP,2014,2014-06-13T18:00:00Z,21.2,121.9,2014164N19116,2014-06-14T06:00:00Z,1,1.0,2014-06-12T18:00:00Z|2014-06-12T21:00:00Z|2014-06-13T00:00:00Z|2014-06-13T03:00:00Z|2014-06-13T06:00:00Z|2014-06-13T09:00:00Z|2014-06-13T12:00:00Z|2014-06-13T15:00:00Z|2014-06-13T18:00:00Z,test,0,False,zero
103143,WP,2014,2014-06-13T21:00:00Z,21.3,120.3,2014164N19116,2014-06-14T06:00:00Z,1,1.0,2014-06-12T21:00:00Z|2014-06-13T00:00:00Z|2014-06-13T03:00:00Z|2014-06-13T06:00:00Z|2014-06-13T09:00:00Z|2014-06-13T12:00:00Z|2014-06-13T15:00:00Z|2014-06-13T18:00:00Z|2014-06-13T21:00:00Z,test,0,False,zero
103150,EP,2014,2014-07-13T09:00:00Z,11.1,-126.5,2014195N11232,2014-07-17T18:00:00Z,0,0.0,2014-07-12T09:00:00Z|2014-07-12T12:00:00Z|2014-07-12T15:00:00Z|2014-07-12T18:00:00Z|2014-07-12T21:00:00Z|2014-07-13T00:00:00Z|2014-07-13T03:00:00Z|2014-07-13T06:00:00Z|2014-07-13T09:00:00Z,test,0,False,zero
103180,NA,2014,2014-10-09T03:00:00Z,20.5,-57.4,2014283N22299,2014-10-10T00:00:00Z,1,1.0,2014-10-08T03:00:00Z|2014-10-08T06:00:00Z|2014-10-08T09:00:00Z|2014-10-08T12:00:00Z|2014-10-08T15:00:00Z|2014-10-08T18:00:00Z|2014-10-08T21:00:00Z|2014-10-09T00:00:00Z|2014-10-09T03:00:00Z,test,0,False,zero
103180,NA,2014,2014-10-09T06:00:00Z,21.7,-57.8,2014283N22299,2014-10-10T00:00:00Z,1,1.0,2014-10-08T06:00:00Z|2014-10-08T09:00:00Z|2014-10-08T12:00:00Z|2014-10-08T15:00:00Z|2014-10-08T18:00:00Z|2014-10-08T21:00:00Z|2014-10-09T00:00:00Z|2014-10-09T03:00:00Z|2014-10-09T06:00:00Z,test,0,False,zero
103180,NA,2014,2014-10-09T09:00:00Z,22.9,-58.2,2014283N22299,2014-10-10T00:00:00Z,1,1.0,2014-10-08T09:00:00Z|2014-10-08T12:00:00Z|2014-10-08T15:00:00Z|2014-10-08T18:00:00Z|2014-10-08T21:00:00Z|2014-10-09T00:00:00Z|2014-10-09T03:00:00Z|2014-10-09T06:00:00Z|2014-10-09T09:00:00Z,test,0,False,zero
103180,NA,2014,2014-10-09T12:00:00Z,22.8,-59.2,2014283N22299,2014-10-10T00:00:00Z,1,1.0,2014-10-08T12:00:00Z|2014-10-08T15:00:00Z|2014-10-08T18:00:00Z|2014-10-08T21:00:00Z|2014-10-09T00:00:00Z|2014-10-09T03:00:00Z|2014-10-09T06:00:00Z|2014-10-09T09:00:00Z|2014-10-09T12:00:00Z,test,0,False,zero
103180,NA,2014,2014-10-09T15:00:00Z,22.3,-57.6,2014283N22299,2014-10-10T00:00:00Z,1,1.0,2014-10-08T15:00:00Z|2014-10-08T18:00:00Z|2014-10-08T21:00:00Z|2014-10-09T00:00:00Z|2014-10-09T03:00:00Z|2014-10-09T06:00:00Z|2014-10-09T09:00:00Z|2014-10-09T12:00:00Z|2014-10-09T15:00:00Z,test,0,False,zero
103180,NA,2014,2014-10-09T18:00:00Z,22.1,-57.5,2014283N22299,2014-10-10T00:00:00Z,1,1.0,2014-10-08T18:00:00Z|2014-10-08T21:00:00Z|2014-10-09T00:00:00Z|2014-10-09T03:00:00Z|2014-10-09T06:00:00Z|2014-10-09T09:00:00Z|2014-10-09T12:00:00Z|2014-10-09T15:00:00Z|2014-10-09T18:00:00Z,test,0,False,zero
103180,NA,2014,2014-10-09T21:00:00Z,21.8,-57.3,2014283N22299,2014-10-10T00:00:00Z,1,1.0,2014-10-08T21:00:00Z|2014-10-09T00:00:00Z|2014-10-09T03:00:00Z|2014-10-09T06:00:00Z|2014-10-09T09:00:00Z|2014-10-09T12:00:00Z|2014-10-09T15:00:00Z|2014-10-09T18:00:00Z|2014-10-09T21:00:00Z,test,0,False,zero
103182,NA,2014,2014-10-11T12:00:00Z,15.8,-54.0,2014285N16305,2014-10-12T12:00:00Z,1,1.0,2014-10-10T12:00:00Z|2014-10-10T15:00:00Z|2014-10-10T18:00:00Z|2014-10-10T21:00:00Z|2014-10-11T00:00:00Z|2014-10-11T03:00:00Z|2014-10-11T06:00:00Z|2014-10-11T09:00:00Z|2014-10-11T12:00:00Z,test,0,False,zero
103182,NA,2014,2014-10-11T15:00:00Z,15.9,-54.0,2014285N16305,2014-10-12T12:00:00Z,1,1.0,2014-10-10T15:00:00Z|2014-10-10T18:00:00Z|2014-10-10T21:00:00Z|2014-10-11T00:00:00Z|2014-10-11T03:00:00Z|2014-10-11T06:00:00Z|2014-10-11T09:00:00Z|2014-10-11T12:00:00Z|2014-10-11T15:00:00Z,test,0,False,zero
103184,NA,2014,2014-10-20T21:00:00Z,21.2,-92.0,2014294N20265,2014-10-27T06:00:00Z,0,0.0,2014-10-19T21:00:00Z|2014-10-20T00:00:00Z|2014-10-20T03:00:00Z|2014-10-20T06:00:00Z|2014-10-20T09:00:00Z|2014-10-20T12:00:00Z|2014-10-20T15:00:00Z|2014-10-20T18:00:00Z|2014-10-20T21:00:00Z,test,0,False,zero
103186,EP,2014,2014-10-29T15:00:00Z,11.1,-97.0,2014303N11261,2014-10-30T18:00:00Z,0,1.0,2014-10-28T15:00:00Z|2014-10-28T18:00:00Z|2014-10-28T21:00:00Z|2014-10-29T00:00:00Z|2014-10-29T03:00:00Z|2014-10-29T06:00:00Z|2014-10-29T09:00:00Z|2014-10-29T12:00:00Z|2014-10-29T15:00:00Z,test,0,False,zero
103188,NI,2014,2014-11-04T21:00:00Z,12.7,84.7,2014309N13088,2014-11-06T00:00:00Z,0,1.0,2014-11-03T21:00:00Z|2014-11-04T00:00:00Z|2014-11-04T03:00:00Z|2014-11-04T06:00:00Z|2014-11-04T09:00:00Z|2014-11-04T12:00:00Z|2014-11-04T15:00:00Z|2014-11-04T18:00:00Z|2014-11-04T21:00:00Z,test,0,False,zero
103194,SI,2014,2014-12-23T09:00:00Z,-10.5,98.3,2014356S08101,2014-12-24T18:00:00Z,0,1.0,2014-12-22T09:00:00Z|2014-12-22T12:00:00Z|2014-12-22T15:00:00Z|2014-12-22T18:00:00Z|2014-12-22T21:00:00Z|2014-12-23T00:00:00Z|2014-12-23T03:00:00Z|2014-12-23T06:00:00Z|2014-12-23T09:00:00Z,test,0,False,zero
103198,SI,2015,2015-01-14T18:00:00Z,-18.5,42.9,2015013S18038,2015-01-15T18:00:00Z,1,1.0,2015-01-13T18:00:00Z|2015-01-13T21:00:00Z|2015-01-14T00:00:00Z|2015-01-14T03:00:00Z|2015-01-14T06:00:00Z|2015-01-14T09:00:00Z|2015-01-14T12:00:00Z|2015-01-14T15:00:00Z|2015-01-14T18:00:00Z,test,0,False,zero
103198,SI,2015,2015-01-14T21:00:00Z,-21.1,41.3,2015013S18038,2015-01-15T18:00:00Z,1,1.0,2015-01-13T21:00:00Z|2015-01-14T00:00:00Z|2015-01-14T03:00:00Z|2015-01-14T06:00:00Z|2015-01-14T09:00:00Z|2015-01-14T12:00:00Z|2015-01-14T15:00:00Z|2015-01-14T18:00:00Z|2015-01-14T21:00:00Z,test,0,False,zero
103198,SI,2015,2015-01-15T00:00:00Z,-19.1,42.2,2015013S18038,2015-01-15T18:00:00Z,1,1.0,2015-01-14T00:00:00Z|2015-01-14T03:00:00Z|2015-01-14T06:00:00Z|2015-01-14T09:00:00Z|2015-01-14T12:00:00Z|2015-01-14T15:00:00Z|2015-01-14T18:00:00Z|2015-01-14T21:00:00Z|2015-01-15T00:00:00Z,test,0,False,zero
103198,SI,2015,2015-01-15T03:00:00Z,-19.0,42.5,2015013S18038,2015-01-15T18:00:00Z,1,1.0,2015-01-14T03:00:00Z|2015-01-14T06:00:00Z|2015-01-14T09:00:00Z|2015-01-14T12:00:00Z|2015-01-14T15:00:00Z|2015-01-14T18:00:00Z|2015-01-14T21:00:00Z|2015-01-15T00:00:00Z|2015-01-15T03:00:00Z,test,0,False,zero
103198,SI,2015,2015-01-15T06:00:00Z,-19.7,43.3,2015013S18038,2015-01-15T18:00:00Z,1,1.0,2015-01-14T06:00:00Z|2015-01-14T09:00:00Z|2015-01-14T12:00:00Z|2015-01-14T15:00:00Z|2015-01-14T18:00:00Z|2015-01-14T21:00:00Z|2015-01-15T00:00:00Z|2015-01-15T03:00:00Z|2015-01-15T06:00:00Z,test,0,False,zero
103198,SI,2015,2015-01-15T09:00:00Z,-16.5,43.9,2015013S18038,2015-01-15T18:00:00Z,1,1.0,2015-01-14T09:00:00Z|2015-01-14T12:00:00Z|2015-01-14T15:00:00Z|2015-01-14T18:00:00Z|2015-01-14T21:00:00Z|2015-01-15T00:00:00Z|2015-01-15T03:00:00Z|2015-01-15T06:00:00Z|2015-01-15T09:00:00Z,test,0,False,zero
103199,SP,2015,2015-01-19T18:00:00Z,-11.0,-152.1,2015020S12208,2015-01-20T03:00:00Z,1,1.0,2015-01-18T18:00:00Z|2015-01-18T21:00:00Z|2015-01-19T00:00:00Z|2015-01-19T03:00:00Z|2015-01-19T06:00:00Z|2015-01-19T09:00:00Z|2015-01-19T12:00:00Z|2015-01-19T15:00:00Z|2015-01-19T18:00:00Z,test,0,False,zero
103199,SP,2015,2015-01-19T21:00:00Z,-12.1,-152.1,2015020S12208,2015-01-20T03:00:00Z,1,1.0,2015-01-18T21:00:00Z|2015-01-19T00:00:00Z|2015-01-19T03:00:00Z|2015-01-19T06:00:00Z|2015-01-19T09:00:00Z|2015-01-19T12:00:00Z|2015-01-19T15:00:00Z|2015-01-19T18:00:00Z|2015-01-19T21:00:00Z,test,0,False,zero
103200,SI,2015,2015-01-25T21:00:00Z,-14.0,80.6,2015024S11090,2015-01-26T18:00:00Z,1,1.0,2015-01-24T21:00:00Z|2015-01-25T00:00:00Z|2015-01-25T03:00:00Z|2015-01-25T06:00:00Z|2015-01-25T09:00:00Z|2015-01-25T12:00:00Z|2015-01-25T15:00:00Z|2015-01-25T18:00:00Z|2015-01-25T21:00:00Z,test,0,False,zero
103200,SI,2015,2015-01-26T00:00:00Z,-13.9,80.2,2015024S11090,2015-01-26T18:00:00Z,1,1.0,2015-01-25T00:00:00Z|2015-01-25T03:00:00Z|2015-01-25T06:00:00Z|2015-01-25T09:00:00Z|2015-01-25T12:00:00Z|2015-01-25T15:00:00Z|2015-01-25T18:00:00Z|2015-01-25T21:00:00Z|2015-01-26T00:00:00Z,test,0,False,zero
103200,SI,2015,2015-01-26T03:00:00Z,-13.7,79.8,2015024S11090,2015-01-26T18:00:00Z,1,1.0,2015-01-25T03:00:00Z|2015-01-25T06:00:00Z|2015-01-25T09:00:00Z|2015-01-25T12:00:00Z|2015-01-25T15:00:00Z|2015-01-25T18:00:00Z|2015-01-25T21:00:00Z|2015-01-26T00:00:00Z|2015-01-26T03:00:00Z,test,0,False,zero
103201,SI,2015,2015-01-26T12:00:00Z,-15.3,64.0,2015024S15078,2015-01-27T12:00:00Z,1,1.0,2015-01-25T12:00:00Z|2015-01-25T15:00:00Z|2015-01-25T18:00:00Z|2015-01-25T21:00:00Z|2015-01-26T00:00:00Z|2015-01-26T03:00:00Z|2015-01-26T06:00:00Z|2015-01-26T09:00:00Z|2015-01-26T12:00:00Z,test,0,False,zero
103201,SI,2015,2015-01-26T15:00:00Z,-14.8,63.0,2015024S15078,2015-01-27T12:00:00Z,1,1.0,2015-01-25T15:00:00Z|2015-01-25T18:00:00Z|2015-01-25T21:00:00Z|2015-01-26T00:00:00Z|2015-01-26T03:00:00Z|2015-01-26T06:00:00Z|2015-01-26T09:00:00Z|2015-01-26T12:00:00Z|2015-01-26T15:00:00Z,test,0,False,zero
103203,SI,2015,2015-02-05T15:00:00Z,-20.2,42.2,2015036S20038,2015-02-06T18:00:00Z,0,1.0,2015-02-04T15:00:00Z|2015-02-04T18:00:00Z|2015-02-04T21:00:00Z|2015-02-05T00:00:00Z|2015-02-05T03:00:00Z|2015-02-05T06:00:00Z|2015-02-05T09:00:00Z|2015-02-05T12:00:00Z|2015-02-05T15:00:00Z,test,0,False,zero
103207,SI,2015,2015-02-22T03:00:00Z,-13.9,77.7,2015050S11094,2015-02-24T06:00:00Z,0,0.0,2015-02-21T03:00:00Z|2015-02-21T06:00:00Z|2015-02-21T09:00:00Z|2015-02-21T12:00:00Z|2015-02-21T15:00:00Z|2015-02-21T18:00:00Z|2015-02-21T21:00:00Z|2015-02-22T00:00:00Z|2015-02-22T03:00:00Z,test,0,False,zero
103208,SI,2015,2015-03-04T03:00:00Z,-11.8,42.7,2015063S14042,2015-03-05T12:00:00Z,0,1.0,2015-03-03T03:00:00Z|2015-03-03T06:00:00Z|2015-03-03T09:00:00Z|2015-03-03T12:00:00Z|2015-03-03T15:00:00Z|2015-03-03T18:00:00Z|2015-03-03T21:00:00Z|2015-03-04T00:00:00Z|2015-03-04T03:00:00Z,test,0,False,zero
103214,SP,2015,2015-03-19T15:00:00Z,-17.2,-174.9,2015079S15182,2015-03-21T12:00:00Z,0,1.0,2015-03-18T15:00:00Z|2015-03-18T18:00:00Z|2015-03-18T21:00:00Z|2015-03-19T00:00:00Z|2015-03-19T03:00:00Z|2015-03-19T06:00:00Z|2015-03-19T09:00:00Z|2015-03-19T12:00:00Z|2015-03-19T15:00:00Z,test,0,False,zero
103220,SI,2015,2015-04-27T09:00:00Z,-13.4,114.6,2015117S12115,2015-04-28T15:00:00Z,0,1.0,2015-04-26T09:00:00Z|2015-04-26T12:00:00Z|2015-04-26T15:00:00Z|2015-04-26T18:00:00Z|2015-04-26T21:00:00Z|2015-04-27T00:00:00Z|2015-04-27T03:00:00Z|2015-04-27T06:00:00Z|2015-04-27T09:00:00Z,test,0,False,zero
103221,WP,2015,2015-05-02T15:00:00Z,8.1,141.8,2015122N07144,2015-05-03T18:00:00Z,0,1.0,2015-05-01T15:00:00Z|2015-05-01T18:00:00Z|2015-05-01T21:00:00Z|2015-05-02T00:00:00Z|2015-05-02T03:00:00Z|2015-05-02T06:00:00Z|2015-05-02T09:00:00Z|2015-05-02T12:00:00Z|2015-05-02T15:00:00Z,test,0,False,zero
103228,NA,2015,2015-06-15T00:00:00Z,23.1,-86.8,2015167N27266,2015-06-16T00:00:00Z,1,1.0,2015-06-14T00:00:00Z|2015-06-14T03:00:00Z|2015-06-14T06:00:00Z|2015-06-14T09:00:00Z|2015-06-14T12:00:00Z|2015-06-14T15:00:00Z|2015-06-14T18:00:00Z|2015-06-14T21:00:00Z|2015-06-15T00:00:00Z,test,0,False,zero
103228,NA,2015,2015-06-15T03:00:00Z,23.9,-87.3,2015167N27266,2015-06-16T00:00:00Z,1,1.0,2015-06-14T03:00:00Z|2015-06-14T06:00:00Z|2015-06-14T09:00:00Z|2015-06-14T12:00:00Z|2015-06-14T15:00:00Z|2015-06-14T18:00:00Z|2015-06-14T21:00:00Z|2015-06-15T00:00:00Z|2015-06-15T03:00:00Z,test,0,False,zero
103228,NA,2015,2015-06-15T06:00:00Z,24.8,-87.9,2015167N27266,2015-06-16T00:00:00Z,1,1.0,2015-06-14T06:00:00Z|2015-06-14T09:00:00Z|2015-06-14T12:00:00Z|2015-06-14T15:00:00Z|2015-06-14T18:00:00Z|2015-06-14T21:00:00Z|2015-06-15T00:00:00Z|2015-06-15T03:00:00Z|2015-06-15T06:00:00Z,test,0,False,zero
103228,NA,2015,2015-06-15T09:00:00Z,25.6,-88.5,2015167N27266,2015-06-16T00:00:00Z,1,1.0,2015-06-14T09:00:00Z|2015-06-14T12:00:00Z|2015-06-14T15:00:00Z|2015-06-14T18:00:00Z|2015-06-14T21:00:00Z|2015-06-15T00:00:00Z|2015-06-15T03:00:00Z|2015-06-15T06:00:00Z|2015-06-15T09:00:00Z,test,0,False,zero
103228,NA,2015,2015-06-15T12:00:00Z,25.0,-91.9,2015167N27266,2015-06-16T00:00:00Z,1,1.0,2015-06-14T12:00:00Z|2015-06-14T15:00:00Z|2015-06-14T18:00:00Z|2015-06-14T21:00:00Z|2015-06-15T00:00:00Z|2015-06-15T03:00:00Z|2015-06-15T06:00:00Z|2015-06-15T09:00:00Z|2015-06-15T12:00:00Z,test,0,False,zero
103228,NA,2015,2015-06-15T15:00:00Z,25.4,-92.0,2015167N27266,2015-06-16T00:00:00Z,1,1.0,2015-06-14T15:00:00Z|2015-06-14T18:00:00Z|2015-06-14T21:00:00Z|2015-06-15T00:00:00Z|2015-06-15T03:00:00Z|2015-06-15T06:00:00Z|2015-06-15T09:00:00Z|2015-06-15T12:00:00Z|2015-06-15T15:00:00Z,test,0,False,zero
103228,NA,2015,2015-06-15T18:00:00Z,25.5,-92.0,2015167N27266,2015-06-16T00:00:00Z,1,1.0,2015-06-14T18:00:00Z|2015-06-14T21:00:00Z|2015-06-15T00:00:00Z|2015-06-15T03:00:00Z|2015-06-15T06:00:00Z|2015-06-15T09:00:00Z|2015-06-15T12:00:00Z|2015-06-15T15:00:00Z|2015-06-15T18:00:00Z,test,0,False,zero
103228,NA,2015,2015-06-15T21:00:00Z,26.3,-94.0,2015167N27266,2015-06-16T00:00:00Z,1,1.0,2015-06-14T21:00:00Z|2015-06-15T00:00:00Z|2015-06-15T03:00:00Z|2015-06-15T06:00:00Z|2015-06-15T09:00:00Z|2015-06-15T12:00:00Z|2015-06-15T15:00:00Z|2015-06-15T18:00:00Z|2015-06-15T21:00:00Z,test,0,False,zero
103232,WP,2015,2015-07-01T21:00:00Z,12.4,129.0,2015183N13130,2015-07-03T00:00:00Z,0,1.0,2015-06-30T21:00:00Z|2015-07-01T00:00:00Z|2015-07-01T03:00:00Z|2015-07-01T06:00:00Z|2015-07-01T09:00:00Z|2015-07-01T12:00:00Z|2015-07-01T15:00:00Z|2015-07-01T18:00:00Z|2015-07-01T21:00:00Z,test,0,False,zero
103235,EP,2015,2015-07-07T09:00:00Z,12.9,-137.8,2015189N13223,2015-07-08T12:00:00Z,0,1.0,2015-07-06T09:00:00Z|2015-07-06T12:00:00Z|2015-07-06T15:00:00Z|2015-07-06T18:00:00Z|2015-07-06T21:00:00Z|2015-07-07T00:00:00Z|2015-07-07T03:00:00Z|2015-07-07T06:00:00Z|2015-07-07T09:00:00Z,test,0,False,zero
103237,EP,2015,2015-07-10T21:00:00Z,13.8,-94.3,2015192N11263,2015-07-11T18:00:00Z,1,1.0,2015-07-09T21:00:00Z|2015-07-10T00:00:00Z|2015-07-10T03:00:00Z|2015-07-10T06:00:00Z|2015-07-10T09:00:00Z|2015-07-10T12:00:00Z|2015-07-10T15:00:00Z|2015-07-10T18:00:00Z|2015-07-10T21:00:00Z,test,0,False,zero
103242,NI,2015,2015-07-28T03:00:00Z,19.5,88.5,2015207N22091,2015-07-29T00:00:00Z,1,1.0,2015-07-27T03:00:00Z|2015-07-27T06:00:00Z|2015-07-27T09:00:00Z|2015-07-27T12:00:00Z|2015-07-27T15:00:00Z|2015-07-27T18:00:00Z|2015-07-27T21:00:00Z|2015-07-28T00:00:00Z|2015-07-28T03:00:00Z,test,0,False,zero
103252,EP,2015,2015-08-15T21:00:00Z,19.2,-114.6,2015228N17247,,0,0.0,2015-08-14T21:00:00Z|2015-08-15T00:00:00Z|2015-08-15T03:00:00Z|2015-08-15T06:00:00Z|2015-08-15T09:00:00Z|2015-08-15T12:00:00Z|2015-08-15T15:00:00Z|2015-08-15T18:00:00Z|2015-08-15T21:00:00Z,test,0,False,zero
103257,NA,2015,2015-08-24T06:00:00Z,13.3,-42.0,2015237N14315,2015-08-24T18:00:00Z,1,1.0,2015-08-23T06:00:00Z|2015-08-23T09:00:00Z|2015-08-23T12:00:00Z|2015-08-23T15:00:00Z|2015-08-23T18:00:00Z|2015-08-23T21:00:00Z|2015-08-24T00:00:00Z|2015-08-24T03:00:00Z|2015-08-24T06:00:00Z,test,0,False,zero
103257,NA,2015,2015-08-24T09:00:00Z,13.1,-43.1,2015237N14315,2015-08-24T18:00:00Z,1,1.0,2015-08-23T09:00:00Z|2015-08-23T12:00:00Z|2015-08-23T15:00:00Z|2015-08-23T18:00:00Z|2015-08-23T21:00:00Z|2015-08-24T00:00:00Z|2015-08-24T03:00:00Z|2015-08-24T06:00:00Z|2015-08-24T09:00:00Z,test,0,False,zero
103257,NA,2015,2015-08-24T12:00:00Z,12.9,-44.0,2015237N14315,2015-08-24T18:00:00Z,1,1.0,2015-08-23T12:00:00Z|2015-08-23T15:00:00Z|2015-08-23T18:00:00Z|2015-08-23T21:00:00Z|2015-08-24T00:00:00Z|2015-08-24T03:00:00Z|2015-08-24T06:00:00Z|2015-08-24T09:00:00Z|2015-08-24T12:00:00Z,test,0,False,zero
103257,NA,2015,2015-08-24T15:00:00Z,12.9,-44.1,2015237N14315,2015-08-24T18:00:00Z,1,1.0,2015-08-23T15:00:00Z|2015-08-23T18:00:00Z|2015-08-23T21:00:00Z|2015-08-24T00:00:00Z|2015-08-24T03:00:00Z|2015-08-24T06:00:00Z|2015-08-24T09:00:00Z|2015-08-24T12:00:00Z|2015-08-24T15:00:00Z,test,0,False,zero
103258,EP,2015,2015-08-25T09:00:00Z,12.0,-105.7,2015238N10255,2015-08-27T06:00:00Z,0,1.0,2015-08-24T09:00:00Z|2015-08-24T12:00:00Z|2015-08-24T15:00:00Z|2015-08-24T18:00:00Z|2015-08-24T21:00:00Z|2015-08-25T00:00:00Z|2015-08-25T03:00:00Z|2015-08-25T06:00:00Z|2015-08-25T09:00:00Z,test,0,False,zero
103260,EP,2015,2015-08-31T15:00:00Z,9.0,-110.9,2015244N12248,2015-09-01T18:00:00Z,0,1.0,2015-08-30T15:00:00Z|2015-08-30T18:00:00Z|2015-08-30T21:00:00Z|2015-08-31T00:00:00Z|2015-08-31T03:00:00Z|2015-08-31T06:00:00Z|2015-08-31T09:00:00Z|2015-08-31T12:00:00Z|2015-08-31T15:00:00Z,test,0,False,zero
103261,EP,2015,2015-09-04T09:00:00Z,10.0,-102.3,2015248N10256,2015-09-06T06:00:00Z,0,1.0,2015-09-03T09:00:00Z|2015-09-03T12:00:00Z|2015-09-03T15:00:00Z|2015-09-03T18:00:00Z|2015-09-03T21:00:00Z|2015-09-04T00:00:00Z|2015-09-04T03:00:00Z|2015-09-04T06:00:00Z|2015-09-04T09:00:00Z,test,0,False,zero
103262,NA,2015,2015-09-05T03:00:00Z,11.0,-24.8,2015248N12337,2015-09-05T18:00:00Z,1,1.0,2015-09-04T03:00:00Z|2015-09-04T06:00:00Z|2015-09-04T09:00:00Z|2015-09-04T12:00:00Z|2015-09-04T15:00:00Z|2015-09-04T18:00:00Z|2015-09-04T21:00:00Z|2015-09-05T00:00:00Z|2015-09-05T03:00:00Z,test,0,False,zero
103268,NA,2015,2015-09-15T09:00:00Z,9.4,-24.8,2015259N09336,2015-09-19T00:00:00Z,0,0.0,2015-09-14T09:00:00Z|2015-09-14T12:00:00Z|2015-09-14T15:00:00Z|2015-09-14T18:00:00Z|2015-09-14T21:00:00Z|2015-09-15T00:00:00Z|2015-09-15T03:00:00Z|2015-09-15T06:00:00Z|2015-09-15T09:00:00Z,test,0,False,zero
103272,EP,2015,2015-09-23T03:00:00Z,12.1,-146.2,2015266N11214,2015-09-25T06:00:00Z,0,0.0,2015-09-22T03:00:00Z|2015-09-22T06:00:00Z|2015-09-22T09:00:00Z|2015-09-22T12:00:00Z|2015-09-22T15:00:00Z|2015-09-22T18:00:00Z|2015-09-22T21:00:00Z|2015-09-23T00:00:00Z|2015-09-23T03:00:00Z,test,0,False,zero
103274,NA,2015,2015-09-26T15:00:00Z,23.5,-67.7,2015270N27291,2015-09-29T00:00:00Z,0,0.0,2015-09-25T15:00:00Z|2015-09-25T18:00:00Z|2015-09-25T21:00:00Z|2015-09-26T00:00:00Z|2015-09-26T03:00:00Z|2015-09-26T06:00:00Z|2015-09-26T09:00:00Z|2015-09-26T12:00:00Z|2015-09-26T15:00:00Z,test,0,False,zero
103275,WP,2015,2015-09-29T21:00:00Z,12.9,133.5,2015273N12130,2015-10-02T06:00:00Z,0,0.0,2015-09-28T21:00:00Z|2015-09-29T00:00:00Z|2015-09-29T03:00:00Z|2015-09-29T06:00:00Z|2015-09-29T09:00:00Z|2015-09-29T12:00:00Z|2015-09-29T15:00:00Z|2015-09-29T18:00:00Z|2015-09-29T21:00:00Z,test,0,False,zero
103277,WP,2015,2015-10-02T00:00:00Z,20.4,175.0,2015274N17167,2015-10-03T00:00:00Z,1,1.0,2015-10-01T00:00:00Z|2015-10-01T03:00:00Z|2015-10-01T06:00:00Z|2015-10-01T09:00:00Z|2015-10-01T12:00:00Z|2015-10-01T15:00:00Z|2015-10-01T18:00:00Z|2015-10-01T21:00:00Z|2015-10-02T00:00:00Z,test,0,False,zero
103277,WP,2015,2015-10-02T03:00:00Z,20.5,173.5,2015274N17167,2015-10-03T00:00:00Z,1,1.0,2015-10-01T03:00:00Z|2015-10-01T06:00:00Z|2015-10-01T09:00:00Z|2015-10-01T12:00:00Z|2015-10-01T15:00:00Z|2015-10-01T18:00:00Z|2015-10-01T21:00:00Z|2015-10-02T00:00:00Z|2015-10-02T03:00:00Z,test,0,False,zero
103277,WP,2015,2015-10-02T06:00:00Z,20.7,172.1,2015274N17167,2015-10-03T00:00:00Z,1,1.0,2015-10-01T06:00:00Z|2015-10-01T09:00:00Z|2015-10-01T12:00:00Z|2015-10-01T15:00:00Z|2015-10-01T18:00:00Z|2015-10-01T21:00:00Z|2015-10-02T00:00:00Z|2015-10-02T03:00:00Z|2015-10-02T06:00:00Z,test,0,False,zero
103277,WP,2015,2015-10-02T09:00:00Z,20.8,170.6,2015274N17167,2015-10-03T00:00:00Z,1,1.0,2015-10-01T09:00:00Z|2015-10-01T12:00:00Z|2015-10-01T15:00:00Z|2015-10-01T18:00:00Z|2015-10-01T21:00:00Z|2015-10-02T00:00:00Z|2015-10-02T03:00:00Z|2015-10-02T06:00:00Z|2015-10-02T09:00:00Z,test,0,False,zero
103277,WP,2015,2015-10-02T12:00:00Z,20.9,169.1,2015274N17167,2015-10-03T00:00:00Z,1,1.0,2015-10-01T12:00:00Z|2015-10-01T15:00:00Z|2015-10-01T18:00:00Z|2015-10-01T21:00:00Z|2015-10-02T00:00:00Z|2015-10-02T03:00:00Z|2015-10-02T06:00:00Z|2015-10-02T09:00:00Z|2015-10-02T12:00:00Z,test,0,False,zero
103277,WP,2015,2015-10-02T15:00:00Z,22.4,169.0,2015274N17167,2015-10-03T00:00:00Z,1,1.0,2015-10-01T15:00:00Z|2015-10-01T18:00:00Z|2015-10-01T21:00:00Z|2015-10-02T00:00:00Z|2015-10-02T03:00:00Z|2015-10-02T06:00:00Z|2015-10-02T09:00:00Z|2015-10-02T12:00:00Z|2015-10-02T15:00:00Z,test,0,False,zero
103277,WP,2015,2015-10-02T18:00:00Z,19.3,169.0,2015274N17167,2015-10-03T00:00:00Z,1,1.0,2015-10-01T18:00:00Z|2015-10-01T21:00:00Z|2015-10-02T00:00:00Z|2015-10-02T03:00:00Z|2015-10-02T06:00:00Z|2015-10-02T09:00:00Z|2015-10-02T12:00:00Z|2015-10-02T15:00:00Z|2015-10-02T18:00:00Z,test,0,False,zero
103277,WP,2015,2015-10-02T21:00:00Z,18.6,169.2,2015274N17167,2015-10-03T00:00:00Z,1,1.0,2015-10-01T21:00:00Z|2015-10-02T00:00:00Z|2015-10-02T03:00:00Z|2015-10-02T06:00:00Z|2015-10-02T09:00:00Z|2015-10-02T12:00:00Z|2015-10-02T15:00:00Z|2015-10-02T18:00:00Z|2015-10-02T21:00:00Z,test,0,False,zero
103281,WP,2015,2015-10-12T03:00:00Z,14.8,147.0,2015285N14151,2015-10-13T12:00:00Z,0,1.0,2015-10-11T03:00:00Z|2015-10-11T06:00:00Z|2015-10-11T09:00:00Z|2015-10-11T12:00:00Z|2015-10-11T15:00:00Z|2015-10-11T18:00:00Z|2015-10-11T21:00:00Z|2015-10-12T00:00:00Z|2015-10-12T03:00:00Z,test,0,False,zero
103290,WP,2015,2015-11-16T06:00:00Z,2.4,166.3,2015321N04164,2015-11-17T06:00:00Z,1,1.0,2015-11-15T06:00:00Z|2015-11-15T09:00:00Z|2015-11-15T12:00:00Z|2015-11-15T15:00:00Z|2015-11-15T18:00:00Z|2015-11-15T21:00:00Z|2015-11-16T00:00:00Z|2015-11-16T03:00:00Z|2015-11-16T06:00:00Z,test,0,False,zero
103290,WP,2015,2015-11-16T09:00:00Z,2.4,165.9,2015321N04164,2015-11-17T06:00:00Z,1,1.0,2015-11-15T09:00:00Z|2015-11-15T12:00:00Z|2015-11-15T15:00:00Z|2015-11-15T18:00:00Z|2015-11-15T21:00:00Z|2015-11-16T00:00:00Z|2015-11-16T03:00:00Z|2015-11-16T06:00:00Z|2015-11-16T09:00:00Z,test,0,False,zero
103290,WP,2015,2015-11-16T12:00:00Z,2.3,165.4,2015321N04164,2015-11-17T06:00:00Z,1,1.0,2015-11-15T12:00:00Z|2015-11-15T15:00:00Z|2015-11-15T18:00:00Z|2015-11-15T21:00:00Z|2015-11-16T00:00:00Z|2015-11-16T03:00:00Z|2015-11-16T06:00:00Z|2015-11-16T09:00:00Z|2015-11-16T12:00:00Z,test,0,False,zero
103290,WP,2015,2015-11-16T15:00:00Z,1.6,164.0,2015321N04164,2015-11-17T06:00:00Z,1,1.0,2015-11-15T15:00:00Z|2015-11-15T18:00:00Z|2015-11-15T21:00:00Z|2015-11-16T00:00:00Z|2015-11-16T03:00:00Z|2015-11-16T06:00:00Z|2015-11-16T09:00:00Z|2015-11-16T12:00:00Z|2015-11-16T15:00:00Z,test,0,False,zero
103298,WP,2015,2015-12-27T15:00:00Z,2.5,-178.2,2015362N01179,,0,0.0,2015-12-26T15:00:00Z|2015-12-26T18:00:00Z|2015-12-26T21:00:00Z|2015-12-27T00:00:00Z|2015-12-27T03:00:00Z|2015-12-27T06:00:00Z|2015-12-27T09:00:00Z|2015-12-27T12:00:00Z|2015-12-27T15:00:00Z,test,0,False,zero
103303,SI,2016,2016-01-20T09:00:00Z,-13.0,75.7,2016020S14078,2016-01-21T00:00:00Z,1,1.0,2016-01-19T09:00:00Z|2016-01-19T12:00:00Z|2016-01-19T15:00:00Z|2016-01-19T18:00:00Z|2016-01-19T21:00:00Z|2016-01-20T00:00:00Z|2016-01-20T03:00:00Z|2016-01-20T06:00:00Z|2016-01-20T09:00:00Z,test,0,False,zero
103303,SI,2016,2016-01-20T12:00:00Z,-14.0,76.4,2016020S14078,2016-01-21T00:00:00Z,1,1.0,2016-01-19T12:00:00Z|2016-01-19T15:00:00Z|2016-01-19T18:00:00Z|2016-01-19T21:00:00Z|2016-01-20T00:00:00Z|2016-01-20T03:00:00Z|2016-01-20T06:00:00Z|2016-01-20T09:00:00Z|2016-01-20T12:00:00Z,test,0,False,zero
103303,SI,2016,2016-01-20T15:00:00Z,-14.9,77.1,2016020S14078,2016-01-21T00:00:00Z,1,1.0,2016-01-19T15:00:00Z|2016-01-19T18:00:00Z|2016-01-19T21:00:00Z|2016-01-20T00:00:00Z|2016-01-20T03:00:00Z|2016-01-20T06:00:00Z|2016-01-20T09:00:00Z|2016-01-20T12:00:00Z|2016-01-20T15:00:00Z,test,0,False,zero
103312,SI,2016,2016-03-27T21:00:00Z,-11.8,74.3,2016087S13073,2016-03-28T18:00:00Z,1,1.0,2016-03-26T21:00:00Z|2016-03-27T00:00:00Z|2016-03-27T03:00:00Z|2016-03-27T06:00:00Z|2016-03-27T09:00:00Z|2016-03-27T12:00:00Z|2016-03-27T15:00:00Z|2016-03-27T18:00:00Z|2016-03-27T21:00:00Z,test,0,False,zero
103312,SI,2016,2016-03-28T00:00:00Z,-11.7,74.7,2016087S13073,2016-03-28T18:00:00Z,1,1.0,2016-03-27T00:00:00Z|2016-03-27T03:00:00Z|2016-03-27T06:00:00Z|2016-03-27T09:00:00Z|2016-03-27T12:00:00Z|2016-03-27T15:00:00Z|2016-03-27T18:00:00Z|2016-03-27T21:00:00Z|2016-03-28T00:00:00Z,test,0,False,zero
103312,SI,2016,2016-03-28T03:00:00Z,-11.4,74.9,2016087S13073,2016-03-28T18:00:00Z,1,1.0,2016-03-27T03:00:00Z|2016-03-27T06:00:00Z|2016-03-27T09:00:00Z|2016-03-27T12:00:00Z|2016-03-27T15:00:00Z|2016-03-27T18:00:00Z|2016-03-27T21:00:00Z|2016-03-28T00:00:00Z|2016-03-28T03:00:00Z,test,0,False,zero
103312,SI,2016,2016-03-28T06:00:00Z,-12.3,75.6,2016087S13073,2016-03-28T18:00:00Z,1,1.0,2016-03-27T06:00:00Z|2016-03-27T09:00:00Z|2016-03-27T12:00:00Z|2016-03-27T15:00:00Z|2016-03-27T18:00:00Z|2016-03-27T21:00:00Z|2016-03-28T00:00:00Z|2016-03-28T03:00:00Z|2016-03-28T06:00:00Z,test,0,False,zero
103312,SI,2016,2016-03-28T09:00:00Z,-13.2,76.3,2016087S13073,2016-03-28T18:00:00Z,1,1.0,2016-03-27T09:00:00Z|2016-03-27T12:00:00Z|2016-03-27T15:00:00Z|2016-03-27T18:00:00Z|2016-03-27T21:00:00Z|2016-03-28T00:00:00Z|2016-03-28T03:00:00Z|2016-03-28T06:00:00Z|2016-03-28T09:00:00Z,test,0,False,zero
103314,SI,2016,2016-04-10T21:00:00Z,-13.4,73.8,2016102S12074,2016-04-11T12:00:00Z,1,1.0,2016-04-09T21:00:00Z|2016-04-10T00:00:00Z|2016-04-10T03:00:00Z|2016-04-10T06:00:00Z|2016-04-10T09:00:00Z|2016-04-10T12:00:00Z|2016-04-10T15:00:00Z|2016-04-10T18:00:00Z|2016-04-10T21:00:00Z,test,0,False,zero
103318,NA,2016,2016-05-27T03:00:00Z,28.4,-70.0,2016148N27288,2016-05-28T12:00:00Z,0,1.0,2016-05-26T03:00:00Z|2016-05-26T06:00:00Z|2016-05-26T09:00:00Z|2016-05-26T12:00:00Z|2016-05-26T15:00:00Z|2016-05-26T18:00:00Z|2016-05-26T21:00:00Z|2016-05-27T00:00:00Z|2016-05-27T03:00:00Z,test,0,False,zero
103322,NI,2016,2016-06-26T00:00:00Z,20.9,66.4,2016178N22068,2016-06-27T00:00:00Z,1,1.0,2016-06-25T00:00:00Z|2016-06-25T03:00:00Z|2016-06-25T06:00:00Z|2016-06-25T09:00:00Z|2016-06-25T12:00:00Z|2016-06-25T15:00:00Z|2016-06-25T18:00:00Z|2016-06-25T21:00:00Z|2016-06-26T00:00:00Z,test,0,False,zero
103322,NI,2016,2016-06-26T03:00:00Z,20.9,65.5,2016178N22068,2016-06-27T00:00:00Z,1,1.0,2016-06-25T03:00:00Z|2016-06-25T06:00:00Z|2016-06-25T09:00:00Z|2016-06-25T12:00:00Z|2016-06-25T15:00:00Z|2016-06-25T18:00:00Z|2016-06-25T21:00:00Z|2016-06-26T00:00:00Z|2016-06-26T03:00:00Z,test,0,False,zero
103323,EP,2016,2016-07-01T03:00:00Z,13.7,-115.9,2016183N13246,2016-07-02T18:00:00Z,0,1.0,2016-06-30T03:00:00Z|2016-06-30T06:00:00Z|2016-06-30T09:00:00Z|2016-06-30T12:00:00Z|2016-06-30T15:00:00Z|2016-06-30T18:00:00Z|2016-06-30T21:00:00Z|2016-07-01T00:00:00Z|2016-07-01T03:00:00Z,test,0,False,zero
103330,WP,2016,2016-07-16T15:00:00Z,18.6,130.2,2016199N18131,,0,0.0,2016-07-15T15:00:00Z|2016-07-15T18:00:00Z|2016-07-15T21:00:00Z|2016-07-16T00:00:00Z|2016-07-16T03:00:00Z|2016-07-16T06:00:00Z|2016-07-16T09:00:00Z|2016-07-16T12:00:00Z|2016-07-16T15:00:00Z,test,0,False,zero
103331,EP,2016,2016-07-20T21:00:00Z,9.1,-111.3,2016203N10249,2016-07-22T09:00:00Z,0,1.0,2016-07-19T21:00:00Z|2016-07-20T00:00:00Z|2016-07-20T03:00:00Z|2016-07-20T06:00:00Z|2016-07-20T09:00:00Z|2016-07-20T12:00:00Z|2016-07-20T15:00:00Z|2016-07-20T18:00:00Z|2016-07-20T21:00:00Z,test,0,False,zero
103334,WP,2016,2016-07-25T03:00:00Z,17.4,114.9,2016207N17116,2016-07-26T06:00:00Z,0,1.0,2016-07-24T03:00:00Z|2016-07-24T06:00:00Z|2016-07-24T09:00:00Z|2016-07-24T12:00:00Z|2016-07-24T15:00:00Z|2016-07-24T18:00:00Z|2016-07-24T21:00:00Z|2016-07-25T00:00:00Z|2016-07-25T03:00:00Z,test,0,False,zero
103335,WP,2016,2016-07-29T00:00:00Z,8.2,129.1,2016211N11128,2016-07-30T00:00:00Z,1,1.0,2016-07-28T00:00:00Z|2016-07-28T03:00:00Z|2016-07-28T06:00:00Z|2016-07-28T09:00:00Z|2016-07-28T12:00:00Z|2016-07-28T15:00:00Z|2016-07-28T18:00:00Z|2016-07-28T21:00:00Z|2016-07-29T00:00:00Z,test,0,False,zero
103335,WP,2016,2016-07-29T03:00:00Z,9.5,128.9,2016211N11128,2016-07-30T00:00:00Z,1,1.0,2016-07-28T03:00:00Z|2016-07-28T06:00:00Z|2016-07-28T09:00:00Z|2016-07-28T12:00:00Z|2016-07-28T15:00:00Z|2016-07-28T18:00:00Z|2016-07-28T21:00:00Z|2016-07-29T00:00:00Z|2016-07-29T03:00:00Z,test,0,False,zero
103335,WP,2016,2016-07-29T06:00:00Z,10.6,128.7,2016211N11128,2016-07-30T00:00:00Z,1,1.0,2016-07-28T06:00:00Z|2016-07-28T09:00:00Z|2016-07-28T12:00:00Z|2016-07-28T15:00:00Z|2016-07-28T18:00:00Z|2016-07-28T21:00:00Z|2016-07-29T00:00:00Z|2016-07-29T03:00:00Z|2016-07-29T06:00:00Z,test,0,False,zero
103335,WP,2016,2016-07-29T09:00:00Z,11.7,128.6,2016211N11128,2016-07-30T00:00:00Z,1,1.0,2016-07-28T09:00:00Z|2016-07-28T12:00:00Z|2016-07-28T15:00:00Z|2016-07-28T18:00:00Z|2016-07-28T21:00:00Z|2016-07-29T00:00:00Z|2016-07-29T03:00:00Z|2016-07-29T06:00:00Z|2016-07-29T09:00:00Z,test,0,False,zero
103336,EP,2016,2016-07-31T09:00:00Z,12.9,-119.9,2016214N15240,2016-08-01T06:00:00Z,1,1.0,2016-07-30T09:00:00Z|2016-07-30T12:00:00Z|2016-07-30T15:00:00Z|2016-07-30T18:00:00Z|2016-07-30T21:00:00Z|2016-07-31T00:00:00Z|2016-07-31T03:00:00Z|2016-07-31T06:00:00Z|2016-07-31T09:00:00Z,test,0,False,zero
103337,NA,2016,2016-08-01T06:00:00Z,16.4,-68.8,2016215N16283,2016-08-02T06:00:00Z,1,1.0,2016-07-31T06:00:00Z|2016-07-31T09:00:00Z|2016-07-31T12:00:00Z|2016-07-31T15:00:00Z|2016-07-31T18:00:00Z|2016-07-31T21:00:00Z|2016-08-01T00:00:00Z|2016-08-01T03:00:00Z|2016-08-01T06:00:00Z,test,0,False,zero
103337,NA,2016,2016-08-01T09:00:00Z,16.6,-69.5,2016215N16283,2016-08-02T06:00:00Z,1,1.0,2016-07-31T09:00:00Z|2016-07-31T12:00:00Z|2016-07-31T15:00:00Z|2016-07-31T18:00:00Z|2016-07-31T21:00:00Z|2016-08-01T00:00:00Z|2016-08-01T03:00:00Z|2016-08-01T06:00:00Z|2016-08-01T09:00:00Z,test,0,False,zero
103337,NA,2016,2016-08-01T12:00:00Z,16.6,-69.9,2016215N16283,2016-08-02T06:00:00Z,1,1.0,2016-07-31T12:00:00Z|2016-07-31T15:00:00Z|2016-07-31T18:00:00Z|2016-07-31T21:00:00Z|2016-08-01T00:00:00Z|2016-08-01T03:00:00Z|2016-08-01T06:00:00Z|2016-08-01T09:00:00Z|2016-08-01T12:00:00Z,test,0,False,zero
103337,NA,2016,2016-08-01T15:00:00Z,16.9,-70.7,2016215N16283,2016-08-02T06:00:00Z,1,1.0,2016-07-31T15:00:00Z|2016-07-31T18:00:00Z|2016-07-31T21:00:00Z|2016-08-01T00:00:00Z|2016-08-01T03:00:00Z|2016-08-01T06:00:00Z|2016-08-01T09:00:00Z|2016-08-01T12:00:00Z|2016-08-01T15:00:00Z,test,0,False,zero
103337,NA,2016,2016-08-01T18:00:00Z,17.2,-71.4,2016215N16283,2016-08-02T06:00:00Z,1,1.0,2016-07-31T18:00:00Z|2016-07-31T21:00:00Z|2016-08-01T00:00:00Z|2016-08-01T03:00:00Z|2016-08-01T06:00:00Z|2016-08-01T09:00:00Z|2016-08-01T12:00:00Z|2016-08-01T15:00:00Z|2016-08-01T18:00:00Z,test,0,False,zero
103337,NA,2016,2016-08-01T21:00:00Z,16.9,-73.0,2016215N16283,2016-08-02T06:00:00Z,1,1.0,2016-07-31T21:00:00Z|2016-08-01T00:00:00Z|2016-08-01T03:00:00Z|2016-08-01T06:00:00Z|2016-08-01T09:00:00Z|2016-08-01T12:00:00Z|2016-08-01T15:00:00Z|2016-08-01T18:00:00Z|2016-08-01T21:00:00Z,test,0,False,zero
103337,NA,2016,2016-08-02T00:00:00Z,17.0,-72.3,2016215N16283,2016-08-02T06:00:00Z,1,1.0,2016-08-01T00:00:00Z|2016-08-01T03:00:00Z|2016-08-01T06:00:00Z|2016-08-01T09:00:00Z|2016-08-01T12:00:00Z|2016-08-01T15:00:00Z|2016-08-01T18:00:00Z|2016-08-01T21:00:00Z|2016-08-02T00:00:00Z,test,0,False,zero
103337,NA,2016,2016-08-02T03:00:00Z,16.4,-75.3,2016215N16283,2016-08-02T06:00:00Z,1,1.0,2016-08-01T03:00:00Z|2016-08-01T06:00:00Z|2016-08-01T09:00:00Z|2016-08-01T12:00:00Z|2016-08-01T15:00:00Z|2016-08-01T18:00:00Z|2016-08-01T21:00:00Z|2016-08-02T00:00:00Z|2016-08-02T03:00:00Z,test,0,False,zero
103339,WP,2016,2016-08-03T18:00:00Z,15.8,144.0,2016216N17149,2016-08-04T12:00:00Z,1,1.0,2016-08-02T18:00:00Z|2016-08-02T21:00:00Z|2016-08-03T00:00:00Z|2016-08-03T03:00:00Z|2016-08-03T06:00:00Z|2016-08-03T09:00:00Z|2016-08-03T12:00:00Z|2016-08-03T15:00:00Z|2016-08-03T18:00:00Z,test,0,False,zero
103339,WP,2016,2016-08-03T21:00:00Z,15.5,143.2,2016216N17149,2016-08-04T12:00:00Z,1,1.0,2016-08-02T21:00:00Z|2016-08-03T00:00:00Z|2016-08-03T03:00:00Z|2016-08-03T06:00:00Z|2016-08-03T09:00:00Z|2016-08-03T12:00:00Z|2016-08-03T15:00:00Z|2016-08-03T18:00:00Z|2016-08-03T21:00:00Z,test,0,False,zero
103339,WP,2016,2016-08-04T00:00:00Z,15.3,142.4,2016216N17149,2016-08-04T12:00:00Z,1,1.0,2016-08-03T00:00:00Z|2016-08-03T03:00:00Z|2016-08-03T06:00:00Z|2016-08-03T09:00:00Z|2016-08-03T12:00:00Z|2016-08-03T15:00:00Z|2016-08-03T18:00:00Z|2016-08-03T21:00:00Z|2016-08-04T00:00:00Z,test,0,False,zero
103339,WP,2016,2016-08-04T03:00:00Z,18.1,141.4,2016216N17149,2016-08-04T12:00:00Z,1,1.0,2016-08-03T03:00:00Z|2016-08-03T06:00:00Z|2016-08-03T09:00:00Z|2016-08-03T12:00:00Z|2016-08-03T15:00:00Z|2016-08-03T18:00:00Z|2016-08-03T21:00:00Z|2016-08-04T00:00:00Z|2016-08-04T03:00:00Z,test,0,False,zero
103339,WP,2016,2016-08-04T06:00:00Z,19.2,139.9,2016216N17149,2016-08-04T12:00:00Z,1,1.0,2016-08-03T06:00:00Z|2016-08-03T09:00:00Z|2016-08-03T12:00:00Z|2016-08-03T15:00:00Z|2016-08-03T18:00:00Z|2016-08-03T21:00:00Z|2016-08-04T00:00:00Z|2016-08-04T03:00:00Z|2016-08-04T06:00:00Z,test,0,False,zero
103339,WP,2016,2016-08-04T09:00:00Z,18.0,142.1,2016216N17149,2016-08-04T12:00:00Z,1,1.0,2016-08-03T09:00:00Z|2016-08-03T12:00:00Z|2016-08-03T15:00:00Z|2016-08-03T18:00:00Z|2016-08-03T21:00:00Z|2016-08-04T00:00:00Z|2016-08-04T03:00:00Z|2016-08-04T06:00:00Z|2016-08-04T09:00:00Z,test,0,False,zero
103348,WP,2016,2016-08-18T21:00:00Z,26.0,155.8,2016232N22153,2016-08-20T06:00:00Z,0,1.0,2016-08-17T21:00:00Z|2016-08-18T00:00:00Z|2016-08-18T03:00:00Z|2016-08-18T06:00:00Z|2016-08-18T09:00:00Z|2016-08-18T12:00:00Z|2016-08-18T15:00:00Z|2016-08-18T18:00:00Z|2016-08-18T21:00:00Z,test,0,False,zero
103345,NA,2016,2016-08-16T15:00:00Z,11.2,-32.3,2016230N12328,2016-08-17T12:00:00Z,1,1.0,2016-08-15T15:00:00Z|2016-08-15T18:00:00Z|2016-08-15T21:00:00Z|2016-08-16T00:00:00Z|2016-08-16T03:00:00Z|2016-08-16T06:00:00Z|2016-08-16T09:00:00Z|2016-08-16T12:00:00Z|2016-08-16T15:00:00Z,test,0,False,zero
103349,NA,2016,2016-08-21T09:00:00Z,9.2,-19.4,2016235N11341,2016-08-22T18:00:00Z,0,1.0,2016-08-20T09:00:00Z|2016-08-20T12:00:00Z|2016-08-20T15:00:00Z|2016-08-20T18:00:00Z|2016-08-20T21:00:00Z|2016-08-21T00:00:00Z|2016-08-21T03:00:00Z|2016-08-21T06:00:00Z|2016-08-21T09:00:00Z,test,0,False,zero
103354,NA,2016,2016-08-28T15:00:00Z,20.9,-80.0,2016242N24279,2016-08-31T06:00:00Z,0,0.0,2016-08-27T15:00:00Z|2016-08-27T18:00:00Z|2016-08-27T21:00:00Z|2016-08-28T00:00:00Z|2016-08-28T03:00:00Z|2016-08-28T06:00:00Z|2016-08-28T09:00:00Z|2016-08-28T12:00:00Z|2016-08-28T15:00:00Z,test,0,False,zero
103355,WP,2016,2016-08-30T15:00:00Z,18.6,120.1,2016244N21123,2016-08-31T18:00:00Z,0,1.0,2016-08-29T15:00:00Z|2016-08-29T18:00:00Z|2016-08-29T21:00:00Z|2016-08-30T00:00:00Z|2016-08-30T03:00:00Z|2016-08-30T06:00:00Z|2016-08-30T09:00:00Z|2016-08-30T12:00:00Z|2016-08-30T15:00:00Z,test,0,False,zero
103356,EP,2016,2016-09-03T18:00:00Z,13.8,-110.4,2016248N15255,2016-09-04T18:00:00Z,1,1.0,2016-09-02T18:00:00Z|2016-09-02T21:00:00Z|2016-09-03T00:00:00Z|2016-09-03T03:00:00Z|2016-09-03T06:00:00Z|2016-09-03T09:00:00Z|2016-09-03T12:00:00Z|2016-09-03T15:00:00Z|2016-09-03T18:00:00Z,test,0,False,zero
103356,EP,2016,2016-09-03T21:00:00Z,13.6,-111.1,2016248N15255,2016-09-04T18:00:00Z,1,1.0,2016-09-02T21:00:00Z|2016-09-03T00:00:00Z|2016-09-03T03:00:00Z|2016-09-03T06:00:00Z|2016-09-03T09:00:00Z|2016-09-03T12:00:00Z|2016-09-03T15:00:00Z|2016-09-03T18:00:00Z|2016-09-03T21:00:00Z,test,0,False,zero
103356,EP,2016,2016-09-04T00:00:00Z,14.8,-110.7,2016248N15255,2016-09-04T18:00:00Z,1,1.0,2016-09-03T00:00:00Z|2016-09-03T03:00:00Z|2016-09-03T06:00:00Z|2016-09-03T09:00:00Z|2016-09-03T12:00:00Z|2016-09-03T15:00:00Z|2016-09-03T18:00:00Z|2016-09-03T21:00:00Z|2016-09-04T00:00:00Z,test,0,False,zero
103356,EP,2016,2016-09-04T03:00:00Z,14.3,-108.3,2016248N15255,2016-09-04T18:00:00Z,1,1.0,2016-09-03T03:00:00Z|2016-09-03T06:00:00Z|2016-09-03T09:00:00Z|2016-09-03T12:00:00Z|2016-09-03T15:00:00Z|2016-09-03T18:00:00Z|2016-09-03T21:00:00Z|2016-09-04T00:00:00Z|2016-09-04T03:00:00Z,test,0,False,zero
103360,EP,2016,2016-09-10T06:00:00Z,12.9,-114.1,2016255N12247,2016-09-11T06:00:00Z,1,1.0,2016-09-09T06:00:00Z|2016-09-09T09:00:00Z|2016-09-09T12:00:00Z|2016-09-09T15:00:00Z|2016-09-09T18:00:00Z|2016-09-09T21:00:00Z|2016-09-10T00:00:00Z|2016-09-10T03:00:00Z|2016-09-10T06:00:00Z,test,0,False,zero
103360,EP,2016,2016-09-10T09:00:00Z,13.0,-114.6,2016255N12247,2016-09-11T06:00:00Z,1,1.0,2016-09-09T09:00:00Z|2016-09-09T12:00:00Z|2016-09-09T15:00:00Z|2016-09-09T18:00:00Z|2016-09-09T21:00:00Z|2016-09-10T00:00:00Z|2016-09-10T03:00:00Z|2016-09-10T06:00:00Z|2016-09-10T09:00:00Z,test,0,False,zero
103361,WP,2016,2016-09-11T00:00:00Z,10.7,148.4,2016256N12146,2016-09-12T00:00:00Z,1,1.0,2016-09-10T00:00:00Z|2016-09-10T03:00:00Z|2016-09-10T06:00:00Z|2016-09-10T09:00:00Z|2016-09-10T12:00:00Z|2016-09-10T15:00:00Z|2016-09-10T18:00:00Z|2016-09-10T21:00:00Z|2016-09-11T00:00:00Z,test,0,False,zero
103361,WP,2016,2016-09-11T03:00:00Z,10.7,147.7,2016256N12146,2016-09-12T00:00:00Z,1,1.0,2016-09-10T03:00:00Z|2016-09-10T06:00:00Z|2016-09-10T09:00:00Z|2016-09-10T12:00:00Z|2016-09-10T15:00:00Z|2016-09-10T18:00:00Z|2016-09-10T21:00:00Z|2016-09-11T00:00:00Z|2016-09-11T03:00:00Z,test,0,False,zero
103361,WP,2016,2016-09-11T06:00:00Z,11.6,146.7,2016256N12146,2016-09-12T00:00:00Z,1,1.0,2016-09-10T06:00:00Z|2016-09-10T09:00:00Z|2016-09-10T12:00:00Z|2016-09-10T15:00:00Z|2016-09-10T18:00:00Z|2016-09-10T21:00:00Z|2016-09-11T00:00:00Z|2016-09-11T03:00:00Z|2016-09-11T06:00:00Z,test,0,False,zero
103361,WP,2016,2016-09-11T09:00:00Z,11.8,146.2,2016256N12146,2016-09-12T00:00:00Z,1,1.0,2016-09-10T09:00:00Z|2016-09-10T12:00:00Z|2016-09-10T15:00:00Z|2016-09-10T18:00:00Z|2016-09-10T21:00:00Z|2016-09-11T00:00:00Z|2016-09-11T03:00:00Z|2016-09-11T06:00:00Z|2016-09-11T09:00:00Z,test,0,False,zero
103362,NA,2016,2016-09-11T18:00:00Z,18.3,-45.8,2016256N20312,2016-09-12T00:00:00Z,1,1.0,2016-09-10T18:00:00Z|2016-09-10T21:00:00Z|2016-09-11T00:00:00Z|2016-09-11T03:00:00Z|2016-09-11T06:00:00Z|2016-09-11T09:00:00Z|2016-09-11T12:00:00Z|2016-09-11T15:00:00Z|2016-09-11T18:00:00Z,test,0,False,zero
103362,NA,2016,2016-09-11T21:00:00Z,20.1,-46.9,2016256N20312,2016-09-12T00:00:00Z,1,1.0,2016-09-10T21:00:00Z|2016-09-11T00:00:00Z|2016-09-11T03:00:00Z|2016-09-11T06:00:00Z|2016-09-11T09:00:00Z|2016-09-11T12:00:00Z|2016-09-11T15:00:00Z|2016-09-11T18:00:00Z|2016-09-11T21:00:00Z,test,0,False,zero
103370,EP,2016,2016-09-25T00:00:00Z,14.5,-113.5,2016270N15240,2016-09-26T00:00:00Z,1,1.0,2016-09-24T00:00:00Z|2016-09-24T03:00:00Z|2016-09-24T06:00:00Z|2016-09-24T09:00:00Z|2016-09-24T12:00:00Z|2016-09-24T15:00:00Z|2016-09-24T18:00:00Z|2016-09-24T21:00:00Z|2016-09-25T00:00:00Z,test,0,False,zero
103370,EP,2016,2016-09-25T03:00:00Z,14.9,-114.5,2016270N15240,2016-09-26T00:00:00Z,1,1.0,2016-09-24T03:00:00Z|2016-09-24T06:00:00Z|2016-09-24T09:00:00Z|2016-09-24T12:00:00Z|2016-09-24T15:00:00Z|2016-09-24T18:00:00Z|2016-09-24T21:00:00Z|2016-09-25T00:00:00Z|2016-09-25T03:00:00Z,test,0,False,zero
103370,EP,2016,2016-09-25T06:00:00Z,15.3,-115.5,2016270N15240,2016-09-26T00:00:00Z,1,1.0,2016-09-24T06:00:00Z|2016-09-24T09:00:00Z|2016-09-24T12:00:00Z|2016-09-24T15:00:00Z|2016-09-24T18:00:00Z|2016-09-24T21:00:00Z|2016-09-25T00:00:00Z|2016-09-25T03:00:00Z|2016-09-25T06:00:00Z,test,0,False,zero
103370,EP,2016,2016-09-25T09:00:00Z,15.6,-116.6,2016270N15240,2016-09-26T00:00:00Z,1,1.0,2016-09-24T09:00:00Z|2016-09-24T12:00:00Z|2016-09-24T15:00:00Z|2016-09-24T18:00:00Z|2016-09-24T21:00:00Z|2016-09-25T00:00:00Z|2016-09-25T03:00:00Z|2016-09-25T06:00:00Z|2016-09-25T09:00:00Z,test,0,False,zero
103368,WP,2016,2016-09-25T15:00:00Z,14.8,160.5,2016269N15165,2016-09-29T06:00:00Z,0,0.0,2016-09-24T15:00:00Z|2016-09-24T18:00:00Z|2016-09-24T21:00:00Z|2016-09-25T00:00:00Z|2016-09-25T03:00:00Z|2016-09-25T06:00:00Z|2016-09-25T09:00:00Z|2016-09-25T12:00:00Z|2016-09-25T15:00:00Z,test,0,False,zero
103373,NA,2016,2016-10-03T06:00:00Z,22.2,-56.0,2016278N23300,2016-10-04T06:00:00Z,1,1.0,2016-10-02T06:00:00Z|2016-10-02T09:00:00Z|2016-10-02T12:00:00Z|2016-10-02T15:00:00Z|2016-10-02T18:00:00Z|2016-10-02T21:00:00Z|2016-10-03T00:00:00Z|2016-10-03T03:00:00Z|2016-10-03T06:00:00Z,test,0,False,zero
103373,NA,2016,2016-10-03T09:00:00Z,22.2,-56.4,2016278N23300,2016-10-04T06:00:00Z,1,1.0,2016-10-02T09:00:00Z|2016-10-02T12:00:00Z|2016-10-02T15:00:00Z|2016-10-02T18:00:00Z|2016-10-02T21:00:00Z|2016-10-03T00:00:00Z|2016-10-03T03:00:00Z|2016-10-03T06:00:00Z|2016-10-03T09:00:00Z,test,0,False,zero
103373,NA,2016,2016-10-03T12:00:00Z,22.2,-56.8,2016278N23300,2016-10-04T06:00:00Z,1,1.0,2016-10-02T12:00:00Z|2016-10-02T15:00:00Z|2016-10-02T18:00:00Z|2016-10-02T21:00:00Z|2016-10-03T00:00:00Z|2016-10-03T03:00:00Z|2016-10-03T06:00:00Z|2016-10-03T09:00:00Z|2016-10-03T12:00:00Z,test,0,False,zero
103373,NA,2016,2016-10-03T15:00:00Z,22.1,-57.2,2016278N23300,2016-10-04T06:00:00Z,1,1.0,2016-10-02T15:00:00Z|2016-10-02T18:00:00Z|2016-10-02T21:00:00Z|2016-10-03T00:00:00Z|2016-10-03T03:00:00Z|2016-10-03T06:00:00Z|2016-10-03T09:00:00Z|2016-10-03T12:00:00Z|2016-10-03T15:00:00Z,test,0,False,zero
103373,NA,2016,2016-10-03T18:00:00Z,22.1,-57.6,2016278N23300,2016-10-04T06:00:00Z,1,1.0,2016-10-02T18:00:00Z|2016-10-02T21:00:00Z|2016-10-03T00:00:00Z|2016-10-03T03:00:00Z|2016-10-03T06:00:00Z|2016-10-03T09:00:00Z|2016-10-03T12:00:00Z|2016-10-03T15:00:00Z|2016-10-03T18:00:00Z,test,0,False,zero
103373,NA,2016,2016-10-03T21:00:00Z,21.8,-57.4,2016278N23300,2016-10-04T06:00:00Z,1,1.0,2016-10-02T21:00:00Z|2016-10-03T00:00:00Z|2016-10-03T03:00:00Z|2016-10-03T06:00:00Z|2016-10-03T09:00:00Z|2016-10-03T12:00:00Z|2016-10-03T15:00:00Z|2016-10-03T18:00:00Z|2016-10-03T21:00:00Z,test,0,False,zero
103373,NA,2016,2016-10-04T00:00:00Z,22.8,-56.0,2016278N23300,2016-10-04T06:00:00Z,1,1.0,2016-10-03T00:00:00Z|2016-10-03T03:00:00Z|2016-10-03T06:00:00Z|2016-10-03T09:00:00Z|2016-10-03T12:00:00Z|2016-10-03T15:00:00Z|2016-10-03T18:00:00Z|2016-10-03T21:00:00Z|2016-10-04T00:00:00Z,test,0,False,zero
103373,NA,2016,2016-10-04T03:00:00Z,21.8,-57.7,2016278N23300,2016-10-04T06:00:00Z,1,1.0,2016-10-03T03:00:00Z|2016-10-03T06:00:00Z|2016-10-03T09:00:00Z|2016-10-03T12:00:00Z|2016-10-03T15:00:00Z|2016-10-03T18:00:00Z|2016-10-03T21:00:00Z|2016-10-04T00:00:00Z|2016-10-04T03:00:00Z,test,0,False,zero
103372,WP,2016,2016-10-03T21:00:00Z,18.2,-178.0,2016278N16181,2016-10-08T15:00:00Z,0,0.0,2016-10-02T21:00:00Z|2016-10-03T00:00:00Z|2016-10-03T03:00:00Z|2016-10-03T06:00:00Z|2016-10-03T09:00:00Z|2016-10-03T12:00:00Z|2016-10-03T15:00:00Z|2016-10-03T18:00:00Z|2016-10-03T21:00:00Z,test,0,False,zero
103375,WP,2016,2016-10-12T18:00:00Z,10.6,127.3,2016287N12131,2016-10-13T18:00:00Z,1,1.0,2016-10-11T18:00:00Z|2016-10-11T21:00:00Z|2016-10-12T00:00:00Z|2016-10-12T03:00:00Z|2016-10-12T06:00:00Z|2016-10-12T09:00:00Z|2016-10-12T12:00:00Z|2016-10-12T15:00:00Z|2016-10-12T18:00:00Z,test,0,False,zero
103375,WP,2016,2016-10-12T21:00:00Z,13.6,129.6,2016287N12131,2016-10-13T18:00:00Z,1,1.0,2016-10-11T21:00:00Z|2016-10-12T00:00:00Z|2016-10-12T03:00:00Z|2016-10-12T06:00:00Z|2016-10-12T09:00:00Z|2016-10-12T12:00:00Z|2016-10-12T15:00:00Z|2016-10-12T18:00:00Z|2016-10-12T21:00:00Z,test,0,False,zero
103375,WP,2016,2016-10-13T00:00:00Z,12.2,126.2,2016287N12131,2016-10-13T18:00:00Z,1,1.0,2016-10-12T00:00:00Z|2016-10-12T03:00:00Z|2016-10-12T06:00:00Z|2016-10-12T09:00:00Z|2016-10-12T12:00:00Z|2016-10-12T15:00:00Z|2016-10-12T18:00:00Z|2016-10-12T21:00:00Z|2016-10-13T00:00:00Z,test,0,False,zero
103375,WP,2016,2016-10-13T03:00:00Z,14.7,129.2,2016287N12131,2016-10-13T18:00:00Z,1,1.0,2016-10-12T03:00:00Z|2016-10-12T06:00:00Z|2016-10-12T09:00:00Z|2016-10-12T12:00:00Z|2016-10-12T15:00:00Z|2016-10-12T18:00:00Z|2016-10-12T21:00:00Z|2016-10-13T00:00:00Z|2016-10-13T03:00:00Z,test,0,False,zero
103378,EP,2016,2016-10-22T03:00:00Z,8.5,-100.7,2016296N11262,2016-10-23T12:00:00Z,0,1.0,2016-10-21T03:00:00Z|2016-10-21T06:00:00Z|2016-10-21T09:00:00Z|2016-10-21T12:00:00Z|2016-10-21T15:00:00Z|2016-10-21T18:00:00Z|2016-10-21T21:00:00Z|2016-10-22T00:00:00Z|2016-10-22T03:00:00Z,test,0,False,zero
103385,NI,2016,2016-11-28T18:00:00Z,8.1,87.1,2016335N07088,2016-11-29T18:00:00Z,1,1.0,2016-11-27T18:00:00Z|2016-11-27T21:00:00Z|2016-11-28T00:00:00Z|2016-11-28T03:00:00Z|2016-11-28T06:00:00Z|2016-11-28T09:00:00Z|2016-11-28T12:00:00Z|2016-11-28T15:00:00Z|2016-11-28T18:00:00Z,test,0,False,zero
103385,NI,2016,2016-11-28T21:00:00Z,8.8,86.8,2016335N07088,2016-11-29T18:00:00Z,1,1.0,2016-11-27T21:00:00Z|2016-11-28T00:00:00Z|2016-11-28T03:00:00Z|2016-11-28T06:00:00Z|2016-11-28T09:00:00Z|2016-11-28T12:00:00Z|2016-11-28T15:00:00Z|2016-11-28T18:00:00Z|2016-11-28T21:00:00Z,test,0,False,zero
103385,NI,2016,2016-11-29T00:00:00Z,8.3,86.8,2016335N07088,2016-11-29T18:00:00Z,1,1.0,2016-11-28T00:00:00Z|2016-11-28T03:00:00Z|2016-11-28T06:00:00Z|2016-11-28T09:00:00Z|2016-11-28T12:00:00Z|2016-11-28T15:00:00Z|2016-11-28T18:00:00Z|2016-11-28T21:00:00Z|2016-11-29T00:00:00Z,test,0,False,zero
103385,NI,2016,2016-11-29T03:00:00Z,7.8,86.9,2016335N07088,2016-11-29T18:00:00Z,1,1.0,2016-11-28T03:00:00Z|2016-11-28T06:00:00Z|2016-11-28T09:00:00Z|2016-11-28T12:00:00Z|2016-11-28T15:00:00Z|2016-11-28T18:00:00Z|2016-11-28T21:00:00Z|2016-11-29T00:00:00Z|2016-11-29T03:00:00Z,test,0,False,zero
103385,NI,2016,2016-11-29T06:00:00Z,7.3,86.9,2016335N07088,2016-11-29T18:00:00Z,1,1.0,2016-11-28T06:00:00Z|2016-11-28T09:00:00Z|2016-11-28T12:00:00Z|2016-11-28T15:00:00Z|2016-11-28T18:00:00Z|2016-11-28T21:00:00Z|2016-11-29T00:00:00Z|2016-11-29T03:00:00Z|2016-11-29T06:00:00Z,test,0,False,zero
103385,NI,2016,2016-11-29T09:00:00Z,6.8,86.9,2016335N07088,2016-11-29T18:00:00Z,1,1.0,2016-11-28T09:00:00Z|2016-11-28T12:00:00Z|2016-11-28T15:00:00Z|2016-11-28T18:00:00Z|2016-11-28T21:00:00Z|2016-11-29T00:00:00Z|2016-11-29T03:00:00Z|2016-11-29T06:00:00Z|2016-11-29T09:00:00Z,test,0,False,zero
103386,NI,2016,2016-12-06T03:00:00Z,8.8,93.8,2016341N08092,2016-12-07T15:00:00Z,0,1.0,2016-12-05T03:00:00Z|2016-12-05T06:00:00Z|2016-12-05T09:00:00Z|2016-12-05T12:00:00Z|2016-12-05T15:00:00Z|2016-12-05T18:00:00Z|2016-12-05T21:00:00Z|2016-12-06T00:00:00Z|2016-12-06T03:00:00Z,test,0,False,zero
103398,SI,2017,2017-03-05T21:00:00Z,-14.2,78.3,2017065S14079,2017-03-08T18:00:00Z,0,0.0,2017-03-04T21:00:00Z|2017-03-05T00:00:00Z|2017-03-05T03:00:00Z|2017-03-05T06:00:00Z|2017-03-05T09:00:00Z|2017-03-05T12:00:00Z|2017-03-05T15:00:00Z|2017-03-05T18:00:00Z|2017-03-05T21:00:00Z,test,0,False,zero
103403,SP,2017,2017-04-06T15:00:00Z,-8.7,169.6,2017097S12171,2017-04-08T00:00:00Z,0,1.0,2017-04-05T15:00:00Z|2017-04-05T18:00:00Z|2017-04-05T21:00:00Z|2017-04-06T00:00:00Z|2017-04-06T03:00:00Z|2017-04-06T06:00:00Z|2017-04-06T09:00:00Z|2017-04-06T12:00:00Z|2017-04-06T15:00:00Z,test,0,False,zero
103404,NI,2017,2017-04-13T21:00:00Z,8.4,86.0,2017104N08085,2017-04-15T06:00:00Z,0,1.0,2017-04-12T21:00:00Z|2017-04-13T00:00:00Z|2017-04-13T03:00:00Z|2017-04-13T06:00:00Z|2017-04-13T09:00:00Z|2017-04-13T12:00:00Z|2017-04-13T15:00:00Z|2017-04-13T18:00:00Z|2017-04-13T21:00:00Z,test,0,False,zero
103409,SP,2017,2017-05-01T18:00:00Z,-13.1,164.6,2017122S13170,2017-05-02T18:00:00Z,1,1.0,2017-04-30T18:00:00Z|2017-04-30T21:00:00Z|2017-05-01T00:00:00Z|2017-05-01T03:00:00Z|2017-05-01T06:00:00Z|2017-05-01T09:00:00Z|2017-05-01T12:00:00Z|2017-05-01T15:00:00Z|2017-05-01T18:00:00Z,test,0,False,zero
103409,SP,2017,2017-05-01T21:00:00Z,-13.0,164.5,2017122S13170,2017-05-02T18:00:00Z,1,1.0,2017-04-30T21:00:00Z|2017-05-01T00:00:00Z|2017-05-01T03:00:00Z|2017-05-01T06:00:00Z|2017-05-01T09:00:00Z|2017-05-01T12:00:00Z|2017-05-01T15:00:00Z|2017-05-01T18:00:00Z|2017-05-01T21:00:00Z,test,0,False,zero
103409,SP,2017,2017-05-02T00:00:00Z,-12.7,166.2,2017122S13170,2017-05-02T18:00:00Z,1,1.0,2017-05-01T00:00:00Z|2017-05-01T03:00:00Z|2017-05-01T06:00:00Z|2017-05-01T09:00:00Z|2017-05-01T12:00:00Z|2017-05-01T15:00:00Z|2017-05-01T18:00:00Z|2017-05-01T21:00:00Z|2017-05-02T00:00:00Z,test,0,False,zero
103409,SP,2017,2017-05-02T03:00:00Z,-12.3,167.9,2017122S13170,2017-05-02T18:00:00Z,1,1.0,2017-05-01T03:00:00Z|2017-05-01T06:00:00Z|2017-05-01T09:00:00Z|2017-05-01T12:00:00Z|2017-05-01T15:00:00Z|2017-05-01T18:00:00Z|2017-05-01T21:00:00Z|2017-05-02T00:00:00Z|2017-05-02T03:00:00Z,test,0,False,zero
103410,SP,2017,2017-05-07T03:00:00Z,-17.8,-175.7,2017127S18184,2017-05-08T00:00:00Z,1,1.0,2017-05-06T03:00:00Z|2017-05-06T06:00:00Z|2017-05-06T09:00:00Z|2017-05-06T12:00:00Z|2017-05-06T15:00:00Z|2017-05-06T18:00:00Z|2017-05-06T21:00:00Z|2017-05-07T00:00:00Z|2017-05-07T03:00:00Z,test,0,False,zero
103411,EP,2017,2017-05-09T00:00:00Z,11.6,-87.2,2017130N09269,2017-05-10T00:00:00Z,1,1.0,2017-05-08T00:00:00Z|2017-05-08T03:00:00Z|2017-05-08T06:00:00Z|2017-05-08T09:00:00Z|2017-05-08T12:00:00Z|2017-05-08T15:00:00Z|2017-05-08T18:00:00Z|2017-05-08T21:00:00Z|2017-05-09T00:00:00Z,test,0,False,zero
103411,EP,2017,2017-05-09T03:00:00Z,11.4,-86.3,2017130N09269,2017-05-10T00:00:00Z,1,1.0,2017-05-08T03:00:00Z|2017-05-08T06:00:00Z|2017-05-08T09:00:00Z|2017-05-08T12:00:00Z|2017-05-08T15:00:00Z|2017-05-08T18:00:00Z|2017-05-08T21:00:00Z|2017-05-09T00:00:00Z|2017-05-09T03:00:00Z,test,0,False,zero
103411,EP,2017,2017-05-09T06:00:00Z,11.8,-86.6,2017130N09269,2017-05-10T00:00:00Z,1,1.0,2017-05-08T06:00:00Z|2017-05-08T09:00:00Z|2017-05-08T12:00:00Z|2017-05-08T15:00:00Z|2017-05-08T18:00:00Z|2017-05-08T21:00:00Z|2017-05-09T00:00:00Z|2017-05-09T03:00:00Z|2017-05-09T06:00:00Z,test,0,False,zero
103411,EP,2017,2017-05-09T09:00:00Z,11.5,-88.7,2017130N09269,2017-05-10T00:00:00Z,1,1.0,2017-05-08T09:00:00Z|2017-05-08T12:00:00Z|2017-05-08T15:00:00Z|2017-05-08T18:00:00Z|2017-05-08T21:00:00Z|2017-05-09T00:00:00Z|2017-05-09T03:00:00Z|2017-05-09T06:00:00Z|2017-05-09T09:00:00Z,test,0,False,zero
103411,EP,2017,2017-05-09T12:00:00Z,11.2,-90.8,2017130N09269,2017-05-10T00:00:00Z,1,1.0,2017-05-08T12:00:00Z|2017-05-08T15:00:00Z|2017-05-08T18:00:00Z|2017-05-08T21:00:00Z|2017-05-09T00:00:00Z|2017-05-09T03:00:00Z|2017-05-09T06:00:00Z|2017-05-09T09:00:00Z|2017-05-09T12:00:00Z,test,0,False,zero
103411,EP,2017,2017-05-09T15:00:00Z,11.0,-91.6,2017130N09269,2017-05-10T00:00:00Z,1,1.0,2017-05-08T15:00:00Z|2017-05-08T18:00:00Z|2017-05-08T21:00:00Z|2017-05-09T00:00:00Z|2017-05-09T03:00:00Z|2017-05-09T06:00:00Z|2017-05-09T09:00:00Z|2017-05-09T12:00:00Z|2017-05-09T15:00:00Z,test,0,False,zero
103413,EP,2017,2017-05-31T06:00:00Z,12.7,-98.0,2017152N14262,2017-06-01T06:00:00Z,1,1.0,2017-05-30T06:00:00Z|2017-05-30T09:00:00Z|2017-05-30T12:00:00Z|2017-05-30T15:00:00Z|2017-05-30T18:00:00Z|2017-05-30T21:00:00Z|2017-05-31T00:00:00Z|2017-05-31T03:00:00Z|2017-05-31T06:00:00Z,test,0,False,zero
103413,EP,2017,2017-05-31T09:00:00Z,13.3,-97.2,2017152N14262,2017-06-01T06:00:00Z,1,1.0,2017-05-30T09:00:00Z|2017-05-30T12:00:00Z|2017-05-30T15:00:00Z|2017-05-30T18:00:00Z|2017-05-30T21:00:00Z|2017-05-31T00:00:00Z|2017-05-31T03:00:00Z|2017-05-31T06:00:00Z|2017-05-31T09:00:00Z,test,0,False,zero
103418,EP,2017,2017-06-23T21:00:00Z,10.8,-96.0,2017175N13264,2017-06-25T06:00:00Z,0,1.0,2017-06-22T21:00:00Z|2017-06-23T00:00:00Z|2017-06-23T03:00:00Z|2017-06-23T06:00:00Z|2017-06-23T09:00:00Z|2017-06-23T12:00:00Z|2017-06-23T15:00:00Z|2017-06-23T18:00:00Z|2017-06-23T21:00:00Z,test,0,False,zero
103420,NA,2017,2017-07-05T09:00:00Z,11.3,-37.1,2017187N12324,,0,0.0,2017-07-04T09:00:00Z|2017-07-04T12:00:00Z|2017-07-04T15:00:00Z|2017-07-04T18:00:00Z|2017-07-04T21:00:00Z|2017-07-05T00:00:00Z|2017-07-05T03:00:00Z|2017-07-05T06:00:00Z|2017-07-05T09:00:00Z,test,0,False,zero
103422,EP,2017,2017-07-11T15:00:00Z,14.0,-108.3,2017193N12252,2017-07-12T18:00:00Z,0,1.0,2017-07-10T15:00:00Z|2017-07-10T18:00:00Z|2017-07-10T21:00:00Z|2017-07-11T00:00:00Z|2017-07-11T03:00:00Z|2017-07-11T06:00:00Z|2017-07-11T09:00:00Z|2017-07-11T12:00:00Z|2017-07-11T15:00:00Z,test,0,False,zero
103426,EP,2017,2017-07-17T09:00:00Z,12.6,-103.6,2017199N14255,2017-07-18T12:00:00Z,0,1.0,2017-07-16T09:00:00Z|2017-07-16T12:00:00Z|2017-07-16T15:00:00Z|2017-07-16T18:00:00Z|2017-07-16T21:00:00Z|2017-07-17T00:00:00Z|2017-07-17T03:00:00Z|2017-07-17T06:00:00Z|2017-07-17T09:00:00Z,test,0,False,zero
103428,WP,2017,2017-07-20T06:00:00Z,24.0,-179.8,2017201N23178,2017-07-21T06:00:00Z,1,1.0,2017-07-19T06:00:00Z|2017-07-19T09:00:00Z|2017-07-19T12:00:00Z|2017-07-19T15:00:00Z|2017-07-19T18:00:00Z|2017-07-19T21:00:00Z|2017-07-20T00:00:00Z|2017-07-20T03:00:00Z|2017-07-20T06:00:00Z,test,0,False,zero
103428,WP,2017,2017-07-20T09:00:00Z,24.5,179.9,2017201N23178,2017-07-21T06:00:00Z,1,1.0,2017-07-19T09:00:00Z|2017-07-19T12:00:00Z|2017-07-19T15:00:00Z|2017-07-19T18:00:00Z|2017-07-19T21:00:00Z|2017-07-20T00:00:00Z|2017-07-20T03:00:00Z|2017-07-20T06:00:00Z|2017-07-20T09:00:00Z,test,0,False,zero
103428,WP,2017,2017-07-20T12:00:00Z,25.0,-179.7,2017201N23178,2017-07-21T06:00:00Z,1,1.0,2017-07-19T12:00:00Z|2017-07-19T15:00:00Z|2017-07-19T18:00:00Z|2017-07-19T21:00:00Z|2017-07-20T00:00:00Z|2017-07-20T03:00:00Z|2017-07-20T06:00:00Z|2017-07-20T09:00:00Z|2017-07-20T12:00:00Z,test,0,False,zero
103428,WP,2017,2017-07-20T15:00:00Z,25.2,177.1,2017201N23178,2017-07-21T06:00:00Z,1,1.0,2017-07-19T15:00:00Z|2017-07-19T18:00:00Z|2017-07-19T21:00:00Z|2017-07-20T00:00:00Z|2017-07-20T03:00:00Z|2017-07-20T06:00:00Z|2017-07-20T09:00:00Z|2017-07-20T12:00:00Z|2017-07-20T15:00:00Z,test,0,False,zero
103434,WP,2017,2017-07-27T18:00:00Z,15.2,115.8,2017209N19118,2017-07-28T18:00:00Z,1,1.0,2017-07-26T18:00:00Z|2017-07-26T21:00:00Z|2017-07-27T00:00:00Z|2017-07-27T03:00:00Z|2017-07-27T06:00:00Z|2017-07-27T09:00:00Z|2017-07-27T12:00:00Z|2017-07-27T15:00:00Z|2017-07-27T18:00:00Z,test,0,False,zero
103434,WP,2017,2017-07-27T21:00:00Z,17.0,116.5,2017209N19118,2017-07-28T18:00:00Z,1,1.0,2017-07-26T21:00:00Z|2017-07-27T00:00:00Z|2017-07-27T03:00:00Z|2017-07-27T06:00:00Z|2017-07-27T09:00:00Z|2017-07-27T12:00:00Z|2017-07-27T15:00:00Z|2017-07-27T18:00:00Z|2017-07-27T21:00:00Z,test,0,False,zero
103437,EP,2017,2017-08-03T21:00:00Z,14.8,-106.7,2017216N16254,,0,0.0,2017-08-02T21:00:00Z|2017-08-03T00:00:00Z|2017-08-03T03:00:00Z|2017-08-03T06:00:00Z|2017-08-03T09:00:00Z|2017-08-03T12:00:00Z|2017-08-03T15:00:00Z|2017-08-03T18:00:00Z|2017-08-03T21:00:00Z,test,0,False,zero
103439,WP,2017,2017-08-10T06:00:00Z,16.5,173.6,2017223N16172,2017-08-11T06:00:00Z,1,1.0,2017-08-09T06:00:00Z|2017-08-09T09:00:00Z|2017-08-09T12:00:00Z|2017-08-09T15:00:00Z|2017-08-09T18:00:00Z|2017-08-09T21:00:00Z|2017-08-10T00:00:00Z|2017-08-10T03:00:00Z|2017-08-10T06:00:00Z,test,0,False,zero
103439,WP,2017,2017-08-10T09:00:00Z,16.0,172.7,2017223N16172,2017-08-11T06:00:00Z,1,1.0,2017-08-09T09:00:00Z|2017-08-09T12:00:00Z|2017-08-09T15:00:00Z|2017-08-09T18:00:00Z|2017-08-09T21:00:00Z|2017-08-10T00:00:00Z|2017-08-10T03:00:00Z|2017-08-10T06:00:00Z|2017-08-10T09:00:00Z,test,0,False,zero
103444,WP,2017,2017-08-20T03:00:00Z,21.4,125.3,2017232N19130,2017-08-21T06:00:00Z,0,1.0,2017-08-19T03:00:00Z|2017-08-19T06:00:00Z|2017-08-19T09:00:00Z|2017-08-19T12:00:00Z|2017-08-19T15:00:00Z|2017-08-19T18:00:00Z|2017-08-19T21:00:00Z|2017-08-20T00:00:00Z|2017-08-20T03:00:00Z,test,0,False,zero
103448,NA,2017,2017-08-29T15:00:00Z,16.2,-26.3,2017242N16333,2017-08-30T06:00:00Z,1,1.0,2017-08-28T15:00:00Z|2017-08-28T18:00:00Z|2017-08-28T21:00:00Z|2017-08-29T00:00:00Z|2017-08-29T03:00:00Z|2017-08-29T06:00:00Z|2017-08-29T09:00:00Z|2017-08-29T12:00:00Z|2017-08-29T15:00:00Z,test,0,False,zero
103448,NA,2017,2017-08-29T18:00:00Z,15.5,-28.7,2017242N16333,2017-08-30T06:00:00Z,1,1.0,2017-08-28T18:00:00Z|2017-08-28T21:00:00Z|2017-08-29T00:00:00Z|2017-08-29T03:00:00Z|2017-08-29T06:00:00Z|2017-08-29T09:00:00Z|2017-08-29T12:00:00Z|2017-08-29T15:00:00Z|2017-08-29T18:00:00Z,test,0,False,zero
103448,NA,2017,2017-08-29T21:00:00Z,15.4,-29.4,2017242N16333,2017-08-30T06:00:00Z,1,1.0,2017-08-28T21:00:00Z|2017-08-29T00:00:00Z|2017-08-29T03:00:00Z|2017-08-29T06:00:00Z|2017-08-29T09:00:00Z|2017-08-29T12:00:00Z|2017-08-29T15:00:00Z|2017-08-29T18:00:00Z|2017-08-29T21:00:00Z,test,0,False,zero
103458,EP,2017,2017-09-12T18:00:00Z,12.4,-100.4,2017257N16258,2017-09-13T18:00:00Z,1,1.0,2017-09-11T18:00:00Z|2017-09-11T21:00:00Z|2017-09-12T00:00:00Z|2017-09-12T03:00:00Z|2017-09-12T06:00:00Z|2017-09-12T09:00:00Z|2017-09-12T12:00:00Z|2017-09-12T15:00:00Z|2017-09-12T18:00:00Z,test,0,False,zero
103458,EP,2017,2017-09-12T21:00:00Z,12.7,-98.8,2017257N16258,2017-09-13T18:00:00Z,1,1.0,2017-09-11T21:00:00Z|2017-09-12T00:00:00Z|2017-09-12T03:00:00Z|2017-09-12T06:00:00Z|2017-09-12T09:00:00Z|2017-09-12T12:00:00Z|2017-09-12T15:00:00Z|2017-09-12T18:00:00Z|2017-09-12T21:00:00Z,test,0,False,zero
103458,EP,2017,2017-09-13T00:00:00Z,12.8,-99.6,2017257N16258,2017-09-13T18:00:00Z,1,1.0,2017-09-12T00:00:00Z|2017-09-12T03:00:00Z|2017-09-12T06:00:00Z|2017-09-12T09:00:00Z|2017-09-12T12:00:00Z|2017-09-12T15:00:00Z|2017-09-12T18:00:00Z|2017-09-12T21:00:00Z|2017-09-13T00:00:00Z,test,0,False,zero
103458,EP,2017,2017-09-13T03:00:00Z,12.9,-100.5,2017257N16258,2017-09-13T18:00:00Z,1,1.0,2017-09-12T03:00:00Z|2017-09-12T06:00:00Z|2017-09-12T09:00:00Z|2017-09-12T12:00:00Z|2017-09-12T15:00:00Z|2017-09-12T18:00:00Z|2017-09-12T21:00:00Z|2017-09-13T00:00:00Z|2017-09-13T03:00:00Z,test,0,False,zero
103458,EP,2017,2017-09-13T06:00:00Z,13.5,-101.1,2017257N16258,2017-09-13T18:00:00Z,1,1.0,2017-09-12T06:00:00Z|2017-09-12T09:00:00Z|2017-09-12T12:00:00Z|2017-09-12T15:00:00Z|2017-09-12T18:00:00Z|2017-09-12T21:00:00Z|2017-09-13T00:00:00Z|2017-09-13T03:00:00Z|2017-09-13T06:00:00Z,test,0,False,zero
103458,EP,2017,2017-09-13T09:00:00Z,14.1,-101.7,2017257N16258,2017-09-13T18:00:00Z,1,1.0,2017-09-12T09:00:00Z|2017-09-12T12:00:00Z|2017-09-12T15:00:00Z|2017-09-12T18:00:00Z|2017-09-12T21:00:00Z|2017-09-13T00:00:00Z|2017-09-13T03:00:00Z|2017-09-13T06:00:00Z|2017-09-13T09:00:00Z,test,0,False,zero
103461,EP,2017,2017-09-21T21:00:00Z,18.4,-105.7,2017265N17257,2017-09-23T18:00:00Z,0,1.0,2017-09-20T21:00:00Z|2017-09-21T00:00:00Z|2017-09-21T03:00:00Z|2017-09-21T06:00:00Z|2017-09-21T09:00:00Z|2017-09-21T12:00:00Z|2017-09-21T15:00:00Z|2017-09-21T18:00:00Z|2017-09-21T21:00:00Z,test,0,False,zero
103480,NI,2017,2017-12-08T03:00:00Z,18.2,87.5,2017340N09089,2017-12-08T06:00:00Z,1,1.0,2017-12-07T03:00:00Z|2017-12-07T06:00:00Z|2017-12-07T09:00:00Z|2017-12-07T12:00:00Z|2017-12-07T15:00:00Z|2017-12-07T18:00:00Z|2017-12-07T21:00:00Z|2017-12-08T00:00:00Z|2017-12-08T03:00:00Z,test,0,False,zero
103485,SI,2017,2017-12-30T03:00:00Z,-12.0,63.7,2017364S12065,2018-01-02T18:00:00Z,0,0.0,2017-12-29T03:00:00Z|2017-12-29T06:00:00Z|2017-12-29T09:00:00Z|2017-12-29T12:00:00Z|2017-12-29T15:00:00Z|2017-12-29T18:00:00Z|2017-12-29T21:00:00Z|2017-12-30T00:00:00Z|2017-12-30T03:00:00Z,test,0,False,zero
103489,SI,2018,2018-01-25T03:00:00Z,-9.9,78.2,2018025S09080,2018-01-26T06:00:00Z,0,1.0,2018-01-24T03:00:00Z|2018-01-24T06:00:00Z|2018-01-24T09:00:00Z|2018-01-24T12:00:00Z|2018-01-24T15:00:00Z|2018-01-24T18:00:00Z|2018-01-24T21:00:00Z|2018-01-25T00:00:00Z|2018-01-25T03:00:00Z,test,0,False,zero
103491,SP,2018,2018-02-07T03:00:00Z,-15.0,170.8,2018038S15172,2018-02-08T12:00:00Z,0,1.0,2018-02-06T03:00:00Z|2018-02-06T06:00:00Z|2018-02-06T09:00:00Z|2018-02-06T12:00:00Z|2018-02-06T15:00:00Z|2018-02-06T18:00:00Z|2018-02-06T21:00:00Z|2018-02-07T00:00:00Z|2018-02-07T03:00:00Z,test,0,False,zero
103492,WP,2018,2018-02-08T03:00:00Z,10.9,150.6,2018039N08151,2018-02-11T00:00:00Z,0,0.0,2018-02-07T03:00:00Z|2018-02-07T06:00:00Z|2018-02-07T09:00:00Z|2018-02-07T12:00:00Z|2018-02-07T15:00:00Z|2018-02-07T18:00:00Z|2018-02-07T21:00:00Z|2018-02-08T00:00:00Z|2018-02-08T03:00:00Z,test,0,False,zero
103500,WP,2018,2018-03-23T03:00:00Z,6.4,149.3,2018082N04147,2018-03-27T18:00:00Z,0,0.0,2018-03-22T03:00:00Z|2018-03-22T06:00:00Z|2018-03-22T09:00:00Z|2018-03-22T12:00:00Z|2018-03-22T15:00:00Z|2018-03-22T18:00:00Z|2018-03-22T21:00:00Z|2018-03-23T00:00:00Z|2018-03-23T03:00:00Z,test,0,False,zero
103502,SP,2018,2018-03-30T03:00:00Z,-18.5,173.8,2018089S18172,2018-03-31T00:00:00Z,1,1.0,2018-03-29T03:00:00Z|2018-03-29T06:00:00Z|2018-03-29T09:00:00Z|2018-03-29T12:00:00Z|2018-03-29T15:00:00Z|2018-03-29T18:00:00Z|2018-03-29T21:00:00Z|2018-03-30T00:00:00Z|2018-03-30T03:00:00Z,test,0,False,zero
103504,SI,2018,2018-04-21T09:00:00Z,-9.7,51.7,2018111S07055,2018-04-23T00:00:00Z,0,1.0,2018-04-20T09:00:00Z|2018-04-20T12:00:00Z|2018-04-20T15:00:00Z|2018-04-20T18:00:00Z|2018-04-20T21:00:00Z|2018-04-21T00:00:00Z|2018-04-21T03:00:00Z|2018-04-21T06:00:00Z|2018-04-21T09:00:00Z,test,0,False,zero
103515,WP,2018,2018-06-12T21:00:00Z,20.6,121.6,2018164N21120,2018-06-14T00:00:00Z,0,1.0,2018-06-11T21:00:00Z|2018-06-12T00:00:00Z|2018-06-12T03:00:00Z|2018-06-12T06:00:00Z|2018-06-12T09:00:00Z|2018-06-12T12:00:00Z|2018-06-12T15:00:00Z|2018-06-12T18:00:00Z|2018-06-12T21:00:00Z,test,0,False,zero
103529,WP,2018,2018-07-22T21:00:00Z,16.4,137.0,2018204N15137,2018-07-24T06:00:00Z,0,1.0,2018-07-21T21:00:00Z|2018-07-22T00:00:00Z|2018-07-22T03:00:00Z|2018-07-22T06:00:00Z|2018-07-22T09:00:00Z|2018-07-22T12:00:00Z|2018-07-22T15:00:00Z|2018-07-22T18:00:00Z|2018-07-22T21:00:00Z,test,0,False,zero
103528,WP,2018,2018-07-21T03:00:00Z,18.6,161.8,2018202N21159,2018-07-22T18:00:00Z,0,1.0,2018-07-20T03:00:00Z|2018-07-20T06:00:00Z|2018-07-20T09:00:00Z|2018-07-20T12:00:00Z|2018-07-20T15:00:00Z|2018-07-20T18:00:00Z|2018-07-20T21:00:00Z|2018-07-21T00:00:00Z|2018-07-21T03:00:00Z,test,0,False,zero
103531,EP,2018,2018-07-25T18:00:00Z,12.7,-115.4,2018208N13238,2018-07-26T18:00:00Z,1,1.0,2018-07-24T18:00:00Z|2018-07-24T21:00:00Z|2018-07-25T00:00:00Z|2018-07-25T03:00:00Z|2018-07-25T06:00:00Z|2018-07-25T09:00:00Z|2018-07-25T12:00:00Z|2018-07-25T15:00:00Z|2018-07-25T18:00:00Z,test,0,False,zero
103531,EP,2018,2018-07-25T21:00:00Z,13.0,-118.6,2018208N13238,2018-07-26T18:00:00Z,1,1.0,2018-07-24T21:00:00Z|2018-07-25T00:00:00Z|2018-07-25T03:00:00Z|2018-07-25T06:00:00Z|2018-07-25T09:00:00Z|2018-07-25T12:00:00Z|2018-07-25T15:00:00Z|2018-07-25T18:00:00Z|2018-07-25T21:00:00Z,test,0,False,zero
103531,EP,2018,2018-07-26T00:00:00Z,13.3,-118.3,2018208N13238,2018-07-26T18:00:00Z,1,1.0,2018-07-25T00:00:00Z|2018-07-25T03:00:00Z|2018-07-25T06:00:00Z|2018-07-25T09:00:00Z|2018-07-25T12:00:00Z|2018-07-25T15:00:00Z|2018-07-25T18:00:00Z|2018-07-25T21:00:00Z|2018-07-26T00:00:00Z,test,0,False,zero
103531,EP,2018,2018-07-26T03:00:00Z,12.7,-119.0,2018208N13238,2018-07-26T18:00:00Z,1,1.0,2018-07-25T03:00:00Z|2018-07-25T06:00:00Z|2018-07-25T09:00:00Z|2018-07-25T12:00:00Z|2018-07-25T15:00:00Z|2018-07-25T18:00:00Z|2018-07-25T21:00:00Z|2018-07-26T00:00:00Z|2018-07-26T03:00:00Z,test,0,False,zero
103531,EP,2018,2018-07-26T06:00:00Z,13.4,-119.9,2018208N13238,2018-07-26T18:00:00Z,1,1.0,2018-07-25T06:00:00Z|2018-07-25T09:00:00Z|2018-07-25T12:00:00Z|2018-07-25T15:00:00Z|2018-07-25T18:00:00Z|2018-07-25T21:00:00Z|2018-07-26T00:00:00Z|2018-07-26T03:00:00Z|2018-07-26T06:00:00Z,test,0,False,zero
103531,EP,2018,2018-07-26T09:00:00Z,13.9,-120.9,2018208N13238,2018-07-26T18:00:00Z,1,1.0,2018-07-25T09:00:00Z|2018-07-25T12:00:00Z|2018-07-25T15:00:00Z|2018-07-25T18:00:00Z|2018-07-25T21:00:00Z|2018-07-26T00:00:00Z|2018-07-26T03:00:00Z|2018-07-26T06:00:00Z|2018-07-26T09:00:00Z,test,0,False,zero
103533,WP,2018,2018-07-31T00:00:00Z,12.0,-113.5,2018213N12245,2018-08-01T00:00:00Z,1,1.0,2018-07-30T00:00:00Z|2018-07-30T03:00:00Z|2018-07-30T06:00:00Z|2018-07-30T09:00:00Z|2018-07-30T12:00:00Z|2018-07-30T15:00:00Z|2018-07-30T18:00:00Z|2018-07-30T21:00:00Z|2018-07-31T00:00:00Z,test,0,False,zero
103533,WP,2018,2018-07-31T03:00:00Z,12.8,-114.1,2018213N12245,2018-08-01T00:00:00Z,1,1.0,2018-07-30T03:00:00Z|2018-07-30T06:00:00Z|2018-07-30T09:00:00Z|2018-07-30T12:00:00Z|2018-07-30T15:00:00Z|2018-07-30T18:00:00Z|2018-07-30T21:00:00Z|2018-07-31T00:00:00Z|2018-07-31T03:00:00Z,test,0,False,zero
103533,WP,2018,2018-07-31T06:00:00Z,12.9,-115.2,2018213N12245,2018-08-01T00:00:00Z,1,1.0,2018-07-30T06:00:00Z|2018-07-30T09:00:00Z|2018-07-30T12:00:00Z|2018-07-30T15:00:00Z|2018-07-30T18:00:00Z|2018-07-30T21:00:00Z|2018-07-31T00:00:00Z|2018-07-31T03:00:00Z|2018-07-31T06:00:00Z,test,0,False,zero
103533,WP,2018,2018-07-31T09:00:00Z,12.6,-116.1,2018213N12245,2018-08-01T00:00:00Z,1,1.0,2018-07-30T09:00:00Z|2018-07-30T12:00:00Z|2018-07-30T15:00:00Z|2018-07-30T18:00:00Z|2018-07-30T21:00:00Z|2018-07-31T00:00:00Z|2018-07-31T03:00:00Z|2018-07-31T06:00:00Z|2018-07-31T09:00:00Z,test,0,False,zero
103534,WP,2018,2018-08-01T21:00:00Z,17.9,152.7,2018214N19153,2018-08-03T03:00:00Z,0,1.0,2018-07-31T21:00:00Z|2018-08-01T00:00:00Z|2018-08-01T03:00:00Z|2018-08-01T06:00:00Z|2018-08-01T09:00:00Z|2018-08-01T12:00:00Z|2018-08-01T15:00:00Z|2018-08-01T18:00:00Z|2018-08-01T21:00:00Z,test,0,False,zero
103541,WP,2018,2018-08-09T21:00:00Z,15.9,148.7,2018222N16147,2018-08-11T00:00:00Z,0,1.0,2018-08-08T21:00:00Z|2018-08-09T00:00:00Z|2018-08-09T03:00:00Z|2018-08-09T06:00:00Z|2018-08-09T09:00:00Z|2018-08-09T12:00:00Z|2018-08-09T15:00:00Z|2018-08-09T18:00:00Z|2018-08-09T21:00:00Z,test,0,False,zero
103556,NA,2018,2018-09-07T03:00:00Z,12.7,-17.7,2018251N13343,2018-09-08T00:00:00Z,1,1.0,2018-09-06T03:00:00Z|2018-09-06T06:00:00Z|2018-09-06T09:00:00Z|2018-09-06T12:00:00Z|2018-09-06T15:00:00Z|2018-09-06T18:00:00Z|2018-09-06T21:00:00Z|2018-09-07T00:00:00Z|2018-09-07T03:00:00Z,test,0,False,zero
103556,NA,2018,2018-09-07T06:00:00Z,12.9,-17.8,2018251N13343,2018-09-08T00:00:00Z,1,1.0,2018-09-06T06:00:00Z|2018-09-06T09:00:00Z|2018-09-06T12:00:00Z|2018-09-06T15:00:00Z|2018-09-06T18:00:00Z|2018-09-06T21:00:00Z|2018-09-07T00:00:00Z|2018-09-07T03:00:00Z|2018-09-07T06:00:00Z,test,0,False,zero
103556,NA,2018,2018-09-07T09:00:00Z,13.2,-19.8,2018251N13343,2018-09-08T00:00:00Z,1,1.0,2018-09-06T09:00:00Z|2018-09-06T12:00:00Z|2018-09-06T15:00:00Z|2018-09-06T18:00:00Z|2018-09-06T21:00:00Z|2018-09-07T00:00:00Z|2018-09-07T03:00:00Z|2018-09-07T06:00:00Z|2018-09-07T09:00:00Z,test,0,False,zero
103560,SI,2018,2018-09-13T03:00:00Z,-9.2,76.0,2018256S07076,2018-09-14T21:00:00Z,0,1.0,2018-09-12T03:00:00Z|2018-09-12T06:00:00Z|2018-09-12T09:00:00Z|2018-09-12T12:00:00Z|2018-09-12T15:00:00Z|2018-09-12T18:00:00Z|2018-09-12T21:00:00Z|2018-09-13T00:00:00Z|2018-09-13T03:00:00Z,test,0,False,zero
103561,WP,2018,2018-09-20T03:00:00Z,10.8,143.7,2018263N12146,2018-09-21T06:00:00Z,0,1.0,2018-09-19T03:00:00Z|2018-09-19T06:00:00Z|2018-09-19T09:00:00Z|2018-09-19T12:00:00Z|2018-09-19T15:00:00Z|2018-09-19T18:00:00Z|2018-09-19T21:00:00Z|2018-09-20T00:00:00Z|2018-09-20T03:00:00Z,test,0,False,zero
103568,WP,2018,2018-09-25T03:00:00Z,24.8,157.4,2018268N24155,,0,0.0,2018-09-24T03:00:00Z|2018-09-24T06:00:00Z|2018-09-24T09:00:00Z|2018-09-24T12:00:00Z|2018-09-24T15:00:00Z|2018-09-24T18:00:00Z|2018-09-24T21:00:00Z|2018-09-25T00:00:00Z|2018-09-25T03:00:00Z,test,0,False,zero
103580,WP,2018,2018-10-20T15:00:00Z,6.5,157.7,2018294N08161,2018-10-22T00:00:00Z,0,1.0,2018-10-19T15:00:00Z|2018-10-19T18:00:00Z|2018-10-19T21:00:00Z|2018-10-20T00:00:00Z|2018-10-20T03:00:00Z|2018-10-20T06:00:00Z|2018-10-20T09:00:00Z|2018-10-20T12:00:00Z|2018-10-20T15:00:00Z,test,0,False,zero
103587,WP,2018,2018-11-16T15:00:00Z,12.4,114.1,2018321N10113,,0,0.0,2018-11-15T15:00:00Z|2018-11-15T18:00:00Z|2018-11-15T21:00:00Z|2018-11-16T00:00:00Z|2018-11-16T03:00:00Z|2018-11-16T06:00:00Z|2018-11-16T09:00:00Z|2018-11-16T12:00:00Z|2018-11-16T15:00:00Z,test,0,False,zero
103588,WP,2018,2018-11-19T18:00:00Z,4.5,150.1,2018324N04156,2018-11-20T18:00:00Z,1,1.0,2018-11-18T18:00:00Z|2018-11-18T21:00:00Z|2018-11-19T00:00:00Z|2018-11-19T03:00:00Z|2018-11-19T06:00:00Z|2018-11-19T09:00:00Z|2018-11-19T12:00:00Z|2018-11-19T15:00:00Z|2018-11-19T18:00:00Z,test,0,False,zero
103588,WP,2018,2018-11-19T21:00:00Z,3.3,150.5,2018324N04156,2018-11-20T18:00:00Z,1,1.0,2018-11-18T21:00:00Z|2018-11-19T00:00:00Z|2018-11-19T03:00:00Z|2018-11-19T06:00:00Z|2018-11-19T09:00:00Z|2018-11-19T12:00:00Z|2018-11-19T15:00:00Z|2018-11-19T18:00:00Z|2018-11-19T21:00:00Z,test,0,False,zero
103588,WP,2018,2018-11-20T00:00:00Z,3.8,152.1,2018324N04156,2018-11-20T18:00:00Z,1,1.0,2018-11-19T00:00:00Z|2018-11-19T03:00:00Z|2018-11-19T06:00:00Z|2018-11-19T09:00:00Z|2018-11-19T12:00:00Z|2018-11-19T15:00:00Z|2018-11-19T18:00:00Z|2018-11-19T21:00:00Z|2018-11-20T00:00:00Z,test,0,False,zero
103588,WP,2018,2018-11-20T03:00:00Z,7.0,152.7,2018324N04156,2018-11-20T18:00:00Z,1,1.0,2018-11-19T03:00:00Z|2018-11-19T06:00:00Z|2018-11-19T09:00:00Z|2018-11-19T12:00:00Z|2018-11-19T15:00:00Z|2018-11-19T18:00:00Z|2018-11-19T21:00:00Z|2018-11-20T00:00:00Z|2018-11-20T03:00:00Z,test,0,False,zero
