tcc_track_id,time_utc,tcc_lat,tcc_lon,lps_rows_at_time,lps_detected_rows_at_time,non_detected_rows_at_time,nearest_lps_distance_km,nearest_lps_row_id,nearest_lps_track_id,candidate_count_within_1deg,ambiguous,match_status,matched,matched_lps_row_id,matched_lps_track_id,accepted_distance_km,position_source,mean_vort_850_detectedcentre_value,rh700_mean_pct_detectedcentre_value
100015,1982-03-13T03:00:00Z,1.7,160.5,0,0,0,,,,0,False,no_candidate_within_1deg,False,,,,,,
100015,1982-03-13T06:00:00Z,2.2,160.2,0,0,0,,,,0,False,no_candidate_within_1deg,False,,,,,,
100015,1982-03-13T09:00:00Z,2.6,159.9,0,0,0,,,,0,False,no_candidate_within_1deg,False,,,,,,
100015,1982-03-13T12:00:00Z,3.1,159.6,0,0,0,,,,0,False,no_candidate_within_1deg,False,,,,,,
100015,1982-03-13T15:00:00Z,3.4,156.4,0,0,0,,,,0,False,no_candidate_within_1deg,False,,,,,,
100015,1982-03-13T18:00:00Z,4.1,155.4,0,0,0,,,,0,False,no_candidate_within_1deg,False,,,,,,
100015,1982-03-13T21:00:00Z,4.8,154.5,0,0,0,,,,0,False,no_candidate_within_1deg,False,,,,,,
100015,1982-03-14T00:00:00Z,5.5,153.5,0,0,0,,,,0,False,no_candidate_within_1deg,False,,,,,,
100015,1982-03-14T03:00:00Z,6.2,152.5,0,0,0,,,,0,False,no_candidate_within_1deg,False,,,,,,
100017,1982-03-14T18:00:00Z,-10.7,58.1,0,0,0,,,,0,False,no_candidate_within_1deg,False,,,,,,
100017,1982-03-14T21:00:00Z,-10.5,57.7,0,0,0,,,,0,False,no_candidate_within_1deg,False,,,,,,
100017,1982-03-15T00:00:00Z,-10.4,57.2,0,0,0,,,,0,False,no_candidate_within_1deg,False,,,,,,
100017,1982-03-15T03:00:00Z,-10.2,56.8,0,0,0,,,,0,False,no_candidate_within_1deg,False,,,,,,
100017,1982-03-15T06:00:00Z,-10.8,56.6,0,0,0,,,,0,False,no_candidate_within_1deg,False,,,,,,
100017,1982-03-15T09:00:00Z,-11.4,56.3,0,0,0,,,,0,False,no_candidate_within_1deg,False,,,,,,
100017,1982-03-15T12:00:00Z,-11.6,55.6,0,0,0,,,,0,False,no_candidate_within_1deg,False,,,,,,
100017,1982-03-15T15:00:00Z,-11.7,54.9,0,0,0,,,,0,False,no_candidate_within_1deg,False,,,,,,
100017,1982-03-15T18:00:00Z,-12.2,54.6,0,0,0,,,,0,False,no_candidate_within_1deg,False,,,,,,
100017,1982-03-15T21:00:00Z,-12.0,53.2,0,0,0,,,,0,False,no_candidate_within_1deg,False,,,,,,
100017,1982-03-16T00:00:00Z,-12.1,53.4,0,0,0,,,,0,False,no_candidate_within_1deg,False,,,,,,
100017,1982-03-16T03:00:00Z,-12.3,53.5,0,0,0,,,,0,False,no_candidate_within_1deg,False,,,,,,
100020,1982-03-30T15:00:00Z,-5.1,161.1,0,0,0,,,,0,False,no_candidate_within_1deg,False,,,,,,
100020,1982-03-30T18:00:00Z,-5.0,161.9,0,0,0,,,,0,False,no_candidate_within_1deg,False,,,,,,
100020,1982-03-30T21:00:00Z,-4.9,162.6,0,0,0,,,,0,False,no_candidate_within_1deg,False,,,,,,
100020,1982-03-31T00:00:00Z,-4.8,163.3,0,0,0,,,,0,False,no_candidate_within_1deg,False,,,,,,
100020,1982-03-31T03:00:00Z,-1.4,163.1,0,0,0,,,,0,False,no_candidate_within_1deg,False,,,,,,
100020,1982-03-31T06:00:00Z,-2.1,162.3,0,0,0,,,,0,False,no_candidate_within_1deg,False,,,,,,
100020,1982-03-31T09:00:00Z,-2.5,162.2,0,0,0,,,,0,False,no_candidate_within_1deg,False,,,,,,
100020,1982-03-31T12:00:00Z,-2.5,161.6,0,0,0,,,,0,False,no_candidate_within_1deg,False,,,,,,
100020,1982-03-31T15:00:00Z,-2.4,160.9,0,0,0,,,,0,False,no_candidate_within_1deg,False,,,,,,
100021,1982-04-03T09:00:00Z,-15.1,141.5,0,0,0,,,,0,False,no_candidate_within_1deg,False,,,,,,
100021,1982-04-03T12:00:00Z,-14.3,140.4,0,0,0,,,,0,False,no_candidate_within_1deg,False,,,,,,
100021,1982-04-03T15:00:00Z,-14.3,138.9,0,0,0,,,,0,False,no_candidate_within_1deg,False,,,,,,
100021,1982-04-03T18:00:00Z,-13.9,138.1,0,0,0,,,,0,False,no_candidate_within_1deg,False,,,,,,
100021,1982-04-03T21:00:00Z,-14.6,137.3,0,0,0,,,,0,False,no_candidate_within_1deg,False,,,,,,
100021,1982-04-04T00:00:00Z,-14.1,138.1,0,0,0,,,,0,False,no_candidate_within_1deg,False,,,,,,
100021,1982-04-04T03:00:00Z,-13.7,137.7,0,0,0,,,,0,False,no_candidate_within_1deg,False,,,,,,
100021,1982-04-04T06:00:00Z,-14.3,137.7,0,0,0,,,,0,False,no_candidate_within_1deg,False,,,,,,
100021,1982-04-04T09:00:00Z,-12.6,138.0,0,0,0,,,,0,False,no_candidate_within_1deg,False,,,,,,
100032,1982-06-16T03:00:00Z,12.7,-96.6,1,1,0,16493.72842608542,57181.0,4143.0,0,False,no_candidate_within_1deg,False,,,,,,
100032,1982-06-16T06:00:00Z,13.5,-96.6,1,1,0,16384.46897702242,57231.0,4143.0,0,False,no_candidate_within_1deg,False,,,,,,
100032,1982-06-16T09:00:00Z,13.7,-96.8,1,1,0,16317.689312031594,57282.0,4143.0,0,False,no_candidate_within_1deg,False,,,,,,
100032,1982-06-16T12:00:00Z,13.7,-93.7,1,1,0,16329.285935904014,57330.0,4143.0,0,False,no_candidate_within_1deg,False,,,,,,
100032,1982-06-16T15:00:00Z,13.4,-94.5,1,1,0,16284.969846058542,57388.0,4143.0,0,False,no_candidate_within_1deg,False,,,,,,
100032,1982-06-16T18:00:00Z,13.0,-95.2,1,1,0,16290.93828124625,57443.0,4143.0,0,False,no_candidate_within_1deg,False,,,,,,
100032,1982-06-16T21:00:00Z,13.0,-97.8,1,1,0,16171.3468226309,57487.0,4143.0,0,False,no_candidate_within_1deg,False,,,,,,
100032,1982-06-17T00:00:00Z,13.6,-97.8,1,1,0,16047.82428517374,57534.0,4143.0,0,False,no_candidate_within_1deg,False,,,,,,
100032,1982-06-17T03:00:00Z,14.1,-97.8,1,1,0,15985.210277338481,57588.0,4143.0,0,False,no_candidate_within_1deg,False,,,,,,
100040,1982-07-05T18:00:00Z,8.1,-103.2,0,0,0,,,,0,False,no_candidate_within_1deg,False,,,,,,
100040,1982-07-05T21:00:00Z,8.1,-102.2,0,0,0,,,,0,False,no_candidate_within_1deg,False,,,,,,
100040,1982-07-06T00:00:00Z,8.1,-103.2,0,0,0,,,,0,False,no_candidate_within_1deg,False,,,,,,
100040,1982-07-06T03:00:00Z,8.9,-102.0,0,0,0,,,,0,False,no_candidate_within_1deg,False,,,,,,
100040,1982-07-06T06:00:00Z,9.6,-100.8,0,0,0,,,,0,False,no_candidate_within_1deg,False,,,,,,
100040,1982-07-06T09:00:00Z,8.9,-99.5,0,0,0,,,,0,False,no_candidate_within_1deg,False,,,,,,
100040,1982-07-06T12:00:00Z,8.2,-98.2,0,0,0,,,,0,False,no_candidate_within_1deg,False,,,,,,
100040,1982-07-06T15:00:00Z,7.5,-96.9,0,0,0,,,,0,False,no_candidate_within_1deg,False,,,,,,
100040,1982-07-06T18:00:00Z,8.0,-97.2,0,0,0,,,,0,False,no_candidate_within_1deg,False,,,,,,
100040,1982-07-06T21:00:00Z,8.6,-97.5,0,0,0,,,,0,False,no_candidate_within_1deg,False,,,,,,
100048,1982-07-24T18:00:00Z,11.6,-108.4,3,2,1,15625.33930577897,72116.0,4155.0,0,False,no_candidate_within_1deg,False,,,,,,
100048,1982-07-24T21:00:00Z,11.8,-108.8,2,2,0,15761.066901151258,72160.0,4156.0,0,False,no_candidate_within_1deg,False,,,,,,
100048,1982-07-25T00:00:00Z,12.1,-109.2,1,1,0,15806.772837146758,72211.0,4153.0,0,False,no_candidate_within_1deg,False,,,,,,
100048,1982-07-25T03:00:00Z,11.4,-111.2,1,1,0,15826.688783367086,72262.0,4153.0,0,False,no_candidate_within_1deg,False,,,,,,
100048,1982-07-25T06:00:00Z,10.6,-113.2,1,1,0,15827.629673666428,72309.0,4153.0,0,False,no_candidate_within_1deg,False,,,,,,
100048,1982-07-25T09:00:00Z,10.2,-114.6,1,1,0,15798.838427810588,72354.0,4153.0,0,False,no_candidate_within_1deg,False,,,,,,
100048,1982-07-25T12:00:00Z,9.7,-115.3,1,1,0,15760.55178002155,72393.0,4153.0,0,False,no_candidate_within_1deg,False,,,,,,
100048,1982-07-25T15:00:00Z,9.1,-115.9,1,1,0,15776.857484450418,72423.0,4153.0,0,False,no_candidate_within_1deg,False,,,,,,
100048,1982-07-25T18:00:00Z,8.2,-116.1,1,1,0,15840.198734193811,72454.0,4153.0,0,False,no_candidate_within_1deg,False,,,,,,
100048,1982-07-25T21:00:00Z,8.2,-118.1,2,2,0,15177.720750527393,72494.0,4158.0,0,False,no_candidate_within_1deg,False,,,,,,
100048,1982-07-26T00:00:00Z,9.1,-116.9,3,3,0,15114.569220165677,72544.0,4158.0,0,False,no_candidate_within_1deg,False,,,,,,
100048,1982-07-26T03:00:00Z,8.9,-117.4,3,2,1,15636.5305442701,72586.0,4153.0,0,False,no_candidate_within_1deg,False,,,,,,
100049,1982-07-27T12:00:00Z,18.2,-106.3,4,3,1,15077.6848495494,73062.0,4158.0,0,False,no_candidate_within_1deg,False,,,,,,
100049,1982-07-27T15:00:00Z,17.9,-106.8,4,3,1,15078.734420726987,73100.0,4158.0,0,False,no_candidate_within_1deg,False,,,,,,
100049,1982-07-27T18:00:00Z,16.9,-107.4,4,3,1,15199.956377434179,73141.0,4158.0,0,False,no_candidate_within_1deg,False,,,,,,
100049,1982-07-27T21:00:00Z,15.9,-107.9,4,2,2,15417.774107952242,73177.0,4161.0,0,False,no_candidate_within_1deg,False,,,,,,
100049,1982-07-28T00:00:00Z,14.9,-108.5,4,3,1,15379.63820393493,73216.0,4158.0,0,False,no_candidate_within_1deg,False,,,,,,
100049,1982-07-28T03:00:00Z,15.0,-110.1,4,3,1,15353.714712712945,73258.0,4158.0,0,False,no_candidate_within_1deg,False,,,,,,
100049,1982-07-28T06:00:00Z,12.2,-112.0,3,2,1,15600.867051175674,73302.0,4161.0,0,False,no_candidate_within_1deg,False,,,,,,
100049,1982-07-28T09:00:00Z,12.4,-111.4,3,2,1,15556.02075390162,73339.0,4161.0,0,False,no_candidate_within_1deg,False,,,,,,
100049,1982-07-28T12:00:00Z,12.5,-110.8,3,3,0,15621.339923217314,73374.0,4161.0,0,False,no_candidate_within_1deg,False,,,,,,
100049,1982-07-28T15:00:00Z,12.4,-112.3,3,2,1,15544.023285478666,73410.0,4161.0,0,False,no_candidate_within_1deg,False,,,,,,
100049,1982-07-28T18:00:00Z,12.3,-113.8,3,2,1,15475.380079955152,73448.0,4153.0,0,False,no_candidate_within_1deg,False,,,,,,
100049,1982-07-28T21:00:00Z,12.4,-113.4,3,2,1,15496.884212351692,73493.0,4153.0,0,False,no_candidate_within_1deg,False,,,,,,
100055,1982-08-07T09:00:00Z,7.1,-107.9,2,2,0,16313.571717596618,77163.0,4171.0,0,False,no_candidate_within_1deg,False,,,,,,
100055,1982-08-07T12:00:00Z,7.0,-106.9,2,2,0,16319.661102579397,77202.0,4171.0,0,False,no_candidate_within_1deg,False,,,,,,
100055,1982-08-07T15:00:00Z,6.9,-105.9,2,2,0,16341.659275389231,77239.0,4171.0,0,False,no_candidate_within_1deg,False,,,,,,
100055,1982-08-07T18:00:00Z,7.6,-106.3,2,2,0,16227.300096253315,77281.0,4171.0,0,False,no_candidate_within_1deg,False,,,,,,
100055,1982-08-07T21:00:00Z,8.3,-106.8,2,2,0,16121.726075978146,77326.0,4171.0,0,False,no_candidate_within_1deg,False,,,,,,
100055,1982-08-08T00:00:00Z,8.9,-107.2,1,1,0,16340.215222652118,77370.0,4172.0,0,False,no_candidate_within_1deg,False,,,,,,
100055,1982-08-08T03:00:00Z,9.6,-107.7,2,2,0,16213.069224741583,77405.0,4172.0,0,False,no_candidate_within_1deg,False,,,,,,
100055,1982-08-08T06:00:00Z,9.7,-108.2,2,2,0,16162.815052007505,77443.0,4172.0,0,False,no_candidate_within_1deg,False,,,,,,
100055,1982-08-08T09:00:00Z,9.9,-108.6,2,2,0,16081.767108825756,77483.0,4172.0,0,False,no_candidate_within_1deg,False,,,,,,
100055,1982-08-08T12:00:00Z,10.0,-109.1,2,2,0,15956.612799243901,77524.0,4172.0,0,False,no_candidate_within_1deg,False,,,,,,
100055,1982-08-08T15:00:00Z,11.1,-109.0,2,2,0,15810.475399799761,77571.0,4172.0,0,False,no_candidate_within_1deg,False,,,,,,
100054,1982-08-07T09:00:00Z,12.2,-116.6,2,2,0,15310.218540615806,77163.0,4171.0,0,False,no_candidate_within_1deg,False,,,,,,
100054,1982-08-07T12:00:00Z,12.2,-117.6,2,2,0,15193.376301238994,77202.0,4171.0,0,False,no_candidate_within_1deg,False,,,,,,
100054,1982-08-07T15:00:00Z,12.2,-118.5,2,2,0,15105.798963579806,77239.0,4171.0,0,False,no_candidate_within_1deg,False,,,,,,
100054,1982-08-07T18:00:00Z,11.8,-119.8,2,2,0,15031.732226024611,77281.0,4171.0,0,False,no_candidate_within_1deg,False,,,,,,
100054,1982-08-07T21:00:00Z,9.7,-120.0,2,2,0,15198.526860271784,77326.0,4171.0,0,False,no_candidate_within_1deg,False,,,,,,
100054,1982-08-08T00:00:00Z,10.2,-121.1,1,1,0,15417.182545132408,77370.0,4172.0,0,False,no_candidate_within_1deg,False,,,,,,
100054,1982-08-08T03:00:00Z,9.0,-118.6,2,2,0,15635.845347739178,77405.0,4172.0,0,False,no_candidate_within_1deg,False,,,,,,
100054,1982-08-08T06:00:00Z,9.2,-119.0,2,2,0,15568.652481792225,77443.0,4172.0,0,False,no_candidate_within_1deg,False,,,,,,
100054,1982-08-08T09:00:00Z,9.4,-119.9,2,2,0,15445.605107341791,77483.0,4172.0,0,False,no_candidate_within_1deg,False,,,,,,
100054,1982-08-08T12:00:00Z,9.4,-123.4,2,2,0,15105.689963619234,77524.0,4172.0,0,False,no_candidate_within_1deg,False,,,,,,
100054,1982-08-08T15:00:00Z,9.1,-123.9,2,2,0,15045.491735120493,77571.0,4172.0,0,False,no_candidate_within_1deg,False,,,,,,
100059,1982-08-26T18:00:00Z,11.3,-19.8,2,2,0,10817.125084642266,84419.0,4199.0,0,False,no_candidate_within_1deg,False,,,,,,
100059,1982-08-26T21:00:00Z,11.0,-20.5,2,2,0,10865.703490262353,84474.0,4199.0,0,False,no_candidate_within_1deg,False,,,,,,
100059,1982-08-27T00:00:00Z,13.0,-17.7,2,2,0,10496.798113097162,84533.0,4199.0,0,False,no_candidate_within_1deg,False,,,,,,
100059,1982-08-27T03:00:00Z,11.8,-18.2,2,2,0,10590.992182967666,84589.0,4199.0,0,False,no_candidate_within_1deg,False,,,,,,
100059,1982-08-27T06:00:00Z,14.3,-19.4,2,2,0,10599.402639477272,84646.0,4199.0,0,False,no_candidate_within_1deg,False,,,,,,
100059,1982-08-27T09:00:00Z,14.2,-19.8,2,2,0,10654.47093230274,84702.0,4199.0,0,False,no_candidate_within_1deg,False,,,,,,
100059,1982-08-27T12:00:00Z,14.1,-20.2,2,2,0,10737.420299073085,84748.0,4199.0,0,False,no_candidate_within_1deg,False,,,,,,
100059,1982-08-27T15:00:00Z,14.0,-20.6,2,2,0,10818.139907376775,84791.0,4199.0,0,False,no_candidate_within_1deg,False,,,,,,
100059,1982-08-27T18:00:00Z,13.9,-21.0,2,2,0,10900.8075528565,84832.0,4199.0,0,False,no_candidate_within_1deg,False,,,,,,
100059,1982-08-27T21:00:00Z,13.4,-21.4,2,2,0,11048.951506970106,84872.0,4199.0,0,False,no_candidate_within_1deg,False,,,,,,
100059,1982-08-28T00:00:00Z,13.4,-21.3,1,1,0,11407.555797766414,84916.0,4200.0,0,False,no_candidate_within_1deg,False,,,,,,
100059,1982-08-28T03:00:00Z,13.4,-21.2,1,1,0,11376.152995500011,84961.0,4200.0,0,False,no_candidate_within_1deg,False,,,,,,
100059,1982-08-28T06:00:00Z,13.9,-22.1,1,1,0,11426.587628493964,84999.0,4200.0,0,False,no_candidate_within_1deg,False,,,,,,
100059,1982-08-28T09:00:00Z,13.9,-22.5,1,1,0,11450.70751063421,85032.0,4200.0,0,False,no_candidate_within_1deg,False,,,,,,
100060,1982-08-29T03:00:00Z,9.9,-159.7,1,1,0,12021.831788168709,85257.0,4200.0,0,False,no_candidate_within_1deg,False,,,,,,
100060,1982-08-29T06:00:00Z,11.1,-161.7,1,1,0,11766.285184870792,85301.0,4200.0,0,False,no_candidate_within_1deg,False,,,,,,
100060,1982-08-29T09:00:00Z,10.8,-163.6,1,1,0,11608.55532972776,85336.0,4200.0,0,False,no_candidate_within_1deg,False,,,,,,
100060,1982-08-29T12:00:00Z,11.0,-165.0,1,1,0,11513.522602506446,85357.0,4200.0,0,False,no_candidate_within_1deg,False,,,,,,
100060,1982-08-29T15:00:00Z,10.2,-166.5,1,1,0,11404.196965099236,85378.0,4200.0,0,False,no_candidate_within_1deg,False,,,,,,
100060,1982-08-29T18:00:00Z,10.7,-166.7,1,1,0,11358.757083600765,85404.0,4200.0,0,False,no_candidate_within_1deg,False,,,,,,
100060,1982-08-29T21:00:00Z,11.1,-167.0,1,1,0,11316.165333376557,85435.0,4200.0,0,False,no_candidate_within_1deg,False,,,,,,
100060,1982-08-30T00:00:00Z,11.6,-167.2,1,1,0,11282.051672290894,85465.0,4200.0,0,False,no_candidate_within_1deg,False,,,,,,
100060,1982-08-30T03:00:00Z,11.6,-167.9,1,1,0,11230.424591625673,85495.0,4200.0,0,False,no_candidate_within_1deg,False,,,,,,
100067,1982-09-08T15:00:00Z,6.3,-112.4,3,2,1,16300.41655224728,88105.0,4207.0,0,False,no_candidate_within_1deg,False,,,,,,
100067,1982-09-08T18:00:00Z,6.2,-112.2,3,2,1,16254.356411815828,88146.0,4207.0,0,False,no_candidate_within_1deg,False,,,,,,
100067,1982-09-08T21:00:00Z,7.1,-112.6,3,2,1,16118.498175120874,88190.0,4207.0,0,False,no_candidate_within_1deg,False,,,,,,
100067,1982-09-09T00:00:00Z,8.0,-112.9,3,2,1,16049.186564235246,88235.0,4207.0,0,False,no_candidate_within_1deg,False,,,,,,
100067,1982-09-09T03:00:00Z,8.9,-113.3,3,2,1,15948.53887511464,88275.0,4207.0,0,False,no_candidate_within_1deg,False,,,,,,
100067,1982-09-09T06:00:00Z,9.7,-113.2,4,2,2,16140.601289889843,88312.0,4208.0,0,False,no_candidate_within_1deg,False,,,,,,
100067,1982-09-09T09:00:00Z,10.8,-109.4,4,2,2,16218.092074702157,88351.0,4208.0,0,False,no_candidate_within_1deg,False,,,,,,
100067,1982-09-09T12:00:00Z,10.5,-110.1,4,2,2,16163.347159002531,88389.0,4208.0,0,False,no_candidate_within_1deg,False,,,,,,
100067,1982-09-09T15:00:00Z,10.1,-110.7,4,3,1,16076.291421743601,88426.0,4208.0,0,False,no_candidate_within_1deg,False,,,,,,
100073,1982-09-14T00:00:00Z,11.7,-137.4,2,1,1,13878.966808847405,89868.0,4218.0,0,False,no_candidate_within_1deg,False,,,,,,
100073,1982-09-14T03:00:00Z,11.5,-137.1,2,1,1,13903.565054412475,89911.0,4210.0,0,False,no_candidate_within_1deg,False,,,,,,
100073,1982-09-14T06:00:00Z,11.3,-136.9,2,1,1,13914.218720188315,89945.0,4218.0,0,False,no_candidate_within_1deg,False,,,,,,
100073,1982-09-14T09:00:00Z,12.5,-137.2,2,1,1,13781.196225899357,89983.0,4210.0,0,False,no_candidate_within_1deg,False,,,,,,
100073,1982-09-14T12:00:00Z,13.6,-137.4,2,1,1,13625.733551821644,90017.0,4210.0,0,False,no_candidate_within_1deg,False,,,,,,
100073,1982-09-14T15:00:00Z,14.8,-137.7,2,1,1,13480.448109903673,90042.0,4210.0,0,False,no_candidate_within_1deg,False,,,,,,
100073,1982-09-14T18:00:00Z,15.9,-138.0,2,1,1,13363.235809532138,90069.0,4210.0,0,False,no_candidate_within_1deg,False,,,,,,
100073,1982-09-14T21:00:00Z,15.7,-138.8,2,1,1,13252.058788159246,90105.0,4210.0,0,False,no_candidate_within_1deg,False,,,,,,
100073,1982-09-15T00:00:00Z,15.5,-139.5,2,1,1,13162.95227179584,90136.0,4218.0,0,False,no_candidate_within_1deg,False,,,,,,
100073,1982-09-15T03:00:00Z,14.9,-142.7,2,1,1,12890.195001048874,90165.0,4218.0,0,False,no_candidate_within_1deg,False,,,,,,
100073,1982-09-15T06:00:00Z,14.8,-142.2,2,1,1,12898.10644974145,90194.0,4218.0,0,False,no_candidate_within_1deg,False,,,,,,
100073,1982-09-15T09:00:00Z,14.7,-142.7,2,2,0,12792.080085286198,90222.0,4218.0,0,False,no_candidate_within_1deg,False,,,,,,
100073,1982-09-15T12:00:00Z,14.8,-142.7,2,2,0,12745.897523841675,90252.0,4218.0,0,False,no_candidate_within_1deg,False,,,,,,
100073,1982-09-15T15:00:00Z,15.4,-142.6,2,2,0,12732.584700379304,90280.0,4218.0,0,False,no_candidate_within_1deg,False,,,,,,
100072,1982-09-14T00:00:00Z,8.5,-155.5,2,1,1,12554.792787142285,89868.0,4218.0,0,False,no_candidate_within_1deg,False,,,,,,
100072,1982-09-14T03:00:00Z,11.8,-155.4,2,1,1,12342.84743147548,89911.0,4210.0,0,False,no_candidate_within_1deg,False,,,,,,
100072,1982-09-14T06:00:00Z,11.9,-155.7,2,1,1,12289.00659476966,89945.0,4218.0,0,False,no_candidate_within_1deg,False,,,,,,
100072,1982-09-14T09:00:00Z,11.9,-155.9,2,1,1,12262.343366789295,89983.0,4210.0,0,False,no_candidate_within_1deg,False,,,,,,
100072,1982-09-14T12:00:00Z,12.0,-156.2,2,1,1,12148.41581230012,90017.0,4210.0,0,False,no_candidate_within_1deg,False,,,,,,
100072,1982-09-14T15:00:00Z,12.0,-156.5,2,1,1,12090.577636953954,90042.0,4210.0,0,False,no_candidate_within_1deg,False,,,,,,
100072,1982-09-14T18:00:00Z,12.2,-157.0,2,1,1,12036.256331100327,90069.0,4210.0,0,False,no_candidate_within_1deg,False,,,,,,
100072,1982-09-14T21:00:00Z,12.3,-157.4,2,1,1,11891.821019456653,90105.0,4210.0,0,False,no_candidate_within_1deg,False,,,,,,
100072,1982-09-15T00:00:00Z,12.5,-157.9,2,1,1,11764.067239812093,90136.0,4218.0,0,False,no_candidate_within_1deg,False,,,,,,
100072,1982-09-15T03:00:00Z,12.5,-158.1,2,1,1,11683.713246659318,90165.0,4218.0,0,False,no_candidate_within_1deg,False,,,,,,
100072,1982-09-15T06:00:00Z,12.5,-158.2,2,1,1,11632.770499879432,90194.0,4218.0,0,False,no_candidate_within_1deg,False,,,,,,
100072,1982-09-15T09:00:00Z,13.2,-158.2,2,2,0,11520.854794791341,90222.0,4218.0,0,False,no_candidate_within_1deg,False,,,,,,
100072,1982-09-15T12:00:00Z,13.9,-158.1,2,2,0,11447.658959252403,90252.0,4218.0,0,False,no_candidate_within_1deg,False,,,,,,
100072,1982-09-15T15:00:00Z,14.5,-158.1,2,2,0,11438.322783447557,90280.0,4218.0,0,False,no_candidate_within_1deg,False,,,,,,
100079,1982-09-29T06:00:00Z,15.2,-98.0,1,1,0,15711.07840871058,94593.0,4226.0,0,False,no_candidate_within_1deg,False,,,,,,
100079,1982-09-29T09:00:00Z,15.1,-96.6,1,1,0,15780.719230409659,94642.0,4226.0,0,False,no_candidate_within_1deg,False,,,,,,
100079,1982-09-29T12:00:00Z,15.0,-95.3,1,1,0,15772.790087271651,94687.0,4226.0,0,False,no_candidate_within_1deg,False,,,,,,
100079,1982-09-29T15:00:00Z,15.8,-95.7,1,1,0,15636.01889854522,94726.0,4226.0,0,False,no_candidate_within_1deg,False,,,,,,
100079,1982-09-29T18:00:00Z,15.2,-96.4,1,0,1,,,,0,False,no_candidate_within_1deg,False,,,,,,
100079,1982-09-29T21:00:00Z,14.6,-97.1,1,0,1,,,,0,False,no_candidate_within_1deg,False,,,,,,
100079,1982-09-30T00:00:00Z,14.0,-97.8,1,0,1,,,,0,False,no_candidate_within_1deg,False,,,,,,
100079,1982-09-30T03:00:00Z,15.3,-98.3,1,1,0,15370.618363921425,94900.0,4226.0,0,False,no_candidate_within_1deg,False,,,,,,
100079,1982-09-30T06:00:00Z,14.5,-98.8,1,1,0,15374.79481058496,94946.0,4226.0,0,False,no_candidate_within_1deg,False,,,,,,
100079,1982-09-30T09:00:00Z,14.3,-97.3,1,0,1,,,,0,False,no_candidate_within_1deg,False,,,,,,
100079,1982-09-30T12:00:00Z,14.1,-95.9,0,0,0,,,,0,False,no_candidate_within_1deg,False,,,,,,
100079,1982-09-30T15:00:00Z,13.3,-96.7,0,0,0,,,,0,False,no_candidate_within_1deg,False,,,,,,
100084,1982-10-12T06:00:00Z,5.7,-91.7,0,0,0,,,,0,False,no_candidate_within_1deg,False,,,,,,
100084,1982-10-12T09:00:00Z,5.0,-91.8,0,0,0,,,,0,False,no_candidate_within_1deg,False,,,,,,
100084,1982-10-12T12:00:00Z,4.5,-92.3,0,0,0,,,,0,False,no_candidate_within_1deg,False,,,,,,
100084,1982-10-12T15:00:00Z,5.2,-92.7,0,0,0,,,,0,False,no_candidate_within_1deg,False,,,,,,
100084,1982-10-12T18:00:00Z,5.9,-93.1,0,0,0,,,,0,False,no_candidate_within_1deg,False,,,,,,
100084,1982-10-12T21:00:00Z,6.9,-91.0,0,0,0,,,,0,False,no_candidate_within_1deg,False,,,,,,
100084,1982-10-13T00:00:00Z,7.9,-88.9,0,0,0,,,,0,False,no_candidate_within_1deg,False,,,,,,
100084,1982-10-13T03:00:00Z,7.1,-88.8,0,0,0,,,,0,False,no_candidate_within_1deg,False,,,,,,
100084,1982-10-13T06:00:00Z,7.3,-88.9,0,0,0,,,,0,False,no_candidate_within_1deg,False,,,,,,
100084,1982-10-13T09:00:00Z,7.9,-90.2,0,0,0,,,,0,False,no_candidate_within_1deg,False,,,,,,
100084,1982-10-13T12:00:00Z,8.1,-90.3,0,0,0,,,,0,False,no_candidate_within_1deg,False,,,,,,
100084,1982-10-13T15:00:00Z,8.3,-90.5,0,0,0,,,,0,False,no_candidate_within_1deg,False,,,,,,
100084,1982-10-13T18:00:00Z,8.3,-91.3,0,0,0,,,,0,False,no_candidate_within_1deg,False,,,,,,
100084,1982-10-13T21:00:00Z,8.3,-91.4,0,0,0,,,,0,False,no_candidate_within_1deg,False,,,,,,
100132,1983-08-07T21:00:00Z,22.2,68.7,2,2,0,639.0134370804772,77433.0,4253.0,0,False,no_candidate_within_1deg,False,,,,,,
100132,1983-08-08T00:00:00Z,22.0,67.6,2,2,0,672.8023029231942,77489.0,4253.0,0,False,no_candidate_within_1deg,False,,,,,,
100132,1983-08-08T03:00:00Z,22.7,66.3,2,2,0,719.903111730425,77537.0,4253.0,0,False,no_candidate_within_1deg,False,,,,,,
100132,1983-08-08T06:00:00Z,22.2,66.2,2,2,0,624.8219423903623,77587.0,4253.0,0,False,no_candidate_within_1deg,False,,,,,,
100132,1983-08-08T09:00:00Z,21.7,66.1,2,2,0,560.4547794265934,77636.0,4253.0,0,False,no_candidate_within_1deg,False,,,,,,
100132,1983-08-08T12:00:00Z,21.2,66.0,3,2,1,485.6896158287518,77685.0,4253.0,0,False,no_candidate_within_1deg,False,,,,,,
100132,1983-08-08T15:00:00Z,20.7,65.1,3,2,1,519.8442595121974,77739.0,4253.0,0,False,no_candidate_within_1deg,False,,,,,,
100132,1983-08-08T18:00:00Z,20.5,64.2,3,2,1,512.666887637051,77791.0,4253.0,0,False,no_candidate_within_1deg,False,,,,,,
100132,1983-08-08T21:00:00Z,20.7,63.0,3,1,2,550.8427903164045,77849.0,4253.0,0,False,no_candidate_within_1deg,False,,,,,,
100138,1983-08-22T03:00:00Z,20.4,-70.0,2,1,1,13843.67447068104,82426.0,4267.0,0,False,no_candidate_within_1deg,False,,,,,,
100138,1983-08-22T06:00:00Z,21.2,-70.6,2,1,1,13860.813794114412,82474.0,4267.0,0,False,no_candidate_within_1deg,False,,,,,,
100138,1983-08-22T09:00:00Z,21.9,-71.1,2,1,1,13834.367197297595,82519.0,4267.0,0,False,no_candidate_within_1deg,False,,,,,,
100138,1983-08-22T12:00:00Z,22.6,-71.7,2,1,1,13817.773564274537,82556.0,4267.0,0,False,no_candidate_within_1deg,False,,,,,,
100138,1983-08-22T15:00:00Z,23.4,-72.2,2,1,1,13754.395993002912,82591.0,4267.0,0,False,no_candidate_within_1deg,False,,,,,,
100138,1983-08-22T18:00:00Z,22.8,-73.7,2,1,1,13849.677456838515,82633.0,4267.0,0,False,no_candidate_within_1deg,False,,,,,,
100138,1983-08-22T21:00:00Z,23.4,-73.7,2,1,1,13802.970935749938,82676.0,4267.0,0,False,no_candidate_within_1deg,False,,,,,,
100138,1983-08-23T00:00:00Z,24.0,-73.3,2,1,1,13700.654660560689,82718.0,4267.0,0,False,no_candidate_within_1deg,False,,,,,,
100138,1983-08-23T03:00:00Z,24.6,-73.5,2,2,0,13615.13259437292,82758.0,4267.0,0,False,no_candidate_within_1deg,False,,,,,,
100138,1983-08-23T06:00:00Z,24.3,-73.7,2,2,0,13639.12968632078,82798.0,4267.0,0,False,no_candidate_within_1deg,False,,,,,,
100138,1983-08-23T09:00:00Z,24.8,-73.2,2,2,0,13564.440023780066,82837.0,4267.0,0,False,no_candidate_within_1deg,False,,,,,,
100138,1983-08-23T12:00:00Z,24.2,-74.4,2,2,0,13657.75848010797,82877.0,4267.0,0,False,no_candidate_within_1deg,False,,,,,,
100138,1983-08-23T15:00:00Z,25.0,-72.8,2,2,0,13535.11870668971,82923.0,4267.0,0,False,no_candidate_within_1deg,False,,,,,,
100140,1983-08-24T03:00:00Z,19.9,127.0,2,1,1,4551.684879644619,83138.0,4267.0,0,False,no_candidate_within_1deg,False,,,,,,
100140,1983-08-24T06:00:00Z,22.0,127.8,2,2,0,3869.5898290178134,83198.0,4273.0,0,False,no_candidate_within_1deg,False,,,,,,
100140,1983-08-24T09:00:00Z,22.1,125.5,2,2,0,3681.6554185717346,83252.0,4273.0,0,False,no_candidate_within_1deg,False,,,,,,
100140,1983-08-24T12:00:00Z,21.2,125.4,2,2,0,3657.3468378774032,83304.0,4273.0,0,False,no_candidate_within_1deg,False,,,,,,
100140,1983-08-24T15:00:00Z,20.3,125.4,2,2,0,3641.186377520252,83349.0,4273.0,0,False,no_candidate_within_1deg,False,,,,,,
100140,1983-08-24T18:00:00Z,22.0,124.9,2,2,0,3519.2532116628076,83401.0,4273.0,0,False,no_candidate_within_1deg,False,,,,,,
100140,1983-08-24T21:00:00Z,23.6,124.3,2,2,0,3379.4339260904962,83456.0,4273.0,0,False,no_candidate_within_1deg,False,,,,,,
100140,1983-08-25T00:00:00Z,22.1,125.7,2,2,0,3517.70824929479,83515.0,4273.0,0,False,no_candidate_within_1deg,False,,,,,,
100140,1983-08-25T03:00:00Z,22.6,126.2,2,2,0,3522.631253903323,83579.0,4273.0,0,False,no_candidate_within_1deg,False,,,,,,
100141,1983-08-25T21:00:00Z,5.3,-176.8,1,1,0,10616.240089450866,83902.0,4267.0,0,False,no_candidate_within_1deg,False,,,,,,
100141,1983-08-26T00:00:00Z,4.8,-177.8,1,1,0,10571.359932894791,83942.0,4267.0,0,False,no_candidate_within_1deg,False,,,,,,
100141,1983-08-26T03:00:00Z,7.4,-175.8,1,1,0,10683.363692071593,83989.0,4267.0,0,False,no_candidate_within_1deg,False,,,,,,
100141,1983-08-26T06:00:00Z,6.4,-173.0,1,1,0,11074.946792617367,84039.0,4267.0,0,False,no_candidate_within_1deg,False,,,,,,
100141,1983-08-26T09:00:00Z,5.9,-172.9,1,1,0,11131.254183558583,84083.0,4267.0,0,False,no_candidate_within_1deg,False,,,,,,
100141,1983-08-26T12:00:00Z,6.0,-174.8,1,1,0,10962.356075747897,84121.0,4267.0,0,False,no_candidate_within_1deg,False,,,,,,
100141,1983-08-26T15:00:00Z,7.2,-174.7,1,1,0,10841.851652966536,84159.0,4267.0,0,False,no_candidate_within_1deg,False,,,,,,
100141,1983-08-26T18:00:00Z,8.3,-174.7,1,0,1,,,,0,False,no_candidate_within_1deg,False,,,,,,
100141,1983-08-26T21:00:00Z,9.5,-174.6,1,1,0,10791.638713743549,84250.0,4267.0,0,False,no_candidate_within_1deg,False,,,,,,
100146,1983-09-10T12:00:00Z,12.0,-95.7,1,1,0,15663.9280393063,88858.0,4279.0,0,False,no_candidate_within_1deg,False,,,,,,
100146,1983-09-10T15:00:00Z,12.3,-96.5,1,1,0,15635.903353249882,88891.0,4279.0,0,False,no_candidate_within_1deg,False,,,,,,
100146,1983-09-10T18:00:00Z,12.5,-97.2,1,1,0,15613.662644430931,88924.0,4279.0,0,False,no_candidate_within_1deg,False,,,,,,
100146,1983-09-10T21:00:00Z,11.6,-98.1,1,1,0,15706.144330977439,88962.0,4279.0,0,False,no_candidate_within_1deg,False,,,,,,
100146,1983-09-11T00:00:00Z,10.6,-99.0,1,1,0,15790.633393046339,89002.0,4279.0,0,False,no_candidate_within_1deg,False,,,,,,
100146,1983-09-11T03:00:00Z,11.7,-96.8,1,1,0,15627.705998473008,89046.0,4279.0,0,False,no_candidate_within_1deg,False,,,,,,
100146,1983-09-11T06:00:00Z,12.7,-94.5,1,1,0,15461.873281104898,89097.0,4279.0,0,False,no_candidate_within_1deg,False,,,,,,
100146,1983-09-11T09:00:00Z,13.1,-95.5,1,1,0,15384.262812721892,89144.0,4279.0,0,False,no_candidate_within_1deg,False,,,,,,
100146,1983-09-11T12:00:00Z,13.4,-96.8,1,1,0,15319.22222484312,89194.0,4279.0,0,False,no_candidate_within_1deg,False,,,,,,
100146,1983-09-11T15:00:00Z,12.2,-97.7,1,1,0,15445.648356772332,89240.0,4279.0,0,False,no_candidate_within_1deg,False,,,,,,
100146,1983-09-11T18:00:00Z,10.9,-98.6,1,1,0,15555.992260627443,89287.0,4279.0,0,False,no_candidate_within_1deg,False,,,,,,
100146,1983-09-11T21:00:00Z,11.4,-99.0,1,1,0,15460.866988688147,89346.0,4279.0,0,False,no_candidate_within_1deg,False,,,,,,
100146,1983-09-12T00:00:00Z,11.9,-99.3,0,0,0,,,,0,False,no_candidate_within_1deg,False,,,,,,
100146,1983-09-12T03:00:00Z,12.3,-99.7,0,0,0,,,,0,False,no_candidate_within_1deg,False,,,,,,
100148,1983-09-19T09:00:00Z,13.7,-105.7,1,1,0,15619.284260851338,91885.0,4290.0,0,False,no_candidate_within_1deg,False,,,,,,
100148,1983-09-19T12:00:00Z,12.1,-102.1,1,1,0,15780.327350982927,91919.0,4290.0,0,False,no_candidate_within_1deg,False,,,,,,
100148,1983-09-19T15:00:00Z,14.8,-105.2,1,1,0,15453.939467906013,91953.0,4290.0,0,False,no_candidate_within_1deg,False,,,,,,
100148,1983-09-19T18:00:00Z,14.7,-105.0,1,1,0,15469.210184240843,91984.0,4290.0,0,False,no_candidate_within_1deg,False,,,,,,
100148,1983-09-19T21:00:00Z,14.5,-104.7,1,1,0,15496.329983778514,92021.0,4290.0,0,False,no_candidate_within_1deg,False,,,,,,
100148,1983-09-20T00:00:00Z,14.4,-104.5,1,0,1,,,,0,False,no_candidate_within_1deg,False,,,,,,
100148,1983-09-20T03:00:00Z,14.8,-104.5,1,1,0,15502.52641136357,92088.0,4290.0,0,False,no_candidate_within_1deg,False,,,,,,
100148,1983-09-20T06:00:00Z,15.1,-104.5,1,1,0,15483.78732125531,92122.0,4290.0,0,False,no_candidate_within_1deg,False,,,,,,
100148,1983-09-20T09:00:00Z,17.5,-107.0,1,0,1,,,,0,False,no_candidate_within_1deg,False,,,,,,
100148,1983-09-20T12:00:00Z,15.4,-106.1,1,1,0,15363.696730845277,92198.0,4290.0,0,False,no_candidate_within_1deg,False,,,,,,
100148,1983-09-20T15:00:00Z,14.8,-106.0,1,0,1,,,,0,False,no_candidate_within_1deg,False,,,,,,
100148,1983-09-20T18:00:00Z,14.7,-106.5,1,1,0,15465.357963330896,92291.0,4290.0,0,False,no_candidate_within_1deg,False,,,,,,
100148,1983-09-20T21:00:00Z,15.6,-108.8,1,0,1,,,,0,False,no_candidate_within_1deg,False,,,,,,
100149,1983-09-25T15:00:00Z,29.3,-68.8,0,0,0,,,,0,False,no_candidate_within_1deg,False,,,,,,
100149,1983-09-25T18:00:00Z,29.1,-67.6,0,0,0,,,,0,False,no_candidate_within_1deg,False,,,,,,
100149,1983-09-25T21:00:00Z,27.2,-68.7,0,0,0,,,,0,False,no_candidate_within_1deg,False,,,,,,
100149,1983-09-26T00:00:00Z,30.0,-66.4,0,0,0,,,,0,False,no_candidate_within_1deg,False,,,,,,
100149,1983-09-26T03:00:00Z,29.4,-70.3,0,0,0,,,,0,False,no_candidate_within_1deg,False,,,,,,
100149,1983-09-26T06:00:00Z,28.8,-66.4,0,0,0,,,,0,False,no_candidate_within_1deg,False,,,,,,
100149,1983-09-26T09:00:00Z,30.9,-69.0,0,0,0,,,,0,False,no_candidate_within_1deg,False,,,,,,
100149,1983-09-26T12:00:00Z,29.8,-68.7,0,0,0,,,,0,False,no_candidate_within_1deg,False,,,,,,
100149,1983-09-26T15:00:00Z,28.6,-68.5,0,0,0,,,,0,False,no_candidate_within_1deg,False,,,,,,
100159,1983-10-08T00:00:00Z,8.5,-125.6,2,1,1,14923.032795824582,97945.0,4298.0,0,False,no_candidate_within_1deg,False,,,,,,
100159,1983-10-08T03:00:00Z,9.3,-126.1,2,2,0,14849.378058033433,97982.0,4298.0,0,False,no_candidate_within_1deg,False,,,,,,
100159,1983-10-08T06:00:00Z,10.2,-126.6,2,1,1,14759.30220036921,98020.0,4298.0,0,False,no_candidate_within_1deg,False,,,,,,
100159,1983-10-08T09:00:00Z,11.0,-127.1,2,2,0,14654.75667416301,98061.0,4298.0,0,False,no_candidate_within_1deg,False,,,,,,
100159,1983-10-08T12:00:00Z,11.8,-127.6,2,2,0,14572.706179851897,98103.0,4298.0,0,False,no_candidate_within_1deg,False,,,,,,
100159,1983-10-08T15:00:00Z,11.9,-128.0,2,1,1,14548.077247601464,98147.0,4298.0,0,False,no_candidate_within_1deg,False,,,,,,
100159,1983-10-08T18:00:00Z,9.8,-131.2,2,2,0,14471.251637963698,98187.0,4298.0,0,False,no_candidate_within_1deg,False,,,,,,
100159,1983-10-08T21:00:00Z,9.8,-131.5,2,1,1,14449.639134356614,98225.0,4298.0,0,False,no_candidate_within_1deg,False,,,,,,
100159,1983-10-09T00:00:00Z,9.7,-131.7,2,2,0,14447.31435088818,98264.0,4298.0,0,False,no_candidate_within_1deg,False,,,,,,
100159,1983-10-09T03:00:00Z,12.1,-128.5,1,1,0,14524.788761328602,98305.0,4298.0,0,False,no_candidate_within_1deg,False,,,,,,
100159,1983-10-09T06:00:00Z,11.6,-128.7,1,1,0,14550.058852584054,98344.0,4298.0,0,False,no_candidate_within_1deg,False,,,,,,
100159,1983-10-09T09:00:00Z,12.0,-129.1,1,1,0,14477.874281734297,98382.0,4298.0,0,False,no_candidate_within_1deg,False,,,,,,
100159,1983-10-09T12:00:00Z,12.5,-129.6,1,1,0,14400.395167193454,98414.0,4298.0,0,False,no_candidate_within_1deg,False,,,,,,
100159,1983-10-09T15:00:00Z,12.6,-130.0,1,1,0,14360.06568468183,98440.0,4298.0,0,False,no_candidate_within_1deg,False,,,,,,
100160,1983-10-10T09:00:00Z,9.0,-94.5,1,1,0,16355.537222101004,98614.0,4298.0,0,False,no_candidate_within_1deg,False,,,,,,
100160,1983-10-10T12:00:00Z,8.3,-94.9,1,1,0,16404.797826841634,98640.0,4298.0,0,False,no_candidate_within_1deg,False,,,,,,
100160,1983-10-10T15:00:00Z,7.7,-95.2,2,2,0,16271.200491703525,98666.0,4299.0,0,False,no_candidate_within_1deg,False,,,,,,
100160,1983-10-10T18:00:00Z,7.0,-95.6,2,2,0,16359.064294109457,98691.0,4299.0,0,False,no_candidate_within_1deg,False,,,,,,
100160,1983-10-10T21:00:00Z,8.8,-99.2,2,2,0,16237.395337771457,98714.0,4299.0,0,False,no_candidate_within_1deg,False,,,,,,
100160,1983-10-11T00:00:00Z,8.5,-100.2,2,2,0,16228.743025559672,98742.0,4298.0,0,False,no_candidate_within_1deg,False,,,,,,
100160,1983-10-11T03:00:00Z,8.6,-101.0,2,2,0,16178.19224111798,98776.0,4298.0,0,False,no_candidate_within_1deg,False,,,,,,
100160,1983-10-11T06:00:00Z,8.6,-101.2,2,2,0,16147.347824111845,98816.0,4298.0,0,False,no_candidate_within_1deg,False,,,,,,
100160,1983-10-11T09:00:00Z,8.5,-101.3,2,2,0,16118.51180386751,98851.0,4298.0,0,False,no_candidate_within_1deg,False,,,,,,
100164,1983-10-31T15:00:00Z,6.6,-102.1,0,0,0,,,,0,False,no_candidate_within_1deg,False,,,,,,
100164,1983-10-31T18:00:00Z,7.3,-98.1,0,0,0,,,,0,False,no_candidate_within_1deg,False,,,,,,
100164,1983-10-31T21:00:00Z,7.5,-98.5,0,0,0,,,,0,False,no_candidate_within_1deg,False,,,,,,
100164,1983-11-01T00:00:00Z,7.6,-98.9,0,0,0,,,,0,False,no_candidate_within_1deg,False,,,,,,
100164,1983-11-01T03:00:00Z,7.6,-99.1,0,0,0,,,,0,False,no_candidate_within_1deg,False,,,,,,
100164,1983-11-01T06:00:00Z,7.6,-99.3,0,0,0,,,,0,False,no_candidate_within_1deg,False,,,,,,
100164,1983-11-01T09:00:00Z,8.0,-99.6,0,0,0,,,,0,False,no_candidate_within_1deg,False,,,,,,
100164,1983-11-01T12:00:00Z,8.3,-99.7,0,0,0,,,,0,False,no_candidate_within_1deg,False,,,,,,
100164,1983-11-01T15:00:00Z,8.0,-100.0,0,0,0,,,,0,False,no_candidate_within_1deg,False,,,,,,
100185,1984-01-18T15:00:00Z,-12.8,73.0,0,0,0,,,,0,False,no_candidate_within_1deg,False,,,,,,
100185,1984-01-18T18:00:00Z,-13.1,72.7,0,0,0,,,,0,False,no_candidate_within_1deg,False,,,,,,
100185,1984-01-18T21:00:00Z,-12.4,73.5,0,0,0,,,,0,False,no_candidate_within_1deg,False,,,,,,
100185,1984-01-19T00:00:00Z,-12.0,73.6,0,0,0,,,,0,False,no_candidate_within_1deg,False,,,,,,
100185,1984-01-19T03:00:00Z,-12.2,75.6,0,0,0,,,,0,False,no_candidate_within_1deg,False,,,,,,
100185,1984-01-19T06:00:00Z,-12.4,77.7,0,0,0,,,,0,False,no_candidate_within_1deg,False,,,,,,
100185,1984-01-19T09:00:00Z,-11.8,77.1,0,0,0,,,,0,False,no_candidate_within_1deg,False,,,,,,
100185,1984-01-19T12:00:00Z,-11.7,74.2,0,0,0,,,,0,False,no_candidate_within_1deg,False,,,,,,
100185,1984-01-19T15:00:00Z,-11.4,76.7,0,0,0,,,,0,False,no_candidate_within_1deg,False,,,,,,
100207,1984-06-15T18:00:00Z,13.5,-97.3,1,1,0,15824.500253481545,60899.0,4323.0,0,False,no_candidate_within_1deg,False,,,,,,
100207,1984-06-15T21:00:00Z,12.6,-96.9,1,1,0,15910.215467015945,60944.0,4323.0,0,False,no_candidate_within_1deg,False,,,,,,
100207,1984-06-16T00:00:00Z,11.6,-96.6,1,1,0,16008.943420501317,60994.0,4323.0,0,False,no_candidate_within_1deg,False,,,,,,
100207,1984-06-16T03:00:00Z,10.7,-96.2,1,1,0,16111.172428853703,61042.0,4323.0,0,False,no_candidate_within_1deg,False,,,,,,
100207,1984-06-16T06:00:00Z,9.7,-95.9,1,1,0,16224.321924665235,61088.0,4323.0,0,False,no_candidate_within_1deg,False,,,,,,
100207,1984-06-16T09:00:00Z,12.7,-98.5,1,1,0,15851.749818697317,61138.0,4323.0,0,False,no_candidate_within_1deg,False,,,,,,
100207,1984-06-16T12:00:00Z,12.9,-99.8,1,1,0,15778.414638078744,61177.0,4323.0,0,False,no_candidate_within_1deg,False,,,,,,
100207,1984-06-16T15:00:00Z,13.2,-101.1,1,1,0,15705.090102764356,61218.0,4323.0,0,False,no_candidate_within_1deg,False,,,,,,
100207,1984-06-16T18:00:00Z,13.4,-102.4,1,1,0,15620.009910273531,61263.0,4323.0,0,False,no_candidate_within_1deg,False,,,,,,
100207,1984-06-16T21:00:00Z,12.5,-103.4,1,1,0,15712.75286121298,61312.0,4323.0,0,False,no_candidate_within_1deg,False,,,,,,
100207,1984-06-17T00:00:00Z,11.6,-104.4,1,1,0,15715.130207646074,61371.0,4323.0,0,False,no_candidate_within_1deg,False,,,,,,
100207,1984-06-17T03:00:00Z,10.7,-105.3,2,2,0,15615.491503380263,61426.0,4326.0,0,False,no_candidate_within_1deg,False,,,,,,
100211,1984-06-26T21:00:00Z,9.0,-100.5,1,1,0,16371.98024681253,64904.0,4334.0,0,False,no_candidate_within_1deg,False,,,,,,
100211,1984-06-27T00:00:00Z,8.4,-101.1,1,1,0,16478.110482249736,64939.0,4334.0,0,False,no_candidate_within_1deg,False,,,,,,
100211,1984-06-27T03:00:00Z,8.0,-100.7,1,1,0,16554.99989454639,64982.0,4334.0,0,False,no_candidate_within_1deg,False,,,,,,
100211,1984-06-27T06:00:00Z,7.6,-100.3,1,1,0,16635.198847924763,65016.0,4334.0,0,False,no_candidate_within_1deg,False,,,,,,
100211,1984-06-27T09:00:00Z,7.1,-100.0,1,1,0,16738.05101139165,65052.0,4334.0,0,False,no_candidate_within_1deg,False,,,,,,
100211,1984-06-27T12:00:00Z,6.7,-99.6,1,1,0,16801.119222036323,65086.0,4334.0,0,False,no_candidate_within_1deg,False,,,,,,
100211,1984-06-27T15:00:00Z,7.3,-100.5,1,1,0,16737.803655926553,65123.0,4334.0,0,False,no_candidate_within_1deg,False,,,,,,
100211,1984-06-27T18:00:00Z,7.9,-101.5,1,1,0,16636.615925056987,65175.0,4334.0,0,False,no_candidate_within_1deg,False,,,,,,
100211,1984-06-27T21:00:00Z,7.9,-102.9,1,1,0,16579.860205404562,65234.0,4334.0,0,False,no_candidate_within_1deg,False,,,,,,
100217,1984-07-20T15:00:00Z,21.2,160.5,1,0,1,,,,0,False,no_candidate_within_1deg,False,,,,,,
100217,1984-07-20T18:00:00Z,21.1,160.9,1,1,0,9667.16853335892,74558.0,4351.0,0,False,no_candidate_within_1deg,False,,,,,,
100217,1984-07-20T21:00:00Z,21.4,161.2,1,1,0,9745.076212974123,74603.0,4351.0,0,False,no_candidate_within_1deg,False,,,,,,
100217,1984-07-21T00:00:00Z,21.6,161.6,1,1,0,9881.241565746901,74652.0,4351.0,0,False,no_candidate_within_1deg,False,,,,,,
100217,1984-07-21T03:00:00Z,21.9,161.9,1,1,0,9897.256361325224,74695.0,4351.0,0,False,no_candidate_within_1deg,False,,,,,,
100217,1984-07-21T06:00:00Z,22.1,162.3,1,1,0,9917.119149736209,74731.0,4351.0,0,False,no_candidate_within_1deg,False,,,,,,
100217,1984-07-21T09:00:00Z,21.1,162.1,1,1,0,9930.394762628057,74765.0,4351.0,0,False,no_candidate_within_1deg,False,,,,,,
100217,1984-07-21T12:00:00Z,20.1,162.0,1,1,0,9993.50290092404,74805.0,4351.0,0,False,no_candidate_within_1deg,False,,,,,,
100217,1984-07-21T15:00:00Z,21.3,162.5,1,1,0,9897.471566329854,74838.0,4351.0,0,False,no_candidate_within_1deg,False,,,,,,
100227,1984-08-13T21:00:00Z,13.7,-94.2,1,1,0,16432.737495507965,83878.0,4378.0,0,False,no_candidate_within_1deg,False,,,,,,
100227,1984-08-14T00:00:00Z,14.5,-95.5,1,1,0,16295.081851464489,83924.0,4378.0,0,False,no_candidate_within_1deg,False,,,,,,
100227,1984-08-14T03:00:00Z,15.3,-96.8,2,2,0,16136.2295043884,83971.0,4378.0,0,False,no_candidate_within_1deg,False,,,,,,
100227,1984-08-14T06:00:00Z,16.1,-98.1,2,1,1,15996.028156897522,84010.0,4378.0,0,False,no_candidate_within_1deg,False,,,,,,
100227,1984-08-14T09:00:00Z,16.0,-99.4,2,2,0,15774.356094541095,84048.0,4379.0,0,False,no_candidate_within_1deg,False,,,,,,
100227,1984-08-14T12:00:00Z,13.7,-97.1,2,2,0,16040.18064539446,84087.0,4379.0,0,False,no_candidate_within_1deg,False,,,,,,
100227,1984-08-14T15:00:00Z,14.3,-98.6,2,2,0,15959.44635099572,84135.0,4379.0,0,False,no_candidate_within_1deg,False,,,,,,
100227,1984-08-14T18:00:00Z,15.5,-98.9,2,2,0,15804.144593107132,84191.0,4379.0,0,False,no_candidate_within_1deg,False,,,,,,
100227,1984-08-14T21:00:00Z,14.5,-99.4,2,2,0,15946.991870581092,84256.0,4379.0,0,False,no_candidate_within_1deg,False,,,,,,
100229,1984-08-15T00:00:00Z,11.1,-126.2,2,2,0,14760.17474186818,84301.0,4378.0,0,False,no_candidate_within_1deg,False,,,,,,
100229,1984-08-15T03:00:00Z,12.2,-127.0,2,2,0,14641.092711050205,84358.0,4378.0,0,False,no_candidate_within_1deg,False,,,,,,
100229,1984-08-15T06:00:00Z,13.2,-127.9,2,2,0,14495.703500612253,84414.0,4378.0,0,False,no_candidate_within_1deg,False,,,,,,
100229,1984-08-15T09:00:00Z,13.2,-128.5,2,2,0,14449.863529120705,84465.0,4378.0,0,False,no_candidate_within_1deg,False,,,,,,
100229,1984-08-15T12:00:00Z,13.1,-129.1,2,2,0,14459.61076849814,84511.0,4378.0,0,False,no_candidate_within_1deg,False,,,,,,
100229,1984-08-15T15:00:00Z,13.0,-129.6,2,2,0,14428.347859615107,84564.0,4378.0,0,False,no_candidate_within_1deg,False,,,,,,
100229,1984-08-15T18:00:00Z,13.1,-129.8,2,2,0,14423.670517790482,84617.0,4378.0,0,False,no_candidate_within_1deg,False,,,,,,
100229,1984-08-15T21:00:00Z,13.0,-130.4,1,1,0,14444.283209267267,84676.0,4378.0,0,False,no_candidate_within_1deg,False,,,,,,
100229,1984-08-16T00:00:00Z,13.4,-131.1,1,1,0,14410.15882220131,84738.0,4378.0,0,False,no_candidate_within_1deg,False,,,,,,
100229,1984-08-16T03:00:00Z,12.8,-131.8,1,1,0,14430.48428730205,84794.0,4378.0,0,False,no_candidate_within_1deg,False,,,,,,
100229,1984-08-16T06:00:00Z,12.5,-132.5,1,1,0,14422.729844081621,84850.0,4378.0,0,False,no_candidate_within_1deg,False,,,,,,
100229,1984-08-16T09:00:00Z,11.8,-133.2,1,1,0,14418.551081894053,84900.0,4378.0,0,False,no_candidate_within_1deg,False,,,,,,
100229,1984-08-16T12:00:00Z,12.2,-134.0,1,1,0,14313.681441570829,84941.0,4378.0,0,False,no_candidate_within_1deg,False,,,,,,
100229,1984-08-16T15:00:00Z,11.8,-135.2,1,1,0,14264.467272999782,84981.0,4378.0,0,False,no_candidate_within_1deg,False,,,,,,
100238,1984-08-29T18:00:00Z,28.3,-69.5,2,1,1,13029.764392906289,89443.0,4383.0,0,False,no_candidate_within_1deg,False,,,,,,
100238,1984-08-29T21:00:00Z,29.7,-69.1,2,1,1,12919.844485542488,89476.0,4383.0,0,False,no_candidate_within_1deg,False,,,,,,
100238,1984-08-30T00:00:00Z,28.3,-68.2,2,1,1,13118.110044772247,89505.0,4383.0,0,False,no_candidate_within_1deg,False,,,,,,
100238,1984-08-30T03:00:00Z,29.7,-68.2,2,2,0,12977.84157696731,89537.0,4383.0,0,False,no_candidate_within_1deg,False,,,,,,
100238,1984-08-30T06:00:00Z,31.2,-68.3,2,2,0,12897.980151345246,89569.0,4383.0,0,False,no_candidate_within_1deg,False,,,,,,
100238,1984-08-30T09:00:00Z,32.6,-68.3,2,1,1,13156.636627430611,89608.0,4384.0,0,False,no_candidate_within_1deg,False,,,,,,
100238,1984-08-30T12:00:00Z,34.0,-68.4,2,0,2,,,,0,False,no_candidate_within_1deg,False,,,,,,
100238,1984-08-30T15:00:00Z,35.5,-68.1,2,0,2,,,,0,False,no_candidate_within_1deg,False,,,,,,
100238,1984-08-30T18:00:00Z,36.1,-68.5,2,1,1,13059.802904329215,89713.0,4384.0,0,False,no_candidate_within_1deg,False,,,,,,
100238,1984-08-30T21:00:00Z,36.7,-68.7,2,2,0,12501.829892194351,89753.0,4383.0,0,False,no_candidate_within_1deg,False,,,,,,
100240,1984-09-04T09:00:00Z,17.6,-105.9,3,3,0,15126.075428656253,91253.0,4383.0,0,False,no_candidate_within_1deg,False,,,,,,
100240,1984-09-04T12:00:00Z,17.7,-106.5,3,3,0,15090.895367774347,91292.0,4385.0,0,False,no_candidate_within_1deg,False,,,,,,
100240,1984-09-04T15:00:00Z,17.9,-107.2,3,3,0,15044.107298803836,91336.0,4385.0,0,False,no_candidate_within_1deg,False,,,,,,
100240,1984-09-04T18:00:00Z,18.0,-107.8,3,1,2,15110.832841199603,91384.0,4383.0,0,False,no_candidate_within_1deg,False,,,,,,
100240,1984-09-04T21:00:00Z,16.9,-108.1,3,2,1,15128.276319805454,91419.0,4385.0,0,False,no_candidate_within_1deg,False,,,,,,
100240,1984-09-05T00:00:00Z,15.9,-108.5,3,2,1,15234.860287620328,91468.0,4385.0,0,False,no_candidate_within_1deg,False,,,,,,
100240,1984-09-05T03:00:00Z,14.8,-108.8,3,1,2,15447.923194822752,91514.0,4383.0,0,False,no_candidate_within_1deg,False,,,,,,
100240,1984-09-05T06:00:00Z,15.3,-107.0,3,1,2,15425.444599008355,91560.0,4383.0,0,False,no_candidate_within_1deg,False,,,,,,
100240,1984-09-05T09:00:00Z,15.8,-105.2,3,1,2,15347.596305314153,91612.0,4385.0,0,False,no_candidate_within_1deg,False,,,,,,
100244,1984-09-12T12:00:00Z,22.7,-96.4,2,1,1,15150.187386098556,93877.0,4386.0,0,False,no_candidate_within_1deg,False,,,,,,
100244,1984-09-12T15:00:00Z,22.6,-96.2,2,1,1,15147.146450012993,93905.0,4387.0,0,False,no_candidate_within_1deg,False,,,,,,
100244,1984-09-12T18:00:00Z,22.4,-96.1,2,1,1,15131.224982084794,93932.0,4386.0,0,False,no_candidate_within_1deg,False,,,,,,
100244,1984-09-12T21:00:00Z,20.4,-96.2,2,1,1,15325.81738407975,93957.0,4386.0,0,False,no_candidate_within_1deg,False,,,,,,
100244,1984-09-13T00:00:00Z,20.0,-95.7,2,1,1,15278.106148672152,93984.0,4386.0,0,False,no_candidate_within_1deg,False,,,,,,
100244,1984-09-13T03:00:00Z,19.5,-95.2,2,1,1,15288.573732904368,94015.0,4387.0,0,False,no_candidate_within_1deg,False,,,,,,
100244,1984-09-13T06:00:00Z,19.8,-94.9,2,1,1,15225.73639690147,94043.0,4387.0,0,False,no_candidate_within_1deg,False,,,,,,
100244,1984-09-13T09:00:00Z,20.1,-94.5,2,1,1,15158.538726980856,94070.0,4386.0,0,False,no_candidate_within_1deg,False,,,,,,
100244,1984-09-13T12:00:00Z,20.2,-94.8,2,1,1,15118.018575922944,94091.0,4387.0,0,False,no_candidate_within_1deg,False,,,,,,
100244,1984-09-13T15:00:00Z,20.3,-95.2,2,1,1,15093.669610232142,94117.0,4387.0,0,False,no_candidate_within_1deg,False,,,,,,
100244,1984-09-13T18:00:00Z,20.5,-95.5,2,1,1,15054.85292405538,94142.0,4386.0,0,False,no_candidate_within_1deg,False,,,,,,
100244,1984-09-13T21:00:00Z,20.6,-95.2,2,1,1,15000.504130924044,94168.0,4387.0,0,False,no_candidate_within_1deg,False,,,,,,
100247,1984-09-15T15:00:00Z,25.9,-61.8,2,1,1,12457.821825155183,94582.0,4387.0,0,False,no_candidate_within_1deg,False,,,,,,
100247,1984-09-15T18:00:00Z,26.2,-61.3,2,1,1,12402.893395393201,94622.0,4386.0,0,False,no_candidate_within_1deg,False,,,,,,
100247,1984-09-15T21:00:00Z,26.5,-60.7,2,1,1,12333.843892580942,94658.0,4387.0,0,False,no_candidate_within_1deg,False,,,,,,
100247,1984-09-16T00:00:00Z,26.8,-60.2,2,1,1,12263.415165376258,94686.0,4386.0,0,False,no_candidate_within_1deg,False,,,,,,
100247,1984-09-16T03:00:00Z,25.3,-62.5,2,1,1,12533.950643545084,94716.0,4386.0,0,False,no_candidate_within_1deg,False,,,,,,
100247,1984-09-16T06:00:00Z,25.3,-62.1,2,1,1,12513.145355059363,94741.0,4387.0,0,False,no_candidate_within_1deg,False,,,,,,
100247,1984-09-16T09:00:00Z,27.2,-65.5,2,1,1,12589.71423365338,94768.0,4386.0,0,False,no_candidate_within_1deg,False,,,,,,
100247,1984-09-16T12:00:00Z,27.3,-65.5,2,1,1,12645.92337082397,94796.0,4387.0,0,False,no_candidate_within_1deg,False,,,,,,
100247,1984-09-16T15:00:00Z,27.3,-65.5,2,1,1,12677.422308669527,94824.0,4387.0,0,False,no_candidate_within_1deg,False,,,,,,
100248,1984-09-16T06:00:00Z,15.5,-94.9,2,1,1,15181.746540140724,94741.0,4387.0,0,False,no_candidate_within_1deg,False,,,,,,
100248,1984-09-16T09:00:00Z,14.7,-94.2,2,1,1,15245.24579131073,94768.0,4386.0,0,False,no_candidate_within_1deg,False,,,,,,
100248,1984-09-16T12:00:00Z,13.9,-94.9,2,1,1,15365.686601756139,94796.0,4387.0,0,False,no_candidate_within_1deg,False,,,,,,
100248,1984-09-16T15:00:00Z,13.0,-95.6,2,1,1,15505.831367202358,94824.0,4387.0,0,False,no_candidate_within_1deg,False,,,,,,
100248,1984-09-16T18:00:00Z,12.2,-96.3,1,1,0,15654.459168105086,94852.0,4386.0,0,False,no_candidate_within_1deg,False,,,,,,
100248,1984-09-16T21:00:00Z,11.3,-97.0,1,1,0,15791.266101388592,94885.0,4386.0,0,False,no_candidate_within_1deg,False,,,,,,
100248,1984-09-17T00:00:00Z,12.6,-98.4,0,0,0,,,,0,False,no_candidate_within_1deg,False,,,,,,
100248,1984-09-17T03:00:00Z,13.9,-99.8,0,0,0,,,,0,False,no_candidate_within_1deg,False,,,,,,
100248,1984-09-17T06:00:00Z,16.2,-99.4,0,0,0,,,,0,False,no_candidate_within_1deg,False,,,,,,
100248,1984-09-17T09:00:00Z,14.4,-100.7,0,0,0,,,,0,False,no_candidate_within_1deg,False,,,,,,
100248,1984-09-17T12:00:00Z,14.5,-101.0,0,0,0,,,,0,False,no_candidate_within_1deg,False,,,,,,
100248,1984-09-17T15:00:00Z,14.7,-101.2,0,0,0,,,,0,False,no_candidate_within_1deg,False,,,,,,
100251,1984-09-24T21:00:00Z,13.4,-98.9,0,0,0,,,,0,False,no_candidate_within_1deg,False,,,,,,
100251,1984-09-25T00:00:00Z,13.1,-97.8,0,0,0,,,,0,False,no_candidate_within_1deg,False,,,,,,
100251,1984-09-25T03:00:00Z,11.8,-97.6,0,0,0,,,,0,False,no_candidate_within_1deg,False,,,,,,
100251,1984-09-25T06:00:00Z,10.4,-97.5,0,0,0,,,,0,False,no_candidate_within_1deg,False,,,,,,
100251,1984-09-25T09:00:00Z,11.2,-98.4,0,0,0,,,,0,False,no_candidate_within_1deg,False,,,,,,
100251,1984-09-25T12:00:00Z,12.1,-99.2,0,0,0,,,,0,False,no_candidate_within_1deg,False,,,,,,
100251,1984-09-25T15:00:00Z,12.9,-100.1,0,0,0,,,,0,False,no_candidate_within_1deg,False,,,,,,
100251,1984-09-25T18:00:00Z,11.8,-102.7,0,0,0,,,,0,False,no_candidate_within_1deg,False,,,,,,
100251,1984-09-25T21:00:00Z,13.2,-101.7,0,0,0,,,,0,False,no_candidate_within_1deg,False,,,,,,
100267,1984-10-29T21:00:00Z,14.7,-91.5,0,0,0,,,,0,False,no_candidate_within_1deg,False,,,,,,
100267,1984-10-30T00:00:00Z,14.2,-92.5,0,0,0,,,,0,False,no_candidate_within_1deg,False,,,,,,
100267,1984-10-30T03:00:00Z,13.8,-93.4,0,0,0,,,,0,False,no_candidate_within_1deg,False,,,,,,
100267,1984-10-30T06:00:00Z,12.9,-93.6,0,0,0,,,,0,False,no_candidate_within_1deg,False,,,,,,
100267,1984-10-30T09:00:00Z,13.0,-94.8,0,0,0,,,,0,False,no_candidate_within_1deg,False,,,,,,
100267,1984-10-30T12:00:00Z,13.1,-96.0,0,0,0,,,,0,False,no_candidate_within_1deg,False,,,,,,
100267,1984-10-30T15:00:00Z,13.2,-97.2,0,0,0,,,,0,False,no_candidate_within_1deg,False,,,,,,
100267,1984-10-30T18:00:00Z,12.9,-98.1,0,0,0,,,,0,False,no_candidate_within_1deg,False,,,,,,
100267,1984-10-30T21:00:00Z,13.2,-99.3,0,0,0,,,,0,False,no_candidate_within_1deg,False,,,,,,
100290,1985-01-12T21:00:00Z,-16.7,151.4,0,0,0,,,,0,False,no_candidate_within_1deg,False,,,,,,
100290,1985-01-13T00:00:00Z,-16.6,151.2,0,0,0,,,,0,False,no_candidate_within_1deg,False,,,,,,
100290,1985-01-13T03:00:00Z,-16.4,151.1,0,0,0,,,,0,False,no_candidate_within_1deg,False,,,,,,
100290,1985-01-13T06:00:00Z,-16.2,151.0,0,0,0,,,,0,False,no_candidate_within_1deg,False,,,,,,
100290,1985-01-13T09:00:00Z,-16.2,151.3,0,0,0,,,,0,False,no_candidate_within_1deg,False,,,,,,
100290,1985-01-13T12:00:00Z,-16.1,151.5,0,0,0,,,,0,False,no_candidate_within_1deg,False,,,,,,
100290,1985-01-13T15:00:00Z,-16.1,151.7,0,0,0,,,,0,False,no_candidate_within_1deg,False,,,,,,
100290,1985-01-13T18:00:00Z,-16.0,151.9,0,0,0,,,,0,False,no_candidate_within_1deg,False,,,,,,
100290,1985-01-13T21:00:00Z,-16.1,151.7,0,0,0,,,,0,False,no_candidate_within_1deg,False,,,,,,
100317,1985-06-05T09:00:00Z,9.5,-88.0,0,0,0,,,,0,False,no_candidate_within_1deg,False,,,,,,
100317,1985-06-05T12:00:00Z,9.0,-88.4,0,0,0,,,,0,False,no_candidate_within_1deg,False,,,,,,
100317,1985-06-05T15:00:00Z,8.9,-88.6,0,0,0,,,,0,False,no_candidate_within_1deg,False,,,,,,
100317,1985-06-05T18:00:00Z,8.8,-88.9,0,0,0,,,,0,False,no_candidate_within_1deg,False,,,,,,
100317,1985-06-05T21:00:00Z,8.6,-89.1,0,0,0,,,,0,False,no_candidate_within_1deg,False,,,,,,
100317,1985-06-06T00:00:00Z,8.5,-89.3,0,0,0,,,,0,False,no_candidate_within_1deg,False,,,,,,
100317,1985-06-06T03:00:00Z,7.5,-89.2,0,0,0,,,,0,False,no_candidate_within_1deg,False,,,,,,
100317,1985-06-06T06:00:00Z,6.4,-89.2,0,0,0,,,,0,False,no_candidate_within_1deg,False,,,,,,
100317,1985-06-06T09:00:00Z,6.2,-89.1,0,0,0,,,,0,False,no_candidate_within_1deg,False,,,,,,
100317,1985-06-06T12:00:00Z,6.8,-89.9,0,0,0,,,,0,False,no_candidate_within_1deg,False,,,,,,
100317,1985-06-06T15:00:00Z,7.4,-90.7,0,0,0,,,,0,False,no_candidate_within_1deg,False,,,,,,
100325,1985-07-06T15:00:00Z,7.5,-94.0,2,1,1,16542.780585754455,70893.0,4414.0,0,False,no_candidate_within_1deg,False,,,,,,
100325,1985-07-06T18:00:00Z,8.0,-94.4,2,0,2,,,,0,False,no_candidate_within_1deg,False,,,,,,
100325,1985-07-06T21:00:00Z,8.5,-94.8,2,1,1,16510.272023594574,70985.0,4414.0,0,False,no_candidate_within_1deg,False,,,,,,
100325,1985-07-07T00:00:00Z,9.8,-96.5,1,0,1,,,,0,False,no_candidate_within_1deg,False,,,,,,
100325,1985-07-07T03:00:00Z,11.1,-98.2,1,0,1,,,,0,False,no_candidate_within_1deg,False,,,,,,
100325,1985-07-07T06:00:00Z,10.3,-99.4,1,0,1,,,,0,False,no_candidate_within_1deg,False,,,,,,
100325,1985-07-07T09:00:00Z,9.6,-100.7,1,0,1,,,,0,False,no_candidate_within_1deg,False,,,,,,
100325,1985-07-07T12:00:00Z,8.8,-101.9,1,0,1,,,,0,False,no_candidate_within_1deg,False,,,,,,
100325,1985-07-07T15:00:00Z,9.9,-102.5,1,1,0,15944.326264102765,71272.0,4415.0,0,False,no_candidate_within_1deg,False,,,,,,
100326,1985-07-14T15:00:00Z,26.9,-60.2,0,0,0,,,,0,False,no_candidate_within_1deg,False,,,,,,
100326,1985-07-14T18:00:00Z,27.3,-60.4,0,0,0,,,,0,False,no_candidate_within_1deg,False,,,,,,
100326,1985-07-14T21:00:00Z,27.4,-60.6,0,0,0,,,,0,False,no_candidate_within_1deg,False,,,,,,
100326,1985-07-15T00:00:00Z,27.5,-60.8,0,0,0,,,,0,False,no_candidate_within_1deg,False,,,,,,
100326,1985-07-15T03:00:00Z,27.6,-61.1,0,0,0,,,,0,False,no_candidate_within_1deg,False,,,,,,
100326,1985-07-15T06:00:00Z,27.7,-61.3,0,0,0,,,,0,False,no_candidate_within_1deg,False,,,,,,
100326,1985-07-15T09:00:00Z,27.7,-61.1,0,0,0,,,,0,False,no_candidate_within_1deg,False,,,,,,
100326,1985-07-15T12:00:00Z,27.7,-61.6,0,0,0,,,,0,False,no_candidate_within_1deg,False,,,,,,
100326,1985-07-15T15:00:00Z,27.2,-62.4,0,0,0,,,,0,False,no_candidate_within_1deg,False,,,,,,
100332,1985-07-27T18:00:00Z,14.8,-101.2,1,0,1,,,,0,False,no_candidate_within_1deg,False,,,,,,
100332,1985-07-27T21:00:00Z,13.7,-101.2,1,1,0,16670.383612539033,79446.0,4429.0,0,False,no_candidate_within_1deg,False,,,,,,
100332,1985-07-28T00:00:00Z,13.0,-99.2,1,1,0,16779.309085032175,79496.0,4429.0,0,False,no_candidate_within_1deg,False,,,,,,
100332,1985-07-28T03:00:00Z,12.0,-100.6,1,1,0,16835.874391777164,79548.0,4429.0,0,False,no_candidate_within_1deg,False,,,,,,
100332,1985-07-28T06:00:00Z,12.2,-100.0,1,1,0,16770.475781501253,79600.0,4429.0,0,False,no_candidate_within_1deg,False,,,,,,
100332,1985-07-28T09:00:00Z,13.5,-99.8,1,1,0,16590.138981028813,79653.0,4429.0,0,False,no_candidate_within_1deg,False,,,,,,
100332,1985-07-28T12:00:00Z,11.8,-100.5,1,1,0,16707.140492072016,79697.0,4429.0,0,False,no_candidate_within_1deg,False,,,,,,
100332,1985-07-28T15:00:00Z,10.0,-101.1,1,1,0,16852.161434634843,79746.0,4429.0,0,False,no_candidate_within_1deg,False,,,,,,
100332,1985-07-28T18:00:00Z,10.1,-101.5,1,1,0,16807.550873231987,79792.0,4429.0,0,False,no_candidate_within_1deg,False,,,,,,
100332,1985-07-28T21:00:00Z,11.0,-105.2,1,1,0,16526.15457494594,79841.0,4429.0,0,False,no_candidate_within_1deg,False,,,,,,
100335,1985-08-05T12:00:00Z,9.2,-108.9,2,2,0,15820.815213573005,82342.0,4433.0,0,False,no_candidate_within_1deg,False,,,,,,
100335,1985-08-05T15:00:00Z,10.0,-108.0,2,2,0,15726.132561077444,82386.0,4433.0,0,False,no_candidate_within_1deg,False,,,,,,
100335,1985-08-05T18:00:00Z,10.8,-107.1,2,2,0,15629.302092234095,82438.0,4433.0,0,False,no_candidate_within_1deg,False,,,,,,
100335,1985-08-05T21:00:00Z,11.6,-106.2,2,2,0,15538.871352315651,82487.0,4433.0,0,False,no_candidate_within_1deg,False,,,,,,
100335,1985-08-06T00:00:00Z,10.2,-108.6,2,2,0,15638.682973883379,82538.0,4433.0,0,False,no_candidate_within_1deg,False,,,,,,
100335,1985-08-06T03:00:00Z,10.8,-108.4,2,2,0,15560.480555389686,82591.0,4433.0,0,False,no_candidate_within_1deg,False,,,,,,
100335,1985-08-06T06:00:00Z,11.4,-108.2,2,2,0,15490.83896529587,82648.0,4433.0,0,False,no_candidate_within_1deg,False,,,,,,
100335,1985-08-06T09:00:00Z,11.9,-107.9,2,2,0,15382.981192219711,82696.0,4433.0,0,False,no_candidate_within_1deg,False,,,,,,
100335,1985-08-06T12:00:00Z,12.5,-107.7,2,2,0,15255.381346808652,82746.0,4433.0,0,False,no_candidate_within_1deg,False,,,,,,
100335,1985-08-06T15:00:00Z,13.4,-107.8,2,2,0,15138.137601149805,82784.0,4433.0,0,False,no_candidate_within_1deg,False,,,,,,
100338,1985-08-10T21:00:00Z,17.6,-72.2,0,0,0,,,,0,False,no_candidate_within_1deg,False,,,,,,
100338,1985-08-11T00:00:00Z,17.6,-76.1,0,0,0,,,,0,False,no_candidate_within_1deg,False,,,,,,
100338,1985-08-11T03:00:00Z,17.2,-76.0,0,0,0,,,,0,False,no_candidate_within_1deg,False,,,,,,
100338,1985-08-11T06:00:00Z,17.3,-75.7,0,0,0,,,,0,False,no_candidate_within_1deg,False,,,,,,
100338,1985-08-11T09:00:00Z,17.9,-75.6,0,0,0,,,,0,False,no_candidate_within_1deg,False,,,,,,
100338,1985-08-11T12:00:00Z,17.5,-75.8,0,0,0,,,,0,False,no_candidate_within_1deg,False,,,,,,
100338,1985-08-11T15:00:00Z,18.6,-75.3,0,0,0,,,,0,False,no_candidate_within_1deg,False,,,,,,
100338,1985-08-11T18:00:00Z,19.0,-77.3,0,0,0,,,,0,False,no_candidate_within_1deg,False,,,,,,
100338,1985-08-11T21:00:00Z,19.3,-79.4,0,0,0,,,,0,False,no_candidate_within_1deg,False,,,,,,
100339,1985-08-14T03:00:00Z,25.2,123.7,1,1,0,3666.796245537456,85386.0,4446.0,0,False,no_candidate_within_1deg,False,,,,,,
100339,1985-08-14T06:00:00Z,24.8,123.6,1,0,1,,,,0,False,no_candidate_within_1deg,False,,,,,,
100339,1985-08-14T09:00:00Z,25.3,126.2,1,0,1,,,,0,False,no_candidate_within_1deg,False,,,,,,
100339,1985-08-14T12:00:00Z,23.8,122.8,1,1,0,3593.09187600209,85538.0,4446.0,0,False,no_candidate_within_1deg,False,,,,,,
100339,1985-08-14T15:00:00Z,24.0,123.0,1,1,0,3621.5258855652373,85586.0,4446.0,0,False,no_candidate_within_1deg,False,,,,,,
100339,1985-08-14T18:00:00Z,24.2,123.2,1,1,0,3635.3115469446725,85631.0,4446.0,0,False,no_candidate_within_1deg,False,,,,,,
100339,1985-08-14T21:00:00Z,24.4,123.5,1,1,0,3633.131057396717,85672.0,4446.0,0,False,no_candidate_within_1deg,False,,,,,,
100339,1985-08-15T00:00:00Z,24.6,123.7,0,0,0,,,,0,False,no_candidate_within_1deg,False,,,,,,
100339,1985-08-15T03:00:00Z,24.5,123.4,0,0,0,,,,0,False,no_candidate_within_1deg,False,,,,,,
100359,1985-09-15T09:00:00Z,10.9,-16.5,0,0,0,,,,0,False,no_candidate_within_1deg,False,,,,,,
100359,1985-09-15T12:00:00Z,11.2,-17.7,0,0,0,,,,0,False,no_candidate_within_1deg,False,,,,,,
100359,1985-09-15T15:00:00Z,10.2,-18.1,0,0,0,,,,0,False,no_candidate_within_1deg,False,,,,,,
100359,1985-09-15T18:00:00Z,9.2,-18.4,0,0,0,,,,0,False,no_candidate_within_1deg,False,,,,,,
100359,1985-09-15T21:00:00Z,10.6,-19.2,0,0,0,,,,0,False,no_candidate_within_1deg,False,,,,,,
100359,1985-09-16T00:00:00Z,10.5,-20.0,0,0,0,,,,0,False,no_candidate_within_1deg,False,,,,,,
100359,1985-09-16T03:00:00Z,14.0,-18.9,0,0,0,,,,0,False,no_candidate_within_1deg,False,,,,,,
100359,1985-09-16T06:00:00Z,14.3,-20.1,0,0,0,,,,0,False,no_candidate_within_1deg,False,,,,,,
100359,1985-09-16T09:00:00Z,14.7,-21.4,0,0,0,,,,0,False,no_candidate_within_1deg,False,,,,,,
100361,1985-09-20T15:00:00Z,28.8,-70.6,1,1,0,14121.962317783753,98104.0,4455.0,0,False,no_candidate_within_1deg,False,,,,,,
100361,1985-09-20T18:00:00Z,28.9,-70.4,2,1,1,13961.604815941178,98135.0,4456.0,0,False,no_candidate_within_1deg,False,,,,,,
100361,1985-09-20T21:00:00Z,27.4,-69.3,2,1,1,13976.173361347372,98169.0,4456.0,0,False,no_candidate_within_1deg,False,,,,,,
100361,1985-09-21T00:00:00Z,27.9,-69.7,2,1,1,14035.642074840001,98206.0,4455.0,0,False,no_candidate_within_1deg,False,,,,,,
100361,1985-09-21T03:00:00Z,28.4,-70.1,2,1,1,13968.20927134079,98241.0,4455.0,0,False,no_candidate_within_1deg,False,,,,,,
100361,1985-09-21T06:00:00Z,28.8,-70.5,2,1,1,13905.14942627301,98274.0,4455.0,0,False,no_candidate_within_1deg,False,,,,,,
100361,1985-09-21T09:00:00Z,29.3,-70.9,2,1,1,13818.016701585191,98313.0,4455.0,0,False,no_candidate_within_1deg,False,,,,,,
100361,1985-09-21T12:00:00Z,29.6,-70.9,1,1,0,13520.911180098823,98346.0,4456.0,0,False,no_candidate_within_1deg,False,,,,,,
100361,1985-09-21T15:00:00Z,29.5,-71.2,1,1,0,13501.169187834146,98376.0,4456.0,0,False,no_candidate_within_1deg,False,,,,,,
100366,1985-10-05T15:00:00Z,14.4,-66.0,1,1,0,14175.767593344219,102153.0,4460.0,0,False,no_candidate_within_1deg,False,,,,,,
100366,1985-10-05T18:00:00Z,16.2,-65.4,1,1,0,13980.614656806609,102199.0,4460.0,0,False,no_candidate_within_1deg,False,,,,,,
100366,1985-10-05T21:00:00Z,16.7,-65.1,1,1,0,13888.640380484167,102238.0,4460.0,0,False,no_candidate_within_1deg,False,,,,,,
100366,1985-10-06T00:00:00Z,16.7,-63.4,2,2,0,13713.663770413374,102276.0,4460.0,0,False,no_candidate_within_1deg,False,,,,,,
100366,1985-10-06T03:00:00Z,18.8,-64.7,2,2,0,13611.831744708546,102322.0,4460.0,0,False,no_candidate_within_1deg,False,,,,,,
100366,1985-10-06T06:00:00Z,19.2,-65.1,2,2,0,13588.21247284884,102376.0,4460.0,0,False,no_candidate_within_1deg,False,,,,,,
100366,1985-10-06T09:00:00Z,19.1,-65.3,2,2,0,13583.804964922118,102431.0,4460.0,0,False,no_candidate_within_1deg,False,,,,,,
100366,1985-10-06T12:00:00Z,18.9,-65.5,2,2,0,13612.026537841708,102478.0,4460.0,0,False,no_candidate_within_1deg,False,,,,,,
100366,1985-10-06T15:00:00Z,18.8,-65.6,2,1,1,13618.081682717362,102517.0,4460.0,0,False,no_candidate_within_1deg,False,,,,,,
100366,1985-10-06T18:00:00Z,18.6,-65.8,2,2,0,13641.227801774703,102565.0,4460.0,0,False,no_candidate_within_1deg,False,,,,,,
100366,1985-10-06T21:00:00Z,18.8,-66.1,2,1,1,13633.705827699532,102611.0,4460.0,0,False,no_candidate_within_1deg,False,,,,,,
100373,1985-10-22T00:00:00Z,12.3,-156.6,0,0,0,,,,0,False,no_candidate_within_1deg,False,,,,,,
100373,1985-10-22T03:00:00Z,12.2,-157.5,0,0,0,,,,0,False,no_candidate_within_1deg,False,,,,,,
100373,1985-10-22T06:00:00Z,11.5,-155.9,0,0,0,,,,0,False,no_candidate_within_1deg,False,,,,,,
100373,1985-10-22T09:00:00Z,10.8,-154.4,0,0,0,,,,0,False,no_candidate_within_1deg,False,,,,,,
100373,1985-10-22T12:00:00Z,9.7,-154.2,0,0,0,,,,0,False,no_candidate_within_1deg,False,,,,,,
100373,1985-10-22T15:00:00Z,8.5,-154.0,0,0,0,,,,0,False,no_candidate_within_1deg,False,,,,,,
100373,1985-10-22T18:00:00Z,9.1,-154.4,0,0,0,,,,0,False,no_candidate_within_1deg,False,,,,,,
100373,1985-10-22T21:00:00Z,9.2,-155.0,0,0,0,,,,0,False,no_candidate_within_1deg,False,,,,,,
100373,1985-10-23T00:00:00Z,9.2,-155.6,0,0,0,,,,0,False,no_candidate_within_1deg,False,,,,,,
100373,1985-10-23T03:00:00Z,9.9,-156.8,0,0,0,,,,0,False,no_candidate_within_1deg,False,,,,,,
100373,1985-10-23T06:00:00Z,10.1,-158.2,0,0,0,,,,0,False,no_candidate_within_1deg,False,,,,,,
100373,1985-10-23T09:00:00Z,10.2,-158.2,0,0,0,,,,0,False,no_candidate_within_1deg,False,,,,,,
100373,1985-10-23T12:00:00Z,10.3,-158.3,0,0,0,,,,0,False,no_candidate_within_1deg,False,,,,,,
100373,1985-10-23T15:00:00Z,10.2,-159.0,0,0,0,,,,0,False,no_candidate_within_1deg,False,,,,,,
100376,1985-11-12T03:00:00Z,12.7,81.6,0,0,0,,,,0,False,no_candidate_within_1deg,False,,,,,,
100376,1985-11-12T06:00:00Z,13.1,82.3,0,0,0,,,,0,False,no_candidate_within_1deg,False,,,,,,
100376,1985-11-12T09:00:00Z,12.9,81.8,0,0,0,,,,0,False,no_candidate_within_1deg,False,,,,,,
100376,1985-11-12T12:00:00Z,13.9,80.9,0,0,0,,,,0,False,no_candidate_within_1deg,False,,,,,,
100376,1985-11-12T15:00:00Z,13.6,80.8,0,0,0,,,,0,False,no_candidate_within_1deg,False,,,,,,
100376,1985-11-12T18:00:00Z,13.2,80.8,0,0,0,,,,0,False,no_candidate_within_1deg,False,,,,,,
100376,1985-11-12T21:00:00Z,13.1,82.6,0,0,0,,,,0,False,no_candidate_within_1deg,False,,,,,,
100376,1985-11-13T00:00:00Z,12.9,84.4,0,0,0,,,,0,False,no_candidate_within_1deg,False,,,,,,
100376,1985-11-13T03:00:00Z,13.0,85.4,0,0,0,,,,0,False,no_candidate_within_1deg,False,,,,,,
100380,1985-12-06T09:00:00Z,11.1,-75.4,0,0,0,,,,0,False,no_candidate_within_1deg,False,,,,,,
100380,1985-12-06T12:00:00Z,12.0,-74.7,0,0,0,,,,0,False,no_candidate_within_1deg,False,,,,,,
100380,1985-12-06T15:00:00Z,12.2,-74.2,0,0,0,,,,0,False,no_candidate_within_1deg,False,,,,,,
100380,1985-12-06T18:00:00Z,12.5,-75.9,0,0,0,,,,0,False,no_candidate_within_1deg,False,,,,,,
100380,1985-12-06T21:00:00Z,12.7,-77.7,0,0,0,,,,0,False,no_candidate_within_1deg,False,,,,,,
100380,1985-12-07T00:00:00Z,14.4,-77.4,0,0,0,,,,0,False,no_candidate_within_1deg,False,,,,,,
100380,1985-12-07T03:00:00Z,12.1,-77.8,0,0,0,,,,0,False,no_candidate_within_1deg,False,,,,,,
100380,1985-12-07T06:00:00Z,13.0,-77.1,0,0,0,,,,0,False,no_candidate_within_1deg,False,,,,,,
100380,1985-12-07T09:00:00Z,11.9,-78.5,0,0,0,,,,0,False,no_candidate_within_1deg,False,,,,,,
100382,1985-12-10T15:00:00Z,-10.4,142.0,0,0,0,,,,0,False,no_candidate_within_1deg,False,,,,,,
100382,1985-12-10T18:00:00Z,-10.2,141.6,0,0,0,,,,0,False,no_candidate_within_1deg,False,,,,,,
100382,1985-12-10T21:00:00Z,-10.1,141.2,0,0,0,,,,0,False,no_candidate_within_1deg,False,,,,,,
100382,1985-12-11T00:00:00Z,-9.9,140.8,0,0,0,,,,0,False,no_candidate_within_1deg,False,,,,,,
100382,1985-12-11T03:00:00Z,-9.7,140.4,0,0,0,,,,0,False,no_candidate_within_1deg,False,,,,,,
100382,1985-12-11T06:00:00Z,-11.5,143.4,0,0,0,,,,0,False,no_candidate_within_1deg,False,,,,,,
100382,1985-12-11T09:00:00Z,-11.7,143.3,0,0,0,,,,0,False,no_candidate_within_1deg,False,,,,,,
100382,1985-12-11T12:00:00Z,-12.0,144.2,0,0,0,,,,0,False,no_candidate_within_1deg,False,,,,,,
100382,1985-12-11T15:00:00Z,-8.9,145.4,0,0,0,,,,0,False,no_candidate_within_1deg,False,,,,,,
100387,1986-01-05T21:00:00Z,-8.7,81.9,0,0,0,,,,0,False,no_candidate_within_1deg,False,,,,,,
100387,1986-01-06T00:00:00Z,-7.7,82.2,0,0,0,,,,0,False,no_candidate_within_1deg,False,,,,,,
100387,1986-01-06T03:00:00Z,-6.6,82.4,0,0,0,,,,0,False,no_candidate_within_1deg,False,,,,,,
100387,1986-01-06T06:00:00Z,-7.1,81.4,0,0,0,,,,0,False,no_candidate_within_1deg,False,,,,,,
100387,1986-01-06T09:00:00Z,-7.5,80.5,0,0,0,,,,0,False,no_candidate_within_1deg,False,,,,,,
100387,1986-01-06T12:00:00Z,-8.0,79.5,0,0,0,,,,0,False,no_candidate_within_1deg,False,,,,,,
100387,1986-01-06T15:00:00Z,-7.8,79.1,0,0,0,,,,0,False,no_candidate_within_1deg,False,,,,,,
100387,1986-01-06T18:00:00Z,-6.5,82.0,0,0,0,,,,0,False,no_candidate_within_1deg,False,,,,,,
100387,1986-01-06T21:00:00Z,-8.0,78.8,0,0,0,,,,0,False,no_candidate_within_1deg,False,,,,,,
100410,1986-03-24T00:00:00Z,-8.5,101.6,0,0,0,,,,0,False,no_candidate_within_1deg,False,,,,,,
100410,1986-03-24T03:00:00Z,-9.7,100.1,0,0,0,,,,0,False,no_candidate_within_1deg,False,,,,,,
100410,1986-03-24T06:00:00Z,-10.6,99.2,0,0,0,,,,0,False,no_candidate_within_1deg,False,,,,,,
100410,1986-03-24T09:00:00Z,-11.6,98.4,0,0,0,,,,0,False,no_candidate_within_1deg,False,,,,,,
100410,1986-03-24T12:00:00Z,-12.5,97.5,0,0,0,,,,0,False,no_candidate_within_1deg,False,,,,,,
100410,1986-03-24T15:00:00Z,-13.4,96.6,0,0,0,,,,0,False,no_candidate_within_1deg,False,,,,,,
100410,1986-03-24T18:00:00Z,-14.8,95.8,0,0,0,,,,0,False,no_candidate_within_1deg,False,,,,,,
100410,1986-03-24T21:00:00Z,-14.3,93.7,0,0,0,,,,0,False,no_candidate_within_1deg,False,,,,,,
100410,1986-03-25T00:00:00Z,-13.8,91.7,0,0,0,,,,0,False,no_candidate_within_1deg,False,,,,,,
100410,1986-03-25T03:00:00Z,-13.6,91.6,0,0,0,,,,0,False,no_candidate_within_1deg,False,,,,,,
100410,1986-03-25T06:00:00Z,-13.4,91.6,0,0,0,,,,0,False,no_candidate_within_1deg,False,,,,,,
100410,1986-03-25T09:00:00Z,-13.2,91.5,0,0,0,,,,0,False,no_candidate_within_1deg,False,,,,,,
100421,1986-06-03T21:00:00Z,23.5,-70.0,0,0,0,,,,0,False,no_candidate_within_1deg,False,,,,,,
100421,1986-06-04T00:00:00Z,23.2,-71.9,0,0,0,,,,0,False,no_candidate_within_1deg,False,,,,,,
100421,1986-06-04T03:00:00Z,23.7,-71.8,0,0,0,,,,0,False,no_candidate_within_1deg,False,,,,,,
100421,1986-06-04T06:00:00Z,24.2,-71.6,0,0,0,,,,0,False,no_candidate_within_1deg,False,,,,,,
100421,1986-06-04T09:00:00Z,24.6,-71.5,0,0,0,,,,0,False,no_candidate_within_1deg,False,,,,,,
100421,1986-06-04T12:00:00Z,25.1,-71.3,0,0,0,,,,0,False,no_candidate_within_1deg,False,,,,,,
100421,1986-06-04T15:00:00Z,25.5,-71.5,0,0,0,,,,0,False,no_candidate_within_1deg,False,,,,,,
100421,1986-06-04T18:00:00Z,25.8,-71.8,0,0,0,,,,0,False,no_candidate_within_1deg,False,,,,,,
100421,1986-06-04T21:00:00Z,26.2,-72.0,0,0,0,,,,0,False,no_candidate_within_1deg,False,,,,,,
100433,1986-07-26T21:00:00Z,9.7,-141.1,3,1,2,14115.611701342947,75583.0,4526.0,0,False,no_candidate_within_1deg,False,,,,,,
100433,1986-07-27T00:00:00Z,9.1,-142.3,2,2,0,13545.64919963117,75638.0,4524.0,0,False,no_candidate_within_1deg,False,,,,,,
100433,1986-07-27T03:00:00Z,8.5,-144.2,2,2,0,13433.456875336697,75690.0,4524.0,0,False,no_candidate_within_1deg,False,,,,,,
100433,1986-07-27T06:00:00Z,8.8,-144.2,2,1,1,14063.663804736472,75745.0,4519.0,0,False,no_candidate_within_1deg,False,,,,,,
100433,1986-07-27T09:00:00Z,10.8,-142.6,2,2,0,13282.457552227615,75803.0,4524.0,0,False,no_candidate_within_1deg,False,,,,,,
100433,1986-07-27T12:00:00Z,10.4,-142.3,2,1,1,14094.478895834045,75848.0,4519.0,0,False,no_candidate_within_1deg,False,,,,,,
100433,1986-07-27T15:00:00Z,10.9,-143.6,2,2,0,13274.556660226313,75901.0,4524.0,0,False,no_candidate_within_1deg,False,,,,,,
100433,1986-07-27T18:00:00Z,11.0,-144.4,2,2,0,13246.209589917995,75959.0,4524.0,0,False,no_candidate_within_1deg,False,,,,,,
100433,1986-07-27T21:00:00Z,11.0,-145.3,2,2,0,13179.206414036664,76013.0,4524.0,0,False,no_candidate_within_1deg,False,,,,,,
100436,1986-07-29T09:00:00Z,-8.1,87.3,1,1,0,4203.011644009918,76530.0,4529.0,0,False,no_candidate_within_1deg,False,,,,,,
100436,1986-07-29T12:00:00Z,-8.8,87.8,1,1,0,4313.524666054375,76557.0,4529.0,0,False,no_candidate_within_1deg,False,,,,,,
100436,1986-07-29T15:00:00Z,-8.0,87.2,1,1,0,4210.979349226895,76582.0,4529.0,0,False,no_candidate_within_1deg,False,,,,,,
100436,1986-07-29T18:00:00Z,-8.4,87.5,1,1,0,4258.984190870811,76606.0,4529.0,0,False,no_candidate_within_1deg,False,,,,,,
100436,1986-07-29T21:00:00Z,-8.6,87.3,1,1,0,4285.79473758641,76631.0,4529.0,0,False,no_candidate_within_1deg,False,,,,,,
100436,1986-07-30T00:00:00Z,-8.9,86.3,1,1,0,4296.672641686687,76655.0,4529.0,0,False,no_candidate_within_1deg,False,,,,,,
100436,1986-07-30T03:00:00Z,-9.2,85.3,0,0,0,,,,0,False,no_candidate_within_1deg,False,,,,,,
100436,1986-07-30T06:00:00Z,-9.2,84.8,0,0,0,,,,0,False,no_candidate_within_1deg,False,,,,,,
100436,1986-07-30T09:00:00Z,-9.7,84.5,0,0,0,,,,0,False,no_candidate_within_1deg,False,,,,,,
100447,1986-08-27T15:00:00Z,14.7,-112.5,0,0,0,,,,0,False,no_candidate_within_1deg,False,,,,,,
100447,1986-08-27T18:00:00Z,15.1,-112.8,0,0,0,,,,0,False,no_candidate_within_1deg,False,,,,,,
100447,1986-08-27T21:00:00Z,15.4,-113.1,0,0,0,,,,0,False,no_candidate_within_1deg,False,,,,,,
100447,1986-08-28T00:00:00Z,15.7,-113.4,0,0,0,,,,0,False,no_candidate_within_1deg,False,,,,,,
100447,1986-08-28T03:00:00Z,16.6,-111.5,0,0,0,,,,0,False,no_candidate_within_1deg,False,,,,,,
100447,1986-08-28T06:00:00Z,17.4,-110.9,0,0,0,,,,0,False,no_candidate_within_1deg,False,,,,,,
100447,1986-08-28T09:00:00Z,18.3,-110.3,0,0,0,,,,0,False,no_candidate_within_1deg,False,,,,,,
100447,1986-08-28T12:00:00Z,19.1,-109.7,0,0,0,,,,0,False,no_candidate_within_1deg,False,,,,,,
100447,1986-08-28T15:00:00Z,18.0,-110.2,0,0,0,,,,0,False,no_candidate_within_1deg,False,,,,,,
100452,1986-09-09T00:00:00Z,18.5,-40.8,1,1,0,12534.102147292302,90242.0,4554.0,0,False,no_candidate_within_1deg,False,,,,,,
100452,1986-09-09T03:00:00Z,19.0,-40.6,1,1,0,12469.325171152035,90283.0,4554.0,0,False,no_candidate_within_1deg,False,,,,,,
100452,1986-09-09T06:00:00Z,19.1,-40.8,1,1,0,12409.802772515533,90317.0,4554.0,0,False,no_candidate_within_1deg,False,,,,,,
100452,1986-09-09T09:00:00Z,19.6,-41.1,1,1,0,12422.588420365826,90350.0,4554.0,0,False,no_candidate_within_1deg,False,,,,,,
100452,1986-09-09T12:00:00Z,20.0,-41.5,1,1,0,12389.802438695795,90392.0,4554.0,0,False,no_candidate_within_1deg,False,,,,,,
100452,1986-09-09T15:00:00Z,19.9,-42.9,1,1,0,12511.549171577622,90438.0,4554.0,0,False,no_candidate_within_1deg,False,,,,,,
100452,1986-09-09T18:00:00Z,19.8,-44.2,1,1,0,12570.848507574457,90486.0,4554.0,0,False,no_candidate_within_1deg,False,,,,,,
100452,1986-09-09T21:00:00Z,19.6,-45.6,1,1,0,12700.052503142657,90531.0,4554.0,0,False,no_candidate_within_1deg,False,,,,,,
100452,1986-09-10T00:00:00Z,19.5,-46.9,1,1,0,12888.287956186035,90578.0,4554.0,0,False,no_candidate_within_1deg,False,,,,,,
100452,1986-09-10T03:00:00Z,20.2,-47.3,1,0,1,,,,0,False,no_candidate_within_1deg,False,,,,,,
100452,1986-09-10T06:00:00Z,20.3,-47.4,1,0,1,,,,0,False,no_candidate_within_1deg,False,,,,,,
100452,1986-09-10T09:00:00Z,20.9,-47.9,1,0,1,,,,0,False,no_candidate_within_1deg,False,,,,,,
100452,1986-09-10T12:00:00Z,21.5,-49.0,1,1,0,13020.28614769899,90723.0,4554.0,0,False,no_candidate_within_1deg,False,,,,,,
100452,1986-09-10T15:00:00Z,21.9,-49.3,1,1,0,13004.810742621079,90750.0,4554.0,0,False,no_candidate_within_1deg,False,,,,,,
100457,1986-09-19T12:00:00Z,9.2,-138.0,0,0,0,,,,0,False,no_candidate_within_1deg,False,,,,,,
100457,1986-09-19T15:00:00Z,9.2,-138.1,0,0,0,,,,0,False,no_candidate_within_1deg,False,,,,,,
100457,1986-09-19T18:00:00Z,8.2,-139.1,0,0,0,,,,0,False,no_candidate_within_1deg,False,,,,,,
100457,1986-09-19T21:00:00Z,7.3,-140.4,0,0,0,,,,0,False,no_candidate_within_1deg,False,,,,,,
100457,1986-09-20T00:00:00Z,7.5,-138.8,0,0,0,,,,0,False,no_candidate_within_1deg,False,,,,,,
100457,1986-09-20T03:00:00Z,8.3,-137.7,0,0,0,,,,0,False,no_candidate_within_1deg,False,,,,,,
100457,1986-09-20T06:00:00Z,9.0,-136.6,0,0,0,,,,0,False,no_candidate_within_1deg,False,,,,,,
100457,1986-09-20T09:00:00Z,9.5,-137.3,0,0,0,,,,0,False,no_candidate_within_1deg,False,,,,,,
100457,1986-09-20T12:00:00Z,9.9,-138.1,0,0,0,,,,0,False,no_candidate_within_1deg,False,,,,,,
100457,1986-09-20T15:00:00Z,11.6,-138.8,0,0,0,,,,0,False,no_candidate_within_1deg,False,,,,,,
100457,1986-09-20T18:00:00Z,13.2,-139.5,0,0,0,,,,0,False,no_candidate_within_1deg,False,,,,,,
100457,1986-09-20T21:00:00Z,12.9,-139.3,0,0,0,,,,0,False,no_candidate_within_1deg,False,,,,,,
100470,1986-11-17T06:00:00Z,18.2,-58.7,0,0,0,,,,0,False,no_candidate_within_1deg,False,,,,,,
100470,1986-11-17T09:00:00Z,18.7,-58.9,0,0,0,,,,0,False,no_candidate_within_1deg,False,,,,,,
100470,1986-11-17T12:00:00Z,19.3,-59.2,0,0,0,,,,0,False,no_candidate_within_1deg,False,,,,,,
100470,1986-11-17T15:00:00Z,19.8,-59.4,0,0,0,,,,0,False,no_candidate_within_1deg,False,,,,,,
100470,1986-11-17T18:00:00Z,20.3,-59.7,0,0,0,,,,0,False,no_candidate_within_1deg,False,,,,,,
100470,1986-11-17T21:00:00Z,21.3,-59.2,0,0,0,,,,0,False,no_candidate_within_1deg,False,,,,,,
100470,1986-11-18T00:00:00Z,21.8,-59.5,0,0,0,,,,0,False,no_candidate_within_1deg,False,,,,,,
100470,1986-11-18T03:00:00Z,21.9,-59.7,0,0,0,,,,0,False,no_candidate_within_1deg,False,,,,,,
100470,1986-11-18T06:00:00Z,22.4,-59.7,0,0,0,,,,0,False,no_candidate_within_1deg,False,,,,,,
100470,1986-11-18T09:00:00Z,23.3,-59.9,0,0,0,,,,0,False,no_candidate_within_1deg,False,,,,,,
100470,1986-11-18T12:00:00Z,23.7,-60.2,0,0,0,,,,0,False,no_candidate_within_1deg,False,,,,,,
100470,1986-11-18T15:00:00Z,23.8,-60.6,0,0,0,,,,0,False,no_candidate_within_1deg,False,,,,,,
100490,1987-02-03T15:00:00Z,-15.6,141.2,2,1,1,6757.411160167283,17861.0,4576.0,0,False,no_candidate_within_1deg,False,,,,,,
100490,1987-02-03T18:00:00Z,-15.9,140.9,2,1,1,6734.599269478041,17886.0,4577.0,0,False,no_candidate_within_1deg,False,,,,,,
100490,1987-02-03T21:00:00Z,-14.0,140.3,2,1,1,6546.060664224596,17908.0,4576.0,0,False,no_candidate_within_1deg,False,,,,,,
100490,1987-02-04T00:00:00Z,-12.1,139.8,2,1,1,6379.2150023240065,17935.0,4577.0,0,False,no_candidate_within_1deg,False,,,,,,
100490,1987-02-04T03:00:00Z,-11.8,139.4,2,1,1,6319.4996196779075,17963.0,4576.0,0,False,no_candidate_within_1deg,False,,,,,,
100490,1987-02-04T06:00:00Z,-11.5,139.0,2,1,1,6274.093034898326,17992.0,4576.0,0,False,no_candidate_within_1deg,False,,,,,,
100490,1987-02-04T09:00:00Z,-12.2,137.9,2,1,1,6219.382907139144,18022.0,4576.0,0,False,no_candidate_within_1deg,False,,,,,,
100490,1987-02-04T12:00:00Z,-12.0,136.7,2,1,1,6106.29631249224,18050.0,4576.0,0,False,no_candidate_within_1deg,False,,,,,,
100490,1987-02-04T15:00:00Z,-10.5,137.3,2,1,1,6041.663707063672,18081.0,4576.0,0,False,no_candidate_within_1deg,False,,,,,,
100497,1987-03-04T09:00:00Z,-11.0,161.3,0,0,0,,,,0,False,no_candidate_within_1deg,False,,,,,,
100497,1987-03-04T12:00:00Z,-11.0,161.6,0,0,0,,,,0,False,no_candidate_within_1deg,False,,,,,,
100497,1987-03-04T15:00:00Z,-10.9,161.9,0,0,0,,,,0,False,no_candidate_within_1deg,False,,,,,,
100497,1987-03-04T18:00:00Z,-10.9,162.2,0,0,0,,,,0,False,no_candidate_within_1deg,False,,,,,,
100497,1987-03-04T21:00:00Z,-11.5,165.4,0,0,0,,,,0,False,no_candidate_within_1deg,False,,,,,,
100497,1987-03-05T00:00:00Z,-11.3,165.0,0,0,0,,,,0,False,no_candidate_within_1deg,False,,,,,,
100497,1987-03-05T03:00:00Z,-11.2,164.6,0,0,0,,,,0,False,no_candidate_within_1deg,False,,,,,,
100497,1987-03-05T06:00:00Z,-11.0,164.2,0,0,0,,,,0,False,no_candidate_within_1deg,False,,,,,,
100497,1987-03-05T09:00:00Z,-10.8,163.8,0,0,0,,,,0,False,no_candidate_within_1deg,False,,,,,,
100499,1987-04-04T21:00:00Z,-13.5,149.1,0,0,0,,,,0,False,no_candidate_within_1deg,False,,,,,,
100499,1987-04-05T00:00:00Z,-13.7,148.3,0,0,0,,,,0,False,no_candidate_within_1deg,False,,,,,,
100499,1987-04-05T03:00:00Z,-14.0,147.5,0,0,0,,,,0,False,no_candidate_within_1deg,False,,,,,,
100499,1987-04-05T06:00:00Z,-14.2,146.7,0,0,0,,,,0,False,no_candidate_within_1deg,False,,,,,,
100499,1987-04-05T09:00:00Z,-14.4,145.9,0,0,0,,,,0,False,no_candidate_within_1deg,False,,,,,,
100499,1987-04-05T12:00:00Z,-13.3,145.5,0,0,0,,,,0,False,no_candidate_within_1deg,False,,,,,,
100499,1987-04-05T15:00:00Z,-12.2,145.2,0,0,0,,,,0,False,no_candidate_within_1deg,False,,,,,,
100499,1987-04-05T18:00:00Z,-11.0,144.8,0,0,0,,,,0,False,no_candidate_within_1deg,False,,,,,,
100499,1987-04-05T21:00:00Z,-9.9,144.5,0,0,0,,,,0,False,no_candidate_within_1deg,False,,,,,,
100510,1987-06-23T21:00:00Z,-6.4,89.0,1,1,0,3644.7903582682798,63147.0,4589.0,0,False,no_candidate_within_1deg,False,,,,,,
100510,1987-06-24T00:00:00Z,-7.0,89.4,1,1,0,3741.6587581042595,63201.0,4589.0,0,False,no_candidate_within_1deg,False,,,,,,
100510,1987-06-24T03:00:00Z,-7.5,89.9,1,1,0,3802.9553701363334,63263.0,4589.0,0,False,no_candidate_within_1deg,False,,,,,,
100510,1987-06-24T06:00:00Z,-7.8,90.5,1,1,0,3836.131014401575,63334.0,4589.0,0,False,no_candidate_within_1deg,False,,,,,,
100510,1987-06-24T09:00:00Z,-8.2,89.5,1,1,0,3903.5394033996995,63386.0,4589.0,0,False,no_candidate_within_1deg,False,,,,,,
100510,1987-06-24T12:00:00Z,-8.5,88.5,1,1,0,3993.74731977771,63437.0,4589.0,0,False,no_candidate_within_1deg,False,,,,,,
100510,1987-06-24T15:00:00Z,-8.0,87.5,1,1,0,3962.4612610783215,63496.0,4589.0,0,False,no_candidate_within_1deg,False,,,,,,
100510,1987-06-24T18:00:00Z,-8.3,87.3,1,1,0,4002.0212986018882,63553.0,4589.0,0,False,no_candidate_within_1deg,False,,,,,,
100510,1987-06-24T21:00:00Z,-8.8,85.9,1,1,0,4066.685529222738,63622.0,4589.0,0,False,no_candidate_within_1deg,False,,,,,,
100513,1987-07-05T09:00:00Z,8.7,153.5,3,3,0,6883.185391362706,67820.0,4597.0,0,False,no_candidate_within_1deg,False,,,,,,
100513,1987-07-05T12:00:00Z,8.3,152.7,3,2,1,6833.204573451207,67864.0,4597.0,0,False,no_candidate_within_1deg,False,,,,,,
100513,1987-07-05T15:00:00Z,9.3,152.0,3,2,1,6738.0224656817345,67906.0,4597.0,0,False,no_candidate_within_1deg,False,,,,,,
100513,1987-07-05T18:00:00Z,8.9,153.1,3,1,2,7188.986853569322,67950.0,4596.0,0,False,no_candidate_within_1deg,False,,,,,,
100513,1987-07-05T21:00:00Z,8.5,154.3,3,2,1,7216.351336665306,68004.0,4594.0,0,False,no_candidate_within_1deg,False,,,,,,
100513,1987-07-06T00:00:00Z,8.1,155.4,3,1,2,7209.898812921253,68060.0,4597.0,0,False,no_candidate_within_1deg,False,,,,,,
100513,1987-07-06T03:00:00Z,8.7,154.1,3,2,1,6959.348882434419,68108.0,4596.0,0,False,no_candidate_within_1deg,False,,,,,,
100513,1987-07-06T06:00:00Z,9.3,152.8,3,2,1,6764.0649814055705,68154.0,4596.0,0,False,no_candidate_within_1deg,False,,,,,,
100513,1987-07-06T09:00:00Z,9.9,151.5,2,2,0,6611.879161315398,68199.0,4597.0,0,False,no_candidate_within_1deg,False,,,,,,
100516,1987-07-17T09:00:00Z,0.6,-168.2,2,1,1,11164.353269222225,72668.0,4607.0,0,False,no_candidate_within_1deg,False,,,,,,
100516,1987-07-17T12:00:00Z,0.3,-169.2,2,2,0,10864.853096809946,72725.0,4603.0,0,False,no_candidate_within_1deg,False,,,,,,
100516,1987-07-17T15:00:00Z,-0.1,-170.1,1,1,0,11069.30860376045,72769.0,4607.0,0,False,no_candidate_within_1deg,False,,,,,,
100516,1987-07-17T18:00:00Z,-0.6,-170.5,1,1,0,11063.263834987069,72831.0,4607.0,0,False,no_candidate_within_1deg,False,,,,,,
100516,1987-07-17T21:00:00Z,0.3,-169.8,1,1,0,11088.67057569719,72888.0,4607.0,0,False,no_candidate_within_1deg,False,,,,,,
100516,1987-07-18T00:00:00Z,1.1,-169.0,1,1,0,11205.517069559248,72940.0,4607.0,0,False,no_candidate_within_1deg,False,,,,,,
100516,1987-07-18T03:00:00Z,2.0,-168.3,1,1,0,11251.871955433577,72983.0,4607.0,0,False,no_candidate_within_1deg,False,,,,,,
100516,1987-07-18T06:00:00Z,2.1,-169.0,1,1,0,11211.40719578059,73025.0,4607.0,0,False,no_candidate_within_1deg,False,,,,,,
100516,1987-07-18T09:00:00Z,2.1,-169.7,1,1,0,11145.042785678756,73064.0,4607.0,0,False,no_candidate_within_1deg,False,,,,,,
100518,1987-07-20T18:00:00Z,13.2,-97.3,2,1,1,16054.25479337475,73916.0,4609.0,0,False,no_candidate_within_1deg,False,,,,,,
100518,1987-07-20T21:00:00Z,12.2,-97.3,2,1,1,16193.022412613689,73964.0,4609.0,0,False,no_candidate_within_1deg,False,,,,,,
100518,1987-07-21T00:00:00Z,11.3,-97.3,2,1,1,16333.35624784181,74013.0,4609.0,0,False,no_candidate_within_1deg,False,,,,,,
100518,1987-07-21T03:00:00Z,11.3,-98.6,2,1,1,16313.467951194356,74062.0,4609.0,0,False,no_candidate_within_1deg,False,,,,,,
100518,1987-07-21T06:00:00Z,11.3,-99.9,2,1,1,16286.447388008248,74108.0,4609.0,0,False,no_candidate_within_1deg,False,,,,,,
100518,1987-07-21T09:00:00Z,11.3,-101.2,2,1,1,16230.628348274642,74157.0,4607.0,0,False,no_candidate_within_1deg,False,,,,,,
100518,1987-07-21T12:00:00Z,11.2,-100.3,2,1,1,16343.975421445475,74199.0,4609.0,0,False,no_candidate_within_1deg,False,,,,,,
100518,1987-07-21T15:00:00Z,11.2,-99.4,2,1,1,16354.644465169094,74236.0,4609.0,0,False,no_candidate_within_1deg,False,,,,,,
100518,1987-07-21T18:00:00Z,11.1,-98.5,2,1,1,16396.41185722598,74275.0,4609.0,0,False,no_candidate_within_1deg,False,,,,,,
100518,1987-07-21T21:00:00Z,11.0,-97.6,2,1,1,16426.217974394283,74312.0,4609.0,0,False,no_candidate_within_1deg,False,,,,,,
100522,1987-08-02T00:00:00Z,6.9,-87.7,0,0,0,,,,0,False,no_candidate_within_1deg,False,,,,,,
100522,1987-08-02T03:00:00Z,6.5,-87.6,0,0,0,,,,0,False,no_candidate_within_1deg,False,,,,,,
100522,1987-08-02T06:00:00Z,6.0,-87.6,0,0,0,,,,0,False,no_candidate_within_1deg,False,,,,,,
100522,1987-08-02T09:00:00Z,7.7,-88.2,0,0,0,,,,0,False,no_candidate_within_1deg,False,,,,,,
100522,1987-08-02T12:00:00Z,9.4,-88.9,0,0,0,,,,0,False,no_candidate_within_1deg,False,,,,,,
100522,1987-08-02T15:00:00Z,9.2,-89.1,0,0,0,,,,0,False,no_candidate_within_1deg,False,,,,,,
100522,1987-08-02T18:00:00Z,8.9,-89.3,0,0,0,,,,0,False,no_candidate_within_1deg,False,,,,,,
100522,1987-08-02T21:00:00Z,8.7,-89.5,0,0,0,,,,0,False,no_candidate_within_1deg,False,,,,,,
100522,1987-08-03T00:00:00Z,9.4,-89.7,0,0,0,,,,0,False,no_candidate_within_1deg,False,,,,,,
100522,1987-08-03T03:00:00Z,10.2,-89.9,0,0,0,,,,0,False,no_candidate_within_1deg,False,,,,,,
100522,1987-08-03T06:00:00Z,10.9,-90.1,0,0,0,,,,0,False,no_candidate_within_1deg,False,,,,,,
100522,1987-08-03T09:00:00Z,11.6,-90.3,0,0,0,,,,0,False,no_candidate_within_1deg,False,,,,,,
100522,1987-08-03T12:00:00Z,9.4,-90.1,0,0,0,,,,0,False,no_candidate_within_1deg,False,,,,,,
100522,1987-08-03T15:00:00Z,9.2,-90.2,0,0,0,,,,0,False,no_candidate_within_1deg,False,,,,,,
100523,1987-08-05T21:00:00Z,5.2,136.2,0,0,0,,,,0,False,no_candidate_within_1deg,False,,,,,,
100523,1987-08-06T00:00:00Z,7.5,134.4,0,0,0,,,,0,False,no_candidate_within_1deg,False,,,,,,
100523,1987-08-06T03:00:00Z,4.7,135.4,0,0,0,,,,0,False,no_candidate_within_1deg,False,,,,,,
100523,1987-08-06T06:00:00Z,4.7,134.3,0,0,0,,,,0,False,no_candidate_within_1deg,False,,,,,,
100523,1987-08-06T09:00:00Z,4.8,133.2,0,0,0,,,,0,False,no_candidate_within_1deg,False,,,,,,
100523,1987-08-06T12:00:00Z,4.8,132.1,0,0,0,,,,0,False,no_candidate_within_1deg,False,,,,,,
100523,1987-08-06T15:00:00Z,5.8,132.5,0,0,0,,,,0,False,no_candidate_within_1deg,False,,,,,,
100523,1987-08-06T18:00:00Z,6.8,132.8,0,0,0,,,,0,False,no_candidate_within_1deg,False,,,,,,
100523,1987-08-06T21:00:00Z,7.8,133.2,0,0,0,,,,0,False,no_candidate_within_1deg,False,,,,,,
100533,1987-08-27T06:00:00Z,8.4,-113.6,2,2,0,15800.404945342696,86861.0,4624.0,0,False,no_candidate_within_1deg,False,,,,,,
100533,1987-08-27T09:00:00Z,11.2,-113.6,2,2,0,15543.738011771191,86899.0,4624.0,0,False,no_candidate_within_1deg,False,,,,,,
100533,1987-08-27T12:00:00Z,9.1,-110.5,2,2,0,15923.665152500369,86946.0,4624.0,0,False,no_candidate_within_1deg,False,,,,,,
100533,1987-08-27T15:00:00Z,8.8,-111.3,2,2,0,15952.026900619023,86995.0,4624.0,0,False,no_candidate_within_1deg,False,,,,,,
100533,1987-08-27T18:00:00Z,8.7,-113.0,2,2,0,15896.145964990328,87049.0,4624.0,0,False,no_candidate_within_1deg,False,,,,,,
100533,1987-08-27T21:00:00Z,9.3,-114.6,2,2,0,15767.256629099775,87107.0,4624.0,0,False,no_candidate_within_1deg,False,,,,,,
100533,1987-08-28T00:00:00Z,10.3,-115.9,3,3,0,15609.700850936235,87160.0,4624.0,0,False,no_candidate_within_1deg,False,,,,,,
100533,1987-08-28T03:00:00Z,10.2,-116.7,3,3,0,15604.833848833227,87209.0,4624.0,0,False,no_candidate_within_1deg,False,,,,,,
100533,1987-08-28T06:00:00Z,11.0,-117.3,3,3,0,15517.978573602622,87255.0,4624.0,0,False,no_candidate_within_1deg,False,,,,,,
100533,1987-08-28T09:00:00Z,9.6,-115.4,3,3,0,15768.017194019814,87303.0,4624.0,0,False,no_candidate_within_1deg,False,,,,,,
100533,1987-08-28T12:00:00Z,11.2,-117.5,2,2,0,15539.712087293701,87349.0,4630.0,0,False,no_candidate_within_1deg,False,,,,,,
100533,1987-08-28T15:00:00Z,11.3,-118.3,2,2,0,15412.329966597305,87400.0,4630.0,0,False,no_candidate_within_1deg,False,,,,,,
100534,1987-08-28T00:00:00Z,13.4,-97.1,3,3,0,15854.915719550012,87160.0,4624.0,0,False,no_candidate_within_1deg,False,,,,,,
100534,1987-08-28T03:00:00Z,13.1,-96.4,3,3,0,15873.894948548488,87209.0,4624.0,0,False,no_candidate_within_1deg,False,,,,,,
100534,1987-08-28T06:00:00Z,12.9,-95.7,3,3,0,15877.205580614947,87255.0,4624.0,0,False,no_candidate_within_1deg,False,,,,,,
100534,1987-08-28T09:00:00Z,9.9,-94.0,3,3,0,16165.819251408058,87303.0,4624.0,0,False,no_candidate_within_1deg,False,,,,,,
100534,1987-08-28T12:00:00Z,12.3,-94.2,2,2,0,15913.471606120158,87348.0,4624.0,0,False,no_candidate_within_1deg,False,,,,,,
100534,1987-08-28T15:00:00Z,12.8,-95.4,2,2,0,15863.746346655906,87398.0,4624.0,0,False,no_candidate_within_1deg,False,,,,,,
100534,1987-08-28T18:00:00Z,13.2,-96.6,2,2,0,15820.160545651837,87448.0,4624.0,0,False,no_candidate_within_1deg,False,,,,,,
100534,1987-08-28T21:00:00Z,13.6,-97.1,3,2,1,15757.76317052673,87497.0,4624.0,0,False,no_candidate_within_1deg,False,,,,,,
100534,1987-08-29T00:00:00Z,12.0,-100.6,3,2,1,15943.959501982383,87543.0,4624.0,0,False,no_candidate_within_1deg,False,,,,,,
100534,1987-08-29T03:00:00Z,15.9,-100.1,3,2,1,15507.06511324937,87588.0,4624.0,0,False,no_candidate_within_1deg,False,,,,,,
100534,1987-08-29T06:00:00Z,14.3,-100.6,3,2,1,15661.672849690685,87633.0,4624.0,0,False,no_candidate_within_1deg,False,,,,,,
100534,1987-08-29T09:00:00Z,12.7,-101.1,3,2,1,15854.126325175475,87669.0,4624.0,0,False,no_candidate_within_1deg,False,,,,,,
100535,1987-08-29T09:00:00Z,11.0,-28.4,3,2,1,11207.372388768628,87669.0,4624.0,0,False,no_candidate_within_1deg,False,,,,,,
100535,1987-08-29T12:00:00Z,11.1,-29.1,3,3,0,11209.822907059428,87701.0,4624.0,0,False,no_candidate_within_1deg,False,,,,,,
100535,1987-08-29T15:00:00Z,11.7,-28.9,2,2,0,11151.261958839415,87735.0,4624.0,0,False,no_candidate_within_1deg,False,,,,,,
100535,1987-08-29T18:00:00Z,12.3,-28.7,2,2,0,11087.573315024973,87774.0,4624.0,0,False,no_candidate_within_1deg,False,,,,,,
100535,1987-08-29T21:00:00Z,12.5,-28.9,2,2,0,11080.858465476314,87822.0,4624.0,0,False,no_candidate_within_1deg,False,,,,,,
100535,1987-08-30T00:00:00Z,13.3,-28.2,2,2,0,10961.116002980842,87866.0,4624.0,0,False,no_candidate_within_1deg,False,,,,,,
100535,1987-08-30T03:00:00Z,13.5,-28.4,2,2,0,10956.056326959084,87905.0,4624.0,0,False,no_candidate_within_1deg,False,,,,,,
100535,1987-08-30T06:00:00Z,15.3,-31.0,2,2,0,11068.623881750396,87940.0,4624.0,0,False,no_candidate_within_1deg,False,,,,,,
100535,1987-08-30T09:00:00Z,15.7,-30.9,2,2,0,11053.679234962363,87971.0,4624.0,0,False,no_candidate_within_1deg,False,,,,,,
100539,1987-09-04T21:00:00Z,10.8,-54.4,0,0,0,,,,0,False,no_candidate_within_1deg,False,,,,,,
100539,1987-09-05T00:00:00Z,10.8,-56.2,0,0,0,,,,0,False,no_candidate_within_1deg,False,,,,,,
100539,1987-09-05T03:00:00Z,10.4,-55.3,0,0,0,,,,0,False,no_candidate_within_1deg,False,,,,,,
100539,1987-09-05T06:00:00Z,10.5,-56.2,0,0,0,,,,0,False,no_candidate_within_1deg,False,,,,,,
100539,1987-09-05T09:00:00Z,10.2,-56.9,0,0,0,,,,0,False,no_candidate_within_1deg,False,,,,,,
100539,1987-09-05T12:00:00Z,10.4,-57.8,0,0,0,,,,0,False,no_candidate_within_1deg,False,,,,,,
100539,1987-09-05T15:00:00Z,10.8,-58.7,0,0,0,,,,0,False,no_candidate_within_1deg,False,,,,,,
100539,1987-09-05T18:00:00Z,11.1,-59.5,0,0,0,,,,0,False,no_candidate_within_1deg,False,,,,,,
100539,1987-09-05T21:00:00Z,11.5,-60.4,0,0,0,,,,0,False,no_candidate_within_1deg,False,,,,,,
100542,1987-09-07T15:00:00Z,8.5,-14.7,1,0,1,,,,0,False,no_candidate_within_1deg,False,,,,,,
100542,1987-09-07T18:00:00Z,8.2,-14.7,1,1,0,10227.47883979368,90530.0,4637.0,0,False,no_candidate_within_1deg,False,,,,,,
100542,1987-09-07T21:00:00Z,7.8,-14.7,1,0,1,,,,0,False,no_candidate_within_1deg,False,,,,,,
100542,1987-09-08T00:00:00Z,8.1,-14.7,2,2,0,10202.967774678102,90594.0,4637.0,0,False,no_candidate_within_1deg,False,,,,,,
100542,1987-09-08T03:00:00Z,9.0,-15.9,2,2,0,10277.990902489646,90627.0,4637.0,0,False,no_candidate_within_1deg,False,,,,,,
100542,1987-09-08T06:00:00Z,9.0,-16.2,2,2,0,10329.481891243786,90659.0,4637.0,0,False,no_candidate_within_1deg,False,,,,,,
100542,1987-09-08T09:00:00Z,9.0,-16.6,2,2,0,10393.704321485062,90691.0,4637.0,0,False,no_candidate_within_1deg,False,,,,,,
100542,1987-09-08T12:00:00Z,11.2,-18.3,2,2,0,10503.961750683506,90723.0,4637.0,0,False,no_candidate_within_1deg,False,,,,,,
100542,1987-09-08T15:00:00Z,12.5,-18.5,2,2,0,10471.58667855188,90747.0,4637.0,0,False,no_candidate_within_1deg,False,,,,,,
100545,1987-09-13T09:00:00Z,15.4,-101.8,1,1,0,15577.561017037566,92225.0,4638.0,0,False,no_candidate_within_1deg,False,,,,,,
100545,1987-09-13T12:00:00Z,14.8,-103.4,1,1,0,15621.499623525742,92258.0,4638.0,0,False,no_candidate_within_1deg,False,,,,,,
100545,1987-09-13T15:00:00Z,14.6,-104.4,1,1,0,15639.572756224536,92292.0,4638.0,0,False,no_candidate_within_1deg,False,,,,,,
100545,1987-09-13T18:00:00Z,14.3,-105.4,1,1,0,15664.059978906671,92318.0,4638.0,0,False,no_candidate_within_1deg,False,,,,,,
100545,1987-09-13T21:00:00Z,14.7,-104.9,1,1,0,15649.579982410347,92342.0,4638.0,0,False,no_candidate_within_1deg,False,,,,,,
100545,1987-09-14T00:00:00Z,15.3,-105.7,1,1,0,15582.01363926031,92364.0,4638.0,0,False,no_candidate_within_1deg,False,,,,,,
100545,1987-09-14T03:00:00Z,15.5,-106.1,1,1,0,15585.906905112988,92388.0,4638.0,0,False,no_candidate_within_1deg,False,,,,,,
100545,1987-09-14T06:00:00Z,15.6,-106.5,1,1,0,15568.42791667556,92413.0,4638.0,0,False,no_candidate_within_1deg,False,,,,,,
100545,1987-09-14T09:00:00Z,15.8,-106.9,1,1,0,15526.061729858104,92435.0,4638.0,0,False,no_candidate_within_1deg,False,,,,,,
100552,1987-09-29T06:00:00Z,19.5,-110.1,0,0,0,,,,0,False,no_candidate_within_1deg,False,,,,,,
100552,1987-09-29T09:00:00Z,19.3,-110.0,0,0,0,,,,0,False,no_candidate_within_1deg,False,,,,,,
100552,1987-09-29T12:00:00Z,19.2,-109.9,0,0,0,,,,0,False,no_candidate_within_1deg,False,,,,,,
100552,1987-09-29T15:00:00Z,19.2,-110.8,0,0,0,,,,0,False,no_candidate_within_1deg,False,,,,,,
100552,1987-09-29T18:00:00Z,20.3,-109.6,0,0,0,,,,0,False,no_candidate_within_1deg,False,,,,,,
100552,1987-09-29T21:00:00Z,21.3,-108.3,0,0,0,,,,0,False,no_candidate_within_1deg,False,,,,,,
100552,1987-09-30T00:00:00Z,20.0,-110.6,0,0,0,,,,0,False,no_candidate_within_1deg,False,,,,,,
100552,1987-09-30T03:00:00Z,20.6,-109.5,0,0,0,,,,0,False,no_candidate_within_1deg,False,,,,,,
100552,1987-09-30T06:00:00Z,20.9,-109.7,0,0,0,,,,0,False,no_candidate_within_1deg,False,,,,,,
100552,1987-09-30T09:00:00Z,21.3,-110.0,0,0,0,,,,0,False,no_candidate_within_1deg,False,,,,,,
100555,1987-10-08T03:00:00Z,17.1,-77.9,0,0,0,,,,0,False,no_candidate_within_1deg,False,,,,,,
100555,1987-10-08T06:00:00Z,16.9,-81.4,0,0,0,,,,0,False,no_candidate_within_1deg,False,,,,,,
100555,1987-10-08T09:00:00Z,17.8,-80.9,0,0,0,,,,0,False,no_candidate_within_1deg,False,,,,,,
100555,1987-10-08T12:00:00Z,18.6,-80.4,0,0,0,,,,0,False,no_candidate_within_1deg,False,,,,,,
100555,1987-10-08T15:00:00Z,19.5,-79.9,0,0,0,,,,0,False,no_candidate_within_1deg,False,,,,,,
100555,1987-10-08T18:00:00Z,20.3,-79.4,0,0,0,,,,0,False,no_candidate_within_1deg,False,,,,,,
100555,1987-10-08T21:00:00Z,18.9,-80.1,0,0,0,,,,0,False,no_candidate_within_1deg,False,,,,,,
100555,1987-10-09T00:00:00Z,18.3,-79.3,0,0,0,,,,0,False,no_candidate_within_1deg,False,,,,,,
100555,1987-10-09T03:00:00Z,17.3,-80.1,0,0,0,,,,0,False,no_candidate_within_1deg,False,,,,,,
100556,1987-10-12T21:00:00Z,7.8,89.9,1,1,0,534.6341180093566,101275.0,4642.0,0,False,no_candidate_within_1deg,False,,,,,,
100556,1987-10-13T00:00:00Z,6.9,92.6,2,1,1,444.11325724738964,101315.0,4644.0,0,False,no_candidate_within_1deg,False,,,,,,
100556,1987-10-13T03:00:00Z,9.9,92.3,2,1,1,151.90879914169753,101355.0,4642.0,0,False,no_candidate_within_1deg,False,,,,,,
100556,1987-10-13T06:00:00Z,11.5,91.8,2,1,1,237.44035974383684,101388.0,4644.0,0,False,no_candidate_within_1deg,False,,,,,,
100556,1987-10-13T09:00:00Z,13.0,91.2,2,1,1,369.15474444671867,101419.0,4644.0,0,False,no_candidate_within_1deg,False,,,,,,
100556,1987-10-13T12:00:00Z,12.3,89.9,2,1,1,358.296946379626,101453.0,4642.0,0,False,no_candidate_within_1deg,False,,,,,,
100556,1987-10-13T15:00:00Z,11.7,88.6,2,1,1,412.5085148039302,101490.0,4644.0,0,False,no_candidate_within_1deg,False,,,,,,
100556,1987-10-13T18:00:00Z,11.0,87.4,2,1,1,498.6087196017107,101538.0,4644.0,0,False,no_candidate_within_1deg,False,,,,,,
100556,1987-10-13T21:00:00Z,10.3,86.1,2,1,1,581.8259597128124,101575.0,4642.0,0,False,no_candidate_within_1deg,False,,,,,,
100561,1987-10-30T15:00:00Z,16.6,-74.0,1,1,0,16540.76985664943,106399.0,4651.0,0,False,no_candidate_within_1deg,False,,,,,,
100561,1987-10-30T18:00:00Z,16.4,-74.4,1,1,0,16584.691358751035,106453.0,4651.0,0,False,no_candidate_within_1deg,False,,,,,,
100561,1987-10-30T21:00:00Z,16.1,-74.7,1,1,0,16531.488169565768,106496.0,4651.0,0,False,no_candidate_within_1deg,False,,,,,,
100561,1987-10-31T00:00:00Z,15.8,-75.1,1,1,0,16509.425506404586,106535.0,4651.0,0,False,no_candidate_within_1deg,False,,,,,,
100561,1987-10-31T03:00:00Z,16.7,-74.7,1,1,0,16361.743469709372,106582.0,4651.0,0,False,no_candidate_within_1deg,False,,,,,,
100561,1987-10-31T06:00:00Z,15.3,-76.8,1,1,0,16598.54153743971,106628.0,4651.0,0,False,no_candidate_within_1deg,False,,,,,,
100561,1987-10-31T09:00:00Z,17.2,-76.8,1,1,0,16414.356319055776,106680.0,4651.0,0,False,no_candidate_within_1deg,False,,,,,,
100561,1987-10-31T12:00:00Z,17.3,-76.5,1,1,0,16334.88258442762,106722.0,4651.0,0,False,no_candidate_within_1deg,False,,,,,,
100561,1987-10-31T15:00:00Z,18.3,-76.0,1,1,0,16167.231444033678,106761.0,4651.0,0,False,no_candidate_within_1deg,False,,,,,,
100568,1987-12-04T15:00:00Z,1.1,98.6,0,0,0,,,,0,False,no_candidate_within_1deg,False,,,,,,
100568,1987-12-04T18:00:00Z,0.3,97.6,0,0,0,,,,0,False,no_candidate_within_1deg,False,,,,,,
100568,1987-12-04T21:00:00Z,-0.6,96.6,0,0,0,,,,0,False,no_candidate_within_1deg,False,,,,,,
100568,1987-12-05T00:00:00Z,-1.4,95.5,0,0,0,,,,0,False,no_candidate_within_1deg,False,,,,,,
100568,1987-12-05T03:00:00Z,-2.2,94.5,0,0,0,,,,0,False,no_candidate_within_1deg,False,,,,,,
100568,1987-12-05T06:00:00Z,-1.8,92.3,0,0,0,,,,0,False,no_candidate_within_1deg,False,,,,,,
100568,1987-12-05T09:00:00Z,-3.2,92.7,0,0,0,,,,0,False,no_candidate_within_1deg,False,,,,,,
100568,1987-12-05T12:00:00Z,-4.6,93.0,0,0,0,,,,0,False,no_candidate_within_1deg,False,,,,,,
100568,1987-12-05T15:00:00Z,-5.9,93.4,0,0,0,,,,0,False,no_candidate_within_1deg,False,,,,,,
100577,1988-01-19T21:00:00Z,-9.8,85.2,0,0,0,,,,0,False,no_candidate_within_1deg,False,,,,,,
100577,1988-01-20T00:00:00Z,-9.3,86.1,0,0,0,,,,0,False,no_candidate_within_1deg,False,,,,,,
100577,1988-01-20T03:00:00Z,-11.9,83.3,0,0,0,,,,0,False,no_candidate_within_1deg,False,,,,,,
100577,1988-01-20T06:00:00Z,-12.1,82.6,0,0,0,,,,0,False,no_candidate_within_1deg,False,,,,,,
100577,1988-01-20T09:00:00Z,-12.2,84.8,0,0,0,,,,0,False,no_candidate_within_1deg,False,,,,,,
100577,1988-01-20T12:00:00Z,-10.4,84.0,0,0,0,,,,0,False,no_candidate_within_1deg,False,,,,,,
100577,1988-01-20T15:00:00Z,-10.7,83.2,0,0,0,,,,0,False,no_candidate_within_1deg,False,,,,,,
100577,1988-01-20T18:00:00Z,-11.0,82.4,0,0,0,,,,0,False,no_candidate_within_1deg,False,,,,,,
100577,1988-01-20T21:00:00Z,-11.8,79.6,0,0,0,,,,0,False,no_candidate_within_1deg,False,,,,,,
100594,1988-06-14T09:00:00Z,16.3,-109.6,1,1,0,15110.708619159142,63188.0,4663.0,0,False,no_candidate_within_1deg,False,,,,,,
100594,1988-06-14T12:00:00Z,16.2,-109.8,1,1,0,15160.486794239368,63231.0,4663.0,0,False,no_candidate_within_1deg,False,,,,,,
100594,1988-06-14T15:00:00Z,14.1,-109.6,1,1,0,15384.737805131692,63269.0,4663.0,0,False,no_candidate_within_1deg,False,,,,,,
100594,1988-06-14T18:00:00Z,14.7,-109.9,1,1,0,15305.87327159528,63310.0,4663.0,0,False,no_candidate_within_1deg,False,,,,,,
100594,1988-06-14T21:00:00Z,15.2,-110.2,1,1,0,15222.48809090363,63363.0,4663.0,0,False,no_candidate_within_1deg,False,,,,,,
100594,1988-06-15T00:00:00Z,15.8,-110.5,1,1,0,15117.689723487152,63409.0,4663.0,0,False,no_candidate_within_1deg,False,,,,,,
100594,1988-06-15T03:00:00Z,13.9,-113.6,1,1,0,15191.168039104934,63456.0,4663.0,0,False,no_candidate_within_1deg,False,,,,,,
100594,1988-06-15T06:00:00Z,12.7,-112.6,1,1,0,15358.57927726686,63500.0,4663.0,0,False,no_candidate_within_1deg,False,,,,,,
100594,1988-06-15T09:00:00Z,15.5,-112.1,1,1,0,15066.62756449781,63541.0,4663.0,0,False,no_candidate_within_1deg,False,,,,,,
100613,1988-08-06T12:00:00Z,29.0,-89.3,1,1,0,13460.67754456218,84412.0,4709.0,0,False,no_candidate_within_1deg,False,,,,,,
100613,1988-08-06T15:00:00Z,28.7,-90.9,1,1,0,13510.19139618019,84453.0,4709.0,0,False,no_candidate_within_1deg,False,,,,,,
100613,1988-08-06T18:00:00Z,28.0,-91.1,1,1,0,13563.117676156167,84491.0,4709.0,0,False,no_candidate_within_1deg,False,,,,,,
100613,1988-08-06T21:00:00Z,27.3,-91.2,1,1,0,13627.040173310737,84533.0,4709.0,0,False,no_candidate_within_1deg,False,,,,,,
100613,1988-08-07T00:00:00Z,28.5,-92.6,1,1,0,13556.922134880793,84579.0,4709.0,0,False,no_candidate_within_1deg,False,,,,,,
100613,1988-08-07T03:00:00Z,29.6,-94.0,1,1,0,13486.057707930406,84623.0,4709.0,0,False,no_candidate_within_1deg,False,,,,,,
100613,1988-08-07T06:00:00Z,29.2,-92.2,1,1,0,13474.021157977251,84670.0,4709.0,0,False,no_candidate_within_1deg,False,,,,,,
100613,1988-08-07T09:00:00Z,28.8,-90.5,1,1,0,13454.773286231446,84714.0,4709.0,0,False,no_candidate_within_1deg,False,,,,,,
100613,1988-08-07T12:00:00Z,28.7,-91.0,1,1,0,13478.517692637026,84754.0,4709.0,0,False,no_candidate_within_1deg,False,,,,,,
100613,1988-08-07T15:00:00Z,28.3,-91.0,1,1,0,13518.597265005506,84793.0,4709.0,0,False,no_candidate_within_1deg,False,,,,,,
100613,1988-08-07T18:00:00Z,28.2,-91.4,1,1,0,13521.959762378076,84837.0,4709.0,0,False,no_candidate_within_1deg,False,,,,,,
100613,1988-08-07T21:00:00Z,28.1,-91.8,1,1,0,13536.242237671617,84886.0,4709.0,0,False,no_candidate_within_1deg,False,,,,,,
100615,1988-08-11T21:00:00Z,23.0,-67.4,3,2,1,13394.357862287994,86541.0,4716.0,0,False,no_candidate_within_1deg,False,,,,,,
100615,1988-08-12T00:00:00Z,22.8,-70.0,3,2,1,13557.932778768474,86593.0,4714.0,0,False,no_candidate_within_1deg,False,,,,,,
100615,1988-08-12T03:00:00Z,22.5,-72.6,3,1,2,13783.256295276446,86640.0,4716.0,0,False,no_candidate_within_1deg,False,,,,,,
100615,1988-08-12T06:00:00Z,22.8,-72.4,3,2,1,13689.75711469029,86681.0,4714.0,0,False,no_candidate_within_1deg,False,,,,,,
100615,1988-08-12T09:00:00Z,23.0,-72.2,2,2,0,13662.36096012191,86717.0,4716.0,0,False,no_candidate_within_1deg,False,,,,,,
100615,1988-08-12T12:00:00Z,23.2,-71.9,2,2,0,13632.79500989254,86755.0,4716.0,0,False,no_candidate_within_1deg,False,,,,,,
100615,1988-08-12T15:00:00Z,23.4,-71.7,2,2,0,13616.835952009349,86801.0,4716.0,0,False,no_candidate_within_1deg,False,,,,,,
100615,1988-08-12T18:00:00Z,23.6,-71.4,2,2,0,13586.091860685441,86847.0,4716.0,0,False,no_candidate_within_1deg,False,,,,,,
100615,1988-08-12T21:00:00Z,25.0,-72.5,2,2,0,13517.955608044262,86899.0,4716.0,0,False,no_candidate_within_1deg,False,,,,,,
100622,1988-08-22T21:00:00Z,27.8,143.7,1,1,0,6190.4401456058395,90237.0,4720.0,0,False,no_candidate_within_1deg,False,,,,,,
100622,1988-08-23T00:00:00Z,27.4,141.4,0,0,0,,,,0,False,no_candidate_within_1deg,False,,,,,,
100622,1988-08-23T03:00:00Z,27.0,142.2,0,0,0,,,,0,False,no_candidate_within_1deg,False,,,,,,
100622,1988-08-23T06:00:00Z,27.4,142.3,0,0,0,,,,0,False,no_candidate_within_1deg,False,,,,,,
100622,1988-08-23T09:00:00Z,28.1,142.2,0,0,0,,,,0,False,no_candidate_within_1deg,False,,,,,,
100622,1988-08-23T12:00:00Z,27.9,142.2,0,0,0,,,,0,False,no_candidate_within_1deg,False,,,,,,
100622,1988-08-23T15:00:00Z,27.6,140.9,0,0,0,,,,0,False,no_candidate_within_1deg,False,,,,,,
100622,1988-08-23T18:00:00Z,26.4,142.8,0,0,0,,,,0,False,no_candidate_within_1deg,False,,,,,,
100622,1988-08-23T21:00:00Z,27.5,140.7,0,0,0,,,,0,False,no_candidate_within_1deg,False,,,,,,
100625,1988-08-27T12:00:00Z,14.5,-98.4,0,0,0,,,,0,False,no_candidate_within_1deg,False,,,,,,
100625,1988-08-27T15:00:00Z,15.1,-100.8,0,0,0,,,,0,False,no_candidate_within_1deg,False,,,,,,
100625,1988-08-27T18:00:00Z,14.9,-99.1,0,0,0,,,,0,False,no_candidate_within_1deg,False,,,,,,
100625,1988-08-27T21:00:00Z,17.1,-101.0,0,0,0,,,,0,False,no_candidate_within_1deg,False,,,,,,
100625,1988-08-28T00:00:00Z,17.0,-101.5,0,0,0,,,,0,False,no_candidate_within_1deg,False,,,,,,
100625,1988-08-28T03:00:00Z,16.9,-101.9,0,0,0,,,,0,False,no_candidate_within_1deg,False,,,,,,
100625,1988-08-28T06:00:00Z,16.8,-102.4,0,0,0,,,,0,False,no_candidate_within_1deg,False,,,,,,
100625,1988-08-28T09:00:00Z,16.7,-102.8,0,0,0,,,,0,False,no_candidate_within_1deg,False,,,,,,
100625,1988-08-28T12:00:00Z,17.2,-102.7,0,0,0,,,,0,False,no_candidate_within_1deg,False,,,,,,
100625,1988-08-28T15:00:00Z,14.0,-100.4,0,0,0,,,,0,False,no_candidate_within_1deg,False,,,,,,
100625,1988-08-28T18:00:00Z,13.9,-100.3,0,0,0,,,,0,False,no_candidate_within_1deg,False,,,,,,
100625,1988-08-28T21:00:00Z,13.7,-100.3,0,0,0,,,,0,False,no_candidate_within_1deg,False,,,,,,
100628,1988-09-01T18:00:00Z,25.3,-56.2,0,0,0,,,,0,False,no_candidate_within_1deg,False,,,,,,
100628,1988-09-01T21:00:00Z,26.3,-56.2,0,0,0,,,,0,False,no_candidate_within_1deg,False,,,,,,
100628,1988-09-02T00:00:00Z,28.6,-57.5,0,0,0,,,,0,False,no_candidate_within_1deg,False,,,,,,
100628,1988-09-02T03:00:00Z,28.8,-57.4,0,0,0,,,,0,False,no_candidate_within_1deg,False,,,,,,
100628,1988-09-02T06:00:00Z,28.9,-57.2,0,0,0,,,,0,False,no_candidate_within_1deg,False,,,,,,
100628,1988-09-02T09:00:00Z,30.0,-57.6,0,0,0,,,,0,False,no_candidate_within_1deg,False,,,,,,
100628,1988-09-02T12:00:00Z,30.3,-56.6,0,0,0,,,,0,False,no_candidate_within_1deg,False,,,,,,
100628,1988-09-02T15:00:00Z,32.1,-59.5,0,0,0,,,,0,False,no_candidate_within_1deg,False,,,,,,
100628,1988-09-02T18:00:00Z,32.5,-58.7,0,0,0,,,,0,False,no_candidate_within_1deg,False,,,,,,
100628,1988-09-02T21:00:00Z,32.9,-57.9,0,0,0,,,,0,False,no_candidate_within_1deg,False,,,,,,
100632,1988-09-06T03:00:00Z,21.4,-95.3,0,0,0,,,,0,False,no_candidate_within_1deg,False,,,,,,
100632,1988-09-06T06:00:00Z,22.2,-94.7,0,0,0,,,,0,False,no_candidate_within_1deg,False,,,,,,
100632,1988-09-06T09:00:00Z,23.3,-92.4,0,0,0,,,,0,False,no_candidate_within_1deg,False,,,,,,
100632,1988-09-06T12:00:00Z,25.1,-90.8,0,0,0,,,,0,False,no_candidate_within_1deg,False,,,,,,
100632,1988-09-06T15:00:00Z,22.0,-92.4,0,0,0,,,,0,False,no_candidate_within_1deg,False,,,,,,
100632,1988-09-06T18:00:00Z,21.7,-92.0,0,0,0,,,,0,False,no_candidate_within_1deg,False,,,,,,
100632,1988-09-06T21:00:00Z,21.3,-91.6,0,0,0,,,,0,False,no_candidate_within_1deg,False,,,,,,
100632,1988-09-07T00:00:00Z,21.0,-91.3,0,0,0,,,,0,False,no_candidate_within_1deg,False,,,,,,
100632,1988-09-07T03:00:00Z,20.6,-90.9,0,0,0,,,,0,False,no_candidate_within_1deg,False,,,,,,
100636,1988-09-11T15:00:00Z,17.8,-107.8,0,0,0,,,,0,False,no_candidate_within_1deg,False,,,,,,
100636,1988-09-11T18:00:00Z,18.2,-108.2,0,0,0,,,,0,False,no_candidate_within_1deg,False,,,,,,
100636,1988-09-11T21:00:00Z,18.4,-107.7,0,0,0,,,,0,False,no_candidate_within_1deg,False,,,,,,
100636,1988-09-12T00:00:00Z,18.6,-107.1,0,0,0,,,,0,False,no_candidate_within_1deg,False,,,,,,
100636,1988-09-12T03:00:00Z,18.4,-107.3,0,0,0,,,,0,False,no_candidate_within_1deg,False,,,,,,
100636,1988-09-12T06:00:00Z,18.2,-107.4,0,0,0,,,,0,False,no_candidate_within_1deg,False,,,,,,
100636,1988-09-12T09:00:00Z,18.0,-107.6,0,0,0,,,,0,False,no_candidate_within_1deg,False,,,,,,
100636,1988-09-12T12:00:00Z,18.2,-107.7,0,0,0,,,,0,False,no_candidate_within_1deg,False,,,,,,
100636,1988-09-12T15:00:00Z,18.8,-108.4,0,0,0,,,,0,False,no_candidate_within_1deg,False,,,,,,
100635,1988-09-09T18:00:00Z,20.8,154.7,0,0,0,,,,0,False,no_candidate_within_1deg,False,,,,,,
100635,1988-09-09T21:00:00Z,20.4,156.1,0,0,0,,,,0,False,no_candidate_within_1deg,False,,,,,,
100635,1988-09-10T00:00:00Z,20.1,157.5,0,0,0,,,,0,False,no_candidate_within_1deg,False,,,,,,
100635,1988-09-10T03:00:00Z,19.7,158.9,0,0,0,,,,0,False,no_candidate_within_1deg,False,,,,,,
100635,1988-09-10T06:00:00Z,19.3,160.3,0,0,0,,,,0,False,no_candidate_within_1deg,False,,,,,,
100635,1988-09-10T09:00:00Z,19.3,160.9,0,0,0,,,,0,False,no_candidate_within_1deg,False,,,,,,
100635,1988-09-10T12:00:00Z,19.1,160.0,0,0,0,,,,0,False,no_candidate_within_1deg,False,,,,,,
100635,1988-09-10T15:00:00Z,18.5,160.4,0,0,0,,,,0,False,no_candidate_within_1deg,False,,,,,,
100635,1988-09-10T18:00:00Z,18.7,160.6,0,0,0,,,,0,False,no_candidate_within_1deg,False,,,,,,
100635,1988-09-10T21:00:00Z,18.9,160.4,0,0,0,,,,0,False,no_candidate_within_1deg,False,,,,,,
100640,1988-09-18T06:00:00Z,13.2,-27.7,2,2,0,10614.40460601773,98295.0,4728.0,0,False,no_candidate_within_1deg,False,,,,,,
100640,1988-09-18T09:00:00Z,14.1,-27.3,2,2,0,10521.164392273784,98333.0,4728.0,0,False,no_candidate_within_1deg,False,,,,,,
100640,1988-09-18T12:00:00Z,14.6,-27.0,2,2,0,10482.126871355744,98363.0,4728.0,0,False,no_candidate_within_1deg,False,,,,,,
100640,1988-09-18T15:00:00Z,15.1,-26.7,2,2,0,10401.00588137282,98390.0,4728.0,0,False,no_candidate_within_1deg,False,,,,,,
100640,1988-09-18T18:00:00Z,14.5,-26.6,2,2,0,10362.55091155193,98425.0,4728.0,0,False,no_candidate_within_1deg,False,,,,,,
100640,1988-09-18T21:00:00Z,15.2,-27.0,2,2,0,10328.824817389353,98459.0,4728.0,0,False,no_candidate_within_1deg,False,,,,,,
100640,1988-09-19T00:00:00Z,14.9,-28.0,2,2,0,10401.052101225543,98485.0,4728.0,0,False,no_candidate_within_1deg,False,,,,,,
100640,1988-09-19T03:00:00Z,14.6,-28.9,2,2,0,10468.86165922727,98508.0,4728.0,0,False,no_candidate_within_1deg,False,,,,,,
100640,1988-09-19T06:00:00Z,14.3,-29.9,2,2,0,10515.820365437954,98529.0,4728.0,0,False,no_candidate_within_1deg,False,,,,,,
100640,1988-09-19T09:00:00Z,13.7,-30.6,2,2,0,10564.591020307143,98555.0,4728.0,0,False,no_candidate_within_1deg,False,,,,,,
100640,1988-09-19T12:00:00Z,13.8,-31.0,2,2,0,10584.96232379408,98592.0,4728.0,0,False,no_candidate_within_1deg,False,,,,,,
100640,1988-09-19T15:00:00Z,13.9,-31.4,2,2,0,10604.05075762502,98625.0,4728.0,0,False,no_candidate_within_1deg,False,,,,,,
100646,1988-10-07T03:00:00Z,16.4,161.6,0,0,0,,,,0,False,no_candidate_within_1deg,False,,,,,,
100646,1988-10-07T06:00:00Z,15.2,162.3,0,0,0,,,,0,False,no_candidate_within_1deg,False,,,,,,
100646,1988-10-07T09:00:00Z,13.9,162.9,0,0,0,,,,0,False,no_candidate_within_1deg,False,,,,,,
100646,1988-10-07T12:00:00Z,13.9,163.1,0,0,0,,,,0,False,no_candidate_within_1deg,False,,,,,,
100646,1988-10-07T15:00:00Z,11.6,161.5,0,0,0,,,,0,False,no_candidate_within_1deg,False,,,,,,
100646,1988-10-07T18:00:00Z,13.1,159.5,0,0,0,,,,0,False,no_candidate_within_1deg,False,,,,,,
100646,1988-10-07T21:00:00Z,14.6,157.5,0,0,0,,,,0,False,no_candidate_within_1deg,False,,,,,,
100646,1988-10-08T00:00:00Z,12.9,154.4,0,0,0,,,,0,False,no_candidate_within_1deg,False,,,,,,
100646,1988-10-08T03:00:00Z,14.3,155.6,0,0,0,,,,0,False,no_candidate_within_1deg,False,,,,,,
100648,1988-10-10T03:00:00Z,13.0,-105.9,0,0,0,,,,0,False,no_candidate_within_1deg,False,,,,,,
100648,1988-10-10T06:00:00Z,15.5,-103.7,0,0,0,,,,0,False,no_candidate_within_1deg,False,,,,,,
100648,1988-10-10T09:00:00Z,15.6,-103.8,0,0,0,,,,0,False,no_candidate_within_1deg,False,,,,,,
100648,1988-10-10T12:00:00Z,15.8,-104.0,0,0,0,,,,0,False,no_candidate_within_1deg,False,,,,,,
100648,1988-10-10T15:00:00Z,15.9,-104.1,0,0,0,,,,0,False,no_candidate_within_1deg,False,,,,,,
100648,1988-10-10T18:00:00Z,17.5,-105.4,0,0,0,,,,0,False,no_candidate_within_1deg,False,,,,,,
100648,1988-10-10T21:00:00Z,19.0,-106.7,0,0,0,,,,0,False,no_candidate_within_1deg,False,,,,,,
100648,1988-10-11T00:00:00Z,18.9,-106.7,0,0,0,,,,0,False,no_candidate_within_1deg,False,,,,,,
100648,1988-10-11T03:00:00Z,18.5,-106.5,0,0,0,,,,0,False,no_candidate_within_1deg,False,,,,,,
100657,1988-11-04T03:00:00Z,-6.8,99.3,0,0,0,,,,0,False,no_candidate_within_1deg,False,,,,,,
100657,1988-11-04T06:00:00Z,-7.3,98.7,0,0,0,,,,0,False,no_candidate_within_1deg,False,,,,,,
100657,1988-11-04T09:00:00Z,-7.5,97.8,0,0,0,,,,0,False,no_candidate_within_1deg,False,,,,,,
100657,1988-11-04T12:00:00Z,-8.7,99.4,0,0,0,,,,0,False,no_candidate_within_1deg,False,,,,,,
100657,1988-11-04T15:00:00Z,-8.3,98.4,0,0,0,,,,0,False,no_candidate_within_1deg,False,,,,,,
100657,1988-11-04T18:00:00Z,-7.8,97.5,0,0,0,,,,0,False,no_candidate_within_1deg,False,,,,,,
100657,1988-11-04T21:00:00Z,-8.3,98.1,0,0,0,,,,0,False,no_candidate_within_1deg,False,,,,,,
100657,1988-11-05T00:00:00Z,-7.3,99.3,0,0,0,,,,0,False,no_candidate_within_1deg,False,,,,,,
100657,1988-11-05T03:00:00Z,-6.2,100.5,0,0,0,,,,0,False,no_candidate_within_1deg,False,,,,,,
100660,1988-11-20T15:00:00Z,6.2,104.1,0,0,0,,,,0,False,no_candidate_within_1deg,False,,,,,,
100660,1988-11-20T18:00:00Z,5.1,102.8,0,0,0,,,,0,False,no_candidate_within_1deg,False,,,,,,
100660,1988-11-20T21:00:00Z,4.0,101.4,1,1,0,380.7225530499667,116857.0,4753.0,0,False,no_candidate_within_1deg,False,,,,,,
100660,1988-11-21T00:00:00Z,2.9,100.1,1,1,0,389.3686821963641,116897.0,4753.0,0,False,no_candidate_within_1deg,False,,,,,,
100660,1988-11-21T03:00:00Z,3.6,99.6,1,1,0,291.94015122226523,116939.0,4753.0,0,False,no_candidate_within_1deg,False,,,,,,
100660,1988-11-21T06:00:00Z,4.3,99.0,1,1,0,260.721976901444,116979.0,4753.0,0,False,no_candidate_within_1deg,False,,,,,,
100660,1988-11-21T09:00:00Z,5.0,98.5,1,1,0,303.9914586451295,117016.0,4753.0,0,False,no_candidate_within_1deg,False,,,,,,
100660,1988-11-21T12:00:00Z,4.5,97.7,1,1,0,380.98291637110395,117052.0,4753.0,0,False,no_candidate_within_1deg,False,,,,,,
100660,1988-11-21T15:00:00Z,3.9,96.9,1,1,0,474.9846230901566,117089.0,4753.0,0,False,no_candidate_within_1deg,False,,,,,,
100668,1989-01-16T15:00:00Z,-9.3,83.5,0,0,0,,,,0,False,no_candidate_within_1deg,False,,,,,,
100668,1989-01-16T18:00:00Z,-8.8,83.5,0,0,0,,,,0,False,no_candidate_within_1deg,False,,,,,,
100668,1989-01-16T21:00:00Z,-8.2,83.4,0,0,0,,,,0,False,no_candidate_within_1deg,False,,,,,,
100668,1989-01-17T00:00:00Z,-7.8,83.4,0,0,0,,,,0,False,no_candidate_within_1deg,False,,,,,,
100668,1989-01-17T03:00:00Z,-7.5,83.3,0,0,0,,,,0,False,no_candidate_within_1deg,False,,,,,,
100668,1989-01-17T06:00:00Z,-7.1,83.3,0,0,0,,,,0,False,no_candidate_within_1deg,False,,,,,,
100668,1989-01-17T09:00:00Z,-7.6,83.1,0,0,0,,,,0,False,no_candidate_within_1deg,False,,,,,,
100668,1989-01-17T12:00:00Z,-10.7,83.4,0,0,0,,,,0,False,no_candidate_within_1deg,False,,,,,,
100668,1989-01-17T15:00:00Z,-13.0,83.8,0,0,0,,,,0,False,no_candidate_within_1deg,False,,,,,,
100679,1989-03-06T09:00:00Z,-13.7,44.0,0,0,0,,,,0,False,no_candidate_within_1deg,False,,,,,,
100679,1989-03-06T12:00:00Z,-12.8,44.2,0,0,0,,,,0,False,no_candidate_within_1deg,False,,,,,,
100679,1989-03-06T15:00:00Z,-11.9,44.4,0,0,0,,,,0,False,no_candidate_within_1deg,False,,,,,,
100679,1989-03-06T18:00:00Z,-12.3,43.9,0,0,0,,,,0,False,no_candidate_within_1deg,False,,,,,,
100679,1989-03-06T21:00:00Z,-12.7,43.3,0,0,0,,,,0,False,no_candidate_within_1deg,False,,,,,,
100679,1989-03-07T00:00:00Z,-13.0,42.8,0,0,0,,,,0,False,no_candidate_within_1deg,False,,,,,,
100679,1989-03-07T03:00:00Z,-13.4,42.2,0,0,0,,,,0,False,no_candidate_within_1deg,False,,,,,,
100679,1989-03-07T06:00:00Z,-14.8,42.6,0,0,0,,,,0,False,no_candidate_within_1deg,False,,,,,,
100679,1989-03-07T09:00:00Z,-16.8,41.8,0,0,0,,,,0,False,no_candidate_within_1deg,False,,,,,,
100690,1989-04-30T09:00:00Z,-4.5,163.5,0,0,0,,,,0,False,no_candidate_within_1deg,False,,,,,,
100690,1989-04-30T12:00:00Z,-5.1,163.6,0,0,0,,,,0,False,no_candidate_within_1deg,False,,,,,,
100690,1989-04-30T15:00:00Z,-5.4,162.7,0,0,0,,,,0,False,no_candidate_within_1deg,False,,,,,,
100690,1989-04-30T18:00:00Z,-5.7,161.7,0,0,0,,,,0,False,no_candidate_within_1deg,False,,,,,,
100690,1989-04-30T21:00:00Z,-6.0,160.8,0,0,0,,,,0,False,no_candidate_within_1deg,False,,,,,,
100690,1989-05-01T00:00:00Z,-5.5,161.2,0,0,0,,,,0,False,no_candidate_within_1deg,False,,,,,,
100690,1989-05-01T03:00:00Z,-7.0,160.9,0,0,0,,,,0,False,no_candidate_within_1deg,False,,,,,,
100690,1989-05-01T06:00:00Z,-7.6,161.0,0,0,0,,,,0,False,no_candidate_within_1deg,False,,,,,,
100690,1989-05-01T09:00:00Z,-8.1,161.1,0,0,0,,,,0,False,no_candidate_within_1deg,False,,,,,,
100691,1989-05-04T21:00:00Z,-9.0,-177.1,0,0,0,,,,0,False,no_candidate_within_1deg,False,,,,,,
100691,1989-05-05T00:00:00Z,-8.9,-176.6,0,0,0,,,,0,False,no_candidate_within_1deg,False,,,,,,
100691,1989-05-05T03:00:00Z,-8.3,-176.1,0,0,0,,,,0,False,no_candidate_within_1deg,False,,,,,,
100691,1989-05-05T06:00:00Z,-9.8,-177.4,0,0,0,,,,0,False,no_candidate_within_1deg,False,,,,,,
100691,1989-05-05T09:00:00Z,-11.2,-178.8,0,0,0,,,,0,False,no_candidate_within_1deg,False,,,,,,
100691,1989-05-05T12:00:00Z,-11.8,-179.3,0,0,0,,,,0,False,no_candidate_within_1deg,False,,,,,,
100691,1989-05-05T15:00:00Z,-11.7,-179.8,0,0,0,,,,0,False,no_candidate_within_1deg,False,,,,,,
100691,1989-05-05T18:00:00Z,-10.8,-179.6,0,0,0,,,,0,False,no_candidate_within_1deg,False,,,,,,
100691,1989-05-05T21:00:00Z,-11.1,-180.0,0,0,0,,,,0,False,no_candidate_within_1deg,False,,,,,,
100694,1989-05-21T21:00:00Z,15.6,90.7,1,1,0,342.6556978292894,51673.0,4756.0,0,False,no_candidate_within_1deg,False,,,,,,
100694,1989-05-22T00:00:00Z,15.8,91.7,1,1,0,404.0374040046473,51752.0,4756.0,0,False,no_candidate_within_1deg,False,,,,,,
100694,1989-05-22T03:00:00Z,16.6,91.8,1,1,0,392.5554092441566,51828.0,4756.0,0,False,no_candidate_within_1deg,False,,,,,,
100694,1989-05-22T06:00:00Z,17.4,91.9,1,1,0,383.7510124358448,51892.0,4756.0,0,False,no_candidate_within_1deg,False,,,,,,
100694,1989-05-22T09:00:00Z,16.9,94.0,1,1,0,507.3244865700136,51947.0,4756.0,0,False,no_candidate_within_1deg,False,,,,,,
100694,1989-05-22T12:00:00Z,16.2,93.3,1,1,0,393.39867430328115,52002.0,4756.0,0,False,no_candidate_within_1deg,False,,,,,,
100694,1989-05-22T15:00:00Z,15.4,92.7,1,1,0,249.38588662171168,52051.0,4756.0,0,False,no_candidate_within_1deg,False,,,,,,
100694,1989-05-22T18:00:00Z,16.2,92.4,1,1,0,158.5856880108359,52106.0,4756.0,0,False,no_candidate_within_1deg,False,,,,,,
100694,1989-05-22T21:00:00Z,16.3,92.5,1,1,0,118.92903212777267,52166.0,4756.0,0,False,no_candidate_within_1deg,False,,,,,,
100702,1989-06-23T15:00:00Z,25.8,-91.9,1,1,0,14367.96000613107,64666.0,4760.0,0,False,no_candidate_within_1deg,False,,,,,,
100702,1989-06-23T18:00:00Z,26.2,-90.8,1,1,0,14297.45257365486,64702.0,4760.0,0,False,no_candidate_within_1deg,False,,,,,,
100702,1989-06-23T21:00:00Z,25.5,-92.1,1,1,0,14376.902288486819,64742.0,4760.0,0,False,no_candidate_within_1deg,False,,,,,,
100702,1989-06-24T00:00:00Z,25.6,-92.6,1,1,0,14360.764740246006,64783.0,4760.0,0,False,no_candidate_within_1deg,False,,,,,,
100702,1989-06-24T03:00:00Z,26.0,-93.2,1,1,0,14323.848006866501,64814.0,4760.0,0,False,no_candidate_within_1deg,False,,,,,,
100702,1989-06-24T06:00:00Z,26.3,-93.9,1,1,0,14302.170563911997,64847.0,4760.0,0,False,no_candidate_within_1deg,False,,,,,,
100702,1989-06-24T09:00:00Z,26.7,-94.5,1,1,0,14283.89623335372,64878.0,4760.0,0,False,no_candidate_within_1deg,False,,,,,,
100702,1989-06-24T12:00:00Z,24.6,-94.8,1,1,0,14559.024494535457,64902.0,4760.0,0,False,no_candidate_within_1deg,False,,,,,,
100702,1989-06-24T15:00:00Z,26.5,-93.7,1,1,0,14353.003410581015,64920.0,4760.0,0,False,no_candidate_within_1deg,False,,,,,,
100704,1989-07-06T09:00:00Z,-11.0,87.3,0,0,0,,,,0,False,no_candidate_within_1deg,False,,,,,,
100704,1989-07-06T12:00:00Z,-10.4,85.3,0,0,0,,,,0,False,no_candidate_within_1deg,False,,,,,,
100704,1989-07-06T15:00:00Z,-9.8,85.1,0,0,0,,,,0,False,no_candidate_within_1deg,False,,,,,,
100704,1989-07-06T18:00:00Z,-9.1,85.0,0,0,0,,,,0,False,no_candidate_within_1deg,False,,,,,,
100704,1989-07-06T21:00:00Z,-8.5,84.8,0,0,0,,,,0,False,no_candidate_within_1deg,False,,,,,,
100704,1989-07-07T00:00:00Z,-8.7,84.6,0,0,0,,,,0,False,no_candidate_within_1deg,False,,,,,,
100704,1989-07-07T03:00:00Z,-8.9,84.4,0,0,0,,,,0,False,no_candidate_within_1deg,False,,,,,,
100704,1989-07-07T06:00:00Z,-9.0,84.2,0,0,0,,,,0,False,no_candidate_within_1deg,False,,,,,,
100704,1989-07-07T09:00:00Z,-9.2,84.0,0,0,0,,,,0,False,no_candidate_within_1deg,False,,,,,,
100723,1989-07-30T03:00:00Z,12.4,-33.9,2,1,1,13219.24619740051,78417.0,4774.0,0,False,no_candidate_within_1deg,False,,,,,,
100723,1989-07-30T06:00:00Z,12.8,-34.8,2,2,0,10793.047070390845,78469.0,4766.0,0,False,no_candidate_within_1deg,False,,,,,,
100723,1989-07-30T09:00:00Z,13.1,-35.7,2,2,0,10835.067118020585,78516.0,4766.0,0,False,no_candidate_within_1deg,False,,,,,,
100723,1989-07-30T12:00:00Z,13.6,-36.6,2,1,1,13485.996478230505,78569.0,4774.0,0,False,no_candidate_within_1deg,False,,,,,,
100723,1989-07-30T15:00:00Z,13.9,-37.4,2,1,1,10948.223703050366,78617.0,4766.0,0,False,no_candidate_within_1deg,False,,,,,,
100723,1989-07-30T18:00:00Z,14.2,-38.2,1,1,0,13374.069104173197,78678.0,4774.0,0,False,no_candidate_within_1deg,False,,,,,,
100723,1989-07-30T21:00:00Z,14.5,-39.1,1,1,0,13449.755795000194,78735.0,4774.0,0,False,no_candidate_within_1deg,False,,,,,,
100723,1989-07-31T00:00:00Z,14.7,-40.0,1,1,0,13503.007129529824,78786.0,4774.0,0,False,no_candidate_within_1deg,False,,,,,,
100723,1989-07-31T03:00:00Z,14.6,-41.1,1,1,0,13620.516151476824,78850.0,4774.0,0,False,no_candidate_within_1deg,False,,,,,,
100726,1989-08-07T21:00:00Z,8.5,145.4,1,1,0,7167.879974521898,81526.0,4776.0,0,False,no_candidate_within_1deg,False,,,,,,
100726,1989-08-08T00:00:00Z,8.5,147.7,1,1,0,7389.861840373397,81569.0,4776.0,0,False,no_candidate_within_1deg,False,,,,,,
100726,1989-08-08T03:00:00Z,7.5,148.1,1,1,0,7451.9978336113,81610.0,4776.0,0,False,no_candidate_within_1deg,False,,,,,,
100726,1989-08-08T06:00:00Z,6.4,148.5,1,1,0,7533.113732782435,81647.0,4776.0,0,False,no_candidate_within_1deg,False,,,,,,
100726,1989-08-08T09:00:00Z,5.4,148.9,1,1,0,7569.979537974841,81682.0,4776.0,0,False,no_candidate_within_1deg,False,,,,,,
100726,1989-08-08T12:00:00Z,6.7,148.6,1,1,0,7452.011443189476,81714.0,4776.0,0,False,no_candidate_within_1deg,False,,,,,,
100726,1989-08-08T15:00:00Z,6.1,147.7,1,0,1,,,,0,False,no_candidate_within_1deg,False,,,,,,
100726,1989-08-08T18:00:00Z,7.5,148.0,1,1,0,7291.081360057504,81795.0,4776.0,0,False,no_candidate_within_1deg,False,,,,,,
100726,1989-08-08T21:00:00Z,8.9,148.3,1,1,0,7128.635038984655,81829.0,4776.0,0,False,no_candidate_within_1deg,False,,,,,,
100728,1989-08-13T12:00:00Z,11.0,-122.3,2,2,0,15222.047861962015,83483.0,4781.0,0,False,no_candidate_within_1deg,False,,,,,,
100728,1989-08-13T15:00:00Z,11.0,-122.2,2,2,0,15261.101018222662,83540.0,4781.0,0,False,no_candidate_within_1deg,False,,,,,,
100728,1989-08-13T18:00:00Z,10.9,-122.2,2,2,0,15260.595344928284,83602.0,4781.0,0,False,no_candidate_within_1deg,False,,,,,,
100728,1989-08-13T21:00:00Z,10.9,-122.1,2,2,0,15254.313651776893,83666.0,4781.0,0,False,no_candidate_within_1deg,False,,,,,,
100728,1989-08-14T00:00:00Z,10.8,-122.1,2,2,0,15297.92477356732,83731.0,4781.0,0,False,no_candidate_within_1deg,False,,,,,,
100728,1989-08-14T03:00:00Z,11.3,-123.2,2,2,0,15201.576264035024,83795.0,4781.0,0,False,no_candidate_within_1deg,False,,,,,,
100728,1989-08-14T06:00:00Z,10.7,-123.0,2,1,1,15282.135495813069,83843.0,4781.0,0,False,no_candidate_within_1deg,False,,,,,,
100728,1989-08-14T09:00:00Z,10.9,-123.9,2,2,0,15222.348032198479,83887.0,4781.0,0,False,no_candidate_within_1deg,False,,,,,,
100728,1989-08-14T12:00:00Z,14.8,-123.9,2,2,0,14851.682066847754,83932.0,4781.0,0,False,no_candidate_within_1deg,False,,,,,,
100728,1989-08-14T15:00:00Z,15.0,-124.9,2,2,0,14791.313978695902,83978.0,4781.0,0,False,no_candidate_within_1deg,False,,,,,,
100732,1989-08-16T21:00:00Z,11.3,-16.6,2,2,0,9482.461709334382,84639.0,4781.0,0,False,no_candidate_within_1deg,False,,,,,,
100732,1989-08-17T00:00:00Z,11.3,-16.6,2,1,1,10800.396720299963,84672.0,4782.0,0,False,no_candidate_within_1deg,False,,,,,,
100732,1989-08-17T03:00:00Z,12.6,-18.3,2,1,1,10889.436840915701,84719.0,4782.0,0,False,no_candidate_within_1deg,False,,,,,,
100732,1989-08-17T06:00:00Z,13.1,-19.4,2,2,0,9514.382751207975,84776.0,4781.0,0,False,no_candidate_within_1deg,False,,,,,,
100732,1989-08-17T09:00:00Z,13.8,-20.3,2,2,0,9504.97633707081,84820.0,4781.0,0,False,no_candidate_within_1deg,False,,,,,,
100732,1989-08-17T12:00:00Z,14.1,-21.0,2,2,0,9516.491872823088,84856.0,4781.0,0,False,no_candidate_within_1deg,False,,,,,,
100732,1989-08-17T15:00:00Z,14.4,-21.6,1,1,0,11018.703454973334,84887.0,4782.0,0,False,no_candidate_within_1deg,False,,,,,,
100732,1989-08-17T18:00:00Z,14.7,-22.3,1,1,0,11027.30484838326,84926.0,4782.0,0,False,no_candidate_within_1deg,False,,,,,,
100732,1989-08-17T21:00:00Z,11.7,-23.8,1,1,0,11248.682008646509,84974.0,4782.0,0,False,no_candidate_within_1deg,False,,,,,,
100735,1989-08-21T15:00:00Z,25.8,124.7,1,1,0,3884.216088160887,86139.0,4784.0,0,False,no_candidate_within_1deg,False,,,,,,
100735,1989-08-21T18:00:00Z,25.9,123.8,1,1,0,3785.439272670425,86182.0,4784.0,0,False,no_candidate_within_1deg,False,,,,,,
100735,1989-08-21T21:00:00Z,26.7,123.8,1,1,0,3784.3662545499283,86227.0,4784.0,0,False,no_candidate_within_1deg,False,,,,,,
100735,1989-08-22T00:00:00Z,27.4,123.7,1,1,0,3762.1606690992085,86275.0,4784.0,0,False,no_candidate_within_1deg,False,,,,,,
100735,1989-08-22T03:00:00Z,27.7,124.4,1,1,0,3852.3942318020786,86326.0,4784.0,0,False,no_candidate_within_1deg,False,,,,,,
100735,1989-08-22T06:00:00Z,27.8,125.0,1,1,0,3935.661585814727,86381.0,4784.0,0,False,no_candidate_within_1deg,False,,,,,,
100735,1989-08-22T09:00:00Z,27.9,125.7,1,1,0,4019.742805866069,86435.0,4784.0,0,False,no_candidate_within_1deg,False,,,,,,
100735,1989-08-22T12:00:00Z,27.6,125.2,1,1,0,3951.55072179632,86483.0,4784.0,0,False,no_candidate_within_1deg,False,,,,,,
100735,1989-08-22T15:00:00Z,27.2,124.8,1,1,0,3946.0922339918106,86530.0,4784.0,0,False,no_candidate_within_1deg,False,,,,,,
100743,1989-09-01T21:00:00Z,17.0,159.7,1,1,0,8332.884858652847,89961.0,4794.0,0,False,no_candidate_within_1deg,False,,,,,,
100743,1989-09-02T00:00:00Z,16.4,157.6,1,1,0,8175.325126589775,90003.0,4794.0,0,False,no_candidate_within_1deg,False,,,,,,
100743,1989-09-02T03:00:00Z,15.8,155.6,1,1,0,8010.5487389828595,90044.0,4794.0,0,False,no_candidate_within_1deg,False,,,,,,
100743,1989-09-02T06:00:00Z,17.6,156.7,1,1,0,8048.159691337666,90083.0,4794.0,0,False,no_candidate_within_1deg,False,,,,,,
100743,1989-09-02T09:00:00Z,16.4,157.5,1,1,0,8198.524571261752,90112.0,4794.0,0,False,no_candidate_within_1deg,False,,,,,,
100743,1989-09-02T12:00:00Z,16.7,158.5,1,1,0,8299.266231538599,90146.0,4794.0,0,False,no_candidate_within_1deg,False,,,,,,
100743,1989-09-02T15:00:00Z,17.4,158.9,1,1,0,8287.596460517872,90181.0,4794.0,0,False,no_candidate_within_1deg,False,,,,,,
100743,1989-09-02T18:00:00Z,16.7,158.9,1,1,0,8300.872468727606,90216.0,4794.0,0,False,no_candidate_within_1deg,False,,,,,,
100743,1989-09-02T21:00:00Z,16.7,158.7,1,1,0,8258.030352884583,90259.0,4794.0,0,False,no_candidate_within_1deg,False,,,,,,
100764,1989-10-14T21:00:00Z,13.2,-114.1,1,1,0,15751.20689521548,103418.0,4808.0,0,False,no_candidate_within_1deg,False,,,,,,
100764,1989-10-15T00:00:00Z,13.8,-114.1,1,1,0,15753.844691722605,103457.0,4808.0,0,False,no_candidate_within_1deg,False,,,,,,
100764,1989-10-15T03:00:00Z,14.3,-114.1,1,1,0,15708.652866402148,103492.0,4808.0,0,False,no_candidate_within_1deg,False,,,,,,
100764,1989-10-15T06:00:00Z,13.9,-115.5,1,1,0,15580.167222490101,103531.0,4808.0,0,False,no_candidate_within_1deg,False,,,,,,
100764,1989-10-15T09:00:00Z,13.6,-116.8,1,1,0,15507.470299460934,103574.0,4808.0,0,False,no_candidate_within_1deg,False,,,,,,
100764,1989-10-15T12:00:00Z,13.2,-118.2,1,1,0,15434.992363196854,103613.0,4808.0,0,False,no_candidate_within_1deg,False,,,,,,
100764,1989-10-15T15:00:00Z,13.0,-117.1,1,1,0,15517.348426525872,103648.0,4808.0,0,False,no_candidate_within_1deg,False,,,,,,
100764,1989-10-15T18:00:00Z,10.8,-116.2,1,1,0,15739.00327882576,103688.0,4808.0,0,False,no_candidate_within_1deg,False,,,,,,
100764,1989-10-15T21:00:00Z,12.2,-116.8,1,1,0,15630.448113454786,103727.0,4808.0,0,False,no_candidate_within_1deg,False,,,,,,
100768,1989-11-03T15:00:00Z,-6.4,104.4,0,0,0,,,,0,False,no_candidate_within_1deg,False,,,,,,
100768,1989-11-03T18:00:00Z,-6.7,103.6,0,0,0,,,,0,False,no_candidate_within_1deg,False,,,,,,
100768,1989-11-03T21:00:00Z,-6.7,102.7,0,0,0,,,,0,False,no_candidate_within_1deg,False,,,,,,
100768,1989-11-04T00:00:00Z,-7.0,101.3,0,0,0,,,,0,False,no_candidate_within_1deg,False,,,,,,
100768,1989-11-04T03:00:00Z,-7.5,101.9,0,0,0,,,,0,False,no_candidate_within_1deg,False,,,,,,
100768,1989-11-04T06:00:00Z,-7.9,102.5,0,0,0,,,,0,False,no_candidate_within_1deg,False,,,,,,
100768,1989-11-04T09:00:00Z,-7.7,103.9,0,0,0,,,,0,False,no_candidate_within_1deg,False,,,,,,
100768,1989-11-04T12:00:00Z,-7.5,105.2,0,0,0,,,,0,False,no_candidate_within_1deg,False,,,,,,
100768,1989-11-04T15:00:00Z,-7.1,103.9,0,0,0,,,,0,False,no_candidate_within_1deg,False,,,,,,
100773,1989-12-11T03:00:00Z,-6.9,131.9,0,0,0,,,,0,False,no_candidate_within_1deg,False,,,,,,
100773,1989-12-11T06:00:00Z,-5.5,133.2,0,0,0,,,,0,False,no_candidate_within_1deg,False,,,,,,
100773,1989-12-11T09:00:00Z,-6.6,133.5,0,0,0,,,,0,False,no_candidate_within_1deg,False,,,,,,
100773,1989-12-11T12:00:00Z,-7.8,133.8,0,0,0,,,,0,False,no_candidate_within_1deg,False,,,,,,
100773,1989-12-11T15:00:00Z,-9.0,134.1,0,0,0,,,,0,False,no_candidate_within_1deg,False,,,,,,
100773,1989-12-11T18:00:00Z,-10.1,134.4,0,0,0,,,,0,False,no_candidate_within_1deg,False,,,,,,
100773,1989-12-11T21:00:00Z,-10.3,134.2,0,0,0,,,,0,False,no_candidate_within_1deg,False,,,,,,
100773,1989-12-12T00:00:00Z,-10.4,133.9,0,0,0,,,,0,False,no_candidate_within_1deg,False,,,,,,
100773,1989-12-12T03:00:00Z,-8.9,134.4,0,0,0,,,,0,False,no_candidate_within_1deg,False,,,,,,
100788,1990-02-28T03:00:00Z,-10.8,176.4,0,0,0,,,,0,False,no_candidate_within_1deg,False,,,,,,
100788,1990-02-28T06:00:00Z,-11.0,176.0,0,0,0,,,,0,False,no_candidate_within_1deg,False,,,,,,
100788,1990-02-28T09:00:00Z,-12.3,174.6,0,0,0,,,,0,False,no_candidate_within_1deg,False,,,,,,
100788,1990-02-28T12:00:00Z,-12.2,174.3,0,0,0,,,,0,False,no_candidate_within_1deg,False,,,,,,
100788,1990-02-28T15:00:00Z,-12.6,173.3,0,0,0,,,,0,False,no_candidate_within_1deg,False,,,,,,
100788,1990-02-28T18:00:00Z,-13.0,172.2,0,0,0,,,,0,False,no_candidate_within_1deg,False,,,,,,
100788,1990-02-28T21:00:00Z,-13.5,171.1,0,0,0,,,,0,False,no_candidate_within_1deg,False,,,,,,
100788,1990-03-01T00:00:00Z,-14.1,169.9,0,0,0,,,,0,False,no_candidate_within_1deg,False,,,,,,
100788,1990-03-01T03:00:00Z,-14.6,168.8,0,0,0,,,,0,False,no_candidate_within_1deg,False,,,,,,
100797,1990-04-25T21:00:00Z,3.6,148.9,0,0,0,,,,0,False,no_candidate_within_1deg,False,,,,,,
100797,1990-04-26T00:00:00Z,2.9,148.4,0,0,0,,,,0,False,no_candidate_within_1deg,False,,,,,,
100797,1990-04-26T03:00:00Z,2.2,147.9,0,0,0,,,,0,False,no_candidate_within_1deg,False,,,,,,
100797,1990-04-26T06:00:00Z,3.1,147.3,0,0,0,,,,0,False,no_candidate_within_1deg,False,,,,,,
100797,1990-04-26T09:00:00Z,3.8,151.2,0,0,0,,,,0,False,no_candidate_within_1deg,False,,,,,,
100797,1990-04-26T12:00:00Z,4.6,150.8,0,0,0,,,,0,False,no_candidate_within_1deg,False,,,,,,
100797,1990-04-26T15:00:00Z,5.4,150.3,0,0,0,,,,0,False,no_candidate_within_1deg,False,,,,,,
100797,1990-04-26T18:00:00Z,5.4,151.0,0,0,0,,,,0,False,no_candidate_within_1deg,False,,,,,,
100797,1990-04-26T21:00:00Z,5.4,151.7,0,0,0,,,,0,False,no_candidate_within_1deg,False,,,,,,
100809,1990-06-18T21:00:00Z,11.3,140.8,2,2,0,5687.274900596133,60593.0,4819.0,0,False,no_candidate_within_1deg,False,,,,,,
100809,1990-06-19T00:00:00Z,10.5,141.8,1,0,1,,,,0,False,no_candidate_within_1deg,False,,,,,,
100809,1990-06-19T03:00:00Z,9.8,142.8,1,1,0,6124.6860043729685,60719.0,4817.0,0,False,no_candidate_within_1deg,False,,,,,,
100809,1990-06-19T06:00:00Z,9.0,143.8,1,0,1,,,,0,False,no_candidate_within_1deg,False,,,,,,
100809,1990-06-19T09:00:00Z,9.5,143.8,0,0,0,,,,0,False,no_candidate_within_1deg,False,,,,,,
100809,1990-06-19T12:00:00Z,10.1,143.8,0,0,0,,,,0,False,no_candidate_within_1deg,False,,,,,,
100809,1990-06-19T15:00:00Z,10.7,143.8,0,0,0,,,,0,False,no_candidate_within_1deg,False,,,,,,
100809,1990-06-19T18:00:00Z,11.2,143.8,0,0,0,,,,0,False,no_candidate_within_1deg,False,,,,,,
100809,1990-06-19T21:00:00Z,10.8,147.5,0,0,0,,,,0,False,no_candidate_within_1deg,False,,,,,,
100823,1990-07-29T21:00:00Z,7.8,-19.1,1,0,1,,,,0,False,no_candidate_within_1deg,False,,,,,,
100823,1990-07-30T00:00:00Z,8.5,-19.6,1,0,1,,,,0,False,no_candidate_within_1deg,False,,,,,,
100823,1990-07-30T03:00:00Z,7.8,-20.9,1,0,1,,,,0,False,no_candidate_within_1deg,False,,,,,,
100823,1990-07-30T06:00:00Z,8.0,-21.0,1,1,0,11183.922741889868,75500.0,4850.0,0,False,no_candidate_within_1deg,False,,,,,,
100823,1990-07-30T09:00:00Z,10.1,-20.5,1,0,1,,,,0,False,no_candidate_within_1deg,False,,,,,,
100823,1990-07-30T12:00:00Z,8.9,-21.9,1,0,1,,,,0,False,no_candidate_within_1deg,False,,,,,,
100823,1990-07-30T15:00:00Z,9.2,-22.3,1,0,1,,,,0,False,no_candidate_within_1deg,False,,,,,,
100823,1990-07-30T18:00:00Z,8.4,-22.9,1,1,0,11278.17734419928,75703.0,4850.0,0,False,no_candidate_within_1deg,False,,,,,,
100823,1990-07-30T21:00:00Z,8.4,-24.0,1,1,0,11331.501148876501,75761.0,4850.0,0,False,no_candidate_within_1deg,False,,,,,,
100825,1990-08-02T21:00:00Z,17.7,-69.2,2,1,1,14358.777623229471,77037.0,4853.0,0,False,no_candidate_within_1deg,False,,,,,,
100825,1990-08-03T00:00:00Z,18.4,-69.9,2,1,1,14324.884269612041,77069.0,4853.0,0,False,no_candidate_within_1deg,False,,,,,,
100825,1990-08-03T03:00:00Z,18.0,-71.3,2,0,2,,,,0,False,no_candidate_within_1deg,False,,,,,,
100825,1990-08-03T06:00:00Z,17.6,-72.8,2,1,1,14469.495893770538,77123.0,4853.0,0,False,no_candidate_within_1deg,False,,,,,,
100825,1990-08-03T09:00:00Z,17.2,-74.2,2,1,1,14296.247302877116,77157.0,4852.0,0,False,no_candidate_within_1deg,False,,,,,,
100825,1990-08-03T12:00:00Z,16.8,-75.6,2,2,0,14398.0826236742,77195.0,4852.0,0,False,no_candidate_within_1deg,False,,,,,,
100825,1990-08-03T15:00:00Z,17.2,-75.7,2,2,0,14347.630742130941,77234.0,4852.0,0,False,no_candidate_within_1deg,False,,,,,,
100825,1990-08-03T18:00:00Z,18.9,-75.9,2,2,0,14201.309756421466,77278.0,4852.0,0,False,no_candidate_within_1deg,False,,,,,,
100825,1990-08-03T21:00:00Z,16.4,-77.2,2,2,0,14507.855187010295,77326.0,4852.0,0,False,no_candidate_within_1deg,False,,,,,,
100827,1990-08-05T15:00:00Z,6.6,-144.4,1,1,0,14472.580083770268,78063.0,4852.0,0,False,no_candidate_within_1deg,False,,,,,,
100827,1990-08-05T18:00:00Z,6.9,-144.8,1,1,0,14437.625463743603,78107.0,4852.0,0,False,no_candidate_within_1deg,False,,,,,,
100827,1990-08-05T21:00:00Z,7.8,-145.1,1,1,0,14328.815159455562,78158.0,4852.0,0,False,no_candidate_within_1deg,False,,,,,,
100827,1990-08-06T00:00:00Z,10.4,-145.1,1,1,0,14180.891940190088,78210.0,4852.0,0,False,no_candidate_within_1deg,False,,,,,,
100827,1990-08-06T03:00:00Z,11.0,-144.9,1,1,0,14224.133300710739,78260.0,4852.0,0,False,no_candidate_within_1deg,False,,,,,,
100827,1990-08-06T06:00:00Z,11.5,-144.6,1,1,0,14272.886195949086,78307.0,4852.0,0,False,no_candidate_within_1deg,False,,,,,,
100827,1990-08-06T09:00:00Z,10.4,-145.9,1,1,0,14259.020334424502,78346.0,4852.0,0,False,no_candidate_within_1deg,False,,,,,,
100827,1990-08-06T12:00:00Z,9.2,-147.1,1,1,0,14276.444081019072,78384.0,4852.0,0,False,no_candidate_within_1deg,False,,,,,,
100827,1990-08-06T15:00:00Z,8.1,-148.4,1,1,0,14271.73748098018,78416.0,4852.0,0,False,no_candidate_within_1deg,False,,,,,,
100832,1990-08-15T09:00:00Z,9.4,-110.1,1,1,0,16536.491057000734,81770.0,4856.0,0,False,no_candidate_within_1deg,False,,,,,,
100832,1990-08-15T12:00:00Z,9.6,-111.0,1,1,0,16513.056176384867,81814.0,4856.0,0,False,no_candidate_within_1deg,False,,,,,,
100832,1990-08-15T15:00:00Z,9.8,-111.9,1,1,0,16442.31290501945,81858.0,4856.0,0,False,no_candidate_within_1deg,False,,,,,,
100832,1990-08-15T18:00:00Z,10.0,-112.8,1,1,0,16375.405043481269,81902.0,4856.0,0,False,no_candidate_within_1deg,False,,,,,,
100832,1990-08-15T21:00:00Z,10.0,-111.3,3,2,1,16340.536415612563,81951.0,4860.0,0,False,no_candidate_within_1deg,False,,,,,,
100832,1990-08-16T00:00:00Z,9.9,-109.9,3,2,1,16382.466608106975,82008.0,4860.0,0,False,no_candidate_within_1deg,False,,,,,,
100832,1990-08-16T03:00:00Z,9.6,-109.0,3,2,1,16401.893616581878,82059.0,4860.0,0,False,no_candidate_within_1deg,False,,,,,,
100832,1990-08-16T06:00:00Z,9.9,-109.9,3,2,1,16265.91483559168,82113.0,4860.0,0,False,no_candidate_within_1deg,False,,,,,,
100832,1990-08-16T09:00:00Z,9.9,-110.9,3,2,1,16165.434862543218,82162.0,4860.0,0,False,no_candidate_within_1deg,False,,,,,,
100845,1990-09-06T09:00:00Z,11.2,-121.8,2,1,1,15443.385446659091,89138.0,4878.0,0,False,no_candidate_within_1deg,False,,,,,,
100845,1990-09-06T12:00:00Z,11.1,-120.6,2,1,1,15476.809283936462,89179.0,4878.0,0,False,no_candidate_within_1deg,False,,,,,,
100845,1990-09-06T15:00:00Z,10.9,-121.8,3,2,1,15358.176410971631,89218.0,4878.0,0,False,no_candidate_within_1deg,False,,,,,,
100845,1990-09-06T18:00:00Z,11.1,-122.2,3,1,2,15486.725544975308,89259.0,4883.0,0,False,no_candidate_within_1deg,False,,,,,,
100845,1990-09-06T21:00:00Z,11.6,-122.6,3,2,1,15231.855143831428,89302.0,4878.0,0,False,no_candidate_within_1deg,False,,,,,,
100845,1990-09-07T00:00:00Z,12.2,-123.0,2,1,1,15319.199708821492,89337.0,4883.0,0,False,no_candidate_within_1deg,False,,,,,,
100845,1990-09-07T03:00:00Z,12.7,-123.4,2,1,1,15124.16729626614,89377.0,4882.0,0,False,no_candidate_within_1deg,False,,,,,,
100845,1990-09-07T06:00:00Z,13.0,-124.0,2,1,1,15111.036969686924,89408.0,4882.0,0,False,no_candidate_within_1deg,False,,,,,,
100845,1990-09-07T09:00:00Z,13.2,-124.7,2,1,1,15055.220379809987,89434.0,4882.0,0,False,no_candidate_within_1deg,False,,,,,,
100849,1990-09-17T09:00:00Z,15.6,-38.5,1,1,0,12100.83561958981,92453.0,4887.0,0,False,no_candidate_within_1deg,False,,,,,,
100849,1990-09-17T12:00:00Z,15.2,-39.9,1,1,0,12271.029061601253,92504.0,4887.0,0,False,no_candidate_within_1deg,False,,,,,,
100849,1990-09-17T15:00:00Z,15.5,-42.0,1,1,0,12451.606553254473,92555.0,4887.0,0,False,no_candidate_within_1deg,False,,,,,,
100849,1990-09-17T18:00:00Z,16.1,-43.0,1,1,0,12490.58627578768,92601.0,4887.0,0,False,no_candidate_within_1deg,False,,,,,,
100849,1990-09-17T21:00:00Z,15.4,-42.9,1,1,0,12534.820392093461,92655.0,4887.0,0,False,no_candidate_within_1deg,False,,,,,,
100849,1990-09-18T00:00:00Z,15.8,-44.3,1,1,0,12625.8375065293,92712.0,4887.0,0,False,no_candidate_within_1deg,False,,,,,,
100849,1990-09-18T03:00:00Z,15.5,-44.1,1,1,0,12718.51383432532,92765.0,4887.0,0,False,no_candidate_within_1deg,False,,,,,,
100849,1990-09-18T06:00:00Z,15.8,-45.1,1,1,0,12790.550881671756,92815.0,4887.0,0,False,no_candidate_within_1deg,False,,,,,,
100849,1990-09-18T09:00:00Z,16.2,-45.5,1,1,0,12805.32283746438,92863.0,4887.0,0,False,no_candidate_within_1deg,False,,,,,,
100854,1990-09-27T03:00:00Z,8.4,154.2,1,1,0,8518.00448843392,95698.0,4889.0,0,False,no_candidate_within_1deg,False,,,,,,
100854,1990-09-27T06:00:00Z,9.0,153.5,1,1,0,8409.79071114834,95727.0,4889.0,0,False,no_candidate_within_1deg,False,,,,,,
100854,1990-09-27T09:00:00Z,9.6,152.9,1,1,0,8308.55199801112,95758.0,4889.0,0,False,no_candidate_within_1deg,False,,,,,,
100854,1990-09-27T12:00:00Z,9.6,152.2,1,1,0,8207.47343775287,95787.0,4889.0,0,False,no_candidate_within_1deg,False,,,,,,
100854,1990-09-27T15:00:00Z,8.7,151.6,1,1,0,8135.137831299882,95822.0,4889.0,0,False,no_candidate_within_1deg,False,,,,,,
100854,1990-09-27T18:00:00Z,8.9,150.9,1,1,0,8023.05940786508,95869.0,4889.0,0,False,no_candidate_within_1deg,False,,,,,,
100854,1990-09-27T21:00:00Z,10.2,154.7,1,1,0,8339.901465487002,95915.0,4889.0,0,False,no_candidate_within_1deg,False,,,,,,
100854,1990-09-28T00:00:00Z,10.0,154.0,1,1,0,8239.002470830279,95956.0,4889.0,0,False,no_candidate_within_1deg,False,,,,,,
100854,1990-09-28T03:00:00Z,9.7,153.4,1,1,0,8164.0930824164225,95992.0,4889.0,0,False,no_candidate_within_1deg,False,,,,,,
100862,1990-10-12T09:00:00Z,11.7,159.4,0,0,0,,,,0,False,no_candidate_within_1deg,False,,,,,,
100862,1990-10-12T12:00:00Z,11.9,159.4,0,0,0,,,,0,False,no_candidate_within_1deg,False,,,,,,
100862,1990-10-12T15:00:00Z,12.6,158.9,0,0,0,,,,0,False,no_candidate_within_1deg,False,,,,,,
100862,1990-10-12T18:00:00Z,13.3,158.4,0,0,0,,,,0,False,no_candidate_within_1deg,False,,,,,,
100862,1990-10-12T21:00:00Z,13.9,157.8,0,0,0,,,,0,False,no_candidate_within_1deg,False,,,,,,
100862,1990-10-13T00:00:00Z,14.6,157.3,0,0,0,,,,0,False,no_candidate_within_1deg,False,,,,,,
100862,1990-10-13T03:00:00Z,15.0,157.5,0,0,0,,,,0,False,no_candidate_within_1deg,False,,,,,,
100862,1990-10-13T06:00:00Z,13.9,157.8,0,0,0,,,,0,False,no_candidate_within_1deg,False,,,,,,
100862,1990-10-13T09:00:00Z,13.9,156.1,0,0,0,,,,0,False,no_candidate_within_1deg,False,,,,,,
100867,1990-10-20T15:00:00Z,9.5,-97.7,0,0,0,,,,0,False,no_candidate_within_1deg,False,,,,,,
100867,1990-10-20T18:00:00Z,11.1,-97.9,0,0,0,,,,0,False,no_candidate_within_1deg,False,,,,,,
100867,1990-10-20T21:00:00Z,12.6,-98.1,0,0,0,,,,0,False,no_candidate_within_1deg,False,,,,,,
100867,1990-10-21T00:00:00Z,12.6,-98.6,0,0,0,,,,0,False,no_candidate_within_1deg,False,,,,,,
100867,1990-10-21T03:00:00Z,13.0,-98.7,0,0,0,,,,0,False,no_candidate_within_1deg,False,,,,,,
100867,1990-10-21T06:00:00Z,13.3,-98.9,0,0,0,,,,0,False,no_candidate_within_1deg,False,,,,,,
100867,1990-10-21T09:00:00Z,13.7,-99.0,0,0,0,,,,0,False,no_candidate_within_1deg,False,,,,,,
100867,1990-10-21T12:00:00Z,12.8,-99.5,0,0,0,,,,0,False,no_candidate_within_1deg,False,,,,,,
100867,1990-10-21T15:00:00Z,12.0,-100.1,0,0,0,,,,0,False,no_candidate_within_1deg,False,,,,,,
100873,1990-11-22T03:00:00Z,-14.9,172.9,0,0,0,,,,0,False,no_candidate_within_1deg,False,,,,,,
100873,1990-11-22T06:00:00Z,-14.3,172.5,0,0,0,,,,0,False,no_candidate_within_1deg,False,,,,,,
100873,1990-11-22T09:00:00Z,-13.7,172.1,0,0,0,,,,0,False,no_candidate_within_1deg,False,,,,,,
100873,1990-11-22T12:00:00Z,-13.0,171.7,0,0,0,,,,0,False,no_candidate_within_1deg,False,,,,,,
100873,1990-11-22T15:00:00Z,-12.4,171.3,0,0,0,,,,0,False,no_candidate_within_1deg,False,,,,,,
100873,1990-11-22T18:00:00Z,-11.8,171.7,0,0,0,,,,0,False,no_candidate_within_1deg,False,,,,,,
100873,1990-11-22T21:00:00Z,-11.1,172.0,0,0,0,,,,0,False,no_candidate_within_1deg,False,,,,,,
100873,1990-11-23T00:00:00Z,-9.0,173.5,0,0,0,,,,0,False,no_candidate_within_1deg,False,,,,,,
100873,1990-11-23T03:00:00Z,-9.0,173.8,0,0,0,,,,0,False,no_candidate_within_1deg,False,,,,,,
100880,1991-01-11T21:00:00Z,-4.2,94.2,0,0,0,,,,0,False,no_candidate_within_1deg,False,,,,,,
100880,1991-01-12T00:00:00Z,-4.9,95.1,0,0,0,,,,0,False,no_candidate_within_1deg,False,,,,,,
100880,1991-01-12T03:00:00Z,-5.5,96.0,0,0,0,,,,0,False,no_candidate_within_1deg,False,,,,,,
100880,1991-01-12T06:00:00Z,-6.2,96.9,0,0,0,,,,0,False,no_candidate_within_1deg,False,,,,,,
100880,1991-01-12T09:00:00Z,-6.4,97.4,0,0,0,,,,0,False,no_candidate_within_1deg,False,,,,,,
100880,1991-01-12T12:00:00Z,-6.6,98.0,0,0,0,,,,0,False,no_candidate_within_1deg,False,,,,,,
100880,1991-01-12T15:00:00Z,-6.7,98.5,0,0,0,,,,0,False,no_candidate_within_1deg,False,,,,,,
100880,1991-01-12T18:00:00Z,-6.9,99.1,0,0,0,,,,0,False,no_candidate_within_1deg,False,,,,,,
100880,1991-01-12T21:00:00Z,-6.4,97.7,0,0,0,,,,0,False,no_candidate_within_1deg,False,,,,,,
100884,1991-02-14T21:00:00Z,-16.7,43.7,0,0,0,,,,0,False,no_candidate_within_1deg,False,,,,,,
100884,1991-02-15T00:00:00Z,-15.5,42.7,0,0,0,,,,0,False,no_candidate_within_1deg,False,,,,,,
100884,1991-02-15T03:00:00Z,-14.3,41.7,0,0,0,,,,0,False,no_candidate_within_1deg,False,,,,,,
100884,1991-02-15T06:00:00Z,-16.5,42.0,0,0,0,,,,0,False,no_candidate_within_1deg,False,,,,,,
100884,1991-02-15T09:00:00Z,-18.7,42.3,0,0,0,,,,0,False,no_candidate_within_1deg,False,,,,,,
100884,1991-02-15T12:00:00Z,-19.5,43.0,0,0,0,,,,0,False,no_candidate_within_1deg,False,,,,,,
100884,1991-02-15T15:00:00Z,-15.8,43.0,0,0,0,,,,0,False,no_candidate_within_1deg,False,,,,,,
100884,1991-02-15T18:00:00Z,-17.3,42.2,0,0,0,,,,0,False,no_candidate_within_1deg,False,,,,,,
100884,1991-02-15T21:00:00Z,-17.6,42.2,0,0,0,,,,0,False,no_candidate_within_1deg,False,,,,,,
100890,1991-03-13T09:00:00Z,-10.2,157.4,0,0,0,,,,0,False,no_candidate_within_1deg,False,,,,,,
100890,1991-03-13T12:00:00Z,-10.2,156.9,0,0,0,,,,0,False,no_candidate_within_1deg,False,,,,,,
100890,1991-03-13T15:00:00Z,-10.6,156.6,0,0,0,,,,0,False,no_candidate_within_1deg,False,,,,,,
100890,1991-03-13T18:00:00Z,-10.5,156.3,0,0,0,,,,0,False,no_candidate_within_1deg,False,,,,,,
100890,1991-03-13T21:00:00Z,-10.3,155.9,0,0,0,,,,0,False,no_candidate_within_1deg,False,,,,,,
100890,1991-03-14T00:00:00Z,-10.2,155.6,0,0,0,,,,0,False,no_candidate_within_1deg,False,,,,,,
100890,1991-03-14T03:00:00Z,-10.1,156.1,0,0,0,,,,0,False,no_candidate_within_1deg,False,,,,,,
100890,1991-03-14T06:00:00Z,-10.0,156.6,0,0,0,,,,0,False,no_candidate_within_1deg,False,,,,,,
100890,1991-03-14T09:00:00Z,-9.6,156.7,0,0,0,,,,0,False,no_candidate_within_1deg,False,,,,,,
100892,1991-03-19T15:00:00Z,-10.4,91.5,0,0,0,,,,0,False,no_candidate_within_1deg,False,,,,,,
100892,1991-03-19T18:00:00Z,-7.3,93.0,0,0,0,,,,0,False,no_candidate_within_1deg,False,,,,,,
100892,1991-03-19T21:00:00Z,-7.2,92.3,0,0,0,,,,0,False,no_candidate_within_1deg,False,,,,,,
100892,1991-03-20T00:00:00Z,-7.5,91.9,0,0,0,,,,0,False,no_candidate_within_1deg,False,,,,,,
100892,1991-03-20T03:00:00Z,-7.9,91.5,0,0,0,,,,0,False,no_candidate_within_1deg,False,,,,,,
100892,1991-03-20T06:00:00Z,-8.2,91.1,0,0,0,,,,0,False,no_candidate_within_1deg,False,,,,,,
100892,1991-03-20T09:00:00Z,-8.5,90.7,0,0,0,,,,0,False,no_candidate_within_1deg,False,,,,,,
100892,1991-03-20T12:00:00Z,-7.9,90.3,0,0,0,,,,0,False,no_candidate_within_1deg,False,,,,,,
100892,1991-03-20T15:00:00Z,-7.3,90.0,0,0,0,,,,0,False,no_candidate_within_1deg,False,,,,,,
100895,1991-04-13T15:00:00Z,-12.7,107.4,0,0,0,,,,0,False,no_candidate_within_1deg,False,,,,,,
100895,1991-04-13T18:00:00Z,-13.7,106.5,0,0,0,,,,0,False,no_candidate_within_1deg,False,,,,,,
100895,1991-04-13T21:00:00Z,-14.2,106.6,0,0,0,,,,0,False,no_candidate_within_1deg,False,,,,,,
100895,1991-04-14T00:00:00Z,-14.3,106.0,0,0,0,,,,0,False,no_candidate_within_1deg,False,,,,,,
100895,1991-04-14T03:00:00Z,-14.5,105.4,0,0,0,,,,0,False,no_candidate_within_1deg,False,,,,,,
100895,1991-04-14T06:00:00Z,-14.6,104.8,0,0,0,,,,0,False,no_candidate_within_1deg,False,,,,,,
100895,1991-04-14T09:00:00Z,-14.8,106.0,0,0,0,,,,0,False,no_candidate_within_1deg,False,,,,,,
100895,1991-04-14T12:00:00Z,-14.2,106.0,0,0,0,,,,0,False,no_candidate_within_1deg,False,,,,,,
100895,1991-04-14T15:00:00Z,-13.7,105.9,0,0,0,,,,0,False,no_candidate_within_1deg,False,,,,,,
100905,1991-06-15T00:00:00Z,8.3,-95.6,1,0,1,,,,0,False,no_candidate_within_1deg,False,,,,,,
100905,1991-06-15T03:00:00Z,8.7,-95.9,1,0,1,,,,0,False,no_candidate_within_1deg,False,,,,,,
100905,1991-06-15T06:00:00Z,10.0,-95.0,1,0,1,,,,0,False,no_candidate_within_1deg,False,,,,,,
100905,1991-06-15T09:00:00Z,11.4,-94.2,1,0,1,,,,0,False,no_candidate_within_1deg,False,,,,,,
100905,1991-06-15T12:00:00Z,12.7,-93.3,1,1,0,15991.075489395747,61875.0,4914.0,0,False,no_candidate_within_1deg,False,,,,,,
100905,1991-06-15T15:00:00Z,10.8,-94.6,1,1,0,16119.04397678926,61922.0,4914.0,0,False,no_candidate_within_1deg,False,,,,,,
100905,1991-06-15T18:00:00Z,8.8,-95.8,1,0,1,,,,0,False,no_candidate_within_1deg,False,,,,,,
100905,1991-06-15T21:00:00Z,9.0,-95.8,1,1,0,16158.972686910189,62017.0,4914.0,0,False,no_candidate_within_1deg,False,,,,,,
100905,1991-06-16T00:00:00Z,9.2,-95.9,1,0,1,,,,0,False,no_candidate_within_1deg,False,,,,,,
100905,1991-06-16T03:00:00Z,9.5,-96.2,1,1,0,16203.17450174031,62109.0,4914.0,0,False,no_candidate_within_1deg,False,,,,,,
100905,1991-06-16T06:00:00Z,9.8,-96.6,1,1,0,16052.841927870973,62162.0,4914.0,0,False,no_candidate_within_1deg,False,,,,,,
100905,1991-06-16T09:00:00Z,10.1,-97.0,1,1,0,15977.939129417071,62214.0,4914.0,0,False,no_candidate_within_1deg,False,,,,,,
100924,1991-08-20T03:00:00Z,13.0,145.6,4,3,1,5165.070782134714,85279.0,4952.0,0,False,no_candidate_within_1deg,False,,,,,,
100924,1991-08-20T06:00:00Z,14.2,145.3,4,2,2,6657.041378365968,85339.0,4949.0,0,False,no_candidate_within_1deg,False,,,,,,
100924,1991-08-20T09:00:00Z,15.4,144.9,4,2,2,5646.413421594575,85380.0,4950.0,0,False,no_candidate_within_1deg,False,,,,,,
100924,1991-08-20T12:00:00Z,16.7,145.3,4,1,3,6960.92292117677,85429.0,4951.0,0,False,no_candidate_within_1deg,False,,,,,,
100924,1991-08-20T15:00:00Z,17.9,145.7,4,1,3,6944.102617124461,85483.0,4951.0,0,False,no_candidate_within_1deg,False,,,,,,
100924,1991-08-20T18:00:00Z,19.2,146.2,4,3,1,5428.463806893007,85538.0,4952.0,0,False,no_candidate_within_1deg,False,,,,,,
100924,1991-08-20T21:00:00Z,20.4,146.6,4,2,2,5516.84273113289,85593.0,4952.0,0,False,no_candidate_within_1deg,False,,,,,,
100924,1991-08-21T00:00:00Z,20.6,147.6,3,3,0,6042.941206407707,85645.0,4950.0,0,False,no_candidate_within_1deg,False,,,,,,
100924,1991-08-21T03:00:00Z,20.7,148.7,3,1,2,6138.56574487073,85696.0,4950.0,0,False,no_candidate_within_1deg,False,,,,,,
100929,1991-08-30T21:00:00Z,22.9,135.7,1,1,0,5678.526134743293,89169.0,4956.0,0,False,no_candidate_within_1deg,False,,,,,,
100929,1991-08-31T00:00:00Z,23.4,136.1,1,1,0,5734.440035528575,89219.0,4956.0,0,False,no_candidate_within_1deg,False,,,,,,
100929,1991-08-31T03:00:00Z,23.1,135.2,1,1,0,5674.228833725107,89266.0,4956.0,0,False,no_candidate_within_1deg,False,,,,,,
100929,1991-08-31T06:00:00Z,22.0,133.0,1,1,0,5521.495181945143,89308.0,4956.0,0,False,no_candidate_within_1deg,False,,,,,,
100929,1991-08-31T09:00:00Z,21.5,132.1,1,1,0,5468.167675939566,89346.0,4956.0,0,False,no_candidate_within_1deg,False,,,,,,
100929,1991-08-31T12:00:00Z,20.5,131.3,1,1,0,5430.4254919830355,89380.0,4956.0,0,False,no_candidate_within_1deg,False,,,,,,
100929,1991-08-31T15:00:00Z,19.4,130.6,1,1,0,5417.263458706061,89417.0,4956.0,0,False,no_candidate_within_1deg,False,,,,,,
100929,1991-08-31T18:00:00Z,16.2,129.6,1,1,0,5482.334197142888,89458.0,4956.0,0,False,no_candidate_within_1deg,False,,,,,,
100929,1991-08-31T21:00:00Z,16.4,129.3,1,1,0,5446.7785568026475,89498.0,4956.0,0,False,no_candidate_within_1deg,False,,,,,,
100931,1991-09-05T21:00:00Z,10.9,-21.3,1,1,0,11238.44540258676,90894.0,4961.0,0,False,no_candidate_within_1deg,False,,,,,,
100931,1991-09-06T00:00:00Z,10.1,-22.1,1,1,0,11376.245878687345,90933.0,4961.0,0,False,no_candidate_within_1deg,False,,,,,,
100931,1991-09-06T03:00:00Z,9.4,-22.8,1,1,0,11478.221502158325,90980.0,4961.0,0,False,no_candidate_within_1deg,False,,,,,,
100931,1991-09-06T06:00:00Z,10.8,-23.3,1,1,0,11452.274752898395,91022.0,4961.0,0,False,no_candidate_within_1deg,False,,,,,,
100931,1991-09-06T09:00:00Z,12.2,-23.8,1,1,0,11454.435468824651,91061.0,4961.0,0,False,no_candidate_within_1deg,False,,,,,,
100931,1991-09-06T12:00:00Z,10.4,-25.3,1,1,0,11611.055158218991,91095.0,4961.0,0,False,no_candidate_within_1deg,False,,,,,,
100931,1991-09-06T15:00:00Z,10.6,-25.3,1,1,0,11608.389085275829,91131.0,4961.0,0,False,no_candidate_within_1deg,False,,,,,,
100931,1991-09-06T18:00:00Z,10.9,-25.2,1,1,0,11594.866360193162,91164.0,4961.0,0,False,no_candidate_within_1deg,False,,,,,,
100931,1991-09-06T21:00:00Z,11.1,-25.2,1,1,0,11603.274617875215,91195.0,4961.0,0,False,no_candidate_within_1deg,False,,,,,,
100933,1991-09-07T15:00:00Z,24.4,-44.8,2,1,1,12355.536942901846,91428.0,4961.0,0,False,no_candidate_within_1deg,False,,,,,,
100933,1991-09-07T18:00:00Z,22.2,-43.1,2,1,1,12373.813535823225,91470.0,4964.0,0,False,no_candidate_within_1deg,False,,,,,,
100933,1991-09-07T21:00:00Z,22.4,-43.5,2,1,1,12422.215423579519,91506.0,4964.0,0,False,no_candidate_within_1deg,False,,,,,,
100933,1991-09-08T00:00:00Z,22.7,-43.9,2,1,1,12453.285342850506,91542.0,4964.0,0,False,no_candidate_within_1deg,False,,,,,,
100933,1991-09-08T03:00:00Z,22.9,-44.3,2,1,1,12488.274959935772,91580.0,4964.0,0,False,no_candidate_within_1deg,False,,,,,,
100933,1991-09-08T06:00:00Z,23.5,-44.8,2,1,1,12500.712986269724,91620.0,4964.0,0,False,no_candidate_within_1deg,False,,,,,,
100933,1991-09-08T09:00:00Z,24.3,-45.2,2,1,1,12484.975610607517,91663.0,4964.0,0,False,no_candidate_within_1deg,False,,,,,,
100933,1991-09-08T12:00:00Z,24.7,-46.5,2,1,1,12548.061286361646,91710.0,4964.0,0,False,no_candidate_within_1deg,False,,,,,,
100933,1991-09-08T15:00:00Z,25.1,-47.8,2,1,1,12624.708536787997,91749.0,4964.0,0,False,no_candidate_within_1deg,False,,,,,,
100941,1991-09-23T18:00:00Z,10.6,-89.5,1,1,0,16773.261857218306,95712.0,4967.0,0,False,no_candidate_within_1deg,False,,,,,,
100941,1991-09-23T21:00:00Z,11.8,-90.2,1,1,0,16638.441612055954,95748.0,4967.0,0,False,no_candidate_within_1deg,False,,,,,,
100941,1991-09-24T00:00:00Z,13.0,-92.6,1,1,0,16489.456381244232,95781.0,4967.0,0,False,no_candidate_within_1deg,False,,,,,,
100941,1991-09-24T03:00:00Z,12.1,-96.6,1,1,0,16664.68264769726,95812.0,4967.0,0,False,no_candidate_within_1deg,False,,,,,,
100941,1991-09-24T06:00:00Z,11.3,-94.8,1,1,0,16765.035142885838,95841.0,4967.0,0,False,no_candidate_within_1deg,False,,,,,,
100941,1991-09-24T09:00:00Z,10.4,-93.1,1,1,0,16894.447894356737,95877.0,4967.0,0,False,no_candidate_within_1deg,False,,,,,,
100941,1991-09-24T12:00:00Z,11.3,-94.7,1,1,0,16784.77449453579,95910.0,4967.0,0,False,no_candidate_within_1deg,False,,,,,,
100941,1991-09-24T15:00:00Z,12.2,-96.3,1,1,0,16671.027286439497,95946.0,4967.0,0,False,no_candidate_within_1deg,False,,,,,,
100941,1991-09-24T18:00:00Z,12.2,-97.3,1,1,0,16627.745657639654,95980.0,4967.0,0,False,no_candidate_within_1deg,False,,,,,,
100941,1991-09-24T21:00:00Z,12.7,-97.1,1,1,0,16635.248886689864,96009.0,4967.0,0,False,no_candidate_within_1deg,False,,,,,,
100942,1991-09-29T21:00:00Z,4.7,166.7,0,0,0,,,,0,False,no_candidate_within_1deg,False,,,,,,
100942,1991-09-30T00:00:00Z,5.6,167.1,0,0,0,,,,0,False,no_candidate_within_1deg,False,,,,,,
100942,1991-09-30T03:00:00Z,6.4,167.4,0,0,0,,,,0,False,no_candidate_within_1deg,False,,,,,,
100942,1991-09-30T06:00:00Z,7.3,167.8,0,0,0,,,,0,False,no_candidate_within_1deg,False,,,,,,
100942,1991-09-30T09:00:00Z,8.1,168.2,0,0,0,,,,0,False,no_candidate_within_1deg,False,,,,,,
100942,1991-09-30T12:00:00Z,9.1,168.2,0,0,0,,,,0,False,no_candidate_within_1deg,False,,,,,,
100942,1991-09-30T15:00:00Z,9.5,167.4,0,0,0,,,,0,False,no_candidate_within_1deg,False,,,,,,
100942,1991-09-30T18:00:00Z,7.6,165.6,0,0,0,,,,0,False,no_candidate_within_1deg,False,,,,,,
100942,1991-09-30T21:00:00Z,9.4,165.7,0,0,0,,,,0,False,no_candidate_within_1deg,False,,,,,,
100947,1991-10-13T12:00:00Z,18.2,-84.3,2,1,1,15672.130441290139,101548.0,4970.0,0,False,no_candidate_within_1deg,False,,,,,,
100947,1991-10-13T15:00:00Z,18.0,-83.8,2,1,1,15623.07484764958,101583.0,4971.0,0,False,no_candidate_within_1deg,False,,,,,,
100947,1991-10-13T18:00:00Z,17.8,-83.3,2,1,1,15564.22613312955,101623.0,4970.0,0,False,no_candidate_within_1deg,False,,,,,,
100947,1991-10-13T21:00:00Z,19.0,-80.5,2,1,1,15349.484960008927,101663.0,4971.0,0,False,no_candidate_within_1deg,False,,,,,,
100947,1991-10-14T00:00:00Z,18.3,-81.2,2,1,1,15410.705368337343,101699.0,4970.0,0,False,no_candidate_within_1deg,False,,,,,,
100947,1991-10-14T03:00:00Z,18.6,-80.7,2,1,1,15331.1556420436,101736.0,4971.0,0,False,no_candidate_within_1deg,False,,,,,,
100947,1991-10-14T06:00:00Z,18.9,-81.7,2,1,1,15252.667039040987,101782.0,4970.0,0,False,no_candidate_within_1deg,False,,,,,,
100947,1991-10-14T09:00:00Z,19.1,-82.8,2,1,1,15192.047572278683,101826.0,4971.0,0,False,no_candidate_within_1deg,False,,,,,,
100947,1991-10-14T12:00:00Z,19.4,-83.8,2,1,1,15216.63536480033,101873.0,4971.0,0,False,no_candidate_within_1deg,False,,,,,,
100947,1991-10-14T15:00:00Z,19.9,-82.6,2,1,1,15121.190757877517,101909.0,4971.0,0,False,no_candidate_within_1deg,False,,,,,,
100947,1991-10-14T18:00:00Z,20.3,-81.4,2,1,1,15033.186404162863,101938.0,4971.0,0,False,no_candidate_within_1deg,False,,,,,,
100947,1991-10-14T21:00:00Z,20.0,-85.2,2,1,1,15101.329214139552,101971.0,4971.0,0,False,no_candidate_within_1deg,False,,,,,,
100952,1991-10-27T03:00:00Z,7.3,173.9,1,1,0,9629.588214939324,104766.0,4980.0,0,False,no_candidate_within_1deg,False,,,,,,
100952,1991-10-27T06:00:00Z,6.7,174.5,1,1,0,9734.813321688225,104793.0,4980.0,0,False,no_candidate_within_1deg,False,,,,,,
100952,1991-10-27T09:00:00Z,6.1,175.1,1,1,0,9751.93472065882,104816.0,4980.0,0,False,no_candidate_within_1deg,False,,,,,,
100952,1991-10-27T12:00:00Z,5.5,175.6,1,1,0,9839.523919379506,104842.0,4980.0,0,False,no_candidate_within_1deg,False,,,,,,
100952,1991-10-27T15:00:00Z,4.9,176.2,1,1,0,9980.752363154465,104869.0,4980.0,0,False,no_candidate_within_1deg,False,,,,,,
100952,1991-10-27T18:00:00Z,7.1,175.1,1,1,0,9861.23206501066,104899.0,4980.0,0,False,no_candidate_within_1deg,False,,,,,,
100952,1991-10-27T21:00:00Z,9.2,173.9,1,1,0,9752.960007207601,104927.0,4980.0,0,False,no_candidate_within_1deg,False,,,,,,
100952,1991-10-28T00:00:00Z,8.6,175.6,1,1,0,10022.83361214068,104952.0,4980.0,0,False,no_candidate_within_1deg,False,,,,,,
100952,1991-10-28T03:00:00Z,8.0,177.2,1,1,0,10282.023563687497,104975.0,4980.0,0,False,no_candidate_within_1deg,False,,,,,,
100955,1991-11-01T21:00:00Z,6.8,-176.2,0,0,0,,,,0,False,no_candidate_within_1deg,False,,,,,,
100955,1991-11-02T00:00:00Z,9.0,-176.3,0,0,0,,,,0,False,no_candidate_within_1deg,False,,,,,,
100955,1991-11-02T03:00:00Z,8.6,-177.4,0,0,0,,,,0,False,no_candidate_within_1deg,False,,,,,,
100955,1991-11-02T06:00:00Z,8.2,-178.5,0,0,0,,,,0,False,no_candidate_within_1deg,False,,,,,,
100955,1991-11-02T09:00:00Z,7.7,-179.6,0,0,0,,,,0,False,no_candidate_within_1deg,False,,,,,,
100955,1991-11-02T12:00:00Z,7.3,179.3,0,0,0,,,,0,False,no_candidate_within_1deg,False,,,,,,
100955,1991-11-02T15:00:00Z,7.1,178.7,0,0,0,,,,0,False,no_candidate_within_1deg,False,,,,,,
100955,1991-11-02T18:00:00Z,6.9,178.1,0,0,0,,,,0,False,no_candidate_within_1deg,False,,,,,,
100955,1991-11-02T21:00:00Z,6.7,177.5,0,0,0,,,,0,False,no_candidate_within_1deg,False,,,,,,
100956,1991-11-05T12:00:00Z,9.2,-92.1,0,0,0,,,,0,False,no_candidate_within_1deg,False,,,,,,
100956,1991-11-05T15:00:00Z,9.3,-93.3,0,0,0,,,,0,False,no_candidate_within_1deg,False,,,,,,
100956,1991-11-05T18:00:00Z,11.0,-93.7,0,0,0,,,,0,False,no_candidate_within_1deg,False,,,,,,
100956,1991-11-05T21:00:00Z,12.6,-94.2,0,0,0,,,,0,False,no_candidate_within_1deg,False,,,,,,
100956,1991-11-06T00:00:00Z,12.3,-95.2,0,0,0,,,,0,False,no_candidate_within_1deg,False,,,,,,
100956,1991-11-06T03:00:00Z,12.0,-96.3,0,0,0,,,,0,False,no_candidate_within_1deg,False,,,,,,
100956,1991-11-06T06:00:00Z,11.7,-97.3,0,0,0,,,,0,False,no_candidate_within_1deg,False,,,,,,
100956,1991-11-06T09:00:00Z,10.1,-101.0,0,0,0,,,,0,False,no_candidate_within_1deg,False,,,,,,
100956,1991-11-06T12:00:00Z,10.6,-101.4,0,0,0,,,,0,False,no_candidate_within_1deg,False,,,,,,
100956,1991-11-06T15:00:00Z,9.2,-102.5,0,0,0,,,,0,False,no_candidate_within_1deg,False,,,,,,
100956,1991-11-06T18:00:00Z,9.4,-104.1,0,0,0,,,,0,False,no_candidate_within_1deg,False,,,,,,
100956,1991-11-06T21:00:00Z,8.3,-106.3,0,0,0,,,,0,False,no_candidate_within_1deg,False,,,,,,
100958,1991-11-11T15:00:00Z,5.4,144.0,0,0,0,,,,0,False,no_candidate_within_1deg,False,,,,,,
100958,1991-11-11T18:00:00Z,4.4,143.5,0,0,0,,,,0,False,no_candidate_within_1deg,False,,,,,,
100958,1991-11-11T21:00:00Z,3.4,143.0,1,1,0,6256.31696525164,108785.0,4986.0,0,False,no_candidate_within_1deg,False,,,,,,
100958,1991-11-12T00:00:00Z,4.0,146.2,1,1,0,6637.21447265123,108817.0,4986.0,0,False,no_candidate_within_1deg,False,,,,,,
100958,1991-11-12T03:00:00Z,7.6,146.7,1,1,0,6671.997657296789,108846.0,4986.0,0,False,no_candidate_within_1deg,False,,,,,,
100958,1991-11-12T06:00:00Z,6.8,144.7,1,1,0,6446.363983612491,108870.0,4986.0,0,False,no_candidate_within_1deg,False,,,,,,
100958,1991-11-12T09:00:00Z,5.9,142.8,1,1,0,6270.949891442569,108887.0,4986.0,0,False,no_candidate_within_1deg,False,,,,,,
100958,1991-11-12T12:00:00Z,5.9,142.0,1,0,1,,,,0,False,no_candidate_within_1deg,False,,,,,,
100958,1991-11-12T15:00:00Z,7.5,142.7,1,0,1,,,,0,False,no_candidate_within_1deg,False,,,,,,
100967,1991-12-16T09:00:00Z,-7.7,65.3,0,0,0,,,,0,False,no_candidate_within_1deg,False,,,,,,
100967,1991-12-16T12:00:00Z,-6.3,65.3,0,0,0,,,,0,False,no_candidate_within_1deg,False,,,,,,
100967,1991-12-16T15:00:00Z,-5.6,65.2,0,0,0,,,,0,False,no_candidate_within_1deg,False,,,,,,
100967,1991-12-16T18:00:00Z,-5.0,65.2,0,0,0,,,,0,False,no_candidate_within_1deg,False,,,,,,
100967,1991-12-16T21:00:00Z,-4.3,65.1,0,0,0,,,,0,False,no_candidate_within_1deg,False,,,,,,
100967,1991-12-17T00:00:00Z,-5.3,65.1,0,0,0,,,,0,False,no_candidate_within_1deg,False,,,,,,
100967,1991-12-17T03:00:00Z,-6.2,65.4,0,0,0,,,,0,False,no_candidate_within_1deg,False,,,,,,
100967,1991-12-17T06:00:00Z,-7.2,65.8,0,0,0,,,,0,False,no_candidate_within_1deg,False,,,,,,
100967,1991-12-17T09:00:00Z,-8.1,66.1,0,0,0,,,,0,False,no_candidate_within_1deg,False,,,,,,
100979,1992-02-17T21:00:00Z,-13.6,158.3,0,0,0,,,,0,False,no_candidate_within_1deg,False,,,,,,
100979,1992-02-18T00:00:00Z,-14.8,158.5,0,0,0,,,,0,False,no_candidate_within_1deg,False,,,,,,
100979,1992-02-18T03:00:00Z,-16.1,158.6,0,0,0,,,,0,False,no_candidate_within_1deg,False,,,,,,
100979,1992-02-18T06:00:00Z,-16.9,158.5,0,0,0,,,,0,False,no_candidate_within_1deg,False,,,,,,
100979,1992-02-18T09:00:00Z,-16.9,158.2,0,0,0,,,,0,False,no_candidate_within_1deg,False,,,,,,
100979,1992-02-18T12:00:00Z,-16.9,157.8,0,0,0,,,,0,False,no_candidate_within_1deg,False,,,,,,
100979,1992-02-18T15:00:00Z,-16.9,157.5,0,0,0,,,,0,False,no_candidate_within_1deg,False,,,,,,
100979,1992-02-18T18:00:00Z,-17.9,156.7,0,0,0,,,,0,False,no_candidate_within_1deg,False,,,,,,
100979,1992-02-18T21:00:00Z,-19.0,156.0,0,0,0,,,,0,False,no_candidate_within_1deg,False,,,,,,
100988,1992-03-27T03:00:00Z,5.0,-171.2,0,0,0,,,,0,False,no_candidate_within_1deg,False,,,,,,
100988,1992-03-27T06:00:00Z,5.7,-171.1,0,0,0,,,,0,False,no_candidate_within_1deg,False,,,,,,
100988,1992-03-27T09:00:00Z,6.3,-171.0,0,0,0,,,,0,False,no_candidate_within_1deg,False,,,,,,
100988,1992-03-27T12:00:00Z,5.5,-171.4,0,0,0,,,,0,False,no_candidate_within_1deg,False,,,,,,
100988,1992-03-27T15:00:00Z,5.2,-170.8,0,0,0,,,,0,False,no_candidate_within_1deg,False,,,,,,
100988,1992-03-27T18:00:00Z,6.1,-171.1,0,0,0,,,,0,False,no_candidate_within_1deg,False,,,,,,
100988,1992-03-27T21:00:00Z,7.1,-171.4,0,0,0,,,,0,False,no_candidate_within_1deg,False,,,,,,
100988,1992-03-28T00:00:00Z,8.0,-171.7,0,0,0,,,,0,False,no_candidate_within_1deg,False,,,,,,
100988,1992-03-28T03:00:00Z,5.6,-170.3,0,0,0,,,,0,False,no_candidate_within_1deg,False,,,,,,
100995,1992-06-02T03:00:00Z,5.9,69.8,0,0,0,,,,0,False,no_candidate_within_1deg,False,,,,,,
100995,1992-06-02T06:00:00Z,7.1,71.3,0,0,0,,,,0,False,no_candidate_within_1deg,False,,,,,,
100995,1992-06-02T09:00:00Z,8.3,72.8,0,0,0,,,,0,False,no_candidate_within_1deg,False,,,,,,
100995,1992-06-02T12:00:00Z,9.2,73.3,0,0,0,,,,0,False,no_candidate_within_1deg,False,,,,,,
100995,1992-06-02T15:00:00Z,10.2,73.8,0,0,0,,,,0,False,no_candidate_within_1deg,False,,,,,,
100995,1992-06-02T18:00:00Z,11.1,74.3,0,0,0,,,,0,False,no_candidate_within_1deg,False,,,,,,
100995,1992-06-02T21:00:00Z,12.0,74.8,0,0,0,,,,0,False,no_candidate_within_1deg,False,,,,,,
100995,1992-06-03T00:00:00Z,11.8,72.7,0,0,0,,,,0,False,no_candidate_within_1deg,False,,,,,,
100995,1992-06-03T03:00:00Z,11.5,70.6,0,0,0,,,,0,False,no_candidate_within_1deg,False,,,,,,
101001,1992-06-21T00:00:00Z,12.1,-110.8,1,1,0,16211.685095438168,58308.0,4992.0,0,False,no_candidate_within_1deg,False,,,,,,
101001,1992-06-21T03:00:00Z,13.6,-110.4,1,1,0,16051.377607366117,58370.0,4992.0,0,False,no_candidate_within_1deg,False,,,,,,
101001,1992-06-21T06:00:00Z,14.2,-110.4,1,1,0,15973.573385062364,58420.0,4992.0,0,False,no_candidate_within_1deg,False,,,,,,
101001,1992-06-21T09:00:00Z,15.5,-108.3,1,1,0,15872.73112365759,58460.0,4992.0,0,False,no_candidate_within_1deg,False,,,,,,
101001,1992-06-21T12:00:00Z,16.7,-106.2,1,1,0,15768.008078510236,58500.0,4992.0,0,False,no_candidate_within_1deg,False,,,,,,
101001,1992-06-21T15:00:00Z,17.1,-106.6,1,1,0,15725.628185550764,58544.0,4992.0,0,False,no_candidate_within_1deg,False,,,,,,
101001,1992-06-21T18:00:00Z,17.4,-107.1,1,1,0,15690.38136443706,58593.0,4992.0,0,False,no_candidate_within_1deg,False,,,,,,
101001,1992-06-21T21:00:00Z,17.2,-107.9,1,1,0,15705.635166357104,58642.0,4992.0,0,False,no_candidate_within_1deg,False,,,,,,
101001,1992-06-22T00:00:00Z,17.1,-108.7,1,1,0,15713.738482444602,58691.0,4992.0,0,False,no_candidate_within_1deg,False,,,,,,
101001,1992-06-22T03:00:00Z,16.9,-109.5,1,1,0,15753.406103208328,58734.0,4992.0,0,False,no_candidate_within_1deg,False,,,,,,
101001,1992-06-22T06:00:00Z,17.2,-110.4,1,1,0,15696.594187513161,58783.0,4992.0,0,False,no_candidate_within_1deg,False,,,,,,
101001,1992-06-22T09:00:00Z,17.0,-111.0,1,1,0,15706.608977198302,58829.0,4992.0,0,False,no_candidate_within_1deg,False,,,,,,
101007,1992-07-10T09:00:00Z,8.1,145.0,1,1,0,6199.5698603860765,65966.0,4995.0,0,False,no_candidate_within_1deg,False,,,,,,
101007,1992-07-10T12:00:00Z,8.3,144.8,1,1,0,6393.849347876916,66010.0,4995.0,0,False,no_candidate_within_1deg,False,,,,,,
101007,1992-07-10T15:00:00Z,8.4,144.5,1,0,1,,,,0,False,no_candidate_within_1deg,False,,,,,,
101007,1992-07-10T18:00:00Z,8.3,143.6,1,1,0,6258.966489912487,66096.0,4995.0,0,False,no_candidate_within_1deg,False,,,,,,
101007,1992-07-10T21:00:00Z,7.9,142.6,1,1,0,6148.067694471222,66150.0,4995.0,0,False,no_candidate_within_1deg,False,,,,,,
101007,1992-07-11T00:00:00Z,8.5,141.8,1,1,0,6006.671201001845,66201.0,4995.0,0,False,no_candidate_within_1deg,False,,,,,,
101007,1992-07-11T03:00:00Z,7.8,139.3,1,1,0,5794.722341991105,66251.0,4995.0,0,False,no_candidate_within_1deg,False,,,,,,
101007,1992-07-11T06:00:00Z,8.2,138.2,1,1,0,5689.456971632253,66302.0,4995.0,0,False,no_candidate_within_1deg,False,,,,,,
101007,1992-07-11T09:00:00Z,8.0,136.8,1,1,0,5574.459927275008,66347.0,4995.0,0,False,no_candidate_within_1deg,False,,,,,,
101014,1992-07-25T03:00:00Z,14.2,-109.5,2,2,0,15395.170719035119,71650.0,5003.0,0,False,no_candidate_within_1deg,False,,,,,,
101014,1992-07-25T06:00:00Z,13.9,-110.0,2,1,1,15414.683643452498,71701.0,5003.0,0,False,no_candidate_within_1deg,False,,,,,,
101014,1992-07-25T09:00:00Z,13.6,-110.4,2,1,1,15460.351298162665,71752.0,5003.0,0,False,no_candidate_within_1deg,False,,,,,,
101014,1992-07-25T12:00:00Z,13.2,-110.9,2,2,0,15526.229623335592,71796.0,5003.0,0,False,no_candidate_within_1deg,False,,,,,,
101014,1992-07-25T15:00:00Z,12.9,-111.3,2,2,0,15591.097464210237,71842.0,5003.0,0,False,no_candidate_within_1deg,False,,,,,,
101014,1992-07-25T18:00:00Z,13.4,-111.9,2,2,0,15548.631798781273,71892.0,5003.0,0,False,no_candidate_within_1deg,False,,,,,,
101014,1992-07-25T21:00:00Z,13.8,-112.6,2,2,0,15499.845198145042,71934.0,5003.0,0,False,no_candidate_within_1deg,False,,,,,,
101014,1992-07-26T00:00:00Z,14.1,-112.5,2,2,0,15443.738262884997,71971.0,5003.0,0,False,no_candidate_within_1deg,False,,,,,,
101014,1992-07-26T03:00:00Z,14.3,-113.1,2,2,0,15419.11721409246,72009.0,5003.0,0,False,no_candidate_within_1deg,False,,,,,,
101015,1992-07-26T18:00:00Z,14.5,-101.7,2,2,0,15558.636410291983,72254.0,5003.0,0,False,no_candidate_within_1deg,False,,,,,,
101015,1992-07-26T21:00:00Z,14.4,-101.4,2,2,0,15526.920949145942,72301.0,5003.0,0,False,no_candidate_within_1deg,False,,,,,,
101015,1992-07-27T00:00:00Z,14.2,-101.2,2,2,0,15549.464580678945,72348.0,5003.0,0,False,no_candidate_within_1deg,False,,,,,,
101015,1992-07-27T03:00:00Z,14.2,-101.7,2,2,0,15598.073767142878,72391.0,5003.0,0,False,no_candidate_within_1deg,False,,,,,,
101015,1992-07-27T06:00:00Z,14.3,-102.3,2,2,0,15636.611048347731,72439.0,5003.0,0,False,no_candidate_within_1deg,False,,,,,,
101015,1992-07-27T09:00:00Z,14.3,-102.8,2,2,0,15698.780776786127,72491.0,5003.0,0,False,no_candidate_within_1deg,False,,,,,,
101015,1992-07-27T12:00:00Z,14.3,-103.4,2,2,0,15665.206624582363,72545.0,5003.0,0,False,no_candidate_within_1deg,False,,,,,,
101015,1992-07-27T15:00:00Z,14.4,-103.9,2,2,0,15630.672230915354,72595.0,5003.0,0,False,no_candidate_within_1deg,False,,,,,,
101015,1992-07-27T18:00:00Z,14.4,-104.4,2,2,0,15693.880751960127,72640.0,5003.0,0,False,no_candidate_within_1deg,False,,,,,,
101015,1992-07-27T21:00:00Z,14.5,-104.9,2,2,0,15726.041797779479,72686.0,5003.0,0,False,no_candidate_within_1deg,False,,,,,,
101021,1992-08-08T21:00:00Z,14.9,-121.5,1,1,0,14948.493873639707,76926.0,5010.0,0,False,no_candidate_within_1deg,False,,,,,,
101021,1992-08-09T00:00:00Z,14.6,-122.4,1,1,0,14954.528743320901,76969.0,5010.0,0,False,no_candidate_within_1deg,False,,,,,,
101021,1992-08-09T03:00:00Z,14.3,-123.3,1,1,0,14939.810322160185,77012.0,5010.0,0,False,no_candidate_within_1deg,False,,,,,,
101021,1992-08-09T06:00:00Z,15.3,-122.5,2,2,0,14848.24270168643,77054.0,5015.0,0,False,no_candidate_within_1deg,False,,,,,,
101021,1992-08-09T09:00:00Z,16.2,-121.7,2,2,0,14796.099318603892,77092.0,5015.0,0,False,no_candidate_within_1deg,False,,,,,,
101021,1992-08-09T12:00:00Z,16.7,-122.1,2,1,1,14733.954621541267,77132.0,5010.0,0,False,no_candidate_within_1deg,False,,,,,,
101021,1992-08-09T15:00:00Z,13.0,-123.2,2,1,1,15035.727758479206,77178.0,5010.0,0,False,no_candidate_within_1deg,False,,,,,,
101021,1992-08-09T18:00:00Z,12.9,-123.3,2,1,1,15043.398151712057,77220.0,5010.0,0,False,no_candidate_within_1deg,False,,,,,,
101021,1992-08-09T21:00:00Z,12.9,-123.3,2,1,1,15049.427495262375,77264.0,5010.0,0,False,no_candidate_within_1deg,False,,,,,,
101038,1992-09-12T09:00:00Z,15.7,-106.0,0,0,0,,,,0,False,no_candidate_within_1deg,False,,,,,,
101038,1992-09-12T12:00:00Z,16.1,-106.4,1,1,0,15353.910311339421,88686.0,5050.0,0,False,no_candidate_within_1deg,False,,,,,,
101038,1992-09-12T15:00:00Z,15.7,-107.5,1,1,0,15363.775158077775,88719.0,5050.0,0,False,no_candidate_within_1deg,False,,,,,,
101038,1992-09-12T18:00:00Z,15.2,-108.6,1,1,0,15370.330799018,88752.0,5050.0,0,False,no_candidate_within_1deg,False,,,,,,
101038,1992-09-12T21:00:00Z,14.8,-109.7,1,1,0,15376.843486939586,88780.0,5050.0,0,False,no_candidate_within_1deg,False,,,,,,
101038,1992-09-13T00:00:00Z,15.2,-110.8,1,1,0,15291.873899739005,88814.0,5050.0,0,False,no_candidate_within_1deg,False,,,,,,
101038,1992-09-13T03:00:00Z,15.6,-111.9,1,1,0,15204.947379772413,88851.0,5050.0,0,False,no_candidate_within_1deg,False,,,,,,
101038,1992-09-13T06:00:00Z,16.0,-113.0,1,1,0,15106.382796099047,88883.0,5050.0,0,False,no_candidate_within_1deg,False,,,,,,
101038,1992-09-13T09:00:00Z,16.4,-114.1,1,1,0,14993.763988512566,88918.0,5050.0,0,False,no_candidate_within_1deg,False,,,,,,
101039,1992-09-13T09:00:00Z,4.5,164.0,1,1,0,8938.902017302737,88918.0,5050.0,0,False,no_candidate_within_1deg,False,,,,,,
101039,1992-09-13T12:00:00Z,4.1,162.8,1,1,0,8764.342716853404,88950.0,5050.0,0,False,no_candidate_within_1deg,False,,,,,,
101039,1992-09-13T15:00:00Z,5.3,162.8,1,1,0,8686.741432364443,88976.0,5050.0,0,False,no_candidate_within_1deg,False,,,,,,
101039,1992-09-13T18:00:00Z,6.6,162.8,1,1,0,8650.25724271006,89003.0,5050.0,0,False,no_candidate_within_1deg,False,,,,,,
101039,1992-09-13T21:00:00Z,7.8,162.9,1,1,0,8627.292153940856,89031.0,5050.0,0,False,no_candidate_within_1deg,False,,,,,,
101039,1992-09-14T00:00:00Z,9.0,162.9,1,1,0,8570.807986786007,89064.0,5050.0,0,False,no_candidate_within_1deg,False,,,,,,
101039,1992-09-14T03:00:00Z,8.5,161.1,1,1,0,8443.88811668718,89099.0,5050.0,0,False,no_candidate_within_1deg,False,,,,,,
101039,1992-09-14T06:00:00Z,8.0,159.3,1,1,0,8274.94018032695,89134.0,5050.0,0,False,no_candidate_within_1deg,False,,,,,,
101039,1992-09-14T09:00:00Z,8.3,158.6,1,1,0,8152.306781653763,89164.0,5050.0,0,False,no_candidate_within_1deg,False,,,,,,
101040,1992-09-16T09:00:00Z,8.4,-94.9,0,0,0,,,,0,False,no_candidate_within_1deg,False,,,,,,
101040,1992-09-16T12:00:00Z,8.4,-95.3,0,0,0,,,,0,False,no_candidate_within_1deg,False,,,,,,
101040,1992-09-16T15:00:00Z,8.3,-95.6,0,0,0,,,,0,False,no_candidate_within_1deg,False,,,,,,
101040,1992-09-16T18:00:00Z,8.3,-96.3,0,0,0,,,,0,False,no_candidate_within_1deg,False,,,,,,
101040,1992-09-16T21:00:00Z,8.0,-97.7,0,0,0,,,,0,False,no_candidate_within_1deg,False,,,,,,
101040,1992-09-17T00:00:00Z,7.6,-99.1,0,0,0,,,,0,False,no_candidate_within_1deg,False,,,,,,
101040,1992-09-17T03:00:00Z,7.3,-100.4,0,0,0,,,,0,False,no_candidate_within_1deg,False,,,,,,
101040,1992-09-17T06:00:00Z,6.9,-101.8,0,0,0,,,,0,False,no_candidate_within_1deg,False,,,,,,
101040,1992-09-17T09:00:00Z,8.6,-98.5,0,0,0,,,,0,False,no_candidate_within_1deg,False,,,,,,
101041,1992-09-16T09:00:00Z,14.8,-114.8,0,0,0,,,,0,False,no_candidate_within_1deg,False,,,,,,
101041,1992-09-16T12:00:00Z,13.7,-113.3,0,0,0,,,,0,False,no_candidate_within_1deg,False,,,,,,
101041,1992-09-16T15:00:00Z,12.5,-111.9,0,0,0,,,,0,False,no_candidate_within_1deg,False,,,,,,
101041,1992-09-16T18:00:00Z,13.6,-111.2,0,0,0,,,,0,False,no_candidate_within_1deg,False,,,,,,
101041,1992-09-16T21:00:00Z,14.7,-110.6,0,0,0,,,,0,False,no_candidate_within_1deg,False,,,,,,
101041,1992-09-17T00:00:00Z,15.8,-109.9,0,0,0,,,,0,False,no_candidate_within_1deg,False,,,,,,
101041,1992-09-17T03:00:00Z,16.2,-110.4,0,0,0,,,,0,False,no_candidate_within_1deg,False,,,,,,
101041,1992-09-17T06:00:00Z,16.6,-110.8,0,0,0,,,,0,False,no_candidate_within_1deg,False,,,,,,
101041,1992-09-17T09:00:00Z,17.0,-111.3,0,0,0,,,,0,False,no_candidate_within_1deg,False,,,,,,
101046,1992-09-20T21:00:00Z,29.8,-73.6,0,0,0,,,,0,False,no_candidate_within_1deg,False,,,,,,
101046,1992-09-21T00:00:00Z,32.6,-70.6,0,0,0,,,,0,False,no_candidate_within_1deg,False,,,,,,
101046,1992-09-21T03:00:00Z,32.3,-70.6,0,0,0,,,,0,False,no_candidate_within_1deg,False,,,,,,
101046,1992-09-21T06:00:00Z,31.8,-72.2,0,0,0,,,,0,False,no_candidate_within_1deg,False,,,,,,
101046,1992-09-21T09:00:00Z,31.4,-73.7,0,0,0,,,,0,False,no_candidate_within_1deg,False,,,,,,
101046,1992-09-21T12:00:00Z,31.8,-74.8,0,0,0,,,,0,False,no_candidate_within_1deg,False,,,,,,
101046,1992-09-21T15:00:00Z,30.7,-73.7,0,0,0,,,,0,False,no_candidate_within_1deg,False,,,,,,
101046,1992-09-21T18:00:00Z,30.7,-73.9,0,0,0,,,,0,False,no_candidate_within_1deg,False,,,,,,
101046,1992-09-21T21:00:00Z,30.0,-74.3,0,0,0,,,,0,False,no_candidate_within_1deg,False,,,,,,
101046,1992-09-22T00:00:00Z,28.8,-73.3,0,0,0,,,,0,False,no_candidate_within_1deg,False,,,,,,
101046,1992-09-22T03:00:00Z,30.3,-73.5,0,0,0,,,,0,False,no_candidate_within_1deg,False,,,,,,
101046,1992-09-22T06:00:00Z,31.8,-73.7,0,0,0,,,,0,False,no_candidate_within_1deg,False,,,,,,
101046,1992-09-22T09:00:00Z,31.6,-73.7,0,0,0,,,,0,False,no_candidate_within_1deg,False,,,,,,
101047,1992-09-22T15:00:00Z,7.8,-164.7,1,1,0,10982.65062740932,91412.0,5057.0,0,False,no_candidate_within_1deg,False,,,,,,
101047,1992-09-22T18:00:00Z,8.1,-165.1,1,1,0,10952.471981013874,91461.0,5057.0,0,False,no_candidate_within_1deg,False,,,,,,
101047,1992-09-22T21:00:00Z,8.3,-165.6,1,1,0,10911.391345040547,91509.0,5057.0,0,False,no_candidate_within_1deg,False,,,,,,
101047,1992-09-23T00:00:00Z,9.5,-164.5,1,1,0,11026.94301163327,91565.0,5057.0,0,False,no_candidate_within_1deg,False,,,,,,
101047,1992-09-23T03:00:00Z,10.7,-163.4,1,1,0,11157.411489527403,91616.0,5057.0,0,False,no_candidate_within_1deg,False,,,,,,
101047,1992-09-23T06:00:00Z,11.9,-162.3,1,1,0,11261.94028588588,91651.0,5057.0,0,False,no_candidate_within_1deg,False,,,,,,
101047,1992-09-23T09:00:00Z,11.5,-164.6,1,1,0,11045.937564185351,91686.0,5057.0,0,False,no_candidate_within_1deg,False,,,,,,
101047,1992-09-23T12:00:00Z,11.1,-166.8,1,1,0,10853.3080398757,91727.0,5057.0,0,False,no_candidate_within_1deg,False,,,,,,
101047,1992-09-23T15:00:00Z,10.7,-167.0,1,1,0,10865.175762243418,91766.0,5057.0,0,False,no_candidate_within_1deg,False,,,,,,
101048,1992-09-23T21:00:00Z,-4.1,88.0,1,1,0,2709.3970516143245,91853.0,5057.0,0,False,no_candidate_within_1deg,False,,,,,,
101048,1992-09-24T00:00:00Z,-6.4,89.5,1,1,0,2931.5223418301293,91892.0,5057.0,0,False,no_candidate_within_1deg,False,,,,,,
101048,1992-09-24T03:00:00Z,-7.6,86.5,1,1,0,3096.664793950233,91927.0,5057.0,0,False,no_candidate_within_1deg,False,,,,,,
101048,1992-09-24T06:00:00Z,-8.1,86.4,1,1,0,3168.7520906776285,91967.0,5057.0,0,False,no_candidate_within_1deg,False,,,,,,
101048,1992-09-24T09:00:00Z,-8.1,86.8,1,1,0,3189.5970455376832,92008.0,5057.0,0,False,no_candidate_within_1deg,False,,,,,,
101048,1992-09-24T12:00:00Z,-8.2,87.3,1,1,0,3323.403592958259,92042.0,5057.0,0,False,no_candidate_within_1deg,False,,,,,,
101048,1992-09-24T15:00:00Z,-8.2,87.7,1,1,0,3329.2021340139645,92075.0,5057.0,0,False,no_candidate_within_1deg,False,,,,,,
101048,1992-09-24T18:00:00Z,-8.2,88.2,1,1,0,3344.397705697715,92110.0,5057.0,0,False,no_candidate_within_1deg,False,,,,,,
101048,1992-09-24T21:00:00Z,-8.5,87.1,1,1,0,3394.7631356265615,92147.0,5057.0,0,False,no_candidate_within_1deg,False,,,,,,
101050,1992-09-25T15:00:00Z,27.5,-60.4,1,1,0,13477.103985730017,92340.0,5057.0,0,False,no_candidate_within_1deg,False,,,,,,
101050,1992-09-25T18:00:00Z,24.6,-62.3,1,1,0,13834.121166622004,92378.0,5057.0,0,False,no_candidate_within_1deg,False,,,,,,
101050,1992-09-25T21:00:00Z,25.2,-63.8,1,1,0,13869.68041087576,92422.0,5057.0,0,False,no_candidate_within_1deg,False,,,,,,
101050,1992-09-26T00:00:00Z,25.8,-65.3,1,1,0,13877.80696338954,92464.0,5057.0,0,False,no_candidate_within_1deg,False,,,,,,
101050,1992-09-26T03:00:00Z,26.1,-65.6,1,1,0,13834.499595820002,92507.0,5057.0,0,False,no_candidate_within_1deg,False,,,,,,
101050,1992-09-26T06:00:00Z,26.3,-65.9,1,1,0,13811.239939869212,92552.0,5057.0,0,False,no_candidate_within_1deg,False,,,,,,
101050,1992-09-26T09:00:00Z,26.6,-66.3,1,1,0,13789.660639044505,92593.0,5057.0,0,False,no_candidate_within_1deg,False,,,,,,
101050,1992-09-26T12:00:00Z,26.8,-66.6,1,1,0,13760.410376701015,92628.0,5057.0,0,False,no_candidate_within_1deg,False,,,,,,
101050,1992-09-26T15:00:00Z,27.8,-66.6,1,1,0,13635.494490335652,92669.0,5057.0,0,False,no_candidate_within_1deg,False,,,,,,
101054,1992-10-03T21:00:00Z,5.8,-179.8,0,0,0,,,,0,False,no_candidate_within_1deg,False,,,,,,
101054,1992-10-04T00:00:00Z,4.7,178.6,0,0,0,,,,0,False,no_candidate_within_1deg,False,,,,,,
101054,1992-10-04T03:00:00Z,3.5,177.1,0,0,0,,,,0,False,no_candidate_within_1deg,False,,,,,,
101054,1992-10-04T06:00:00Z,3.8,176.6,0,0,0,,,,0,False,no_candidate_within_1deg,False,,,,,,
101054,1992-10-04T09:00:00Z,4.1,176.0,0,0,0,,,,0,False,no_candidate_within_1deg,False,,,,,,
101054,1992-10-04T12:00:00Z,4.3,175.5,0,0,0,,,,0,False,no_candidate_within_1deg,False,,,,,,
101054,1992-10-04T15:00:00Z,4.6,174.9,0,0,0,,,,0,False,no_candidate_within_1deg,False,,,,,,
101054,1992-10-04T18:00:00Z,4.6,173.9,0,0,0,,,,0,False,no_candidate_within_1deg,False,,,,,,
101054,1992-10-04T21:00:00Z,5.9,174.8,0,0,0,,,,0,False,no_candidate_within_1deg,False,,,,,,
101055,1992-10-03T09:00:00Z,7.8,101.8,1,1,0,4995.9482781331935,95172.0,5059.0,0,False,no_candidate_within_1deg,False,,,,,,
101055,1992-10-03T12:00:00Z,7.0,99.6,1,1,0,4875.188232881132,95208.0,5059.0,0,False,no_candidate_within_1deg,False,,,,,,
101055,1992-10-03T15:00:00Z,6.3,99.3,1,1,0,4972.395138095107,95249.0,5059.0,0,False,no_candidate_within_1deg,False,,,,,,
101055,1992-10-03T18:00:00Z,5.7,99.0,1,1,0,5024.850098103479,95283.0,5059.0,0,False,no_candidate_within_1deg,False,,,,,,
101055,1992-10-03T21:00:00Z,5.0,98.7,0,0,0,,,,0,False,no_candidate_within_1deg,False,,,,,,
101055,1992-10-04T00:00:00Z,5.2,98.5,0,0,0,,,,0,False,no_candidate_within_1deg,False,,,,,,
101055,1992-10-04T03:00:00Z,6.1,98.2,0,0,0,,,,0,False,no_candidate_within_1deg,False,,,,,,
101055,1992-10-04T06:00:00Z,6.6,97.4,0,0,0,,,,0,False,no_candidate_within_1deg,False,,,,,,
101055,1992-10-04T09:00:00Z,7.1,96.5,0,0,0,,,,0,False,no_candidate_within_1deg,False,,,,,,
101056,1992-10-05T06:00:00Z,14.0,-92.7,0,0,0,,,,0,False,no_candidate_within_1deg,False,,,,,,
101056,1992-10-05T09:00:00Z,13.3,-92.7,0,0,0,,,,0,False,no_candidate_within_1deg,False,,,,,,
101056,1992-10-05T12:00:00Z,12.7,-92.8,0,0,0,,,,0,False,no_candidate_within_1deg,False,,,,,,
101056,1992-10-05T15:00:00Z,12.5,-93.6,0,0,0,,,,0,False,no_candidate_within_1deg,False,,,,,,
101056,1992-10-05T18:00:00Z,12.0,-96.3,0,0,0,,,,0,False,no_candidate_within_1deg,False,,,,,,
101056,1992-10-05T21:00:00Z,11.9,-98.1,0,0,0,,,,0,False,no_candidate_within_1deg,False,,,,,,
101056,1992-10-06T00:00:00Z,11.7,-99.8,0,0,0,,,,0,False,no_candidate_within_1deg,False,,,,,,
101056,1992-10-06T03:00:00Z,11.3,-101.2,0,0,0,,,,0,False,no_candidate_within_1deg,False,,,,,,
101056,1992-10-06T06:00:00Z,11.3,-97.3,1,1,0,17061.1308828769,95969.0,5060.0,0,False,no_candidate_within_1deg,False,,,,,,
101056,1992-10-06T09:00:00Z,12.8,-98.2,1,1,0,16878.41003297513,95997.0,5060.0,0,False,no_candidate_within_1deg,False,,,,,,
101059,1992-10-12T15:00:00Z,8.0,-106.2,1,1,0,16112.2540367868,97639.0,5061.0,0,False,no_candidate_within_1deg,False,,,,,,
101059,1992-10-12T18:00:00Z,8.3,-106.8,1,1,0,16081.897347094884,97671.0,5061.0,0,False,no_candidate_within_1deg,False,,,,,,
101059,1992-10-12T21:00:00Z,8.6,-105.9,1,1,0,16052.404716622257,97703.0,5061.0,0,False,no_candidate_within_1deg,False,,,,,,
101059,1992-10-13T00:00:00Z,8.9,-105.0,1,1,0,16065.20203763194,97738.0,5061.0,0,False,no_candidate_within_1deg,False,,,,,,
101059,1992-10-13T03:00:00Z,9.2,-104.1,1,1,0,16064.302972817384,97778.0,5061.0,0,False,no_candidate_within_1deg,False,,,,,,
101059,1992-10-13T06:00:00Z,9.4,-104.6,1,1,0,16035.004287881164,97821.0,5061.0,0,False,no_candidate_within_1deg,False,,,,,,
101059,1992-10-13T09:00:00Z,9.6,-104.9,1,1,0,16059.214788402789,97859.0,5061.0,0,False,no_candidate_within_1deg,False,,,,,,
101059,1992-10-13T12:00:00Z,9.7,-105.7,1,1,0,15989.946768168169,97898.0,5061.0,0,False,no_candidate_within_1deg,False,,,,,,
101059,1992-10-13T15:00:00Z,9.7,-106.5,1,1,0,15973.231776278686,97940.0,5061.0,0,False,no_candidate_within_1deg,False,,,,,,
101062,1992-10-14T15:00:00Z,11.4,-102.2,1,1,0,15854.60705721444,98304.0,5061.0,0,False,no_candidate_within_1deg,False,,,,,,
101062,1992-10-14T18:00:00Z,11.8,-102.7,1,1,0,15778.496785966532,98347.0,5061.0,0,False,no_candidate_within_1deg,False,,,,,,
101062,1992-10-14T21:00:00Z,12.0,-104.5,1,1,0,15709.221815525956,98392.0,5061.0,0,False,no_candidate_within_1deg,False,,,,,,
101062,1992-10-15T00:00:00Z,12.2,-104.5,1,1,0,15676.483145768056,98439.0,5061.0,0,False,no_candidate_within_1deg,False,,,,,,
101062,1992-10-15T03:00:00Z,12.4,-104.5,1,1,0,15708.439047291515,98490.0,5061.0,0,False,no_candidate_within_1deg,False,,,,,,
101062,1992-10-15T06:00:00Z,12.6,-104.5,1,1,0,15695.405216736703,98528.0,5061.0,0,False,no_candidate_within_1deg,False,,,,,,
101062,1992-10-15T09:00:00Z,12.8,-104.5,1,1,0,15658.11652739089,98565.0,5061.0,0,False,no_candidate_within_1deg,False,,,,,,
101062,1992-10-15T12:00:00Z,10.8,-105.3,0,0,0,,,,0,False,no_candidate_within_1deg,False,,,,,,
101062,1992-10-15T15:00:00Z,13.7,-108.0,0,0,0,,,,0,False,no_candidate_within_1deg,False,,,,,,
101063,1992-10-16T09:00:00Z,-10.7,84.0,0,0,0,,,,0,False,no_candidate_within_1deg,False,,,,,,
101063,1992-10-16T12:00:00Z,-10.6,84.0,0,0,0,,,,0,False,no_candidate_within_1deg,False,,,,,,
101063,1992-10-16T15:00:00Z,-10.5,84.0,0,0,0,,,,0,False,no_candidate_within_1deg,False,,,,,,
101063,1992-10-16T18:00:00Z,-9.7,83.6,0,0,0,,,,0,False,no_candidate_within_1deg,False,,,,,,
101063,1992-10-16T21:00:00Z,-8.9,83.3,0,0,0,,,,0,False,no_candidate_within_1deg,False,,,,,,
101063,1992-10-17T00:00:00Z,-8.1,82.9,0,0,0,,,,0,False,no_candidate_within_1deg,False,,,,,,
101063,1992-10-17T03:00:00Z,-7.3,82.6,0,0,0,,,,0,False,no_candidate_within_1deg,False,,,,,,
101063,1992-10-17T06:00:00Z,-6.5,84.5,0,0,0,,,,0,False,no_candidate_within_1deg,False,,,,,,
101063,1992-10-17T09:00:00Z,-7.1,83.4,0,0,0,,,,0,False,no_candidate_within_1deg,False,,,,,,
101066,1992-10-24T00:00:00Z,13.2,-106.1,0,0,0,,,,0,False,no_candidate_within_1deg,False,,,,,,
101066,1992-10-24T03:00:00Z,13.7,-107.2,0,0,0,,,,0,False,no_candidate_within_1deg,False,,,,,,
101066,1992-10-24T06:00:00Z,14.1,-108.3,0,0,0,,,,0,False,no_candidate_within_1deg,False,,,,,,
101066,1992-10-24T09:00:00Z,14.1,-109.3,0,0,0,,,,0,False,no_candidate_within_1deg,False,,,,,,
101066,1992-10-24T12:00:00Z,14.1,-110.2,0,0,0,,,,0,False,no_candidate_within_1deg,False,,,,,,
101066,1992-10-24T15:00:00Z,14.3,-109.9,0,0,0,,,,0,False,no_candidate_within_1deg,False,,,,,,
101066,1992-10-24T18:00:00Z,12.9,-109.2,0,0,0,,,,0,False,no_candidate_within_1deg,False,,,,,,
101066,1992-10-24T21:00:00Z,12.9,-111.5,0,0,0,,,,0,False,no_candidate_within_1deg,False,,,,,,
101066,1992-10-25T00:00:00Z,12.9,-113.8,0,0,0,,,,0,False,no_candidate_within_1deg,False,,,,,,
101066,1992-10-25T03:00:00Z,12.0,-113.1,0,0,0,,,,0,False,no_candidate_within_1deg,False,,,,,,
101066,1992-10-25T06:00:00Z,13.4,-111.5,0,0,0,,,,0,False,no_candidate_within_1deg,False,,,,,,
101066,1992-10-25T09:00:00Z,13.8,-111.6,0,0,0,,,,0,False,no_candidate_within_1deg,False,,,,,,
101074,1992-11-20T21:00:00Z,7.6,-149.1,1,1,0,12851.218103511492,109154.0,5066.0,0,False,no_candidate_within_1deg,False,,,,,,
101074,1992-11-21T00:00:00Z,8.4,-150.3,1,1,0,12628.253343120403,109190.0,5066.0,0,False,no_candidate_within_1deg,False,,,,,,
101074,1992-11-21T03:00:00Z,9.0,-150.4,1,1,0,12564.70353678419,109224.0,5066.0,0,False,no_candidate_within_1deg,False,,,,,,
101074,1992-11-21T06:00:00Z,9.5,-151.7,1,1,0,12381.091972484946,109258.0,5066.0,0,False,no_candidate_within_1deg,False,,,,,,
101074,1992-11-21T09:00:00Z,9.5,-152.8,1,1,0,12239.436081302469,109288.0,5066.0,0,False,no_candidate_within_1deg,False,,,,,,
101074,1992-11-21T12:00:00Z,9.7,-152.6,1,1,0,12183.791001280257,109320.0,5066.0,0,False,no_candidate_within_1deg,False,,,,,,
101074,1992-11-21T15:00:00Z,10.1,-153.2,1,1,0,12076.176264127691,109353.0,5066.0,0,False,no_candidate_within_1deg,False,,,,,,
101074,1992-11-21T18:00:00Z,10.5,-153.7,1,1,0,12002.895336467704,109397.0,5066.0,0,False,no_candidate_within_1deg,False,,,,,,
101074,1992-11-21T21:00:00Z,10.9,-154.3,1,1,0,11903.742201840578,109444.0,5066.0,0,False,no_candidate_within_1deg,False,,,,,,
101091,1993-02-01T21:00:00Z,-15.6,-167.4,0,0,0,,,,0,False,no_candidate_within_1deg,False,,,,,,
101091,1993-02-02T00:00:00Z,-14.2,-167.2,0,0,0,,,,0,False,no_candidate_within_1deg,False,,,,,,
101091,1993-02-02T03:00:00Z,-12.7,-167.1,0,0,0,,,,0,False,no_candidate_within_1deg,False,,,,,,
101091,1993-02-02T06:00:00Z,-13.3,-167.6,0,0,0,,,,0,False,no_candidate_within_1deg,False,,,,,,
101091,1993-02-02T09:00:00Z,-14.0,-168.0,0,0,0,,,,0,False,no_candidate_within_1deg,False,,,,,,
101091,1993-02-02T12:00:00Z,-14.6,-168.5,0,0,0,,,,0,False,no_candidate_within_1deg,False,,,,,,
101091,1993-02-02T15:00:00Z,-14.3,-169.4,0,0,0,,,,0,False,no_candidate_within_1deg,False,,,,,,
101091,1993-02-02T18:00:00Z,-13.9,-170.3,0,0,0,,,,0,False,no_candidate_within_1deg,False,,,,,,
101091,1993-02-02T21:00:00Z,-14.1,-169.9,0,0,0,,,,0,False,no_candidate_within_1deg,False,,,,,,
101092,1993-02-08T21:00:00Z,-14.6,51.5,0,0,0,,,,0,False,no_candidate_within_1deg,False,,,,,,
101092,1993-02-09T00:00:00Z,-14.5,51.8,0,0,0,,,,0,False,no_candidate_within_1deg,False,,,,,,
101092,1993-02-09T03:00:00Z,-14.4,52.1,0,0,0,,,,0,False,no_candidate_within_1deg,False,,,,,,
101092,1993-02-09T06:00:00Z,-15.2,51.4,0,0,0,,,,0,False,no_candidate_within_1deg,False,,,,,,
101092,1993-02-09T09:00:00Z,-15.9,50.6,0,0,0,,,,0,False,no_candidate_within_1deg,False,,,,,,
101092,1993-02-09T12:00:00Z,-16.9,53.7,0,0,0,,,,0,False,no_candidate_within_1deg,False,,,,,,
101092,1993-02-09T15:00:00Z,-16.4,52.8,0,0,0,,,,0,False,no_candidate_within_1deg,False,,,,,,
101092,1993-02-09T18:00:00Z,-15.8,51.9,0,0,0,,,,0,False,no_candidate_within_1deg,False,,,,,,
101092,1993-02-09T21:00:00Z,-15.9,51.4,0,0,0,,,,0,False,no_candidate_within_1deg,False,,,,,,
101098,1993-03-09T03:00:00Z,-0.4,158.5,0,0,0,,,,0,False,no_candidate_within_1deg,False,,,,,,
101098,1993-03-09T06:00:00Z,-2.3,158.0,0,0,0,,,,0,False,no_candidate_within_1deg,False,,,,,,
101098,1993-03-09T09:00:00Z,-3.4,158.9,0,0,0,,,,0,False,no_candidate_within_1deg,False,,,,,,
101098,1993-03-09T12:00:00Z,-4.5,159.9,0,0,0,,,,0,False,no_candidate_within_1deg,False,,,,,,
101098,1993-03-09T15:00:00Z,-5.6,160.8,0,0,0,,,,0,False,no_candidate_within_1deg,False,,,,,,
101098,1993-03-09T18:00:00Z,-6.7,161.8,0,0,0,,,,0,False,no_candidate_within_1deg,False,,,,,,
101098,1993-03-09T21:00:00Z,-6.6,161.5,0,0,0,,,,0,False,no_candidate_within_1deg,False,,,,,,
101098,1993-03-10T00:00:00Z,-6.5,161.1,0,0,0,,,,0,False,no_candidate_within_1deg,False,,,,,,
101098,1993-03-10T03:00:00Z,-6.3,160.8,0,0,0,,,,0,False,no_candidate_within_1deg,False,,,,,,
101099,1993-03-22T21:00:00Z,-12.7,-174.8,0,0,0,,,,0,False,no_candidate_within_1deg,False,,,,,,
101099,1993-03-23T00:00:00Z,-12.8,-175.2,0,0,0,,,,0,False,no_candidate_within_1deg,False,,,,,,
101099,1993-03-23T03:00:00Z,-12.9,-176.4,0,0,0,,,,0,False,no_candidate_within_1deg,False,,,,,,
101099,1993-03-23T06:00:00Z,-12.5,-176.4,0,0,0,,,,0,False,no_candidate_within_1deg,False,,,,,,
101099,1993-03-23T09:00:00Z,-10.3,-178.2,0,0,0,,,,0,False,no_candidate_within_1deg,False,,,,,,
101099,1993-03-23T12:00:00Z,-9.1,-177.9,0,0,0,,,,0,False,no_candidate_within_1deg,False,,,,,,
101099,1993-03-23T15:00:00Z,-7.8,-177.6,0,0,0,,,,0,False,no_candidate_within_1deg,False,,,,,,
101099,1993-03-23T18:00:00Z,-9.4,-178.2,0,0,0,,,,0,False,no_candidate_within_1deg,False,,,,,,
101099,1993-03-23T21:00:00Z,-10.9,-178.8,0,0,0,,,,0,False,no_candidate_within_1deg,False,,,,,,
101100,1993-03-30T21:00:00Z,-11.2,95.2,0,0,0,,,,0,False,no_candidate_within_1deg,False,,,,,,
101100,1993-03-31T00:00:00Z,-10.9,95.0,0,0,0,,,,0,False,no_candidate_within_1deg,False,,,,,,
101100,1993-03-31T03:00:00Z,-10.8,95.0,0,0,0,,,,0,False,no_candidate_within_1deg,False,,,,,,
101100,1993-03-31T06:00:00Z,-10.6,95.0,0,0,0,,,,0,False,no_candidate_within_1deg,False,,,,,,
101100,1993-03-31T09:00:00Z,-10.6,94.1,0,0,0,,,,0,False,no_candidate_within_1deg,False,,,,,,
101100,1993-03-31T12:00:00Z,-10.6,93.3,0,0,0,,,,0,False,no_candidate_within_1deg,False,,,,,,
101100,1993-03-31T15:00:00Z,-10.6,92.4,0,0,0,,,,0,False,no_candidate_within_1deg,False,,,,,,
101100,1993-03-31T18:00:00Z,-11.0,91.9,0,0,0,,,,0,False,no_candidate_within_1deg,False,,,,,,
101100,1993-03-31T21:00:00Z,-11.4,91.3,0,0,0,,,,0,False,no_candidate_within_1deg,False,,,,,,
101117,1993-07-12T18:00:00Z,6.4,-114.3,0,0,0,,,,0,False,no_candidate_within_1deg,False,,,,,,
101117,1993-07-12T21:00:00Z,7.4,-115.3,0,0,0,,,,0,False,no_candidate_within_1deg,False,,,,,,
101117,1993-07-13T00:00:00Z,8.3,-116.4,0,0,0,,,,0,False,no_candidate_within_1deg,False,,,,,,
101117,1993-07-13T03:00:00Z,9.3,-117.4,1,1,0,15895.837685220838,70354.0,5088.0,0,False,no_candidate_within_1deg,False,,,,,,
101117,1993-07-13T06:00:00Z,10.2,-118.5,1,1,0,15801.765532174608,70410.0,5088.0,0,False,no_candidate_within_1deg,False,,,,,,
101117,1993-07-13T09:00:00Z,10.9,-118.8,1,1,0,15660.19262842449,70464.0,5088.0,0,False,no_candidate_within_1deg,False,,,,,,
101117,1993-07-13T12:00:00Z,11.1,-119.5,1,1,0,15566.607578675255,70508.0,5088.0,0,False,no_candidate_within_1deg,False,,,,,,
101117,1993-07-13T15:00:00Z,10.6,-118.2,1,1,0,15637.69463992652,70554.0,5088.0,0,False,no_candidate_within_1deg,False,,,,,,
101117,1993-07-13T18:00:00Z,10.0,-116.9,1,1,0,15729.997251220791,70601.0,5088.0,0,False,no_candidate_within_1deg,False,,,,,,
101117,1993-07-13T21:00:00Z,12.2,-118.5,1,1,0,15394.926156928894,70659.0,5088.0,0,False,no_candidate_within_1deg,False,,,,,,
101117,1993-07-14T00:00:00Z,12.5,-119.6,1,1,0,15306.870461052195,70717.0,5088.0,0,False,no_candidate_within_1deg,False,,,,,,
101117,1993-07-14T03:00:00Z,11.3,-118.4,1,1,0,15482.096182584099,70766.0,5088.0,0,False,no_candidate_within_1deg,False,,,,,,
101117,1993-07-14T06:00:00Z,12.8,-119.5,1,1,0,15323.045107049393,70812.0,5088.0,0,False,no_candidate_within_1deg,False,,,,,,
101117,1993-07-14T09:00:00Z,11.1,-119.6,1,1,0,15432.455617718677,70852.0,5088.0,0,False,no_candidate_within_1deg,False,,,,,,
101119,1993-07-16T09:00:00Z,7.1,159.6,1,1,0,8723.415389415175,71567.0,5088.0,0,False,no_candidate_within_1deg,False,,,,,,
101119,1993-07-16T12:00:00Z,7.3,160.5,1,1,0,8833.978395319307,71608.0,5088.0,0,False,no_candidate_within_1deg,False,,,,,,
101119,1993-07-16T15:00:00Z,7.7,159.3,1,1,0,8755.516679710614,71649.0,5088.0,0,False,no_candidate_within_1deg,False,,,,,,
101119,1993-07-16T18:00:00Z,8.1,158.1,1,1,0,8688.273007073481,71698.0,5088.0,0,False,no_candidate_within_1deg,False,,,,,,
101119,1993-07-16T21:00:00Z,8.4,156.9,1,1,0,8590.670588374136,71743.0,5088.0,0,False,no_candidate_within_1deg,False,,,,,,
101119,1993-07-17T00:00:00Z,8.8,155.7,1,1,0,8526.799586388206,71784.0,5088.0,0,False,no_candidate_within_1deg,False,,,,,,
101119,1993-07-17T03:00:00Z,9.4,155.9,1,1,0,8588.188258852788,71832.0,5088.0,0,False,no_candidate_within_1deg,False,,,,,,
101119,1993-07-17T06:00:00Z,9.9,156.2,1,1,0,8656.837222740487,71889.0,5088.0,0,False,no_candidate_within_1deg,False,,,,,,
101119,1993-07-17T09:00:00Z,10.5,156.4,1,1,0,8687.522837022769,71940.0,5088.0,0,False,no_candidate_within_1deg,False,,,,,,
101125,1993-08-07T21:00:00Z,12.7,-141.1,2,1,1,13080.799437174239,79494.0,5106.0,0,False,no_candidate_within_1deg,False,,,,,,
101125,1993-08-08T00:00:00Z,12.5,-141.2,2,1,1,13084.7180023219,79542.0,5103.0,0,False,no_candidate_within_1deg,False,,,,,,
101125,1993-08-08T03:00:00Z,12.6,-141.6,2,1,1,13047.285872464583,79592.0,5103.0,0,False,no_candidate_within_1deg,False,,,,,,
101125,1993-08-08T06:00:00Z,12.7,-142.1,2,1,1,13183.39468545232,79639.0,5106.0,0,False,no_candidate_within_1deg,False,,,,,,
101125,1993-08-08T09:00:00Z,12.8,-142.5,3,1,2,12682.31711513416,79680.0,5107.0,0,False,no_candidate_within_1deg,False,,,,,,
101125,1993-08-08T12:00:00Z,12.9,-143.0,3,0,3,,,,0,False,no_candidate_within_1deg,False,,,,,,
101125,1993-08-08T15:00:00Z,11.5,-142.7,3,1,2,13331.986765395495,79773.0,5106.0,0,False,no_candidate_within_1deg,False,,,,,,
101125,1993-08-08T18:00:00Z,10.1,-142.4,3,2,1,13369.840412755928,79828.0,5106.0,0,False,no_candidate_within_1deg,False,,,,,,
101125,1993-08-08T21:00:00Z,12.6,-143.7,3,3,0,12741.546606254506,79887.0,5107.0,0,False,no_candidate_within_1deg,False,,,,,,
101130,1993-08-13T12:00:00Z,12.5,-95.4,1,1,0,16214.640332788354,81523.0,5107.0,0,False,no_candidate_within_1deg,False,,,,,,
101130,1993-08-13T15:00:00Z,13.6,-96.3,1,1,0,16080.649254262727,81560.0,5107.0,0,False,no_candidate_within_1deg,False,,,,,,
101130,1993-08-13T18:00:00Z,14.6,-97.1,1,1,0,15909.113467951018,81597.0,5107.0,0,False,no_candidate_within_1deg,False,,,,,,
101130,1993-08-13T21:00:00Z,15.7,-98.0,1,1,0,15820.301887284902,81639.0,5107.0,0,False,no_candidate_within_1deg,False,,,,,,
101130,1993-08-14T00:00:00Z,15.1,-98.5,1,1,0,15935.612965890394,81676.0,5107.0,0,False,no_candidate_within_1deg,False,,,,,,
101130,1993-08-14T03:00:00Z,14.6,-98.9,1,1,0,16000.320533591466,81715.0,5107.0,0,False,no_candidate_within_1deg,False,,,,,,
101130,1993-08-14T06:00:00Z,14.0,-99.4,1,1,0,16099.286462271946,81760.0,5107.0,0,False,no_candidate_within_1deg,False,,,,,,
101130,1993-08-14T09:00:00Z,13.4,-99.8,1,1,0,16163.632326737074,81800.0,5107.0,0,False,no_candidate_within_1deg,False,,,,,,
101130,1993-08-14T12:00:00Z,13.3,-99.3,1,1,0,16176.503200746827,81839.0,5107.0,0,False,no_candidate_within_1deg,False,,,,,,
101130,1993-08-14T15:00:00Z,13.2,-98.9,1,1,0,16182.72346370703,81887.0,5107.0,0,False,no_candidate_within_1deg,False,,,,,,
101130,1993-08-14T18:00:00Z,14.7,-99.8,1,1,0,15970.064083985537,81938.0,5107.0,0,False,no_candidate_within_1deg,False,,,,,,
101130,1993-08-14T21:00:00Z,14.3,-101.0,1,1,0,16014.333496174926,81988.0,5107.0,0,False,no_candidate_within_1deg,False,,,,,,
101132,1993-08-16T00:00:00Z,13.8,-93.9,0,0,0,,,,0,False,no_candidate_within_1deg,False,,,,,,
101132,1993-08-16T03:00:00Z,14.2,-94.2,0,0,0,,,,0,False,no_candidate_within_1deg,False,,,,,,
101132,1993-08-16T06:00:00Z,14.6,-94.5,0,0,0,,,,0,False,no_candidate_within_1deg,False,,,,,,
101132,1993-08-16T09:00:00Z,14.1,-95.6,0,0,0,,,,0,False,no_candidate_within_1deg,False,,,,,,
101132,1993-08-16T12:00:00Z,12.7,-95.9,0,0,0,,,,0,False,no_candidate_within_1deg,False,,,,,,
101132,1993-08-16T15:00:00Z,13.9,-95.9,1,1,0,16469.501725336246,82640.0,5110.0,0,False,no_candidate_within_1deg,False,,,,,,
101132,1993-08-16T18:00:00Z,13.6,-93.9,1,1,0,16426.46643839986,82674.0,5110.0,0,False,no_candidate_within_1deg,False,,,,,,
101132,1993-08-16T21:00:00Z,13.7,-94.2,1,0,1,,,,0,False,no_candidate_within_1deg,False,,,,,,
101132,1993-08-17T00:00:00Z,13.1,-97.9,1,1,0,16361.91361903438,82733.0,5110.0,0,False,no_candidate_within_1deg,False,,,,,,
101132,1993-08-17T03:00:00Z,12.9,-94.9,1,1,0,16392.188677178932,82764.0,5110.0,0,False,no_candidate_within_1deg,False,,,,,,
101138,1993-08-27T18:00:00Z,14.2,-97.9,1,1,0,15446.879778988747,86401.0,5112.0,0,False,no_candidate_within_1deg,False,,,,,,
101138,1993-08-27T21:00:00Z,14.7,-98.4,1,0,1,,,,0,False,no_candidate_within_1deg,False,,,,,,
101138,1993-08-28T00:00:00Z,15.2,-98.8,1,1,0,15367.057448628964,86496.0,5112.0,0,False,no_candidate_within_1deg,False,,,,,,
101138,1993-08-28T03:00:00Z,15.7,-99.3,1,0,1,,,,0,False,no_candidate_within_1deg,False,,,,,,
101138,1993-08-28T06:00:00Z,15.5,-98.3,1,0,1,,,,0,False,no_candidate_within_1deg,False,,,,,,
101138,1993-08-28T09:00:00Z,15.3,-97.3,1,1,0,15327.400449385721,86639.0,5112.0,0,False,no_candidate_within_1deg,False,,,,,,
101138,1993-08-28T12:00:00Z,15.1,-96.3,1,1,0,15378.79006412307,86676.0,5112.0,0,False,no_candidate_within_1deg,False,,,,,,
101138,1993-08-28T15:00:00Z,15.1,-98.1,1,1,0,15372.981668596833,86706.0,5112.0,0,False,no_candidate_within_1deg,False,,,,,,
101138,1993-08-28T18:00:00Z,13.4,-98.3,1,1,0,15583.262764406909,86740.0,5112.0,0,False,no_candidate_within_1deg,False,,,,,,
101138,1993-08-28T21:00:00Z,11.8,-98.5,1,1,0,15789.05538150929,86776.0,5112.0,0,False,no_candidate_within_1deg,False,,,,,,
101142,1993-09-06T03:00:00Z,21.9,-63.4,2,1,1,14454.287216927181,89583.0,5116.0,0,False,no_candidate_within_1deg,False,,,,,,
101142,1993-09-06T06:00:00Z,21.3,-62.1,2,1,1,14409.439152665784,89619.0,5116.0,0,False,no_candidate_within_1deg,False,,,,,,
101142,1993-09-06T09:00:00Z,21.5,-61.1,2,1,1,14283.694945619693,89652.0,5116.0,0,False,no_candidate_within_1deg,False,,,,,,
101142,1993-09-06T12:00:00Z,22.1,-62.0,2,2,0,12622.825854973784,89686.0,5115.0,0,False,no_candidate_within_1deg,False,,,,,,
101142,1993-09-06T15:00:00Z,22.7,-63.4,2,2,0,12628.46423319401,89727.0,5115.0,0,False,no_candidate_within_1deg,False,,,,,,
101142,1993-09-06T18:00:00Z,22.7,-64.3,2,2,0,12693.116988563039,89771.0,5115.0,0,False,no_candidate_within_1deg,False,,,,,,
101142,1993-09-06T21:00:00Z,22.3,-63.8,2,2,0,12676.41997266625,89817.0,5115.0,0,False,no_candidate_within_1deg,False,,,,,,
101142,1993-09-07T00:00:00Z,23.5,-64.0,2,2,0,12594.174180257793,89860.0,5115.0,0,False,no_candidate_within_1deg,False,,,,,,
101142,1993-09-07T03:00:00Z,23.9,-65.8,2,2,0,12665.8901010097,89901.0,5115.0,0,False,no_candidate_within_1deg,False,,,,,,
101142,1993-09-07T06:00:00Z,24.6,-65.5,2,2,0,12585.58969602369,89946.0,5115.0,0,False,no_candidate_within_1deg,False,,,,,,
101142,1993-09-07T09:00:00Z,24.8,-65.7,2,2,0,12600.172012788667,89987.0,5115.0,0,False,no_candidate_within_1deg,False,,,,,,
101143,1993-09-06T21:00:00Z,8.5,-98.2,2,2,0,15635.3492820271,89817.0,5115.0,0,False,no_candidate_within_1deg,False,,,,,,
101143,1993-09-07T00:00:00Z,9.0,-98.0,2,2,0,15595.654969964698,89860.0,5115.0,0,False,no_candidate_within_1deg,False,,,,,,
101143,1993-09-07T03:00:00Z,9.5,-97.8,2,2,0,15539.506170759432,89901.0,5115.0,0,False,no_candidate_within_1deg,False,,,,,,
101143,1993-09-07T06:00:00Z,9.9,-97.6,2,2,0,15500.166535255816,89946.0,5115.0,0,False,no_candidate_within_1deg,False,,,,,,
101143,1993-09-07T09:00:00Z,10.4,-97.4,2,2,0,15455.941033099347,89987.0,5115.0,0,False,no_candidate_within_1deg,False,,,,,,
101143,1993-09-07T12:00:00Z,10.1,-97.8,2,2,0,15492.714128494055,90030.0,5115.0,0,False,no_candidate_within_1deg,False,,,,,,
101143,1993-09-07T15:00:00Z,9.9,-96.1,2,2,0,15488.198333674536,90082.0,5115.0,0,False,no_candidate_within_1deg,False,,,,,,
101143,1993-09-07T18:00:00Z,9.7,-94.5,2,2,0,15478.360848621232,90135.0,5115.0,0,False,no_candidate_within_1deg,False,,,,,,
101143,1993-09-07T21:00:00Z,9.9,-95.3,2,2,0,15492.96583353132,90192.0,5115.0,0,False,no_candidate_within_1deg,False,,,,,,
101143,1993-09-08T00:00:00Z,10.1,-95.5,2,2,0,15539.10636209608,90242.0,5115.0,0,False,no_candidate_within_1deg,False,,,,,,
101143,1993-09-08T03:00:00Z,9.9,-95.2,2,2,0,15566.956281896832,90301.0,5115.0,0,False,no_candidate_within_1deg,False,,,,,,
101143,1993-09-08T06:00:00Z,11.3,-94.7,2,2,0,15392.382107225434,90355.0,5115.0,0,False,no_candidate_within_1deg,False,,,,,,
101143,1993-09-08T09:00:00Z,10.4,-95.1,2,2,0,15534.727992207696,90407.0,5115.0,0,False,no_candidate_within_1deg,False,,,,,,
101149,1993-09-26T03:00:00Z,0.7,146.3,1,1,0,8171.304536865247,95030.0,5123.0,0,False,no_candidate_within_1deg,False,,,,,,
101149,1993-09-26T06:00:00Z,0.8,147.6,1,1,0,8338.447920967888,95074.0,5123.0,0,False,no_candidate_within_1deg,False,,,,,,
101149,1993-09-26T09:00:00Z,0.8,149.0,1,1,0,8451.359308813118,95111.0,5123.0,0,False,no_candidate_within_1deg,False,,,,,,
101149,1993-09-26T12:00:00Z,0.9,150.4,1,1,0,8594.242797658213,95142.0,5123.0,0,False,no_candidate_within_1deg,False,,,,,,
101149,1993-09-26T15:00:00Z,3.2,153.5,1,1,0,8784.429291833465,95167.0,5123.0,0,False,no_candidate_within_1deg,False,,,,,,
101149,1993-09-26T18:00:00Z,2.7,153.0,1,1,0,8733.075528651709,95197.0,5123.0,0,False,no_candidate_within_1deg,False,,,,,,
101149,1993-09-26T21:00:00Z,3.7,151.9,1,1,0,8628.225103913843,95224.0,5123.0,0,False,no_candidate_within_1deg,False,,,,,,
101149,1993-09-27T00:00:00Z,4.6,150.9,1,1,0,8471.138759436935,95253.0,5123.0,0,False,no_candidate_within_1deg,False,,,,,,
101149,1993-09-27T03:00:00Z,5.6,149.8,1,1,0,8278.728405184042,95278.0,5123.0,0,False,no_candidate_within_1deg,False,,,,,,
101150,1993-09-26T21:00:00Z,16.0,141.4,1,1,0,7122.615268133929,95224.0,5123.0,0,False,no_candidate_within_1deg,False,,,,,,
101150,1993-09-27T00:00:00Z,15.8,139.7,1,1,0,6933.458222493893,95253.0,5123.0,0,False,no_candidate_within_1deg,False,,,,,,
101150,1993-09-27T03:00:00Z,15.6,139.1,1,1,0,6834.656073685044,95278.0,5123.0,0,False,no_candidate_within_1deg,False,,,,,,
101150,1993-09-27T06:00:00Z,15.1,135.9,1,1,0,6466.792324437642,95305.0,5123.0,0,False,no_candidate_within_1deg,False,,,,,,
101150,1993-09-27T09:00:00Z,14.4,134.4,1,1,0,6283.395579062915,95335.0,5123.0,0,False,no_candidate_within_1deg,False,,,,,,
101150,1993-09-27T12:00:00Z,13.7,133.5,1,1,0,6143.07733995146,95366.0,5123.0,0,False,no_candidate_within_1deg,False,,,,,,
101150,1993-09-27T15:00:00Z,12.9,132.6,1,1,0,6007.748923750086,95400.0,5123.0,0,False,no_candidate_within_1deg,False,,,,,,
101150,1993-09-27T18:00:00Z,12.9,133.0,1,1,0,6004.060063225808,95436.0,5123.0,0,False,no_candidate_within_1deg,False,,,,,,
101150,1993-09-27T21:00:00Z,12.9,131.9,1,1,0,5852.945070290302,95480.0,5123.0,0,False,no_candidate_within_1deg,False,,,,,,
101157,1993-10-10T15:00:00Z,11.1,-113.2,1,1,0,16913.378759181844,99128.0,5124.0,0,False,no_candidate_within_1deg,False,,,,,,
101157,1993-10-10T18:00:00Z,11.8,-114.2,1,1,0,16793.23517829227,99171.0,5124.0,0,False,no_candidate_within_1deg,False,,,,,,
101157,1993-10-10T21:00:00Z,12.5,-115.2,1,1,0,16686.36556453386,99216.0,5124.0,0,False,no_candidate_within_1deg,False,,,,,,
101157,1993-10-11T00:00:00Z,12.9,-117.0,1,1,0,16607.45056106311,99265.0,5124.0,0,False,no_candidate_within_1deg,False,,,,,,
101157,1993-10-11T03:00:00Z,13.4,-117.3,1,1,0,16557.78227463113,99314.0,5124.0,0,False,no_candidate_within_1deg,False,,,,,,
101157,1993-10-11T06:00:00Z,13.9,-117.6,1,1,0,16519.717797593432,99361.0,5124.0,0,False,no_candidate_within_1deg,False,,,,,,
101157,1993-10-11T09:00:00Z,14.3,-118.0,1,1,0,16481.27923448373,99409.0,5124.0,0,False,no_candidate_within_1deg,False,,,,,,
101157,1993-10-11T12:00:00Z,14.8,-118.3,1,1,0,16437.807118888024,99445.0,5124.0,0,False,no_candidate_within_1deg,False,,,,,,
101157,1993-10-11T15:00:00Z,15.5,-119.1,1,1,0,16279.80612119867,99481.0,5124.0,0,False,no_candidate_within_1deg,False,,,,,,
101156,1993-10-10T21:00:00Z,7.3,-168.2,1,1,0,12591.16342838234,99216.0,5124.0,0,False,no_candidate_within_1deg,False,,,,,,
101156,1993-10-11T00:00:00Z,7.0,-168.9,1,1,0,12591.772925110747,99265.0,5124.0,0,False,no_candidate_within_1deg,False,,,,,,
101156,1993-10-11T03:00:00Z,6.6,-169.7,1,1,0,12578.70319942955,99314.0,5124.0,0,False,no_candidate_within_1deg,False,,,,,,
101156,1993-10-11T06:00:00Z,7.2,-169.2,1,1,0,12666.067087119907,99361.0,5124.0,0,False,no_candidate_within_1deg,False,,,,,,
101156,1993-10-11T09:00:00Z,7.8,-168.7,1,1,0,12728.452713990493,99409.0,5124.0,0,False,no_candidate_within_1deg,False,,,,,,
101156,1993-10-11T12:00:00Z,8.4,-168.2,1,1,0,12796.686934627298,99445.0,5124.0,0,False,no_candidate_within_1deg,False,,,,,,
101156,1993-10-11T15:00:00Z,9.5,-166.8,1,1,0,12899.32195725174,99481.0,5124.0,0,False,no_candidate_within_1deg,False,,,,,,
101156,1993-10-11T18:00:00Z,10.6,-165.3,1,1,0,13039.011644083042,99516.0,5124.0,0,False,no_candidate_within_1deg,False,,,,,,
101156,1993-10-11T21:00:00Z,11.7,-163.9,1,1,0,13165.863473550738,99551.0,5124.0,0,False,no_candidate_within_1deg,False,,,,,,
101158,1993-10-23T21:00:00Z,12.7,154.9,0,0,0,,,,0,False,no_candidate_within_1deg,False,,,,,,
101158,1993-10-24T00:00:00Z,12.3,154.5,0,0,0,,,,0,False,no_candidate_within_1deg,False,,,,,,
101158,1993-10-24T03:00:00Z,11.9,154.0,0,0,0,,,,0,False,no_candidate_within_1deg,False,,,,,,
101158,1993-10-24T06:00:00Z,9.9,151.9,0,0,0,,,,0,False,no_candidate_within_1deg,False,,,,,,
101158,1993-10-24T09:00:00Z,9.9,149.6,0,0,0,,,,0,False,no_candidate_within_1deg,False,,,,,,
101158,1993-10-24T12:00:00Z,10.4,150.7,0,0,0,,,,0,False,no_candidate_within_1deg,False,,,,,,
101158,1993-10-24T15:00:00Z,10.9,151.8,0,0,0,,,,0,False,no_candidate_within_1deg,False,,,,,,
101158,1993-10-24T18:00:00Z,11.3,152.9,0,0,0,,,,0,False,no_candidate_within_1deg,False,,,,,,
101158,1993-10-24T21:00:00Z,11.8,154.0,0,0,0,,,,0,False,no_candidate_within_1deg,False,,,,,,
101181,1994-01-21T03:00:00Z,-8.9,115.5,0,0,0,,,,0,False,no_candidate_within_1deg,False,,,,,,
101181,1994-01-21T06:00:00Z,-9.8,114.5,0,0,0,,,,0,False,no_candidate_within_1deg,False,,,,,,
101181,1994-01-21T09:00:00Z,-10.8,113.6,0,0,0,,,,0,False,no_candidate_within_1deg,False,,,,,,
101181,1994-01-21T12:00:00Z,-11.2,113.3,0,0,0,,,,0,False,no_candidate_within_1deg,False,,,,,,
101181,1994-01-21T15:00:00Z,-11.0,112.2,0,0,0,,,,0,False,no_candidate_within_1deg,False,,,,,,
101181,1994-01-21T18:00:00Z,-9.0,111.5,0,0,0,,,,0,False,no_candidate_within_1deg,False,,,,,,
101181,1994-01-21T21:00:00Z,-12.0,111.4,0,0,0,,,,0,False,no_candidate_within_1deg,False,,,,,,
101181,1994-01-22T00:00:00Z,-12.4,111.8,0,0,0,,,,0,False,no_candidate_within_1deg,False,,,,,,
101181,1994-01-22T03:00:00Z,-12.9,112.1,0,0,0,,,,0,False,no_candidate_within_1deg,False,,,,,,
101199,1994-04-03T21:00:00Z,-11.1,135.5,0,0,0,,,,0,False,no_candidate_within_1deg,False,,,,,,
101199,1994-04-04T00:00:00Z,-11.3,134.4,0,0,0,,,,0,False,no_candidate_within_1deg,False,,,,,,
101199,1994-04-04T03:00:00Z,-11.3,134.9,0,0,0,,,,0,False,no_candidate_within_1deg,False,,,,,,
101199,1994-04-04T06:00:00Z,-11.3,135.3,0,0,0,,,,0,False,no_candidate_within_1deg,False,,,,,,
101199,1994-04-04T09:00:00Z,-9.7,133.2,0,0,0,,,,0,False,no_candidate_within_1deg,False,,,,,,
101199,1994-04-04T12:00:00Z,-9.3,132.4,0,0,0,,,,0,False,no_candidate_within_1deg,False,,,,,,
101199,1994-04-04T15:00:00Z,-9.0,131.6,0,0,0,,,,0,False,no_candidate_within_1deg,False,,,,,,
101199,1994-04-04T18:00:00Z,-8.6,130.8,0,0,0,,,,0,False,no_candidate_within_1deg,False,,,,,,
101199,1994-04-04T21:00:00Z,-9.4,130.2,0,0,0,,,,0,False,no_candidate_within_1deg,False,,,,,,
101201,1994-04-24T21:00:00Z,-2.2,90.0,0,0,0,,,,0,False,no_candidate_within_1deg,False,,,,,,
101201,1994-04-25T00:00:00Z,-4.0,89.9,0,0,0,,,,0,False,no_candidate_within_1deg,False,,,,,,
101201,1994-04-25T03:00:00Z,-3.8,90.5,0,0,0,,,,0,False,no_candidate_within_1deg,False,,,,,,
101201,1994-04-25T06:00:00Z,-5.2,90.6,0,0,0,,,,0,False,no_candidate_within_1deg,False,,,,,,
101201,1994-04-25T09:00:00Z,-6.5,90.7,0,0,0,,,,0,False,no_candidate_within_1deg,False,,,,,,
101201,1994-04-25T12:00:00Z,-6.7,93.2,0,0,0,,,,0,False,no_candidate_within_1deg,False,,,,,,
101201,1994-04-25T15:00:00Z,-6.9,95.7,0,0,0,,,,0,False,no_candidate_within_1deg,False,,,,,,
101201,1994-04-25T18:00:00Z,-5.9,96.6,0,0,0,,,,0,False,no_candidate_within_1deg,False,,,,,,
101201,1994-04-25T21:00:00Z,-4.9,97.6,0,0,0,,,,0,False,no_candidate_within_1deg,False,,,,,,
101206,1994-06-04T09:00:00Z,15.7,71.0,1,1,0,402.6690929289275,59550.0,5132.0,0,False,no_candidate_within_1deg,False,,,,,,
101206,1994-06-04T12:00:00Z,12.7,69.8,1,1,0,485.0704771502649,59599.0,5132.0,0,False,no_candidate_within_1deg,False,,,,,,
101206,1994-06-04T15:00:00Z,14.1,69.3,1,1,0,552.3822698937936,59648.0,5132.0,0,False,no_candidate_within_1deg,False,,,,,,
101206,1994-06-04T18:00:00Z,16.3,72.4,1,1,0,284.44609924146306,59699.0,5132.0,0,False,no_candidate_within_1deg,False,,,,,,
101206,1994-06-04T21:00:00Z,14.9,72.1,1,1,0,201.03413357137524,59758.0,5132.0,0,False,no_candidate_within_1deg,False,,,,,,
101206,1994-06-05T00:00:00Z,13.7,71.9,1,1,0,281.2420908697147,59819.0,5132.0,0,False,no_candidate_within_1deg,False,,,,,,
101206,1994-06-05T03:00:00Z,13.2,72.5,1,1,0,282.1158724503241,59881.0,5132.0,0,False,no_candidate_within_1deg,False,,,,,,
101206,1994-06-05T06:00:00Z,12.1,74.1,1,1,0,335.1552433142274,59933.0,5132.0,0,False,no_candidate_within_1deg,False,,,,,,
101206,1994-06-05T09:00:00Z,15.4,72.1,1,1,0,181.51874828523125,59976.0,5132.0,0,False,no_candidate_within_1deg,False,,,,,,
101210,1994-06-27T00:00:00Z,10.7,-105.1,2,2,0,15782.684698197345,68194.0,5149.0,0,False,no_candidate_within_1deg,False,,,,,,
101210,1994-06-27T03:00:00Z,9.6,-105.4,2,2,0,15846.065847038697,68253.0,5149.0,0,False,no_candidate_within_1deg,False,,,,,,
101210,1994-06-27T06:00:00Z,10.4,-105.8,2,2,0,15731.846974429303,68318.0,5149.0,0,False,no_candidate_within_1deg,False,,,,,,
101210,1994-06-27T09:00:00Z,10.2,-105.3,2,2,0,15606.345237620757,68389.0,5149.0,0,False,no_candidate_within_1deg,False,,,,,,
101210,1994-06-27T12:00:00Z,9.9,-104.9,2,2,0,15562.69077785357,68458.0,5149.0,0,False,no_candidate_within_1deg,False,,,,,,
101210,1994-06-27T15:00:00Z,9.7,-104.4,2,1,1,16198.052506243548,68514.0,5148.0,0,False,no_candidate_within_1deg,False,,,,,,
101210,1994-06-27T18:00:00Z,9.4,-104.0,2,1,1,16218.990097560356,68581.0,5148.0,0,False,no_candidate_within_1deg,False,,,,,,
101210,1994-06-27T21:00:00Z,9.6,-104.7,2,2,0,15483.521301372008,68646.0,5149.0,0,False,no_candidate_within_1deg,False,,,,,,
101210,1994-06-28T00:00:00Z,9.7,-105.5,2,2,0,15375.259291785464,68706.0,5149.0,0,False,no_candidate_within_1deg,False,,,,,,
101210,1994-06-28T03:00:00Z,9.9,-106.2,1,1,0,16009.870431764215,68761.0,5148.0,0,False,no_candidate_within_1deg,False,,,,,,
101210,1994-06-28T06:00:00Z,11.7,-105.3,1,1,0,15834.633369724224,68826.0,5148.0,0,False,no_candidate_within_1deg,False,,,,,,
101210,1994-06-28T09:00:00Z,13.4,-104.3,1,1,0,15663.096037538378,68884.0,5148.0,0,False,no_candidate_within_1deg,False,,,,,,
101215,1994-07-07T00:00:00Z,11.8,-114.6,1,1,0,15322.046025174228,72196.0,5155.0,0,False,no_candidate_within_1deg,False,,,,,,
101215,1994-07-07T03:00:00Z,15.1,-114.1,1,1,0,15008.191914609894,72250.0,5155.0,0,False,no_candidate_within_1deg,False,,,,,,
101215,1994-07-07T06:00:00Z,14.4,-116.0,1,1,0,14948.40465879908,72299.0,5155.0,0,False,no_candidate_within_1deg,False,,,,,,
101215,1994-07-07T09:00:00Z,13.7,-117.8,1,1,0,14922.49894043939,72340.0,5155.0,0,False,no_candidate_within_1deg,False,,,,,,
101215,1994-07-07T12:00:00Z,13.6,-118.5,1,1,0,14941.895030012009,72387.0,5155.0,0,False,no_candidate_within_1deg,False,,,,,,
101215,1994-07-07T15:00:00Z,13.4,-119.1,1,1,0,14925.51555630908,72440.0,5155.0,0,False,no_candidate_within_1deg,False,,,,,,
101215,1994-07-07T18:00:00Z,12.5,-119.0,1,1,0,15044.976472635872,72495.0,5155.0,0,False,no_candidate_within_1deg,False,,,,,,
101215,1994-07-07T21:00:00Z,13.0,-119.7,1,0,1,,,,0,False,no_candidate_within_1deg,False,,,,,,
101215,1994-07-08T00:00:00Z,13.5,-120.5,1,0,1,,,,0,False,no_candidate_within_1deg,False,,,,,,
101215,1994-07-08T03:00:00Z,10.3,-119.8,1,1,0,15525.81831031161,72660.0,5155.0,0,False,no_candidate_within_1deg,False,,,,,,
101215,1994-07-08T06:00:00Z,10.4,-120.4,1,1,0,15469.969976476339,72703.0,5155.0,0,False,no_candidate_within_1deg,False,,,,,,
101215,1994-07-08T09:00:00Z,10.5,-121.0,1,1,0,15418.10285434778,72744.0,5155.0,0,False,no_candidate_within_1deg,False,,,,,,
101230,1994-08-05T15:00:00Z,16.3,-108.0,1,1,0,15496.065349399472,83606.0,5187.0,0,False,no_candidate_within_1deg,False,,,,,,
101230,1994-08-05T18:00:00Z,15.1,-106.1,1,1,0,15573.546870269496,83660.0,5187.0,0,False,no_candidate_within_1deg,False,,,,,,
101230,1994-08-05T21:00:00Z,15.6,-105.9,1,1,0,15549.987500515057,83720.0,5187.0,0,False,no_candidate_within_1deg,False,,,,,,
101230,1994-08-06T00:00:00Z,16.2,-105.6,1,1,0,15498.03108029143,83777.0,5187.0,0,False,no_candidate_within_1deg,False,,,,,,
101230,1994-08-06T03:00:00Z,16.7,-105.4,1,1,0,15469.754976006589,83829.0,5187.0,0,False,no_candidate_within_1deg,False,,,,,,
101230,1994-08-06T06:00:00Z,17.7,-106.0,1,1,0,15377.18273412574,83881.0,5187.0,0,False,no_candidate_within_1deg,False,,,,,,
101230,1994-08-06T09:00:00Z,18.6,-106.6,1,0,1,,,,0,False,no_candidate_within_1deg,False,,,,,,
101230,1994-08-06T12:00:00Z,18.3,-107.4,1,1,0,15338.934820872055,83970.0,5187.0,0,False,no_candidate_within_1deg,False,,,,,,
101230,1994-08-06T15:00:00Z,18.1,-107.5,1,1,0,15394.844627190463,84006.0,5187.0,0,False,no_candidate_within_1deg,False,,,,,,
101230,1994-08-06T18:00:00Z,17.8,-107.5,1,1,0,15433.050291674988,84051.0,5187.0,0,False,no_candidate_within_1deg,False,,,,,,
101230,1994-08-06T21:00:00Z,17.0,-108.5,1,1,0,15550.629789484527,84097.0,5187.0,0,False,no_candidate_within_1deg,False,,,,,,
101236,1994-08-13T09:00:00Z,26.1,-83.4,1,1,0,13743.441130847792,86412.0,5193.0,0,False,no_candidate_within_1deg,False,,,,,,
101236,1994-08-13T12:00:00Z,25.6,-83.3,1,1,0,13792.643657158682,86449.0,5193.0,0,False,no_candidate_within_1deg,False,,,,,,
101236,1994-08-13T15:00:00Z,25.1,-83.3,1,1,0,13828.510508507356,86484.0,5193.0,0,False,no_candidate_within_1deg,False,,,,,,
101236,1994-08-13T18:00:00Z,21.9,-85.3,1,1,0,14204.146843220997,86519.0,5193.0,0,False,no_candidate_within_1deg,False,,,,,,
101236,1994-08-13T21:00:00Z,21.9,-85.6,1,1,0,14171.915128407192,86551.0,5193.0,0,False,no_candidate_within_1deg,False,,,,,,
101236,1994-08-14T00:00:00Z,23.3,-85.5,1,1,0,13967.281549831834,86580.0,5193.0,0,False,no_candidate_within_1deg,False,,,,,,
101236,1994-08-14T03:00:00Z,24.8,-85.4,1,1,0,13811.05749725647,86612.0,5193.0,0,False,no_candidate_within_1deg,False,,,,,,
101236,1994-08-14T06:00:00Z,26.2,-85.3,1,1,0,13685.466900800742,86651.0,5193.0,0,False,no_candidate_within_1deg,False,,,,,,
101236,1994-08-14T09:00:00Z,27.6,-85.2,1,1,0,13563.644327846929,86687.0,5193.0,0,False,no_candidate_within_1deg,False,,,,,,
101240,1994-08-23T15:00:00Z,23.3,169.1,1,0,1,,,,0,False,no_candidate_within_1deg,False,,,,,,
101240,1994-08-23T18:00:00Z,23.2,169.1,1,0,1,,,,0,False,no_candidate_within_1deg,False,,,,,,
101240,1994-08-23T21:00:00Z,22.1,168.3,1,1,0,8142.50168601568,89784.0,5196.0,0,False,no_candidate_within_1deg,False,,,,,,
101240,1994-08-24T00:00:00Z,21.8,168.0,0,0,0,,,,0,False,no_candidate_within_1deg,False,,,,,,
101240,1994-08-24T03:00:00Z,23.1,171.7,0,0,0,,,,0,False,no_candidate_within_1deg,False,,,,,,
101240,1994-08-24T06:00:00Z,23.4,170.5,0,0,0,,,,0,False,no_candidate_within_1deg,False,,,,,,
101240,1994-08-24T09:00:00Z,23.6,169.4,0,0,0,,,,0,False,no_candidate_within_1deg,False,,,,,,
101240,1994-08-24T12:00:00Z,23.9,168.2,0,0,0,,,,0,False,no_candidate_within_1deg,False,,,,,,
101240,1994-08-24T15:00:00Z,22.3,168.6,0,0,0,,,,0,False,no_candidate_within_1deg,False,,,,,,
101241,1994-08-27T15:00:00Z,11.6,-124.9,3,2,1,14954.202932724163,91027.0,5203.0,0,False,no_candidate_within_1deg,False,,,,,,
101241,1994-08-27T18:00:00Z,12.7,-124.8,3,2,1,14873.386385003096,91059.0,5203.0,0,False,no_candidate_within_1deg,False,,,,,,
101241,1994-08-27T21:00:00Z,14.3,-124.4,3,2,1,14780.196155302805,91091.0,5203.0,0,False,no_candidate_within_1deg,False,,,,,,
101241,1994-08-28T00:00:00Z,15.8,-123.9,3,1,2,14715.604263361454,91123.0,5203.0,0,False,no_candidate_within_1deg,False,,,,,,
101241,1994-08-28T03:00:00Z,17.6,-123.1,3,2,1,14658.086281964332,91156.0,5203.0,0,False,no_candidate_within_1deg,False,,,,,,
101241,1994-08-28T06:00:00Z,17.6,-122.7,3,1,2,14703.483137941754,91193.0,5203.0,0,False,no_candidate_within_1deg,False,,,,,,
101241,1994-08-28T09:00:00Z,13.9,-122.0,3,2,1,15048.415214509581,91235.0,5203.0,0,False,no_candidate_within_1deg,False,,,,,,
101241,1994-08-28T12:00:00Z,13.8,-122.8,3,2,1,14984.565071959467,91275.0,5203.0,0,False,no_candidate_within_1deg,False,,,,,,
101241,1994-08-28T15:00:00Z,13.7,-123.5,3,2,1,14945.745687015538,91310.0,5203.0,0,False,no_candidate_within_1deg,False,,,,,,
101245,1994-09-02T06:00:00Z,16.6,-103.7,1,1,0,15771.549329099736,93274.0,5210.0,0,False,no_candidate_within_1deg,False,,,,,,
101245,1994-09-02T09:00:00Z,16.8,-103.3,1,1,0,15745.644209099426,93328.0,5210.0,0,False,no_candidate_within_1deg,False,,,,,,
101245,1994-09-02T12:00:00Z,16.9,-102.9,1,1,0,15704.10048461327,93380.0,5210.0,0,False,no_candidate_within_1deg,False,,,,,,
101245,1994-09-02T15:00:00Z,16.7,-103.2,1,1,0,15679.602430605844,93434.0,5210.0,0,False,no_candidate_within_1deg,False,,,,,,
101245,1994-09-02T18:00:00Z,16.5,-103.5,1,1,0,15687.722182912217,93487.0,5210.0,0,False,no_candidate_within_1deg,False,,,,,,
101245,1994-09-02T21:00:00Z,16.3,-103.7,1,1,0,15788.00082038048,93533.0,5210.0,0,False,no_candidate_within_1deg,False,,,,,,
101245,1994-09-03T00:00:00Z,16.1,-104.0,1,1,0,15848.838721413882,93585.0,5210.0,0,False,no_candidate_within_1deg,False,,,,,,
101245,1994-09-03T03:00:00Z,17.0,-106.0,1,1,0,15726.390790414764,93643.0,5210.0,0,False,no_candidate_within_1deg,False,,,,,,
101245,1994-09-03T06:00:00Z,20.7,-106.3,1,1,0,15337.009790282313,93698.0,5210.0,0,False,no_candidate_within_1deg,False,,,,,,
101245,1994-09-03T09:00:00Z,20.8,-106.8,1,1,0,15297.89311172723,93749.0,5210.0,0,False,no_candidate_within_1deg,False,,,,,,
101245,1994-09-03T12:00:00Z,21.1,-107.0,1,1,0,15261.18326757457,93796.0,5210.0,0,False,no_candidate_within_1deg,False,,,,,,
101245,1994-09-03T15:00:00Z,21.3,-107.6,1,1,0,15213.795596167218,93843.0,5210.0,0,False,no_candidate_within_1deg,False,,,,,,
101246,1994-09-04T21:00:00Z,7.2,-151.6,2,2,0,13285.268172510567,94277.0,5210.0,0,False,no_candidate_within_1deg,False,,,,,,
101246,1994-09-05T00:00:00Z,7.6,-149.5,2,2,0,13530.5011121631,94322.0,5210.0,0,False,no_candidate_within_1deg,False,,,,,,
101246,1994-09-05T03:00:00Z,8.1,-151.9,2,2,0,13330.566339755438,94366.0,5210.0,0,False,no_candidate_within_1deg,False,,,,,,
101246,1994-09-05T06:00:00Z,7.9,-153.3,2,2,0,13226.379040087722,94412.0,5210.0,0,False,no_candidate_within_1deg,False,,,,,,
101246,1994-09-05T09:00:00Z,7.7,-154.7,2,2,0,13119.104423718067,94457.0,5210.0,0,False,no_candidate_within_1deg,False,,,,,,
101246,1994-09-05T12:00:00Z,7.8,-155.0,2,2,0,13124.32442998639,94501.0,5210.0,0,False,no_candidate_within_1deg,False,,,,,,
101246,1994-09-05T15:00:00Z,7.9,-155.4,2,2,0,13104.267941143957,94548.0,5210.0,0,False,no_candidate_within_1deg,False,,,,,,
101246,1994-09-05T18:00:00Z,8.5,-157.7,2,2,0,12891.307216228275,94593.0,5210.0,0,False,no_candidate_within_1deg,False,,,,,,
101246,1994-09-05T21:00:00Z,9.4,-158.9,2,2,0,12741.945300581241,94636.0,5210.0,0,False,no_candidate_within_1deg,False,,,,,,
101260,1994-09-23T09:00:00Z,13.9,-130.2,0,0,0,,,,0,False,no_candidate_within_1deg,False,,,,,,
101260,1994-09-23T12:00:00Z,13.9,-129.5,0,0,0,,,,0,False,no_candidate_within_1deg,False,,,,,,
101260,1994-09-23T15:00:00Z,13.8,-128.8,0,0,0,,,,0,False,no_candidate_within_1deg,False,,,,,,
101260,1994-09-23T18:00:00Z,14.1,-128.4,0,0,0,,,,0,False,no_candidate_within_1deg,False,,,,,,
101260,1994-09-23T21:00:00Z,13.9,-128.0,0,0,0,,,,0,False,no_candidate_within_1deg,False,,,,,,
101260,1994-09-24T00:00:00Z,13.6,-127.7,0,0,0,,,,0,False,no_candidate_within_1deg,False,,,,,,
101260,1994-09-24T03:00:00Z,13.4,-127.3,0,0,0,,,,0,False,no_candidate_within_1deg,False,,,,,,
101260,1994-09-24T06:00:00Z,15.8,-127.2,0,0,0,,,,0,False,no_candidate_within_1deg,False,,,,,,
101260,1994-09-24T09:00:00Z,15.2,-127.8,0,0,0,,,,0,False,no_candidate_within_1deg,False,,,,,,
101262,1994-09-26T09:00:00Z,12.5,-18.8,0,0,0,,,,0,False,no_candidate_within_1deg,False,,,,,,
101262,1994-09-26T12:00:00Z,11.8,-20.4,0,0,0,,,,0,False,no_candidate_within_1deg,False,,,,,,
101262,1994-09-26T15:00:00Z,13.1,-19.9,0,0,0,,,,0,False,no_candidate_within_1deg,False,,,,,,
101262,1994-09-26T18:00:00Z,14.0,-19.8,0,0,0,,,,0,False,no_candidate_within_1deg,False,,,,,,
101262,1994-09-26T21:00:00Z,14.0,-20.2,0,0,0,,,,0,False,no_candidate_within_1deg,False,,,,,,
101262,1994-09-27T00:00:00Z,14.2,-20.5,0,0,0,,,,0,False,no_candidate_within_1deg,False,,,,,,
101262,1994-09-27T03:00:00Z,14.5,-21.0,0,0,0,,,,0,False,no_candidate_within_1deg,False,,,,,,
101262,1994-09-27T06:00:00Z,14.8,-21.3,0,0,0,,,,0,False,no_candidate_within_1deg,False,,,,,,
101262,1994-09-27T09:00:00Z,14.8,-21.3,0,0,0,,,,0,False,no_candidate_within_1deg,False,,,,,,
101265,1994-09-29T03:00:00Z,2.3,179.4,0,0,0,,,,0,False,no_candidate_within_1deg,False,,,,,,
101265,1994-09-29T06:00:00Z,2.9,179.2,0,0,0,,,,0,False,no_candidate_within_1deg,False,,,,,,
101265,1994-09-29T09:00:00Z,3.5,179.1,0,0,0,,,,0,False,no_candidate_within_1deg,False,,,,,,
101265,1994-09-29T12:00:00Z,4.1,178.9,0,0,0,,,,0,False,no_candidate_within_1deg,False,,,,,,
101265,1994-09-29T15:00:00Z,5.0,179.5,0,0,0,,,,0,False,no_candidate_within_1deg,False,,,,,,
101265,1994-09-29T18:00:00Z,5.9,-179.9,0,0,0,,,,0,False,no_candidate_within_1deg,False,,,,,,
101265,1994-09-29T21:00:00Z,6.8,-179.3,0,0,0,,,,0,False,no_candidate_within_1deg,False,,,,,,
101265,1994-09-30T00:00:00Z,6.4,179.2,0,0,0,,,,0,False,no_candidate_within_1deg,False,,,,,,
101265,1994-09-30T03:00:00Z,6.1,177.6,0,0,0,,,,0,False,no_candidate_within_1deg,False,,,,,,
101295,1995-03-03T15:00:00Z,-9.1,46.1,0,0,0,,,,0,False,no_candidate_within_1deg,False,,,,,,
101295,1995-03-03T18:00:00Z,-10.3,45.4,0,0,0,,,,0,False,no_candidate_within_1deg,False,,,,,,
101295,1995-03-03T21:00:00Z,-11.5,44.7,0,0,0,,,,0,False,no_candidate_within_1deg,False,,,,,,
101295,1995-03-04T00:00:00Z,-12.7,43.9,0,0,0,,,,0,False,no_candidate_within_1deg,False,,,,,,
101295,1995-03-04T03:00:00Z,-13.9,43.2,0,0,0,,,,0,False,no_candidate_within_1deg,False,,,,,,
101295,1995-03-04T06:00:00Z,-13.6,43.4,0,0,0,,,,0,False,no_candidate_within_1deg,False,,,,,,
101295,1995-03-04T09:00:00Z,-14.9,42.8,0,0,0,,,,0,False,no_candidate_within_1deg,False,,,,,,
101295,1995-03-04T12:00:00Z,-16.1,42.2,0,0,0,,,,0,False,no_candidate_within_1deg,False,,,,,,
101295,1995-03-04T15:00:00Z,-15.1,43.0,0,0,0,,,,0,False,no_candidate_within_1deg,False,,,,,,
101299,1995-03-28T15:00:00Z,-6.1,123.6,0,0,0,,,,0,False,no_candidate_within_1deg,False,,,,,,
101299,1995-03-28T18:00:00Z,-7.3,124.9,0,0,0,,,,0,False,no_candidate_within_1deg,False,,,,,,
101299,1995-03-28T21:00:00Z,-8.8,126.4,0,0,0,,,,0,False,no_candidate_within_1deg,False,,,,,,
101299,1995-03-29T00:00:00Z,-10.3,128.0,0,0,0,,,,0,False,no_candidate_within_1deg,False,,,,,,
101299,1995-03-29T03:00:00Z,-11.2,127.4,0,0,0,,,,0,False,no_candidate_within_1deg,False,,,,,,
101299,1995-03-29T06:00:00Z,-12.0,126.7,0,0,0,,,,0,False,no_candidate_within_1deg,False,,,,,,
101299,1995-03-29T09:00:00Z,-12.5,130.1,0,0,0,,,,0,False,no_candidate_within_1deg,False,,,,,,
101299,1995-03-29T12:00:00Z,-11.6,128.7,0,0,0,,,,0,False,no_candidate_within_1deg,False,,,,,,
101299,1995-03-29T15:00:00Z,-10.7,127.4,0,0,0,,,,0,False,no_candidate_within_1deg,False,,,,,,
101300,1995-03-30T21:00:00Z,-10.6,148.2,0,0,0,,,,0,False,no_candidate_within_1deg,False,,,,,,
101300,1995-03-31T00:00:00Z,-11.5,147.9,0,0,0,,,,0,False,no_candidate_within_1deg,False,,,,,,
101300,1995-03-31T03:00:00Z,-11.4,147.2,0,0,0,,,,0,False,no_candidate_within_1deg,False,,,,,,
101300,1995-03-31T06:00:00Z,-11.3,146.6,0,0,0,,,,0,False,no_candidate_within_1deg,False,,,,,,
101300,1995-03-31T09:00:00Z,-11.8,146.5,0,0,0,,,,0,False,no_candidate_within_1deg,False,,,,,,
101300,1995-03-31T12:00:00Z,-12.0,146.5,0,0,0,,,,0,False,no_candidate_within_1deg,False,,,,,,
101300,1995-03-31T15:00:00Z,-11.8,146.0,0,0,0,,,,0,False,no_candidate_within_1deg,False,,,,,,
101300,1995-03-31T18:00:00Z,-11.6,145.5,0,0,0,,,,0,False,no_candidate_within_1deg,False,,,,,,
101300,1995-03-31T21:00:00Z,-11.7,145.0,0,0,0,,,,0,False,no_candidate_within_1deg,False,,,,,,
101307,1995-06-14T03:00:00Z,9.8,-107.1,1,1,0,15322.092281411962,61803.0,5230.0,0,False,no_candidate_within_1deg,False,,,,,,
101307,1995-06-14T06:00:00Z,7.6,-104.0,0,0,0,,,,0,False,no_candidate_within_1deg,False,,,,,,
101307,1995-06-14T09:00:00Z,9.2,-104.6,0,0,0,,,,0,False,no_candidate_within_1deg,False,,,,,,
101307,1995-06-14T12:00:00Z,10.9,-105.1,0,0,0,,,,0,False,no_candidate_within_1deg,False,,,,,,
101307,1995-06-14T15:00:00Z,12.5,-105.7,0,0,0,,,,0,False,no_candidate_within_1deg,False,,,,,,
101307,1995-06-14T18:00:00Z,11.9,-106.1,0,0,0,,,,0,False,no_candidate_within_1deg,False,,,,,,
101307,1995-06-14T21:00:00Z,11.2,-106.5,0,0,0,,,,0,False,no_candidate_within_1deg,False,,,,,,
101307,1995-06-15T00:00:00Z,10.6,-106.9,0,0,0,,,,0,False,no_candidate_within_1deg,False,,,,,,
101307,1995-06-15T03:00:00Z,12.5,-105.8,0,0,0,,,,0,False,no_candidate_within_1deg,False,,,,,,
101307,1995-06-15T06:00:00Z,12.6,-106.3,0,0,0,,,,0,False,no_candidate_within_1deg,False,,,,,,
101307,1995-06-15T09:00:00Z,15.1,-105.2,0,0,0,,,,0,False,no_candidate_within_1deg,False,,,,,,
101313,1995-07-23T06:00:00Z,8.7,-112.5,1,1,0,16181.951519565899,77209.0,5266.0,0,False,no_candidate_within_1deg,False,,,,,,
101313,1995-07-23T09:00:00Z,8.7,-113.2,1,1,0,16171.380762637336,77246.0,5266.0,0,False,no_candidate_within_1deg,False,,,,,,
101313,1995-07-23T12:00:00Z,9.4,-113.0,1,1,0,16101.718707923177,77281.0,5266.0,0,False,no_candidate_within_1deg,False,,,,,,
101313,1995-07-23T15:00:00Z,10.1,-112.7,1,1,0,16058.026561444793,77311.0,5266.0,0,False,no_candidate_within_1deg,False,,,,,,
101313,1995-07-23T18:00:00Z,10.8,-112.5,1,1,0,16021.672711482042,77349.0,5266.0,0,False,no_candidate_within_1deg,False,,,,,,
101313,1995-07-23T21:00:00Z,11.5,-112.2,1,1,0,15974.781632157159,77394.0,5266.0,0,False,no_candidate_within_1deg,False,,,,,,
101313,1995-07-24T00:00:00Z,11.1,-110.1,1,1,0,16162.792649944011,77440.0,5266.0,0,False,no_candidate_within_1deg,False,,,,,,
101313,1995-07-24T03:00:00Z,10.6,-108.1,1,1,0,16295.067906626511,77476.0,5266.0,0,False,no_candidate_within_1deg,False,,,,,,
101313,1995-07-24T06:00:00Z,10.9,-107.6,1,1,0,16259.147135706264,77516.0,5266.0,0,False,no_candidate_within_1deg,False,,,,,,
101313,1995-07-24T09:00:00Z,12.0,-107.9,1,1,0,16110.013802734788,77559.0,5266.0,0,False,no_candidate_within_1deg,False,,,,,,
101321,1995-08-06T18:00:00Z,9.4,-25.3,3,3,0,10568.606724084018,82043.0,5271.0,0,False,no_candidate_within_1deg,False,,,,,,
101321,1995-08-06T21:00:00Z,9.4,-26.1,3,2,1,10717.733254288421,82099.0,5271.0,0,False,no_candidate_within_1deg,False,,,,,,
101321,1995-08-07T00:00:00Z,11.9,-25.9,2,2,0,10659.66692202184,82151.0,5271.0,0,False,no_candidate_within_1deg,False,,,,,,
101321,1995-08-07T03:00:00Z,14.3,-25.7,2,2,0,10535.474223595702,82196.0,5271.0,0,False,no_candidate_within_1deg,False,,,,,,
101321,1995-08-07T06:00:00Z,14.6,-26.6,2,2,0,10629.19780086381,82239.0,5271.0,0,False,no_candidate_within_1deg,False,,,,,,
101321,1995-08-07T09:00:00Z,14.8,-27.5,2,2,0,10707.908293897506,82280.0,5271.0,0,False,no_candidate_within_1deg,False,,,,,,
101321,1995-08-07T12:00:00Z,15.3,-28.7,2,2,0,10811.741495056263,82315.0,5271.0,0,False,no_candidate_within_1deg,False,,,,,,
101321,1995-08-07T15:00:00Z,12.7,-30.1,2,2,0,11110.392375618265,82352.0,5271.0,0,False,no_candidate_within_1deg,False,,,,,,
101321,1995-08-07T18:00:00Z,13.5,-30.6,2,2,0,11133.06522049492,82393.0,5271.0,0,False,no_candidate_within_1deg,False,,,,,,
101321,1995-08-07T21:00:00Z,14.6,-31.2,2,2,0,11058.112703174993,82441.0,5271.0,0,False,no_candidate_within_1deg,False,,,,,,
101329,1995-08-20T06:00:00Z,9.5,-26.2,0,0,0,,,,0,False,no_candidate_within_1deg,False,,,,,,
101329,1995-08-20T09:00:00Z,9.4,-26.7,0,0,0,,,,0,False,no_candidate_within_1deg,False,,,,,,
101329,1995-08-20T12:00:00Z,10.1,-27.5,0,0,0,,,,0,False,no_candidate_within_1deg,False,,,,,,
101329,1995-08-20T15:00:00Z,9.8,-28.4,0,0,0,,,,0,False,no_candidate_within_1deg,False,,,,,,
101329,1995-08-20T18:00:00Z,9.5,-29.2,0,0,0,,,,0,False,no_candidate_within_1deg,False,,,,,,
101329,1995-08-20T21:00:00Z,9.2,-30.1,0,0,0,,,,0,False,no_candidate_within_1deg,False,,,,,,
101329,1995-08-21T00:00:00Z,8.6,-30.6,0,0,0,,,,0,False,no_candidate_within_1deg,False,,,,,,
101329,1995-08-21T03:00:00Z,9.8,-32.0,0,0,0,,,,0,False,no_candidate_within_1deg,False,,,,,,
101329,1995-08-21T06:00:00Z,11.0,-32.4,0,0,0,,,,0,False,no_candidate_within_1deg,False,,,,,,
101329,1995-08-21T09:00:00Z,11.1,-33.4,0,0,0,,,,0,False,no_candidate_within_1deg,False,,,,,,
101329,1995-08-21T12:00:00Z,10.5,-33.9,0,0,0,,,,0,False,no_candidate_within_1deg,False,,,,,,
101329,1995-08-21T15:00:00Z,9.2,-34.3,0,0,0,,,,0,False,no_candidate_within_1deg,False,,,,,,
101329,1995-08-21T18:00:00Z,12.4,-36.0,0,0,0,,,,0,False,no_candidate_within_1deg,False,,,,,,
101329,1995-08-21T21:00:00Z,12.5,-32.8,0,0,0,,,,0,False,no_candidate_within_1deg,False,,,,,,
101330,1995-08-20T18:00:00Z,10.5,-43.1,0,0,0,,,,0,False,no_candidate_within_1deg,False,,,,,,
101330,1995-08-20T21:00:00Z,11.1,-43.5,0,0,0,,,,0,False,no_candidate_within_1deg,False,,,,,,
101330,1995-08-21T00:00:00Z,12.7,-41.3,0,0,0,,,,0,False,no_candidate_within_1deg,False,,,,,,
101330,1995-08-21T03:00:00Z,13.6,-42.3,0,0,0,,,,0,False,no_candidate_within_1deg,False,,,,,,
101330,1995-08-21T06:00:00Z,14.6,-43.3,0,0,0,,,,0,False,no_candidate_within_1deg,False,,,,,,
101330,1995-08-21T09:00:00Z,15.5,-44.3,0,0,0,,,,0,False,no_candidate_within_1deg,False,,,,,,
101330,1995-08-21T12:00:00Z,13.3,-44.8,0,0,0,,,,0,False,no_candidate_within_1deg,False,,,,,,
101330,1995-08-21T15:00:00Z,13.2,-46.1,0,0,0,,,,0,False,no_candidate_within_1deg,False,,,,,,
101330,1995-08-21T18:00:00Z,13.5,-46.8,0,0,0,,,,0,False,no_candidate_within_1deg,False,,,,,,
101330,1995-08-21T21:00:00Z,13.8,-47.6,0,0,0,,,,0,False,no_candidate_within_1deg,False,,,,,,
101330,1995-08-22T00:00:00Z,13.4,-48.7,0,0,0,,,,0,False,no_candidate_within_1deg,False,,,,,,
101330,1995-08-22T03:00:00Z,13.2,-49.8,0,0,0,,,,0,False,no_candidate_within_1deg,False,,,,,,
101330,1995-08-22T06:00:00Z,13.6,-50.6,0,0,0,,,,0,False,no_candidate_within_1deg,False,,,,,,
101330,1995-08-22T09:00:00Z,13.8,-50.8,0,0,0,,,,0,False,no_candidate_within_1deg,False,,,,,,
101331,1995-08-21T12:00:00Z,22.3,-75.6,0,0,0,,,,0,False,no_candidate_within_1deg,False,,,,,,
101331,1995-08-21T15:00:00Z,22.4,-76.5,0,0,0,,,,0,False,no_candidate_within_1deg,False,,,,,,
101331,1995-08-21T18:00:00Z,22.5,-77.4,0,0,0,,,,0,False,no_candidate_within_1deg,False,,,,,,
101331,1995-08-21T21:00:00Z,22.5,-78.4,0,0,0,,,,0,False,no_candidate_within_1deg,False,,,,,,
101331,1995-08-22T00:00:00Z,22.6,-79.3,0,0,0,,,,0,False,no_candidate_within_1deg,False,,,,,,
101331,1995-08-22T03:00:00Z,23.5,-77.5,0,0,0,,,,0,False,no_candidate_within_1deg,False,,,,,,
101331,1995-08-22T06:00:00Z,24.4,-75.6,0,0,0,,,,0,False,no_candidate_within_1deg,False,,,,,,
101331,1995-08-22T09:00:00Z,24.1,-77.1,0,0,0,,,,0,False,no_candidate_within_1deg,False,,,,,,
101331,1995-08-22T12:00:00Z,23.7,-78.5,0,0,0,,,,0,False,no_candidate_within_1deg,False,,,,,,
101331,1995-08-22T15:00:00Z,23.6,-78.6,0,0,0,,,,0,False,no_candidate_within_1deg,False,,,,,,
101333,1995-08-25T09:00:00Z,11.8,-29.1,0,0,0,,,,0,False,no_candidate_within_1deg,False,,,,,,
101333,1995-08-25T12:00:00Z,12.3,-29.9,0,0,0,,,,0,False,no_candidate_within_1deg,False,,,,,,
101333,1995-08-25T15:00:00Z,12.9,-31.3,0,0,0,,,,0,False,no_candidate_within_1deg,False,,,,,,
101333,1995-08-25T18:00:00Z,13.4,-32.3,0,0,0,,,,0,False,no_candidate_within_1deg,False,,,,,,
101333,1995-08-25T21:00:00Z,13.2,-33.1,0,0,0,,,,0,False,no_candidate_within_1deg,False,,,,,,
101333,1995-08-26T00:00:00Z,13.4,-33.0,0,0,0,,,,0,False,no_candidate_within_1deg,False,,,,,,
101333,1995-08-26T03:00:00Z,13.7,-32.8,0,0,0,,,,0,False,no_candidate_within_1deg,False,,,,,,
101333,1995-08-26T06:00:00Z,13.9,-32.7,0,0,0,,,,0,False,no_candidate_within_1deg,False,,,,,,
101333,1995-08-26T09:00:00Z,13.9,-33.3,0,0,0,,,,0,False,no_candidate_within_1deg,False,,,,,,
101341,1995-09-08T09:00:00Z,16.1,-35.0,1,1,0,11535.1602938367,93360.0,5300.0,0,False,no_candidate_within_1deg,False,,,,,,
101341,1995-09-08T12:00:00Z,16.9,-35.2,1,1,0,11493.03057359028,93395.0,5300.0,0,False,no_candidate_within_1deg,False,,,,,,
101341,1995-09-08T15:00:00Z,17.4,-38.2,1,1,0,11739.429409057986,93431.0,5300.0,0,False,no_candidate_within_1deg,False,,,,,,
101341,1995-09-08T18:00:00Z,16.9,-37.8,1,1,0,11741.072575488757,93465.0,5300.0,0,False,no_candidate_within_1deg,False,,,,,,
101341,1995-09-08T21:00:00Z,17.6,-38.5,1,1,0,11755.11390216751,93502.0,5300.0,0,False,no_candidate_within_1deg,False,,,,,,
101341,1995-09-09T00:00:00Z,18.0,-38.9,1,1,0,11721.468313282025,93538.0,5300.0,0,False,no_candidate_within_1deg,False,,,,,,
101341,1995-09-09T03:00:00Z,19.0,-40.0,1,1,0,11728.919801202343,93572.0,5300.0,0,False,no_candidate_within_1deg,False,,,,,,
101341,1995-09-09T06:00:00Z,19.2,-40.4,1,1,0,11727.55968835204,93608.0,5300.0,0,False,no_candidate_within_1deg,False,,,,,,
101341,1995-09-09T09:00:00Z,20.7,-41.1,1,1,0,11671.444966116165,93635.0,5300.0,0,False,no_candidate_within_1deg,False,,,,,,
101350,1995-09-26T15:00:00Z,20.5,-84.3,1,1,0,15091.95051232211,98515.0,5305.0,0,False,no_candidate_within_1deg,False,,,,,,
101350,1995-09-26T18:00:00Z,21.2,-80.3,1,1,0,14891.017330705394,98542.0,5305.0,0,False,no_candidate_within_1deg,False,,,,,,
101350,1995-09-26T21:00:00Z,19.5,-81.6,1,1,0,15065.433744244883,98573.0,5305.0,0,False,no_candidate_within_1deg,False,,,,,,
101350,1995-09-27T00:00:00Z,17.7,-82.8,1,1,0,15280.668084590361,98604.0,5305.0,0,False,no_candidate_within_1deg,False,,,,,,
101350,1995-09-27T03:00:00Z,18.0,-85.1,1,1,0,15280.685780363763,98640.0,5305.0,0,False,no_candidate_within_1deg,False,,,,,,
101350,1995-09-27T06:00:00Z,18.3,-87.5,1,1,0,15269.509557072837,98676.0,5305.0,0,False,no_candidate_within_1deg,False,,,,,,
101350,1995-09-27T09:00:00Z,18.8,-87.1,1,1,0,15179.72835019389,98709.0,5305.0,0,False,no_candidate_within_1deg,False,,,,,,
101350,1995-09-27T12:00:00Z,21.7,-88.7,1,1,0,14888.975224678354,98738.0,5305.0,0,False,no_candidate_within_1deg,False,,,,,,
101350,1995-09-27T15:00:00Z,21.0,-87.3,1,1,0,14949.74391548106,98768.0,5305.0,0,False,no_candidate_within_1deg,False,,,,,,
101354,1995-10-03T12:00:00Z,7.2,-19.4,0,0,0,,,,0,False,no_candidate_within_1deg,False,,,,,,
101354,1995-10-03T15:00:00Z,7.8,-20.5,0,0,0,,,,0,False,no_candidate_within_1deg,False,,,,,,
101354,1995-10-03T18:00:00Z,8.3,-21.2,0,0,0,,,,0,False,no_candidate_within_1deg,False,,,,,,
101354,1995-10-03T21:00:00Z,9.4,-23.1,0,0,0,,,,0,False,no_candidate_within_1deg,False,,,,,,
101354,1995-10-04T00:00:00Z,8.2,-25.1,0,0,0,,,,0,False,no_candidate_within_1deg,False,,,,,,
101354,1995-10-04T03:00:00Z,7.0,-27.1,0,0,0,,,,0,False,no_candidate_within_1deg,False,,,,,,
101354,1995-10-04T06:00:00Z,5.1,-30.3,0,0,0,,,,0,False,no_candidate_within_1deg,False,,,,,,
101354,1995-10-04T09:00:00Z,7.5,-29.8,0,0,0,,,,0,False,no_candidate_within_1deg,False,,,,,,
101354,1995-10-04T12:00:00Z,9.8,-29.2,0,0,0,,,,0,False,no_candidate_within_1deg,False,,,,,,
101354,1995-10-04T15:00:00Z,10.4,-30.6,0,0,0,,,,0,False,no_candidate_within_1deg,False,,,,,,
101363,1995-10-25T21:00:00Z,22.0,-58.2,0,0,0,,,,0,False,no_candidate_within_1deg,False,,,,,,
101363,1995-10-26T00:00:00Z,22.1,-57.8,0,0,0,,,,0,False,no_candidate_within_1deg,False,,,,,,
101363,1995-10-26T03:00:00Z,20.4,-57.3,0,0,0,,,,0,False,no_candidate_within_1deg,False,,,,,,
101363,1995-10-26T06:00:00Z,21.6,-56.2,0,0,0,,,,0,False,no_candidate_within_1deg,False,,,,,,
101363,1995-10-26T09:00:00Z,21.6,-55.5,0,0,0,,,,0,False,no_candidate_within_1deg,False,,,,,,
101363,1995-10-26T12:00:00Z,24.1,-58.1,0,0,0,,,,0,False,no_candidate_within_1deg,False,,,,,,
101363,1995-10-26T15:00:00Z,24.5,-57.4,0,0,0,,,,0,False,no_candidate_within_1deg,False,,,,,,
101363,1995-10-26T18:00:00Z,23.4,-56.2,0,0,0,,,,0,False,no_candidate_within_1deg,False,,,,,,
101363,1995-10-26T21:00:00Z,25.4,-58.1,0,0,0,,,,0,False,no_candidate_within_1deg,False,,,,,,
101378,1996-01-13T21:00:00Z,-14.7,-177.2,0,0,0,,,,0,False,no_candidate_within_1deg,False,,,,,,
101378,1996-01-14T00:00:00Z,-15.0,-175.4,0,0,0,,,,0,False,no_candidate_within_1deg,False,,,,,,
101378,1996-01-14T03:00:00Z,-15.4,-173.7,0,0,0,,,,0,False,no_candidate_within_1deg,False,,,,,,
101378,1996-01-14T06:00:00Z,-16.1,-175.5,0,0,0,,,,0,False,no_candidate_within_1deg,False,,,,,,
101378,1996-01-14T09:00:00Z,-16.8,-177.3,0,0,0,,,,0,False,no_candidate_within_1deg,False,,,,,,
101378,1996-01-14T12:00:00Z,-15.5,178.8,0,0,0,,,,0,False,no_candidate_within_1deg,False,,,,,,
101378,1996-01-14T15:00:00Z,-15.8,178.1,0,0,0,,,,0,False,no_candidate_within_1deg,False,,,,,,
101378,1996-01-14T18:00:00Z,-16.0,-177.8,0,0,0,,,,0,False,no_candidate_within_1deg,False,,,,,,
101378,1996-01-14T21:00:00Z,-16.5,-177.4,0,0,0,,,,0,False,no_candidate_within_1deg,False,,,,,,
101380,1996-01-23T21:00:00Z,-13.6,126.7,0,0,0,,,,0,False,no_candidate_within_1deg,False,,,,,,
101380,1996-01-24T00:00:00Z,-13.3,126.7,0,0,0,,,,0,False,no_candidate_within_1deg,False,,,,,,
101380,1996-01-24T03:00:00Z,-12.9,126.6,0,0,0,,,,0,False,no_candidate_within_1deg,False,,,,,,
101380,1996-01-24T06:00:00Z,-12.5,126.6,0,0,0,,,,0,False,no_candidate_within_1deg,False,,,,,,
101380,1996-01-24T09:00:00Z,-12.2,126.6,0,0,0,,,,0,False,no_candidate_within_1deg,False,,,,,,
101380,1996-01-24T12:00:00Z,-11.8,126.1,0,0,0,,,,0,False,no_candidate_within_1deg,False,,,,,,
101380,1996-01-24T15:00:00Z,-12.3,125.1,0,0,0,,,,0,False,no_candidate_within_1deg,False,,,,,,
101380,1996-01-24T18:00:00Z,-12.4,125.2,0,0,0,,,,0,False,no_candidate_within_1deg,False,,,,,,
101380,1996-01-24T21:00:00Z,-12.5,125.3,0,0,0,,,,0,False,no_candidate_within_1deg,False,,,,,,
101383,1996-02-04T15:00:00Z,-8.7,93.9,0,0,0,,,,0,False,no_candidate_within_1deg,False,,,,,,
101383,1996-02-04T18:00:00Z,-8.8,93.9,0,0,0,,,,0,False,no_candidate_within_1deg,False,,,,,,
101383,1996-02-04T21:00:00Z,-8.8,94.0,0,0,0,,,,0,False,no_candidate_within_1deg,False,,,,,,
101383,1996-02-05T00:00:00Z,-9.1,93.0,0,0,0,,,,0,False,no_candidate_within_1deg,False,,,,,,
101383,1996-02-05T03:00:00Z,-9.5,93.2,0,0,0,,,,0,False,no_candidate_within_1deg,False,,,,,,
101383,1996-02-05T06:00:00Z,-9.8,93.4,0,0,0,,,,0,False,no_candidate_within_1deg,False,,,,,,
101383,1996-02-05T09:00:00Z,-10.2,93.6,0,0,0,,,,0,False,no_candidate_within_1deg,False,,,,,,
101383,1996-02-05T12:00:00Z,-9.6,93.9,0,0,0,,,,0,False,no_candidate_within_1deg,False,,,,,,
101383,1996-02-05T15:00:00Z,-9.0,94.1,0,0,0,,,,0,False,no_candidate_within_1deg,False,,,,,,
101384,1996-02-09T15:00:00Z,-11.8,131.6,0,0,0,,,,0,False,no_candidate_within_1deg,False,,,,,,
101384,1996-02-09T18:00:00Z,-12.0,130.9,0,0,0,,,,0,False,no_candidate_within_1deg,False,,,,,,
101384,1996-02-09T21:00:00Z,-11.8,132.0,0,0,0,,,,0,False,no_candidate_within_1deg,False,,,,,,
101384,1996-02-10T00:00:00Z,-11.6,133.1,0,0,0,,,,0,False,no_candidate_within_1deg,False,,,,,,
101384,1996-02-10T03:00:00Z,-11.4,134.2,0,0,0,,,,0,False,no_candidate_within_1deg,False,,,,,,
101384,1996-02-10T06:00:00Z,-11.2,135.3,0,0,0,,,,0,False,no_candidate_within_1deg,False,,,,,,
101384,1996-02-10T09:00:00Z,-13.2,136.8,0,0,0,,,,0,False,no_candidate_within_1deg,False,,,,,,
101384,1996-02-10T12:00:00Z,-13.8,140.7,0,0,0,,,,0,False,no_candidate_within_1deg,False,,,,,,
101384,1996-02-10T15:00:00Z,-14.3,140.6,0,0,0,,,,0,False,no_candidate_within_1deg,False,,,,,,
101398,1996-03-31T21:00:00Z,-12.7,75.2,0,0,0,,,,0,False,no_candidate_within_1deg,False,,,,,,
101398,1996-04-01T00:00:00Z,-12.3,74.9,0,0,0,,,,0,False,no_candidate_within_1deg,False,,,,,,
101398,1996-04-01T03:00:00Z,-12.8,75.3,0,0,0,,,,0,False,no_candidate_within_1deg,False,,,,,,
101398,1996-04-01T06:00:00Z,-13.4,75.8,0,0,0,,,,0,False,no_candidate_within_1deg,False,,,,,,
101398,1996-04-01T09:00:00Z,-13.9,76.2,0,0,0,,,,0,False,no_candidate_within_1deg,False,,,,,,
101398,1996-04-01T12:00:00Z,-14.4,76.7,0,0,0,,,,0,False,no_candidate_within_1deg,False,,,,,,
101398,1996-04-01T15:00:00Z,-15.7,75.6,0,0,0,,,,0,False,no_candidate_within_1deg,False,,,,,,
101398,1996-04-01T18:00:00Z,-17.0,74.6,0,0,0,,,,0,False,no_candidate_within_1deg,False,,,,,,
101398,1996-04-01T21:00:00Z,-18.3,73.5,0,0,0,,,,0,False,no_candidate_within_1deg,False,,,,,,
101406,1996-05-12T03:00:00Z,9.5,-113.7,0,0,0,,,,0,False,no_candidate_within_1deg,False,,,,,,
101406,1996-05-12T06:00:00Z,10.6,-113.6,0,0,0,,,,0,False,no_candidate_within_1deg,False,,,,,,
101406,1996-05-12T09:00:00Z,7.6,-112.9,0,0,0,,,,0,False,no_candidate_within_1deg,False,,,,,,
101406,1996-05-12T12:00:00Z,10.6,-112.0,0,0,0,,,,0,False,no_candidate_within_1deg,False,,,,,,
101406,1996-05-12T15:00:00Z,10.3,-112.8,0,0,0,,,,0,False,no_candidate_within_1deg,False,,,,,,
101406,1996-05-12T18:00:00Z,9.9,-113.5,0,0,0,,,,0,False,no_candidate_within_1deg,False,,,,,,
101406,1996-05-12T21:00:00Z,9.6,-114.3,0,0,0,,,,0,False,no_candidate_within_1deg,False,,,,,,
101406,1996-05-13T00:00:00Z,10.1,-114.6,0,0,0,,,,0,False,no_candidate_within_1deg,False,,,,,,
101406,1996-05-13T03:00:00Z,10.6,-114.8,0,0,0,,,,0,False,no_candidate_within_1deg,False,,,,,,
101407,1996-05-14T21:00:00Z,10.8,116.9,0,0,0,,,,0,False,no_candidate_within_1deg,False,,,,,,
101407,1996-05-15T00:00:00Z,9.6,116.3,0,0,0,,,,0,False,no_candidate_within_1deg,False,,,,,,
101407,1996-05-15T03:00:00Z,8.3,115.7,0,0,0,,,,0,False,no_candidate_within_1deg,False,,,,,,
101407,1996-05-15T06:00:00Z,6.3,114.0,0,0,0,,,,0,False,no_candidate_within_1deg,False,,,,,,
101407,1996-05-15T09:00:00Z,7.1,114.0,0,0,0,,,,0,False,no_candidate_within_1deg,False,,,,,,
101407,1996-05-15T12:00:00Z,7.9,113.9,0,0,0,,,,0,False,no_candidate_within_1deg,False,,,,,,
101407,1996-05-15T15:00:00Z,10.2,115.8,0,0,0,,,,0,False,no_candidate_within_1deg,False,,,,,,
101407,1996-05-15T18:00:00Z,11.3,114.4,0,0,0,,,,0,False,no_candidate_within_1deg,False,,,,,,
101407,1996-05-15T21:00:00Z,11.7,114.3,0,0,0,,,,0,False,no_candidate_within_1deg,False,,,,,,
101412,1996-06-16T15:00:00Z,24.2,-72.4,2,1,1,14584.786846298528,58440.0,5322.0,0,False,no_candidate_within_1deg,False,,,,,,
101412,1996-06-16T18:00:00Z,24.7,-72.6,2,2,0,13838.249562957864,58483.0,5328.0,0,False,no_candidate_within_1deg,False,,,,,,
101412,1996-06-16T21:00:00Z,25.1,-72.8,2,2,0,13822.342228915642,58533.0,5328.0,0,False,no_candidate_within_1deg,False,,,,,,
101412,1996-06-17T00:00:00Z,23.0,-72.9,3,3,0,13975.807841394802,58580.0,5328.0,0,False,no_candidate_within_1deg,False,,,,,,
101412,1996-06-17T03:00:00Z,22.5,-73.8,3,3,0,14038.926643765355,58622.0,5328.0,0,False,no_candidate_within_1deg,False,,,,,,
101412,1996-06-17T06:00:00Z,22.2,-73.4,3,3,0,14030.954921438739,58665.0,5328.0,0,False,no_candidate_within_1deg,False,,,,,,
101412,1996-06-17T09:00:00Z,25.6,-73.7,3,3,0,13772.087867583517,58703.0,5328.0,0,False,no_candidate_within_1deg,False,,,,,,
101412,1996-06-17T12:00:00Z,25.7,-74.2,3,3,0,13810.838758737755,58743.0,5328.0,0,False,no_candidate_within_1deg,False,,,,,,
101412,1996-06-17T15:00:00Z,25.8,-74.6,3,3,0,13858.560526261752,58788.0,5328.0,0,False,no_candidate_within_1deg,False,,,,,,
101417,1996-07-03T12:00:00Z,6.4,-24.5,0,0,0,,,,0,False,no_candidate_within_1deg,False,,,,,,
101417,1996-07-03T15:00:00Z,5.9,-24.9,0,0,0,,,,0,False,no_candidate_within_1deg,False,,,,,,
101417,1996-07-03T18:00:00Z,4.1,-25.3,0,0,0,,,,0,False,no_candidate_within_1deg,False,,,,,,
101417,1996-07-03T21:00:00Z,5.3,-27.4,0,0,0,,,,0,False,no_candidate_within_1deg,False,,,,,,
101417,1996-07-04T00:00:00Z,7.1,-25.1,0,0,0,,,,0,False,no_candidate_within_1deg,False,,,,,,
101417,1996-07-04T03:00:00Z,8.7,-26.8,0,0,0,,,,0,False,no_candidate_within_1deg,False,,,,,,
101417,1996-07-04T06:00:00Z,8.5,-28.4,0,0,0,,,,0,False,no_candidate_within_1deg,False,,,,,,
101417,1996-07-04T09:00:00Z,9.1,-29.5,0,0,0,,,,0,False,no_candidate_within_1deg,False,,,,,,
101417,1996-07-04T12:00:00Z,9.3,-30.3,0,0,0,,,,0,False,no_candidate_within_1deg,False,,,,,,
101417,1996-07-04T15:00:00Z,9.4,-31.6,0,0,0,,,,0,False,no_candidate_within_1deg,False,,,,,,
101417,1996-07-04T18:00:00Z,9.4,-32.8,0,0,0,,,,0,False,no_candidate_within_1deg,False,,,,,,
101417,1996-07-04T21:00:00Z,9.5,-34.1,0,0,0,,,,0,False,no_candidate_within_1deg,False,,,,,,
101428,1996-07-27T00:00:00Z,5.9,-83.1,1,1,0,16231.708715021363,73675.0,5340.0,0,False,no_candidate_within_1deg,False,,,,,,
101428,1996-07-27T03:00:00Z,6.4,-84.0,1,1,0,16199.578336001474,73718.0,5340.0,0,False,no_candidate_within_1deg,False,,,,,,
101428,1996-07-27T06:00:00Z,6.8,-85.0,1,1,0,16198.869891633294,73762.0,5340.0,0,False,no_candidate_within_1deg,False,,,,,,
101428,1996-07-27T09:00:00Z,7.4,-84.9,1,1,0,16116.671952605828,73810.0,5340.0,0,False,no_candidate_within_1deg,False,,,,,,
101428,1996-07-27T12:00:00Z,7.7,-85.5,1,1,0,16079.226975730593,73858.0,5340.0,0,False,no_candidate_within_1deg,False,,,,,,
101428,1996-07-27T15:00:00Z,7.5,-86.4,1,1,0,16124.382036857107,73908.0,5340.0,0,False,no_candidate_within_1deg,False,,,,,,
101428,1996-07-27T18:00:00Z,8.3,-86.4,1,1,0,16023.636447322375,73967.0,5340.0,0,False,no_candidate_within_1deg,False,,,,,,
101428,1996-07-27T21:00:00Z,9.2,-87.1,1,1,0,15948.631287864533,74026.0,5340.0,0,False,no_candidate_within_1deg,False,,,,,,
101428,1996-07-28T00:00:00Z,10.2,-87.7,1,1,0,15862.698732064213,74084.0,5340.0,0,False,no_candidate_within_1deg,False,,,,,,
101428,1996-07-28T03:00:00Z,11.1,-88.4,1,1,0,15770.893505488391,74137.0,5340.0,0,False,no_candidate_within_1deg,False,,,,,,
101428,1996-07-28T06:00:00Z,12.0,-89.1,1,1,0,15665.010272509637,74187.0,5340.0,0,False,no_candidate_within_1deg,False,,,,,,
101428,1996-07-28T09:00:00Z,9.3,-89.2,1,1,0,15938.769434468444,74244.0,5340.0,0,False,no_candidate_within_1deg,False,,,,,,
101428,1996-07-28T12:00:00Z,10.5,-91.2,1,1,0,15853.558324390593,74303.0,5340.0,0,False,no_candidate_within_1deg,False,,,,,,
101428,1996-07-28T15:00:00Z,10.8,-92.1,1,1,0,15864.573958824138,74358.0,5340.0,0,False,no_candidate_within_1deg,False,,,,,,
101428,1996-07-28T18:00:00Z,11.1,-91.9,1,1,0,15834.456204231374,74414.0,5340.0,0,False,no_candidate_within_1deg,False,,,,,,
101428,1996-07-28T21:00:00Z,11.4,-91.8,1,1,0,15799.36950212233,74462.0,5340.0,0,False,no_candidate_within_1deg,False,,,,,,
101435,1996-08-13T15:00:00Z,-3.2,86.5,1,1,0,3465.040561465666,79700.0,5362.0,0,False,no_candidate_within_1deg,False,,,,,,
101435,1996-08-13T18:00:00Z,-3.8,85.8,1,1,0,3531.8601791148712,79750.0,5362.0,0,False,no_candidate_within_1deg,False,,,,,,
101435,1996-08-13T21:00:00Z,-4.3,85.0,1,1,0,3593.2119320122115,79793.0,5362.0,0,False,no_candidate_within_1deg,False,,,,,,
101435,1996-08-14T00:00:00Z,-4.8,84.3,1,1,0,3626.0475969412632,79847.0,5362.0,0,False,no_candidate_within_1deg,False,,,,,,
101435,1996-08-14T03:00:00Z,-5.7,83.5,1,1,0,3736.5392881068196,79893.0,5362.0,0,False,no_candidate_within_1deg,False,,,,,,
101435,1996-08-14T06:00:00Z,-6.6,82.6,1,1,0,3834.6413362247545,79939.0,5362.0,0,False,no_candidate_within_1deg,False,,,,,,
101435,1996-08-14T09:00:00Z,-8.4,84.8,1,1,0,4060.9231693609427,79985.0,5362.0,0,False,no_candidate_within_1deg,False,,,,,,
101435,1996-08-14T12:00:00Z,-8.1,85.6,1,1,0,4061.9207926900544,80030.0,5362.0,0,False,no_candidate_within_1deg,False,,,,,,
101435,1996-08-14T15:00:00Z,-7.5,83.8,1,1,0,3971.35776085421,80077.0,5362.0,0,False,no_candidate_within_1deg,False,,,,,,
101436,1996-08-17T15:00:00Z,15.1,-73.8,1,1,0,14483.15430572463,81230.0,5362.0,0,False,no_candidate_within_1deg,False,,,,,,
101436,1996-08-17T18:00:00Z,15.2,-74.1,1,1,0,14493.996881328281,81271.0,5362.0,0,False,no_candidate_within_1deg,False,,,,,,
101436,1996-08-17T21:00:00Z,15.4,-74.3,1,1,0,14470.31180393469,81308.0,5362.0,0,False,no_candidate_within_1deg,False,,,,,,
101436,1996-08-18T00:00:00Z,15.5,-74.6,1,1,0,14491.171018387971,81348.0,5362.0,0,False,no_candidate_within_1deg,False,,,,,,
101436,1996-08-18T03:00:00Z,16.5,-74.2,1,0,1,,,,0,False,no_candidate_within_1deg,False,,,,,,
101436,1996-08-18T06:00:00Z,16.7,-73.6,1,0,1,,,,0,False,no_candidate_within_1deg,False,,,,,,
101436,1996-08-18T09:00:00Z,17.6,-73.5,1,1,0,14157.137107653563,81459.0,5362.0,0,False,no_candidate_within_1deg,False,,,,,,
101436,1996-08-18T12:00:00Z,15.3,-74.7,1,1,0,14473.461537010844,81501.0,5362.0,0,False,no_candidate_within_1deg,False,,,,,,
101436,1996-08-18T15:00:00Z,15.1,-76.1,1,1,0,14610.274693374826,81547.0,5362.0,0,False,no_candidate_within_1deg,False,,,,,,
101436,1996-08-18T18:00:00Z,16.8,-76.2,1,1,0,14475.99993672464,81590.0,5362.0,0,False,no_candidate_within_1deg,False,,,,,,
101436,1996-08-18T21:00:00Z,16.9,-78.8,1,1,0,14626.826972753805,81637.0,5362.0,0,False,no_candidate_within_1deg,False,,,,,,
101436,1996-08-19T00:00:00Z,16.9,-79.3,1,1,0,14698.82036820692,81685.0,5362.0,0,False,no_candidate_within_1deg,False,,,,,,
101436,1996-08-19T03:00:00Z,16.8,-79.9,1,1,0,14759.413441921428,81728.0,5362.0,0,False,no_candidate_within_1deg,False,,,,,,
101441,1996-08-24T21:00:00Z,11.5,-18.8,1,1,0,9665.712295887713,83700.0,5362.0,0,False,no_candidate_within_1deg,False,,,,,,
101441,1996-08-25T00:00:00Z,11.7,-19.5,1,1,0,9728.682355185285,83750.0,5362.0,0,False,no_candidate_within_1deg,False,,,,,,
101441,1996-08-25T03:00:00Z,11.8,-20.3,1,1,0,9792.246255324882,83796.0,5362.0,0,False,no_candidate_within_1deg,False,,,,,,
101441,1996-08-25T06:00:00Z,12.6,-20.8,1,1,0,9804.67287227148,83838.0,5362.0,0,False,no_candidate_within_1deg,False,,,,,,
101441,1996-08-25T09:00:00Z,12.5,-21.4,0,0,0,,,,0,False,no_candidate_within_1deg,False,,,,,,
101441,1996-08-25T12:00:00Z,11.2,-21.5,0,0,0,,,,0,False,no_candidate_within_1deg,False,,,,,,
101441,1996-08-25T15:00:00Z,10.7,-22.5,0,0,0,,,,0,False,no_candidate_within_1deg,False,,,,,,
101441,1996-08-25T18:00:00Z,11.1,-23.0,1,1,0,10986.306214552269,84026.0,5373.0,0,False,no_candidate_within_1deg,False,,,,,,
101441,1996-08-25T21:00:00Z,11.4,-23.6,1,1,0,11026.959475399626,84076.0,5373.0,0,False,no_candidate_within_1deg,False,,,,,,
101459,1996-10-03T15:00:00Z,23.7,-94.6,0,0,0,,,,0,False,no_candidate_within_1deg,False,,,,,,
101459,1996-10-03T18:00:00Z,22.2,-94.8,0,0,0,,,,0,False,no_candidate_within_1deg,False,,,,,,
101459,1996-10-03T21:00:00Z,22.5,-94.2,0,0,0,,,,0,False,no_candidate_within_1deg,False,,,,,,
101459,1996-10-04T00:00:00Z,22.7,-95.2,0,0,0,,,,0,False,no_candidate_within_1deg,False,,,,,,
101459,1996-10-04T03:00:00Z,22.8,-96.3,1,1,0,14643.199977193104,96150.0,5382.0,0,False,no_candidate_within_1deg,False,,,,,,
101459,1996-10-04T06:00:00Z,24.5,-96.0,1,1,0,14381.16668760067,96198.0,5382.0,0,False,no_candidate_within_1deg,False,,,,,,
101459,1996-10-04T09:00:00Z,26.2,-95.7,1,1,0,14156.429122684413,96249.0,5382.0,0,False,no_candidate_within_1deg,False,,,,,,
101459,1996-10-04T12:00:00Z,24.8,-96.3,1,1,0,14323.925271761284,96292.0,5382.0,0,False,no_candidate_within_1deg,False,,,,,,
101459,1996-10-04T15:00:00Z,23.4,-96.8,1,0,1,,,,0,False,no_candidate_within_1deg,False,,,,,,
101473,1996-10-30T21:00:00Z,14.2,95.7,3,2,1,252.82367335410376,104385.0,5388.0,0,False,no_candidate_within_1deg,False,,,,,,
101473,1996-10-31T00:00:00Z,14.2,95.2,2,2,0,238.34278614010248,104430.0,5388.0,0,False,no_candidate_within_1deg,False,,,,,,
101473,1996-10-31T03:00:00Z,14.1,94.8,2,2,0,230.8015193803759,104478.0,5388.0,0,False,no_candidate_within_1deg,False,,,,,,
101473,1996-10-31T06:00:00Z,14.3,94.8,2,1,1,4267.926892845902,104524.0,5386.0,0,False,no_candidate_within_1deg,False,,,,,,
101473,1996-10-31T09:00:00Z,14.8,95.1,2,2,0,193.4205260890707,104567.0,5388.0,0,False,no_candidate_within_1deg,False,,,,,,
101473,1996-10-31T12:00:00Z,15.2,95.3,1,0,1,,,,0,False,no_candidate_within_1deg,False,,,,,,
101473,1996-10-31T15:00:00Z,15.7,95.6,1,1,0,195.62024007253098,104641.0,5388.0,0,False,no_candidate_within_1deg,False,,,,,,
101473,1996-10-31T18:00:00Z,16.1,95.9,1,1,0,200.10940761061403,104679.0,5388.0,0,False,no_candidate_within_1deg,False,,,,,,
101473,1996-10-31T21:00:00Z,16.2,95.9,1,0,1,,,,0,False,no_candidate_within_1deg,False,,,,,,
101489,1996-12-20T03:00:00Z,5.5,111.8,0,0,0,,,,0,False,no_candidate_within_1deg,False,,,,,,
101489,1996-12-20T06:00:00Z,6.5,111.9,0,0,0,,,,0,False,no_candidate_within_1deg,False,,,,,,
101489,1996-12-20T09:00:00Z,7.6,112.1,0,0,0,,,,0,False,no_candidate_within_1deg,False,,,,,,
101489,1996-12-20T12:00:00Z,8.7,112.2,0,0,0,,,,0,False,no_candidate_within_1deg,False,,,,,,
101489,1996-12-20T15:00:00Z,9.7,112.4,0,0,0,,,,0,False,no_candidate_within_1deg,False,,,,,,
101489,1996-12-20T18:00:00Z,10.2,112.4,0,0,0,,,,0,False,no_candidate_within_1deg,False,,,,,,
101489,1996-12-20T21:00:00Z,10.6,112.5,0,0,0,,,,0,False,no_candidate_within_1deg,False,,,,,,
101489,1996-12-21T00:00:00Z,11.1,112.9,0,0,0,,,,0,False,no_candidate_within_1deg,False,,,,,,
101489,1996-12-21T03:00:00Z,8.9,111.8,0,0,0,,,,0,False,no_candidate_within_1deg,False,,,,,,
101494,1996-12-30T21:00:00Z,-12.7,-175.4,0,0,0,,,,0,False,no_candidate_within_1deg,False,,,,,,
101494,1996-12-31T00:00:00Z,-12.1,-175.6,0,0,0,,,,0,False,no_candidate_within_1deg,False,,,,,,
101494,1996-12-31T03:00:00Z,-11.4,-176.8,0,0,0,,,,0,False,no_candidate_within_1deg,False,,,,,,
101494,1996-12-31T06:00:00Z,-10.6,-178.0,0,0,0,,,,0,False,no_candidate_within_1deg,False,,,,,,
101494,1996-12-31T09:00:00Z,-9.9,-179.1,0,0,0,,,,0,False,no_candidate_within_1deg,False,,,,,,
101494,1996-12-31T12:00:00Z,-9.1,179.7,0,0,0,,,,0,False,no_candidate_within_1deg,False,,,,,,
101494,1996-12-31T15:00:00Z,-8.8,179.4,0,0,0,,,,0,False,no_candidate_within_1deg,False,,,,,,
101494,1996-12-31T18:00:00Z,-8.5,179.1,0,0,0,,,,0,False,no_candidate_within_1deg,False,,,,,,
101494,1996-12-31T21:00:00Z,-8.2,178.8,0,0,0,,,,0,False,no_candidate_within_1deg,False,,,,,,
101514,1997-04-07T21:00:00Z,6.5,153.5,0,0,0,,,,0,False,no_candidate_within_1deg,False,,,,,,
101514,1997-04-08T00:00:00Z,6.4,155.2,0,0,0,,,,0,False,no_candidate_within_1deg,False,,,,,,
101514,1997-04-08T03:00:00Z,8.0,155.4,0,0,0,,,,0,False,no_candidate_within_1deg,False,,,,,,
101514,1997-04-08T06:00:00Z,9.6,155.6,0,0,0,,,,0,False,no_candidate_within_1deg,False,,,,,,
101514,1997-04-08T09:00:00Z,10.1,155.3,0,0,0,,,,0,False,no_candidate_within_1deg,False,,,,,,
101514,1997-04-08T12:00:00Z,10.6,154.9,0,0,0,,,,0,False,no_candidate_within_1deg,False,,,,,,
101514,1997-04-08T15:00:00Z,9.5,156.4,0,0,0,,,,0,False,no_candidate_within_1deg,False,,,,,,
101514,1997-04-08T18:00:00Z,8.3,157.8,0,0,0,,,,0,False,no_candidate_within_1deg,False,,,,,,
101514,1997-04-08T21:00:00Z,7.8,155.6,0,0,0,,,,0,False,no_candidate_within_1deg,False,,,,,,
101525,1997-05-30T21:00:00Z,13.6,-97.9,0,0,0,,,,0,False,no_candidate_within_1deg,False,,,,,,
101525,1997-05-31T00:00:00Z,12.6,-96.2,0,0,0,,,,0,False,no_candidate_within_1deg,False,,,,,,
101525,1997-05-31T03:00:00Z,11.7,-95.5,0,0,0,,,,0,False,no_candidate_within_1deg,False,,,,,,
101525,1997-05-31T06:00:00Z,10.8,-94.9,0,0,0,,,,0,False,no_candidate_within_1deg,False,,,,,,
101525,1997-05-31T09:00:00Z,9.9,-94.2,0,0,0,,,,0,False,no_candidate_within_1deg,False,,,,,,
101525,1997-05-31T12:00:00Z,10.3,-94.4,0,0,0,,,,0,False,no_candidate_within_1deg,False,,,,,,
101525,1997-05-31T15:00:00Z,10.6,-94.5,0,0,0,,,,0,False,no_candidate_within_1deg,False,,,,,,
101525,1997-05-31T18:00:00Z,11.0,-94.7,0,0,0,,,,0,False,no_candidate_within_1deg,False,,,,,,
101525,1997-05-31T21:00:00Z,12.5,-94.9,0,0,0,,,,0,False,no_candidate_within_1deg,False,,,,,,
101532,1997-06-24T00:00:00Z,13.0,-102.8,2,2,0,15934.981727343986,58343.0,5394.0,0,False,no_candidate_within_1deg,False,,,,,,
101532,1997-06-24T03:00:00Z,13.5,-102.2,2,2,0,15870.814923250708,58384.0,5394.0,0,False,no_candidate_within_1deg,False,,,,,,
101532,1997-06-24T06:00:00Z,14.0,-101.5,2,2,0,15815.693559527754,58428.0,5394.0,0,False,no_candidate_within_1deg,False,,,,,,
101532,1997-06-24T09:00:00Z,14.1,-103.8,2,2,0,15836.582209372144,58463.0,5394.0,0,False,no_candidate_within_1deg,False,,,,,,
101532,1997-06-24T12:00:00Z,14.1,-106.1,2,2,0,15826.95045102184,58498.0,5394.0,0,False,no_candidate_within_1deg,False,,,,,,
101532,1997-06-24T15:00:00Z,15.4,-103.9,2,2,0,15669.711807833937,58537.0,5394.0,0,False,no_candidate_within_1deg,False,,,,,,
101532,1997-06-24T18:00:00Z,15.6,-103.1,2,2,0,15639.690517020008,58582.0,5394.0,0,False,no_candidate_within_1deg,False,,,,,,
101532,1997-06-24T21:00:00Z,16.2,-105.9,2,2,0,15582.51046514215,58623.0,5394.0,0,False,no_candidate_within_1deg,False,,,,,,
101532,1997-06-25T00:00:00Z,16.5,-106.6,2,2,0,15546.584773626857,58671.0,5394.0,0,False,no_candidate_within_1deg,False,,,,,,
101532,1997-06-25T03:00:00Z,16.7,-107.3,2,2,0,15521.091826945112,58718.0,5394.0,0,False,no_candidate_within_1deg,False,,,,,,
101543,1997-07-16T21:00:00Z,-4.6,76.3,1,1,0,3239.2616629828094,66808.0,5409.0,0,False,no_candidate_within_1deg,False,,,,,,
101543,1997-07-17T00:00:00Z,-5.0,76.1,1,1,0,3237.594019056263,66860.0,5409.0,0,False,no_candidate_within_1deg,False,,,,,,
101543,1997-07-17T03:00:00Z,-5.1,77.2,1,1,0,3212.5120464871447,66915.0,5409.0,0,False,no_candidate_within_1deg,False,,,,,,
101543,1997-07-17T06:00:00Z,-5.4,77.6,1,1,0,3164.9882908170935,66958.0,5409.0,0,False,no_candidate_within_1deg,False,,,,,,
101543,1997-07-17T09:00:00Z,-5.8,77.9,1,1,0,3239.2420460055364,67009.0,5409.0,0,False,no_candidate_within_1deg,False,,,,,,
101543,1997-07-17T12:00:00Z,-6.1,78.3,1,1,0,3241.4189206638594,67053.0,5409.0,0,False,no_candidate_within_1deg,False,,,,,,
101543,1997-07-17T15:00:00Z,-6.4,78.7,1,1,0,3263.113148585874,67096.0,5409.0,0,False,no_candidate_within_1deg,False,,,,,,
101543,1997-07-17T18:00:00Z,-6.2,78.4,1,1,0,3333.803321234641,67140.0,5409.0,0,False,no_candidate_within_1deg,False,,,,,,
101543,1997-07-17T21:00:00Z,-6.5,78.2,1,0,1,,,,0,False,no_candidate_within_1deg,False,,,,,,
101547,1997-07-27T09:00:00Z,12.6,121.2,2,1,1,5325.190053198093,71030.0,5417.0,0,False,no_candidate_within_1deg,False,,,,,,
101547,1997-07-27T12:00:00Z,14.0,121.4,3,2,1,4916.254489833639,71076.0,5420.0,0,False,no_candidate_within_1deg,False,,,,,,
101547,1997-07-27T15:00:00Z,15.3,121.6,3,2,1,4827.670623966924,71124.0,5420.0,0,False,no_candidate_within_1deg,False,,,,,,
101547,1997-07-27T18:00:00Z,14.5,120.0,4,1,3,5067.282787289264,71168.0,5422.0,0,False,no_candidate_within_1deg,False,,,,,,
101547,1997-07-27T21:00:00Z,13.7,118.5,4,1,3,4918.139805091369,71210.0,5422.0,0,False,no_candidate_within_1deg,False,,,,,,
101547,1997-07-28T00:00:00Z,13.4,118.6,3,2,1,4588.2273128484585,71263.0,5420.0,0,False,no_candidate_within_1deg,False,,,,,,
101547,1997-07-28T03:00:00Z,13.0,118.7,3,3,0,3058.0143457556915,71314.0,5419.0,0,False,no_candidate_within_1deg,False,,,,,,
101547,1997-07-28T06:00:00Z,12.5,118.3,3,3,0,3061.707983734634,71364.0,5419.0,0,False,no_candidate_within_1deg,False,,,,,,
101547,1997-07-28T09:00:00Z,14.1,118.4,3,3,0,3051.450927726465,71416.0,5419.0,0,False,no_candidate_within_1deg,False,,,,,,
101552,1997-08-11T21:00:00Z,8.2,-173.4,0,0,0,,,,0,False,no_candidate_within_1deg,False,,,,,,
101552,1997-08-12T00:00:00Z,8.2,-174.0,0,0,0,,,,0,False,no_candidate_within_1deg,False,,,,,,
101552,1997-08-12T03:00:00Z,8.3,-174.5,0,0,0,,,,0,False,no_candidate_within_1deg,False,,,,,,
101552,1997-08-12T06:00:00Z,8.3,-175.1,0,0,0,,,,0,False,no_candidate_within_1deg,False,,,,,,
101552,1997-08-12T09:00:00Z,8.3,-175.7,0,0,0,,,,0,False,no_candidate_within_1deg,False,,,,,,
101552,1997-08-12T12:00:00Z,8.3,-175.5,0,0,0,,,,0,False,no_candidate_within_1deg,False,,,,,,
101552,1997-08-12T15:00:00Z,8.5,-175.1,0,0,0,,,,0,False,no_candidate_within_1deg,False,,,,,,
101552,1997-08-12T18:00:00Z,8.6,-174.6,0,0,0,,,,0,False,no_candidate_within_1deg,False,,,,,,
101552,1997-08-12T21:00:00Z,8.5,-171.7,0,0,0,,,,0,False,no_candidate_within_1deg,False,,,,,,
101553,1997-08-15T12:00:00Z,20.2,-107.0,1,0,1,,,,0,False,no_candidate_within_1deg,False,,,,,,
101553,1997-08-15T15:00:00Z,19.9,-107.6,1,1,0,14826.80769900843,77745.0,5437.0,0,False,no_candidate_within_1deg,False,,,,,,
101553,1997-08-15T18:00:00Z,19.7,-110.1,1,0,1,,,,0,False,no_candidate_within_1deg,False,,,,,,
101553,1997-08-15T21:00:00Z,19.2,-110.3,1,0,1,,,,0,False,no_candidate_within_1deg,False,,,,,,
101553,1997-08-16T00:00:00Z,18.9,-109.5,1,1,0,15024.052189078688,77856.0,5437.0,0,False,no_candidate_within_1deg,False,,,,,,
101553,1997-08-16T03:00:00Z,17.2,-113.0,1,1,0,15062.078413151727,77885.0,5437.0,0,False,no_candidate_within_1deg,False,,,,,,
101553,1997-08-16T06:00:00Z,17.8,-113.6,1,0,1,,,,0,False,no_candidate_within_1deg,False,,,,,,
101553,1997-08-16T09:00:00Z,17.2,-114.4,1,0,1,,,,0,False,no_candidate_within_1deg,False,,,,,,
101553,1997-08-16T12:00:00Z,17.0,-114.8,1,1,0,14916.04555105497,77963.0,5437.0,0,False,no_candidate_within_1deg,False,,,,,,
101553,1997-08-16T15:00:00Z,17.9,-115.1,1,0,1,,,,0,False,no_candidate_within_1deg,False,,,,,,
101553,1997-08-16T18:00:00Z,18.8,-115.5,1,1,0,14713.606740908457,78034.0,5437.0,0,False,no_candidate_within_1deg,False,,,,,,
101553,1997-08-16T21:00:00Z,17.8,-115.5,1,0,1,,,,0,False,no_candidate_within_1deg,False,,,,,,
101554,1997-08-18T09:00:00Z,10.6,139.0,1,1,0,5473.660711643131,78509.0,5437.0,0,False,no_candidate_within_1deg,False,,,,,,
101554,1997-08-18T12:00:00Z,10.4,136.8,1,1,0,5308.29265026436,78545.0,5437.0,0,False,no_candidate_within_1deg,False,,,,,,
101554,1997-08-18T15:00:00Z,11.6,134.9,1,1,0,4993.847090797191,78588.0,5437.0,0,False,no_candidate_within_1deg,False,,,,,,
101554,1997-08-18T18:00:00Z,12.7,132.9,1,1,0,4739.771654106495,78635.0,5437.0,0,False,no_candidate_within_1deg,False,,,,,,
101554,1997-08-18T21:00:00Z,12.5,132.3,1,1,0,4689.00716540378,78688.0,5437.0,0,False,no_candidate_within_1deg,False,,,,,,
101554,1997-08-19T00:00:00Z,12.2,131.8,1,1,0,4658.463979993753,78743.0,5437.0,0,False,no_candidate_within_1deg,False,,,,,,
101554,1997-08-19T03:00:00Z,12.0,131.2,1,1,0,4618.501220972767,78798.0,5437.0,0,False,no_candidate_within_1deg,False,,,,,,
101554,1997-08-19T06:00:00Z,11.7,130.7,1,1,0,4590.0442815301385,78844.0,5437.0,0,False,no_candidate_within_1deg,False,,,,,,
101554,1997-08-19T09:00:00Z,12.9,132.5,1,1,0,4746.908940282782,78882.0,5437.0,0,False,no_candidate_within_1deg,False,,,,,,
101563,1997-09-08T00:00:00Z,9.1,-94.5,1,1,0,16613.261581481518,85174.0,5444.0,0,False,no_candidate_within_1deg,False,,,,,,
101563,1997-09-08T03:00:00Z,8.2,-96.9,1,1,0,16691.992176335345,85215.0,5444.0,0,False,no_candidate_within_1deg,False,,,,,,
101563,1997-09-08T06:00:00Z,7.3,-99.2,1,1,0,16740.934652539072,85252.0,5444.0,0,False,no_candidate_within_1deg,False,,,,,,
101563,1997-09-08T09:00:00Z,10.4,-97.3,1,1,0,16377.062874449932,85295.0,5444.0,0,False,no_candidate_within_1deg,False,,,,,,
101563,1997-09-08T12:00:00Z,10.9,-98.6,1,1,0,16266.661592546676,85338.0,5444.0,0,False,no_candidate_within_1deg,False,,,,,,
101563,1997-09-08T15:00:00Z,11.4,-100.0,1,1,0,16170.992092270253,85381.0,5444.0,0,False,no_candidate_within_1deg,False,,,,,,
101563,1997-09-08T18:00:00Z,15.1,-101.2,1,1,0,15718.561455370043,85436.0,5444.0,0,False,no_candidate_within_1deg,False,,,,,,
101563,1997-09-08T21:00:00Z,14.9,-101.1,1,1,0,15712.221692370911,85492.0,5444.0,0,False,no_candidate_within_1deg,False,,,,,,
101563,1997-09-09T00:00:00Z,14.6,-101.1,1,1,0,15704.190799673797,85542.0,5444.0,0,False,no_candidate_within_1deg,False,,,,,,
101563,1997-09-09T03:00:00Z,13.2,-100.3,1,1,0,15851.644823482575,85602.0,5444.0,0,False,no_candidate_within_1deg,False,,,,,,
101563,1997-09-09T06:00:00Z,12.0,-101.0,1,1,0,15940.857446580849,85660.0,5444.0,0,False,no_candidate_within_1deg,False,,,,,,
101563,1997-09-09T09:00:00Z,10.8,-101.8,1,1,0,16036.292573509378,85709.0,5444.0,0,False,no_candidate_within_1deg,False,,,,,,
101564,1997-09-11T15:00:00Z,14.6,-132.5,0,0,0,,,,0,False,no_candidate_within_1deg,False,,,,,,
101564,1997-09-11T18:00:00Z,15.2,-131.9,0,0,0,,,,0,False,no_candidate_within_1deg,False,,,,,,
101564,1997-09-11T21:00:00Z,15.6,-132.2,0,0,0,,,,0,False,no_candidate_within_1deg,False,,,,,,
101564,1997-09-12T00:00:00Z,15.9,-132.5,0,0,0,,,,0,False,no_candidate_within_1deg,False,,,,,,
101564,1997-09-12T03:00:00Z,15.6,-132.7,0,0,0,,,,0,False,no_candidate_within_1deg,False,,,,,,
101564,1997-09-12T06:00:00Z,15.4,-132.9,0,0,0,,,,0,False,no_candidate_within_1deg,False,,,,,,
101564,1997-09-12T09:00:00Z,15.1,-133.1,0,0,0,,,,0,False,no_candidate_within_1deg,False,,,,,,
101564,1997-09-12T12:00:00Z,14.8,-133.0,0,0,0,,,,0,False,no_candidate_within_1deg,False,,,,,,
101564,1997-09-12T15:00:00Z,14.1,-133.2,0,0,0,,,,0,False,no_candidate_within_1deg,False,,,,,,
101570,1997-09-25T03:00:00Z,9.7,-104.1,1,1,0,16880.282813733826,90556.0,5449.0,0,False,no_candidate_within_1deg,False,,,,,,
101570,1997-09-25T06:00:00Z,10.2,-100.2,1,1,0,16891.689700836414,90596.0,5449.0,0,False,no_candidate_within_1deg,False,,,,,,
101570,1997-09-25T09:00:00Z,10.1,-100.3,1,1,0,16862.54705922808,90636.0,5449.0,0,False,no_candidate_within_1deg,False,,,,,,
101570,1997-09-25T12:00:00Z,10.1,-100.4,1,1,0,16849.159795520616,90678.0,5449.0,0,False,no_candidate_within_1deg,False,,,,,,
101570,1997-09-25T15:00:00Z,10.0,-100.5,1,1,0,16791.18897453274,90716.0,5449.0,0,False,no_candidate_within_1deg,False,,,,,,
101570,1997-09-25T18:00:00Z,10.5,-100.3,1,1,0,16703.17593262161,90753.0,5449.0,0,False,no_candidate_within_1deg,False,,,,,,
101570,1997-09-25T21:00:00Z,10.6,-98.6,1,1,0,16698.867691759744,90790.0,5449.0,0,False,no_candidate_within_1deg,False,,,,,,
101570,1997-09-26T00:00:00Z,8.9,-95.1,1,1,0,16868.497522328933,90831.0,5449.0,0,False,no_candidate_within_1deg,False,,,,,,
101570,1997-09-26T03:00:00Z,11.3,-95.0,1,1,0,16567.552099654535,90871.0,5449.0,0,False,no_candidate_within_1deg,False,,,,,,
101570,1997-09-26T06:00:00Z,10.8,-94.5,1,1,0,16587.208163401356,90907.0,5449.0,0,False,no_candidate_within_1deg,False,,,,,,
101570,1997-09-26T09:00:00Z,11.5,-96.1,1,1,0,16456.468192020602,90945.0,5449.0,0,False,no_candidate_within_1deg,False,,,,,,
101573,1997-10-03T03:00:00Z,-6.1,174.0,0,0,0,,,,0,False,no_candidate_within_1deg,False,,,,,,
101573,1997-10-03T06:00:00Z,-6.4,175.8,0,0,0,,,,0,False,no_candidate_within_1deg,False,,,,,,
101573,1997-10-03T09:00:00Z,-5.7,175.2,0,0,0,,,,0,False,no_candidate_within_1deg,False,,,,,,
101573,1997-10-03T12:00:00Z,-5.0,174.7,0,0,0,,,,0,False,no_candidate_within_1deg,False,,,,,,
101573,1997-10-03T15:00:00Z,-4.3,174.1,0,0,0,,,,0,False,no_candidate_within_1deg,False,,,,,,
101573,1997-10-03T18:00:00Z,-4.2,172.8,0,0,0,,,,0,False,no_candidate_within_1deg,False,,,,,,
101573,1997-10-03T21:00:00Z,-4.1,171.6,0,0,0,,,,0,False,no_candidate_within_1deg,False,,,,,,
101573,1997-10-04T00:00:00Z,-2.9,168.7,0,0,0,,,,0,False,no_candidate_within_1deg,False,,,,,,
101573,1997-10-04T03:00:00Z,-5.9,167.2,0,0,0,,,,0,False,no_candidate_within_1deg,False,,,,,,
101574,1997-10-03T15:00:00Z,22.8,-64.1,0,0,0,,,,0,False,no_candidate_within_1deg,False,,,,,,
101574,1997-10-03T18:00:00Z,22.7,-64.4,0,0,0,,,,0,False,no_candidate_within_1deg,False,,,,,,
101574,1997-10-03T21:00:00Z,22.5,-64.6,0,0,0,,,,0,False,no_candidate_within_1deg,False,,,,,,
101574,1997-10-04T00:00:00Z,22.4,-64.8,0,0,0,,,,0,False,no_candidate_within_1deg,False,,,,,,
101574,1997-10-04T03:00:00Z,22.3,-64.2,0,0,0,,,,0,False,no_candidate_within_1deg,False,,,,,,
101574,1997-10-04T06:00:00Z,22.2,-63.6,0,0,0,,,,0,False,no_candidate_within_1deg,False,,,,,,
101574,1997-10-04T09:00:00Z,23.0,-63.6,0,0,0,,,,0,False,no_candidate_within_1deg,False,,,,,,
101574,1997-10-04T12:00:00Z,21.2,-63.7,0,0,0,,,,0,False,no_candidate_within_1deg,False,,,,,,
101574,1997-10-04T15:00:00Z,20.8,-63.4,0,0,0,,,,0,False,no_candidate_within_1deg,False,,,,,,
101594,1997-12-19T09:00:00Z,-3.0,-164.9,0,0,0,,,,0,False,no_candidate_within_1deg,False,,,,,,
101594,1997-12-19T12:00:00Z,-3.9,-165.0,0,0,0,,,,0,False,no_candidate_within_1deg,False,,,,,,
101594,1997-12-19T15:00:00Z,-4.8,-165.1,0,0,0,,,,0,False,no_candidate_within_1deg,False,,,,,,
101594,1997-12-19T18:00:00Z,-5.7,-165.3,0,0,0,,,,0,False,no_candidate_within_1deg,False,,,,,,
101594,1997-12-19T21:00:00Z,-6.6,-165.4,0,0,0,,,,0,False,no_candidate_within_1deg,False,,,,,,
101594,1997-12-20T00:00:00Z,-6.4,-167.4,0,0,0,,,,0,False,no_candidate_within_1deg,False,,,,,,
101594,1997-12-20T03:00:00Z,-6.1,-169.4,0,0,0,,,,0,False,no_candidate_within_1deg,False,,,,,,
101594,1997-12-20T06:00:00Z,-6.0,-170.1,0,0,0,,,,0,False,no_candidate_within_1deg,False,,,,,,
101594,1997-12-20T09:00:00Z,-5.9,-170.7,0,0,0,,,,0,False,no_candidate_within_1deg,False,,,,,,
101602,1998-01-23T15:00:00Z,-6.9,-177.0,0,0,0,,,,0,False,no_candidate_within_1deg,False,,,,,,
101602,1998-01-23T18:00:00Z,-8.4,-176.9,0,0,0,,,,0,False,no_candidate_within_1deg,False,,,,,,
101602,1998-01-23T21:00:00Z,-8.6,-178.2,0,0,0,,,,0,False,no_candidate_within_1deg,False,,,,,,
101602,1998-01-24T00:00:00Z,-7.9,-177.4,0,0,0,,,,0,False,no_candidate_within_1deg,False,,,,,,
101602,1998-01-24T03:00:00Z,-7.3,-176.7,0,0,0,,,,0,False,no_candidate_within_1deg,False,,,,,,
101602,1998-01-24T06:00:00Z,-6.6,-175.9,0,0,0,,,,0,False,no_candidate_within_1deg,False,,,,,,
101602,1998-01-24T09:00:00Z,-5.9,-175.2,0,0,0,,,,0,False,no_candidate_within_1deg,False,,,,,,
101602,1998-01-24T12:00:00Z,-9.5,-176.2,0,0,0,,,,0,False,no_candidate_within_1deg,False,,,,,,
101602,1998-01-24T15:00:00Z,-9.1,-174.1,0,0,0,,,,0,False,no_candidate_within_1deg,False,,,,,,
101607,1998-02-03T21:00:00Z,-10.2,63.2,0,0,0,,,,0,False,no_candidate_within_1deg,False,,,,,,
101607,1998-02-04T00:00:00Z,-9.9,62.9,0,0,0,,,,0,False,no_candidate_within_1deg,False,,,,,,
101607,1998-02-04T03:00:00Z,-9.5,62.6,0,0,0,,,,0,False,no_candidate_within_1deg,False,,,,,,
101607,1998-02-04T06:00:00Z,-10.8,63.0,0,0,0,,,,0,False,no_candidate_within_1deg,False,,,,,,
101607,1998-02-04T09:00:00Z,-12.0,63.5,0,0,0,,,,0,False,no_candidate_within_1deg,False,,,,,,
101607,1998-02-04T12:00:00Z,-11.6,64.1,0,0,0,,,,0,False,no_candidate_within_1deg,False,,,,,,
101607,1998-02-04T15:00:00Z,-11.3,64.7,0,0,0,,,,0,False,no_candidate_within_1deg,False,,,,,,
101607,1998-02-04T18:00:00Z,-10.9,65.3,0,0,0,,,,0,False,no_candidate_within_1deg,False,,,,,,
101607,1998-02-04T21:00:00Z,-11.3,65.8,0,0,0,,,,0,False,no_candidate_within_1deg,False,,,,,,
101616,1998-03-18T09:00:00Z,-9.6,149.1,0,0,0,,,,0,False,no_candidate_within_1deg,False,,,,,,
101616,1998-03-18T12:00:00Z,-11.0,148.8,0,0,0,,,,0,False,no_candidate_within_1deg,False,,,,,,
101616,1998-03-18T15:00:00Z,-12.5,148.4,0,0,0,,,,0,False,no_candidate_within_1deg,False,,,,,,
101616,1998-03-18T18:00:00Z,-12.9,148.2,0,0,0,,,,0,False,no_candidate_within_1deg,False,,,,,,
101616,1998-03-18T21:00:00Z,-13.3,148.0,0,0,0,,,,0,False,no_candidate_within_1deg,False,,,,,,
101616,1998-03-19T00:00:00Z,-13.1,147.2,0,0,0,,,,0,False,no_candidate_within_1deg,False,,,,,,
101616,1998-03-19T03:00:00Z,-12.8,146.5,0,0,0,,,,0,False,no_candidate_within_1deg,False,,,,,,
101616,1998-03-19T06:00:00Z,-12.6,145.7,0,0,0,,,,0,False,no_candidate_within_1deg,False,,,,,,
101616,1998-03-19T09:00:00Z,-11.9,146.3,0,0,0,,,,0,False,no_candidate_within_1deg,False,,,,,,
101617,1998-03-27T03:00:00Z,-17.6,172.6,0,0,0,,,,0,False,no_candidate_within_1deg,False,,,,,,
101617,1998-03-27T06:00:00Z,-16.5,174.2,0,0,0,,,,0,False,no_candidate_within_1deg,False,,,,,,
101617,1998-03-27T09:00:00Z,-15.9,172.6,0,0,0,,,,0,False,no_candidate_within_1deg,False,,,,,,
101617,1998-03-27T12:00:00Z,-14.8,175.7,0,0,0,,,,0,False,no_candidate_within_1deg,False,,,,,,
101617,1998-03-27T15:00:00Z,-15.5,173.6,0,0,0,,,,0,False,no_candidate_within_1deg,False,,,,,,
101617,1998-03-27T18:00:00Z,-15.4,172.4,0,0,0,,,,0,False,no_candidate_within_1deg,False,,,,,,
101617,1998-03-27T21:00:00Z,-15.3,171.2,0,0,0,,,,0,False,no_candidate_within_1deg,False,,,,,,
101617,1998-03-28T00:00:00Z,-15.1,172.6,0,0,0,,,,0,False,no_candidate_within_1deg,False,,,,,,
101617,1998-03-28T03:00:00Z,-14.9,174.1,0,0,0,,,,0,False,no_candidate_within_1deg,False,,,,,,
101627,1998-06-08T15:00:00Z,6.9,-96.2,1,1,0,16573.864479160915,55776.0,5461.0,0,False,no_candidate_within_1deg,False,,,,,,
101627,1998-06-08T18:00:00Z,8.3,-98.2,1,1,0,16507.227261996097,55822.0,5461.0,0,False,no_candidate_within_1deg,False,,,,,,
101627,1998-06-08T21:00:00Z,9.8,-97.4,1,1,0,16279.425756287139,55868.0,5461.0,0,False,no_candidate_within_1deg,False,,,,,,
101627,1998-06-09T00:00:00Z,11.3,-96.6,1,1,0,16062.53488890513,55909.0,5461.0,0,False,no_candidate_within_1deg,False,,,,,,
101627,1998-06-09T03:00:00Z,10.2,-98.2,1,1,0,16193.27794080101,55952.0,5461.0,0,False,no_candidate_within_1deg,False,,,,,,
101627,1998-06-09T06:00:00Z,9.9,-100.6,1,1,0,16250.760774176122,56000.0,5461.0,0,False,no_candidate_within_1deg,False,,,,,,
101627,1998-06-09T09:00:00Z,7.8,-101.3,1,1,0,16430.27216248582,56047.0,5461.0,0,False,no_candidate_within_1deg,False,,,,,,
101627,1998-06-09T12:00:00Z,7.3,-100.3,1,1,0,16415.00094372051,56095.0,5461.0,0,False,no_candidate_within_1deg,False,,,,,,
101627,1998-06-09T15:00:00Z,6.9,-99.4,1,1,0,16398.125510226644,56144.0,5461.0,0,False,no_candidate_within_1deg,False,,,,,,
101629,1998-06-20T12:00:00Z,13.4,-94.5,1,1,0,16053.280355027779,60232.0,5462.0,0,False,no_candidate_within_1deg,False,,,,,,
101629,1998-06-20T15:00:00Z,12.9,-93.4,1,1,0,16112.339734200108,60289.0,5462.0,0,False,no_candidate_within_1deg,False,,,,,,
101629,1998-06-20T18:00:00Z,12.4,-92.4,1,1,0,16158.195715688942,60358.0,5462.0,0,False,no_candidate_within_1deg,False,,,,,,
101629,1998-06-20T21:00:00Z,10.2,-91.9,1,1,0,16451.42713759991,60423.0,5462.0,0,False,no_candidate_within_1deg,False,,,,,,
101629,1998-06-21T00:00:00Z,7.9,-91.5,1,1,0,16734.138007650043,60487.0,5462.0,0,False,no_candidate_within_1deg,False,,,,,,
101629,1998-06-21T03:00:00Z,7.7,-92.4,1,1,0,16785.112125363918,60536.0,5462.0,0,False,no_candidate_within_1deg,False,,,,,,
101629,1998-06-21T06:00:00Z,7.5,-93.4,1,1,0,16842.69281548222,60586.0,5462.0,0,False,no_candidate_within_1deg,False,,,,,,
101629,1998-06-21T09:00:00Z,7.3,-94.3,1,0,1,,,,0,False,no_candidate_within_1deg,False,,,,,,
101629,1998-06-21T12:00:00Z,7.1,-95.2,1,1,0,16908.623662443853,60688.0,5462.0,0,False,no_candidate_within_1deg,False,,,,,,
101629,1998-06-21T15:00:00Z,6.9,-95.8,1,1,0,16961.18513394803,60746.0,5462.0,0,False,no_candidate_within_1deg,False,,,,,,
101629,1998-06-21T18:00:00Z,6.6,-96.5,1,1,0,16949.24082873837,60810.0,5462.0,0,False,no_candidate_within_1deg,False,,,,,,
101629,1998-06-21T21:00:00Z,6.4,-97.1,1,1,0,16942.61009561848,60870.0,5462.0,0,False,no_candidate_within_1deg,False,,,,,,
101632,1998-07-14T21:00:00Z,8.8,-98.7,3,3,0,16081.62407331941,70086.0,5497.0,0,False,no_candidate_within_1deg,False,,,,,,
101632,1998-07-15T00:00:00Z,9.0,-100.4,3,3,0,16057.798135979225,70138.0,5497.0,0,False,no_candidate_within_1deg,False,,,,,,
101632,1998-07-15T03:00:00Z,10.1,-100.1,2,2,0,15927.494182867027,70195.0,5497.0,0,False,no_candidate_within_1deg,False,,,,,,
101632,1998-07-15T06:00:00Z,11.2,-99.9,2,2,0,15798.746080229075,70249.0,5497.0,0,False,no_candidate_within_1deg,False,,,,,,
101632,1998-07-15T09:00:00Z,12.3,-99.6,2,2,0,15649.814046420799,70305.0,5497.0,0,False,no_candidate_within_1deg,False,,,,,,
101632,1998-07-15T12:00:00Z,11.5,-100.4,2,2,0,15713.071315905607,70353.0,5497.0,0,False,no_candidate_within_1deg,False,,,,,,
101632,1998-07-15T15:00:00Z,10.6,-101.2,2,2,0,15809.138342988188,70401.0,5497.0,0,False,no_candidate_within_1deg,False,,,,,,
101632,1998-07-15T18:00:00Z,11.6,-100.6,2,2,0,15705.14974334013,70450.0,5497.0,0,False,no_candidate_within_1deg,False,,,,,,
101632,1998-07-15T21:00:00Z,12.7,-100.1,2,2,0,15578.97948827932,70496.0,5481.0,0,False,no_candidate_within_1deg,False,,,,,,
101637,1998-07-27T15:00:00Z,14.5,-93.6,0,0,0,,,,0,False,no_candidate_within_1deg,False,,,,,,
101637,1998-07-27T18:00:00Z,15.2,-94.5,0,0,0,,,,0,False,no_candidate_within_1deg,False,,,,,,
101637,1998-07-27T21:00:00Z,14.5,-96.8,0,0,0,,,,0,False,no_candidate_within_1deg,False,,,,,,
101637,1998-07-28T00:00:00Z,13.7,-99.1,0,0,0,,,,0,False,no_candidate_within_1deg,False,,,,,,
101637,1998-07-28T03:00:00Z,15.5,-98.9,0,0,0,,,,0,False,no_candidate_within_1deg,False,,,,,,
101637,1998-07-28T06:00:00Z,15.5,-99.1,0,0,0,,,,0,False,no_candidate_within_1deg,False,,,,,,
101637,1998-07-28T09:00:00Z,15.0,-98.3,0,0,0,,,,0,False,no_candidate_within_1deg,False,,,,,,
101637,1998-07-28T12:00:00Z,14.4,-97.6,1,1,0,16473.296041710906,75282.0,5512.0,0,False,no_candidate_within_1deg,False,,,,,,
101637,1998-07-28T15:00:00Z,13.9,-96.8,1,0,1,,,,0,False,no_candidate_within_1deg,False,,,,,,
101641,1998-08-08T15:00:00Z,6.5,-104.0,0,0,0,,,,0,False,no_candidate_within_1deg,False,,,,,,
101641,1998-08-08T18:00:00Z,7.5,-103.8,0,0,0,,,,0,False,no_candidate_within_1deg,False,,,,,,
101641,1998-08-08T21:00:00Z,8.4,-103.7,0,0,0,,,,0,False,no_candidate_within_1deg,False,,,,,,
101641,1998-08-09T00:00:00Z,9.4,-103.5,0,0,0,,,,0,False,no_candidate_within_1deg,False,,,,,,
101641,1998-08-09T03:00:00Z,9.2,-104.7,0,0,0,,,,0,False,no_candidate_within_1deg,False,,,,,,
101641,1998-08-09T06:00:00Z,9.0,-105.9,0,0,0,,,,0,False,no_candidate_within_1deg,False,,,,,,
101641,1998-08-09T09:00:00Z,9.8,-103.2,0,0,0,,,,0,False,no_candidate_within_1deg,False,,,,,,
101641,1998-08-09T12:00:00Z,9.7,-104.3,0,0,0,,,,0,False,no_candidate_within_1deg,False,,,,,,
101641,1998-08-09T15:00:00Z,9.2,-106.1,0,0,0,,,,0,False,no_candidate_within_1deg,False,,,,,,
101646,1998-08-21T06:00:00Z,17.2,131.3,0,0,0,,,,0,False,no_candidate_within_1deg,False,,,,,,
101646,1998-08-21T09:00:00Z,17.8,130.1,0,0,0,,,,0,False,no_candidate_within_1deg,False,,,,,,
101646,1998-08-21T12:00:00Z,17.2,128.6,0,0,0,,,,0,False,no_candidate_within_1deg,False,,,,,,
101646,1998-08-21T15:00:00Z,15.8,128.1,0,0,0,,,,0,False,no_candidate_within_1deg,False,,,,,,
101646,1998-08-21T18:00:00Z,16.1,128.2,0,0,0,,,,0,False,no_candidate_within_1deg,False,,,,,,
101646,1998-08-21T21:00:00Z,16.4,128.2,0,0,0,,,,0,False,no_candidate_within_1deg,False,,,,,,
101646,1998-08-22T00:00:00Z,16.6,128.3,0,0,0,,,,0,False,no_candidate_within_1deg,False,,,,,,
101646,1998-08-22T03:00:00Z,16.9,128.4,0,0,0,,,,0,False,no_candidate_within_1deg,False,,,,,,
101646,1998-08-22T06:00:00Z,16.3,126.8,0,0,0,,,,0,False,no_candidate_within_1deg,False,,,,,,
101646,1998-08-22T09:00:00Z,15.0,127.6,0,0,0,,,,0,False,no_candidate_within_1deg,False,,,,,,
101650,1998-08-29T18:00:00Z,25.3,-91.7,0,0,0,,,,0,False,no_candidate_within_1deg,False,,,,,,
101650,1998-08-29T21:00:00Z,23.9,-92.4,0,0,0,,,,0,False,no_candidate_within_1deg,False,,,,,,
101650,1998-08-30T00:00:00Z,22.4,-93.1,0,0,0,,,,0,False,no_candidate_within_1deg,False,,,,,,
101650,1998-08-30T03:00:00Z,21.0,-93.8,0,0,0,,,,0,False,no_candidate_within_1deg,False,,,,,,
101650,1998-08-30T06:00:00Z,20.8,-94.0,0,0,0,,,,0,False,no_candidate_within_1deg,False,,,,,,
101650,1998-08-30T09:00:00Z,20.5,-94.1,0,0,0,,,,0,False,no_candidate_within_1deg,False,,,,,,
101650,1998-08-30T12:00:00Z,24.0,-94.5,0,0,0,,,,0,False,no_candidate_within_1deg,False,,,,,,
101650,1998-08-30T15:00:00Z,22.7,-94.5,0,0,0,,,,0,False,no_candidate_within_1deg,False,,,,,,
101650,1998-08-30T18:00:00Z,21.3,-94.5,0,0,0,,,,0,False,no_candidate_within_1deg,False,,,,,,
101650,1998-08-30T21:00:00Z,21.9,-93.8,0,0,0,,,,0,False,no_candidate_within_1deg,False,,,,,,
101650,1998-08-31T00:00:00Z,22.5,-93.0,0,0,0,,,,0,False,no_candidate_within_1deg,False,,,,,,
101650,1998-08-31T03:00:00Z,23.1,-92.3,0,0,0,,,,0,False,no_candidate_within_1deg,False,,,,,,
101650,1998-08-31T06:00:00Z,23.7,-91.5,0,0,0,,,,0,False,no_candidate_within_1deg,False,,,,,,
101650,1998-08-31T09:00:00Z,22.9,-93.8,0,0,0,,,,0,False,no_candidate_within_1deg,False,,,,,,
101658,1998-09-15T15:00:00Z,13.4,110.5,1,1,0,3648.0700071143015,91688.0,5521.0,0,False,no_candidate_within_1deg,False,,,,,,
101658,1998-09-15T18:00:00Z,15.0,110.6,1,1,0,3588.7381234604604,91744.0,5521.0,0,False,no_candidate_within_1deg,False,,,,,,
101658,1998-09-15T21:00:00Z,16.6,110.8,1,1,0,3571.125251208485,91796.0,5521.0,0,False,no_candidate_within_1deg,False,,,,,,
101658,1998-09-16T00:00:00Z,16.9,109.8,1,1,0,3506.951778153164,91850.0,5521.0,0,False,no_candidate_within_1deg,False,,,,,,
101658,1998-09-16T03:00:00Z,16.8,109.2,1,1,0,3487.0146351430803,91894.0,5521.0,0,False,no_candidate_within_1deg,False,,,,,,
101658,1998-09-16T06:00:00Z,15.3,111.2,1,1,0,3769.783050672394,91941.0,5521.0,0,False,no_candidate_within_1deg,False,,,,,,
101658,1998-09-16T09:00:00Z,16.9,110.6,1,1,0,3685.649119343204,91989.0,5521.0,0,False,no_candidate_within_1deg,False,,,,,,
101658,1998-09-16T12:00:00Z,17.1,110.3,1,1,0,3734.928451850904,92042.0,5521.0,0,False,no_candidate_within_1deg,False,,,,,,
101658,1998-09-16T15:00:00Z,17.2,108.6,1,1,0,3593.2889510490545,92091.0,5521.0,0,False,no_candidate_within_1deg,False,,,,,,
101667,1998-09-29T09:00:00Z,18.1,-106.7,0,0,0,,,,0,False,no_candidate_within_1deg,False,,,,,,
101667,1998-09-29T12:00:00Z,17.2,-107.4,0,0,0,,,,0,False,no_candidate_within_1deg,False,,,,,,
101667,1998-09-29T15:00:00Z,17.4,-106.8,0,0,0,,,,0,False,no_candidate_within_1deg,False,,,,,,
101667,1998-09-29T18:00:00Z,17.9,-107.2,0,0,0,,,,0,False,no_candidate_within_1deg,False,,,,,,
101667,1998-09-29T21:00:00Z,17.9,-107.6,0,0,0,,,,0,False,no_candidate_within_1deg,False,,,,,,
101667,1998-09-30T00:00:00Z,17.9,-105.8,0,0,0,,,,0,False,no_candidate_within_1deg,False,,,,,,
101667,1998-09-30T03:00:00Z,17.9,-103.9,0,0,0,,,,0,False,no_candidate_within_1deg,False,,,,,,
101667,1998-09-30T06:00:00Z,18.2,-105.0,0,0,0,,,,0,False,no_candidate_within_1deg,False,,,,,,
101667,1998-09-30T09:00:00Z,18.6,-106.1,0,0,0,,,,0,False,no_candidate_within_1deg,False,,,,,,
101676,1998-10-09T21:00:00Z,14.8,-115.0,1,1,0,16963.89965747639,99870.0,5524.0,0,False,no_candidate_within_1deg,False,,,,,,
101676,1998-10-10T00:00:00Z,14.5,-114.7,1,0,1,,,,0,False,no_candidate_within_1deg,False,,,,,,
101676,1998-10-10T03:00:00Z,14.2,-114.5,1,1,0,17008.07902553267,99942.0,5524.0,0,False,no_candidate_within_1deg,False,,,,,,
101676,1998-10-10T06:00:00Z,13.6,-114.3,1,1,0,17063.993916034175,99983.0,5524.0,0,False,no_candidate_within_1deg,False,,,,,,
101676,1998-10-10T09:00:00Z,12.9,-114.1,1,1,0,17123.53382440409,100028.0,5524.0,0,False,no_candidate_within_1deg,False,,,,,,
101676,1998-10-10T12:00:00Z,13.0,-115.0,1,1,0,17063.7266765475,100075.0,5524.0,0,False,no_candidate_within_1deg,False,,,,,,
101676,1998-10-10T15:00:00Z,13.0,-116.0,1,1,0,17027.806439284555,100113.0,5524.0,0,False,no_candidate_within_1deg,False,,,,,,
101676,1998-10-10T18:00:00Z,12.4,-117.8,1,1,0,17028.55801342531,100147.0,5524.0,0,False,no_candidate_within_1deg,False,,,,,,
101676,1998-10-10T21:00:00Z,11.7,-119.5,1,1,0,17036.302326588077,100189.0,5524.0,0,False,no_candidate_within_1deg,False,,,,,,
101680,1998-10-20T18:00:00Z,11.9,-73.0,0,0,0,,,,0,False,no_candidate_within_1deg,False,,,,,,
101680,1998-10-20T21:00:00Z,12.1,-73.3,0,0,0,,,,0,False,no_candidate_within_1deg,False,,,,,,
101680,1998-10-21T00:00:00Z,12.2,-73.7,0,0,0,,,,0,False,no_candidate_within_1deg,False,,,,,,
101680,1998-10-21T03:00:00Z,12.4,-74.0,0,0,0,,,,0,False,no_candidate_within_1deg,False,,,,,,
101680,1998-10-21T06:00:00Z,10.3,-71.6,0,0,0,,,,0,False,no_candidate_within_1deg,False,,,,,,
101680,1998-10-21T09:00:00Z,11.6,-74.8,0,0,0,,,,0,False,no_candidate_within_1deg,False,,,,,,
101680,1998-10-21T12:00:00Z,10.9,-75.7,0,0,0,,,,0,False,no_candidate_within_1deg,False,,,,,,
101680,1998-10-21T15:00:00Z,10.3,-76.6,0,0,0,,,,0,False,no_candidate_within_1deg,False,,,,,,
101680,1998-10-21T18:00:00Z,9.6,-77.5,0,0,0,,,,0,False,no_candidate_within_1deg,False,,,,,,
101680,1998-10-21T21:00:00Z,11.6,-77.1,0,0,0,,,,0,False,no_candidate_within_1deg,False,,,,,,
101693,1998-12-12T09:00:00Z,-8.1,159.9,1,1,0,10299.247286223359,117798.0,5551.0,0,False,no_candidate_within_1deg,False,,,,,,
101693,1998-12-12T12:00:00Z,-9.4,159.7,1,1,0,10311.455300653635,117835.0,5551.0,0,False,no_candidate_within_1deg,False,,,,,,
101693,1998-12-12T15:00:00Z,-10.7,159.6,1,1,0,10331.030534594478,117872.0,5551.0,0,False,no_candidate_within_1deg,False,,,,,,
101693,1998-12-12T18:00:00Z,-11.9,159.4,1,1,0,10337.385547486512,117916.0,5551.0,0,False,no_candidate_within_1deg,False,,,,,,
101693,1998-12-12T21:00:00Z,-13.2,159.2,1,1,0,10354.250558549595,117959.0,5551.0,0,False,no_candidate_within_1deg,False,,,,,,
101693,1998-12-13T00:00:00Z,-14.1,160.5,1,1,0,10562.62667245332,118004.0,5551.0,0,False,no_candidate_within_1deg,False,,,,,,
101693,1998-12-13T03:00:00Z,-15.0,161.7,1,1,0,10724.42167959532,118051.0,5551.0,0,False,no_candidate_within_1deg,False,,,,,,
101693,1998-12-13T06:00:00Z,-15.9,163.0,1,1,0,10909.599723941517,118094.0,5551.0,0,False,no_candidate_within_1deg,False,,,,,,
101693,1998-12-13T09:00:00Z,-17.5,159.3,1,1,0,10583.744181513159,118135.0,5551.0,0,False,no_candidate_within_1deg,False,,,,,,
101695,1998-12-17T15:00:00Z,12.3,114.2,1,1,0,6266.216893673205,119320.0,5551.0,0,False,no_candidate_within_1deg,False,,,,,,
101695,1998-12-17T18:00:00Z,12.5,114.2,0,0,0,,,,0,False,no_candidate_within_1deg,False,,,,,,
101695,1998-12-17T21:00:00Z,12.8,114.3,0,0,0,,,,0,False,no_candidate_within_1deg,False,,,,,,
101695,1998-12-18T00:00:00Z,12.7,113.8,0,0,0,,,,0,False,no_candidate_within_1deg,False,,,,,,
101695,1998-12-18T03:00:00Z,12.7,111.8,0,0,0,,,,0,False,no_candidate_within_1deg,False,,,,,,
101695,1998-12-18T06:00:00Z,9.2,112.6,0,0,0,,,,0,False,no_candidate_within_1deg,False,,,,,,
101695,1998-12-18T09:00:00Z,9.5,111.8,0,0,0,,,,0,False,no_candidate_within_1deg,False,,,,,,
101695,1998-12-18T12:00:00Z,9.9,112.8,0,0,0,,,,0,False,no_candidate_within_1deg,False,,,,,,
101695,1998-12-18T15:00:00Z,10.2,112.9,0,0,0,,,,0,False,no_candidate_within_1deg,False,,,,,,
101702,1999-01-18T09:00:00Z,-12.4,158.0,0,0,0,,,,0,False,no_candidate_within_1deg,False,,,,,,
101702,1999-01-18T12:00:00Z,-13.2,156.1,0,0,0,,,,0,False,no_candidate_within_1deg,False,,,,,,
101702,1999-01-18T15:00:00Z,-13.5,156.3,0,0,0,,,,0,False,no_candidate_within_1deg,False,,,,,,
101702,1999-01-18T18:00:00Z,-12.8,156.2,0,0,0,,,,0,False,no_candidate_within_1deg,False,,,,,,
101702,1999-01-18T21:00:00Z,-12.1,156.1,0,0,0,,,,0,False,no_candidate_within_1deg,False,,,,,,
101702,1999-01-19T00:00:00Z,-12.0,157.7,0,0,0,,,,0,False,no_candidate_within_1deg,False,,,,,,
101702,1999-01-19T03:00:00Z,-13.0,156.4,0,0,0,,,,0,False,no_candidate_within_1deg,False,,,,,,
101702,1999-01-19T06:00:00Z,-14.1,155.9,0,0,0,,,,0,False,no_candidate_within_1deg,False,,,,,,
101702,1999-01-19T09:00:00Z,-15.2,155.4,0,0,0,,,,0,False,no_candidate_within_1deg,False,,,,,,
101713,1999-02-15T12:00:00Z,-21.9,152.3,0,0,0,,,,0,False,no_candidate_within_1deg,False,,,,,,
101713,1999-02-15T15:00:00Z,-21.6,152.2,0,0,0,,,,0,False,no_candidate_within_1deg,False,,,,,,
101713,1999-02-15T18:00:00Z,-21.3,152.1,0,0,0,,,,0,False,no_candidate_within_1deg,False,,,,,,
101713,1999-02-15T21:00:00Z,-21.0,151.0,0,0,0,,,,0,False,no_candidate_within_1deg,False,,,,,,
101713,1999-02-16T00:00:00Z,-20.7,149.9,0,0,0,,,,0,False,no_candidate_within_1deg,False,,,,,,
101713,1999-02-16T03:00:00Z,-21.3,150.5,0,0,0,,,,0,False,no_candidate_within_1deg,False,,,,,,
101713,1999-02-16T06:00:00Z,-21.1,150.9,0,0,0,,,,0,False,no_candidate_within_1deg,False,,,,,,
101713,1999-02-16T09:00:00Z,-21.2,150.9,0,0,0,,,,0,False,no_candidate_within_1deg,False,,,,,,
101713,1999-02-16T12:00:00Z,-21.3,151.0,0,0,0,,,,0,False,no_candidate_within_1deg,False,,,,,,
101713,1999-02-16T15:00:00Z,-20.9,151.9,0,0,0,,,,0,False,no_candidate_within_1deg,False,,,,,,
101714,1999-02-23T15:00:00Z,-23.7,37.1,0,0,0,,,,0,False,no_candidate_within_1deg,False,,,,,,
101714,1999-02-23T18:00:00Z,-23.0,37.3,0,0,0,,,,0,False,no_candidate_within_1deg,False,,,,,,
101714,1999-02-23T21:00:00Z,-22.2,37.5,0,0,0,,,,0,False,no_candidate_within_1deg,False,,,,,,
101714,1999-02-24T00:00:00Z,-21.8,35.8,0,0,0,,,,0,False,no_candidate_within_1deg,False,,,,,,
101714,1999-02-24T03:00:00Z,-20.9,35.7,0,0,0,,,,0,False,no_candidate_within_1deg,False,,,,,,
101714,1999-02-24T06:00:00Z,-21.5,36.6,0,0,0,,,,0,False,no_candidate_within_1deg,False,,,,,,
101714,1999-02-24T09:00:00Z,-21.5,37.1,0,0,0,,,,0,False,no_candidate_within_1deg,False,,,,,,
101714,1999-02-24T12:00:00Z,-21.1,37.5,0,0,0,,,,0,False,no_candidate_within_1deg,False,,,,,,
101714,1999-02-24T15:00:00Z,-21.4,37.3,0,0,0,,,,0,False,no_candidate_within_1deg,False,,,,,,
101716,1999-02-28T03:00:00Z,-10.3,86.4,0,0,0,,,,0,False,no_candidate_within_1deg,False,,,,,,
101716,1999-02-28T06:00:00Z,-9.5,88.0,0,0,0,,,,0,False,no_candidate_within_1deg,False,,,,,,
101716,1999-02-28T09:00:00Z,-11.2,88.3,0,0,0,,,,0,False,no_candidate_within_1deg,False,,,,,,
101716,1999-02-28T12:00:00Z,-12.1,88.4,0,0,0,,,,0,False,no_candidate_within_1deg,False,,,,,,
101716,1999-02-28T15:00:00Z,-12.9,88.5,0,0,0,,,,0,False,no_candidate_within_1deg,False,,,,,,
101716,1999-02-28T18:00:00Z,-13.2,88.7,0,0,0,,,,0,False,no_candidate_within_1deg,False,,,,,,
101716,1999-02-28T21:00:00Z,-13.1,88.2,0,0,0,,,,0,False,no_candidate_within_1deg,False,,,,,,
101716,1999-03-01T00:00:00Z,-10.4,88.4,0,0,0,,,,0,False,no_candidate_within_1deg,False,,,,,,
101716,1999-03-01T03:00:00Z,-10.9,89.0,0,0,0,,,,0,False,no_candidate_within_1deg,False,,,,,,
101718,1999-03-10T03:00:00Z,-15.8,-150.1,0,0,0,,,,0,False,no_candidate_within_1deg,False,,,,,,
101718,1999-03-10T06:00:00Z,-15.9,-150.6,0,0,0,,,,0,False,no_candidate_within_1deg,False,,,,,,
101718,1999-03-10T09:00:00Z,-15.9,-151.1,0,0,0,,,,0,False,no_candidate_within_1deg,False,,,,,,
101718,1999-03-10T12:00:00Z,-15.9,-151.6,0,0,0,,,,0,False,no_candidate_within_1deg,False,,,,,,
101718,1999-03-10T15:00:00Z,-14.2,-153.1,0,0,0,,,,0,False,no_candidate_within_1deg,False,,,,,,
101718,1999-03-10T18:00:00Z,-16.3,-152.4,0,0,0,,,,0,False,no_candidate_within_1deg,False,,,,,,
101718,1999-03-10T21:00:00Z,-18.4,-151.6,0,0,0,,,,0,False,no_candidate_within_1deg,False,,,,,,
101718,1999-03-11T00:00:00Z,-21.6,-152.4,0,0,0,,,,0,False,no_candidate_within_1deg,False,,,,,,
101718,1999-03-11T03:00:00Z,-18.5,-154.5,0,0,0,,,,0,False,no_candidate_within_1deg,False,,,,,,
101734,1999-07-06T09:00:00Z,12.5,-96.4,0,0,0,,,,0,False,no_candidate_within_1deg,False,,,,,,
101734,1999-07-06T12:00:00Z,12.8,-96.4,0,0,0,,,,0,False,no_candidate_within_1deg,False,,,,,,
101734,1999-07-06T15:00:00Z,11.2,-97.6,0,0,0,,,,0,False,no_candidate_within_1deg,False,,,,,,
101734,1999-07-06T18:00:00Z,9.6,-98.8,0,0,0,,,,0,False,no_candidate_within_1deg,False,,,,,,
101734,1999-07-06T21:00:00Z,8.6,-97.6,0,0,0,,,,0,False,no_candidate_within_1deg,False,,,,,,
101734,1999-07-07T00:00:00Z,10.2,-98.9,0,0,0,,,,0,False,no_candidate_within_1deg,False,,,,,,
101734,1999-07-07T03:00:00Z,10.8,-98.0,0,0,0,,,,0,False,no_candidate_within_1deg,False,,,,,,
101734,1999-07-07T06:00:00Z,11.4,-97.1,0,0,0,,,,0,False,no_candidate_within_1deg,False,,,,,,
101734,1999-07-07T09:00:00Z,11.9,-96.1,0,0,0,,,,0,False,no_candidate_within_1deg,False,,,,,,
101743,1999-07-25T09:00:00Z,12.2,-119.2,2,2,0,15371.985522833205,77538.0,5596.0,0,False,no_candidate_within_1deg,False,,,,,,
101743,1999-07-25T12:00:00Z,12.8,-120.4,2,2,0,15168.87203968723,77588.0,5596.0,0,False,no_candidate_within_1deg,False,,,,,,
101743,1999-07-25T15:00:00Z,12.8,-121.5,2,2,0,15106.657080253595,77643.0,5596.0,0,False,no_candidate_within_1deg,False,,,,,,
101743,1999-07-25T18:00:00Z,12.8,-122.5,2,2,0,14998.456985151788,77702.0,5596.0,0,False,no_candidate_within_1deg,False,,,,,,
101743,1999-07-25T21:00:00Z,12.8,-123.6,2,2,0,14894.378972337037,77755.0,5596.0,0,False,no_candidate_within_1deg,False,,,,,,
101743,1999-07-26T00:00:00Z,12.5,-124.7,2,1,1,14839.993853588878,77807.0,5596.0,0,False,no_candidate_within_1deg,False,,,,,,
101743,1999-07-26T03:00:00Z,12.2,-125.7,2,2,0,14785.43897275163,77863.0,5596.0,0,False,no_candidate_within_1deg,False,,,,,,
101743,1999-07-26T06:00:00Z,11.6,-125.8,1,1,0,14839.410587120143,77907.0,5596.0,0,False,no_candidate_within_1deg,False,,,,,,
101743,1999-07-26T09:00:00Z,12.0,-125.3,1,0,1,,,,0,False,no_candidate_within_1deg,False,,,,,,
101746,1999-08-04T09:00:00Z,14.4,-115.9,3,3,0,15360.507328653286,81057.0,5613.0,0,False,no_candidate_within_1deg,False,,,,,,
101746,1999-08-04T12:00:00Z,14.2,-117.0,3,3,0,15277.008373411054,81101.0,5613.0,0,False,no_candidate_within_1deg,False,,,,,,
101746,1999-08-04T15:00:00Z,14.3,-117.3,3,3,0,15198.942351334017,81140.0,5613.0,0,False,no_candidate_within_1deg,False,,,,,,
101746,1999-08-04T18:00:00Z,13.9,-116.6,3,3,0,15380.563918768217,81181.0,5613.0,0,False,no_candidate_within_1deg,False,,,,,,
101746,1999-08-04T21:00:00Z,14.0,-117.3,3,3,0,15291.22996660036,81226.0,5613.0,0,False,no_candidate_within_1deg,False,,,,,,
101746,1999-08-05T00:00:00Z,14.0,-118.0,3,3,0,15186.660428849824,81264.0,5613.0,0,False,no_candidate_within_1deg,False,,,,,,
101746,1999-08-05T03:00:00Z,14.1,-118.7,3,3,0,15088.570221521908,81310.0,5613.0,0,False,no_candidate_within_1deg,False,,,,,,
101746,1999-08-05T06:00:00Z,14.1,-119.4,3,3,0,14996.50398193973,81365.0,5613.0,0,False,no_candidate_within_1deg,False,,,,,,
101746,1999-08-05T09:00:00Z,13.9,-119.9,3,3,0,14939.981416448089,81420.0,5613.0,0,False,no_candidate_within_1deg,False,,,,,,
101757,1999-08-20T15:00:00Z,16.4,-103.0,0,0,0,,,,0,False,no_candidate_within_1deg,False,,,,,,
101757,1999-08-20T18:00:00Z,16.0,-101.9,0,0,0,,,,0,False,no_candidate_within_1deg,False,,,,,,
101757,1999-08-20T21:00:00Z,16.8,-102.4,0,0,0,,,,0,False,no_candidate_within_1deg,False,,,,,,
101757,1999-08-21T00:00:00Z,17.8,-104.9,0,0,0,,,,0,False,no_candidate_within_1deg,False,,,,,,
101757,1999-08-21T03:00:00Z,18.2,-105.6,0,0,0,,,,0,False,no_candidate_within_1deg,False,,,,,,
101757,1999-08-21T06:00:00Z,18.5,-106.3,0,0,0,,,,0,False,no_candidate_within_1deg,False,,,,,,
101757,1999-08-21T09:00:00Z,18.9,-107.0,0,0,0,,,,0,False,no_candidate_within_1deg,False,,,,,,
101757,1999-08-21T12:00:00Z,19.2,-107.7,0,0,0,,,,0,False,no_candidate_within_1deg,False,,,,,,
101757,1999-08-21T15:00:00Z,18.2,-106.1,0,0,0,,,,0,False,no_candidate_within_1deg,False,,,,,,
101760,1999-08-22T12:00:00Z,18.5,-62.5,0,0,0,,,,0,False,no_candidate_within_1deg,False,,,,,,
101760,1999-08-22T15:00:00Z,18.6,-62.9,0,0,0,,,,0,False,no_candidate_within_1deg,False,,,,,,
101760,1999-08-22T18:00:00Z,20.3,-64.3,0,0,0,,,,0,False,no_candidate_within_1deg,False,,,,,,
101760,1999-08-22T21:00:00Z,16.5,-63.0,0,0,0,,,,0,False,no_candidate_within_1deg,False,,,,,,
101760,1999-08-23T00:00:00Z,18.6,-66.2,0,0,0,,,,0,False,no_candidate_within_1deg,False,,,,,,
101760,1999-08-23T03:00:00Z,19.5,-66.6,0,0,0,,,,0,False,no_candidate_within_1deg,False,,,,,,
101760,1999-08-23T06:00:00Z,20.5,-67.0,0,0,0,,,,0,False,no_candidate_within_1deg,False,,,,,,
101760,1999-08-23T09:00:00Z,21.4,-67.4,0,0,0,,,,0,False,no_candidate_within_1deg,False,,,,,,
101760,1999-08-23T12:00:00Z,21.2,-67.1,0,0,0,,,,0,False,no_candidate_within_1deg,False,,,,,,
101760,1999-08-23T15:00:00Z,20.9,-66.9,0,0,0,,,,0,False,no_candidate_within_1deg,False,,,,,,
101760,1999-08-23T18:00:00Z,20.7,-66.6,0,0,0,,,,0,False,no_candidate_within_1deg,False,,,,,,
101760,1999-08-23T21:00:00Z,22.9,-65.5,0,0,0,,,,0,False,no_candidate_within_1deg,False,,,,,,
101764,1999-09-06T06:00:00Z,13.1,-39.4,0,0,0,,,,0,False,no_candidate_within_1deg,False,,,,,,
101764,1999-09-06T09:00:00Z,15.3,-36.7,0,0,0,,,,0,False,no_candidate_within_1deg,False,,,,,,
101764,1999-09-06T12:00:00Z,14.9,-38.7,0,0,0,,,,0,False,no_candidate_within_1deg,False,,,,,,
101764,1999-09-06T15:00:00Z,14.6,-38.4,0,0,0,,,,0,False,no_candidate_within_1deg,False,,,,,,
101764,1999-09-06T18:00:00Z,14.3,-38.2,0,0,0,,,,0,False,no_candidate_within_1deg,False,,,,,,
101764,1999-09-06T21:00:00Z,14.6,-37.7,0,0,0,,,,0,False,no_candidate_within_1deg,False,,,,,,
101764,1999-09-07T00:00:00Z,14.6,-41.1,0,0,0,,,,0,False,no_candidate_within_1deg,False,,,,,,
101764,1999-09-07T03:00:00Z,15.0,-41.8,0,0,0,,,,0,False,no_candidate_within_1deg,False,,,,,,
101764,1999-09-07T06:00:00Z,15.3,-42.6,0,0,0,,,,0,False,no_candidate_within_1deg,False,,,,,,
101764,1999-09-07T09:00:00Z,15.7,-43.3,0,0,0,,,,0,False,no_candidate_within_1deg,False,,,,,,
101764,1999-09-07T12:00:00Z,16.0,-44.6,1,1,0,13761.208236780956,92085.0,5630.0,0,False,no_candidate_within_1deg,False,,,,,,
101764,1999-09-07T15:00:00Z,16.0,-44.7,1,1,0,13773.0103125038,92134.0,5630.0,0,False,no_candidate_within_1deg,False,,,,,,
101766,1999-09-09T21:00:00Z,12.5,146.8,2,2,0,6496.059482639172,92809.0,5630.0,0,False,no_candidate_within_1deg,False,,,,,,
101766,1999-09-10T00:00:00Z,12.0,145.3,2,1,1,6365.266732420733,92847.0,5630.0,0,False,no_candidate_within_1deg,False,,,,,,
101766,1999-09-10T03:00:00Z,12.0,144.7,1,1,0,6365.6122231677155,92879.0,5631.0,0,False,no_candidate_within_1deg,False,,,,,,
101766,1999-09-10T06:00:00Z,12.0,144.0,1,1,0,6255.8752984469,92914.0,5631.0,0,False,no_candidate_within_1deg,False,,,,,,
101766,1999-09-10T09:00:00Z,13.5,144.3,1,1,0,6201.132116785479,92943.0,5631.0,0,False,no_candidate_within_1deg,False,,,,,,
101766,1999-09-10T12:00:00Z,15.1,144.6,1,1,0,6233.618225508786,92978.0,5631.0,0,False,no_candidate_within_1deg,False,,,,,,
101766,1999-09-10T15:00:00Z,16.6,144.9,1,1,0,6131.230296128623,93013.0,5631.0,0,False,no_candidate_within_1deg,False,,,,,,
101766,1999-09-10T18:00:00Z,16.2,145.0,1,1,0,6144.8213391949885,93053.0,5631.0,0,False,no_candidate_within_1deg,False,,,,,,
101766,1999-09-10T21:00:00Z,15.0,143.3,1,1,0,5852.766629683025,93093.0,5631.0,0,False,no_candidate_within_1deg,False,,,,,,
101769,1999-09-15T09:00:00Z,17.5,-104.7,1,1,0,15452.193236260102,94250.0,5631.0,0,False,no_candidate_within_1deg,False,,,,,,
101769,1999-09-15T12:00:00Z,18.6,-104.6,1,1,0,15329.2606409423,94289.0,5631.0,0,False,no_candidate_within_1deg,False,,,,,,
101769,1999-09-15T15:00:00Z,15.5,-106.5,1,1,0,15645.341870960205,94329.0,5631.0,0,False,no_candidate_within_1deg,False,,,,,,
101769,1999-09-15T18:00:00Z,16.1,-107.6,1,1,0,15585.27914907851,94368.0,5631.0,0,False,no_candidate_within_1deg,False,,,,,,
101769,1999-09-15T21:00:00Z,16.7,-108.0,1,1,0,15533.148053145373,94414.0,5631.0,0,False,no_candidate_within_1deg,False,,,,,,
101769,1999-09-16T00:00:00Z,16.0,-107.6,1,1,0,15617.934924644507,94463.0,5631.0,0,False,no_candidate_within_1deg,False,,,,,,
101769,1999-09-16T03:00:00Z,15.3,-107.2,1,1,0,15690.459262337736,94518.0,5631.0,0,False,no_candidate_within_1deg,False,,,,,,
101769,1999-09-16T06:00:00Z,14.6,-106.8,1,1,0,15776.885442771107,94572.0,5631.0,0,False,no_candidate_within_1deg,False,,,,,,
101769,1999-09-16T09:00:00Z,13.1,-105.4,1,1,0,15990.708911313723,94611.0,5631.0,0,False,no_candidate_within_1deg,False,,,,,,
101784,1999-11-04T15:00:00Z,2.9,138.7,1,0,1,,,,0,False,no_candidate_within_1deg,False,,,,,,
101784,1999-11-04T18:00:00Z,6.2,138.9,1,0,1,,,,0,False,no_candidate_within_1deg,False,,,,,,
101784,1999-11-04T21:00:00Z,5.9,139.6,0,0,0,,,,0,False,no_candidate_within_1deg,False,,,,,,
101784,1999-11-05T00:00:00Z,5.6,140.3,0,0,0,,,,0,False,no_candidate_within_1deg,False,,,,,,
101784,1999-11-05T03:00:00Z,8.7,141.7,0,0,0,,,,0,False,no_candidate_within_1deg,False,,,,,,
101784,1999-11-05T06:00:00Z,9.2,140.9,0,0,0,,,,0,False,no_candidate_within_1deg,False,,,,,,
101784,1999-11-05T09:00:00Z,9.7,140.2,0,0,0,,,,0,False,no_candidate_within_1deg,False,,,,,,
101784,1999-11-05T12:00:00Z,10.2,139.4,0,0,0,,,,0,False,no_candidate_within_1deg,False,,,,,,
101784,1999-11-05T15:00:00Z,11.3,139.4,0,0,0,,,,0,False,no_candidate_within_1deg,False,,,,,,
101788,1999-12-06T09:00:00Z,8.1,111.0,0,0,0,,,,0,False,no_candidate_within_1deg,False,,,,,,
101788,1999-12-06T12:00:00Z,7.8,111.1,0,0,0,,,,0,False,no_candidate_within_1deg,False,,,,,,
101788,1999-12-06T15:00:00Z,7.5,111.2,0,0,0,,,,0,False,no_candidate_within_1deg,False,,,,,,
101788,1999-12-06T18:00:00Z,7.1,108.0,0,0,0,,,,0,False,no_candidate_within_1deg,False,,,,,,
101788,1999-12-06T21:00:00Z,7.3,109.2,0,0,0,,,,0,False,no_candidate_within_1deg,False,,,,,,
101788,1999-12-07T00:00:00Z,7.2,112.2,0,0,0,,,,0,False,no_candidate_within_1deg,False,,,,,,
101788,1999-12-07T03:00:00Z,7.1,113.6,0,0,0,,,,0,False,no_candidate_within_1deg,False,,,,,,
101788,1999-12-07T06:00:00Z,8.4,115.3,0,0,0,,,,0,False,no_candidate_within_1deg,False,,,,,,
101788,1999-12-07T09:00:00Z,8.9,115.2,0,0,0,,,,0,False,no_candidate_within_1deg,False,,,,,,
101794,2000-01-04T21:00:00Z,-13.7,163.1,0,0,0,,,,0,False,no_candidate_within_1deg,False,,,,,,
101794,2000-01-05T00:00:00Z,-14.4,162.9,0,0,0,,,,0,False,no_candidate_within_1deg,False,,,,,,
101794,2000-01-05T03:00:00Z,-13.9,162.8,0,0,0,,,,0,False,no_candidate_within_1deg,False,,,,,,
101794,2000-01-05T06:00:00Z,-13.5,162.7,0,0,0,,,,0,False,no_candidate_within_1deg,False,,,,,,
101794,2000-01-05T09:00:00Z,-13.0,162.6,0,0,0,,,,0,False,no_candidate_within_1deg,False,,,,,,
101794,2000-01-05T12:00:00Z,-13.4,163.8,0,0,0,,,,0,False,no_candidate_within_1deg,False,,,,,,
101794,2000-01-05T15:00:00Z,-14.0,163.9,0,0,0,,,,0,False,no_candidate_within_1deg,False,,,,,,
101794,2000-01-05T18:00:00Z,-14.6,164.0,0,0,0,,,,0,False,no_candidate_within_1deg,False,,,,,,
101794,2000-01-05T21:00:00Z,-14.9,164.5,0,0,0,,,,0,False,no_candidate_within_1deg,False,,,,,,
101796,2000-01-21T21:00:00Z,-12.1,174.0,0,0,0,,,,0,False,no_candidate_within_1deg,False,,,,,,
101796,2000-01-22T00:00:00Z,-9.2,173.6,0,0,0,,,,0,False,no_candidate_within_1deg,False,,,,,,
101796,2000-01-22T03:00:00Z,-12.4,174.1,0,0,0,,,,0,False,no_candidate_within_1deg,False,,,,,,
101796,2000-01-22T06:00:00Z,-12.7,174.2,0,0,0,,,,0,False,no_candidate_within_1deg,False,,,,,,
101796,2000-01-22T09:00:00Z,-12.9,174.4,0,0,0,,,,0,False,no_candidate_within_1deg,False,,,,,,
101796,2000-01-22T12:00:00Z,-13.2,174.5,0,0,0,,,,0,False,no_candidate_within_1deg,False,,,,,,
101796,2000-01-22T15:00:00Z,-13.2,173.9,0,0,0,,,,0,False,no_candidate_within_1deg,False,,,,,,
101796,2000-01-22T18:00:00Z,-12.7,173.4,0,0,0,,,,0,False,no_candidate_within_1deg,False,,,,,,
101796,2000-01-22T21:00:00Z,-12.2,172.9,0,0,0,,,,0,False,no_candidate_within_1deg,False,,,,,,
101799,2000-01-29T15:00:00Z,-8.9,77.3,0,0,0,,,,0,False,no_candidate_within_1deg,False,,,,,,
101799,2000-01-29T18:00:00Z,-8.5,77.6,0,0,0,,,,0,False,no_candidate_within_1deg,False,,,,,,
101799,2000-01-29T21:00:00Z,-10.9,74.8,0,0,0,,,,0,False,no_candidate_within_1deg,False,,,,,,
101799,2000-01-30T00:00:00Z,-9.7,71.0,0,0,0,,,,0,False,no_candidate_within_1deg,False,,,,,,
101799,2000-01-30T03:00:00Z,-10.1,72.4,0,0,0,,,,0,False,no_candidate_within_1deg,False,,,,,,
101799,2000-01-30T06:00:00Z,-10.2,70.7,0,0,0,,,,0,False,no_candidate_within_1deg,False,,,,,,
101799,2000-01-30T09:00:00Z,-9.9,71.0,0,0,0,,,,0,False,no_candidate_within_1deg,False,,,,,,
101799,2000-01-30T12:00:00Z,-9.7,71.7,0,0,0,,,,0,False,no_candidate_within_1deg,False,,,,,,
101799,2000-01-30T15:00:00Z,-10.2,71.9,0,0,0,,,,0,False,no_candidate_within_1deg,False,,,,,,
101802,2000-02-22T09:00:00Z,-22.7,-129.1,0,0,0,,,,0,False,no_candidate_within_1deg,False,,,,,,
101802,2000-02-22T12:00:00Z,-22.8,-129.2,0,0,0,,,,0,False,no_candidate_within_1deg,False,,,,,,
101802,2000-02-22T15:00:00Z,-23.1,-129.0,0,0,0,,,,0,False,no_candidate_within_1deg,False,,,,,,
101802,2000-02-22T18:00:00Z,-23.0,-129.1,0,0,0,,,,0,False,no_candidate_within_1deg,False,,,,,,
101802,2000-02-22T21:00:00Z,-23.2,-129.4,0,0,0,,,,0,False,no_candidate_within_1deg,False,,,,,,
101802,2000-02-23T00:00:00Z,-23.4,-129.7,0,0,0,,,,0,False,no_candidate_within_1deg,False,,,,,,
101802,2000-02-23T03:00:00Z,-23.8,-129.9,0,0,0,,,,0,False,no_candidate_within_1deg,False,,,,,,
101802,2000-02-23T06:00:00Z,-23.4,-129.3,0,0,0,,,,0,False,no_candidate_within_1deg,False,,,,,,
101802,2000-02-23T09:00:00Z,-23.3,-129.9,0,0,0,,,,0,False,no_candidate_within_1deg,False,,,,,,
101805,2000-02-28T03:00:00Z,-12.0,86.9,0,0,0,,,,0,False,no_candidate_within_1deg,False,,,,,,
101805,2000-02-28T06:00:00Z,-12.2,86.1,0,0,0,,,,0,False,no_candidate_within_1deg,False,,,,,,
101805,2000-02-28T09:00:00Z,-12.5,85.2,0,0,0,,,,0,False,no_candidate_within_1deg,False,,,,,,
101805,2000-02-28T12:00:00Z,-12.9,85.3,0,0,0,,,,0,False,no_candidate_within_1deg,False,,,,,,
101805,2000-02-28T15:00:00Z,-13.3,85.4,0,0,0,,,,0,False,no_candidate_within_1deg,False,,,,,,
101805,2000-02-28T18:00:00Z,-13.0,85.0,0,0,0,,,,0,False,no_candidate_within_1deg,False,,,,,,
101805,2000-02-28T21:00:00Z,-12.8,84.7,0,0,0,,,,0,False,no_candidate_within_1deg,False,,,,,,
101805,2000-02-29T00:00:00Z,-12.5,84.3,0,0,0,,,,0,False,no_candidate_within_1deg,False,,,,,,
101805,2000-02-29T03:00:00Z,-13.4,86.1,0,0,0,,,,0,False,no_candidate_within_1deg,False,,,,,,
101810,2000-03-21T15:00:00Z,-15.5,103.4,0,0,0,,,,0,False,no_candidate_within_1deg,False,,,,,,
101810,2000-03-21T18:00:00Z,-14.8,105.0,0,0,0,,,,0,False,no_candidate_within_1deg,False,,,,,,
101810,2000-03-21T21:00:00Z,-14.1,106.5,0,0,0,,,,0,False,no_candidate_within_1deg,False,,,,,,
101810,2000-03-22T00:00:00Z,-14.2,105.3,0,0,0,,,,0,False,no_candidate_within_1deg,False,,,,,,
101810,2000-03-22T03:00:00Z,-14.3,104.0,0,0,0,,,,0,False,no_candidate_within_1deg,False,,,,,,
101810,2000-03-22T06:00:00Z,-14.4,102.8,0,0,0,,,,0,False,no_candidate_within_1deg,False,,,,,,
101810,2000-03-22T09:00:00Z,-14.5,101.5,0,0,0,,,,0,False,no_candidate_within_1deg,False,,,,,,
101810,2000-03-22T12:00:00Z,-14.7,101.5,0,0,0,,,,0,False,no_candidate_within_1deg,False,,,,,,
101810,2000-03-22T15:00:00Z,-14.9,101.6,0,0,0,,,,0,False,no_candidate_within_1deg,False,,,,,,
101812,2000-03-29T21:00:00Z,-12.6,158.7,0,0,0,,,,0,False,no_candidate_within_1deg,False,,,,,,
101812,2000-03-30T00:00:00Z,-11.1,158.3,0,0,0,,,,0,False,no_candidate_within_1deg,False,,,,,,
101812,2000-03-30T03:00:00Z,-12.7,156.8,0,0,0,,,,0,False,no_candidate_within_1deg,False,,,,,,
101812,2000-03-30T06:00:00Z,-13.7,156.6,0,0,0,,,,0,False,no_candidate_within_1deg,False,,,,,,
101812,2000-03-30T09:00:00Z,-14.6,156.4,0,0,0,,,,0,False,no_candidate_within_1deg,False,,,,,,
101812,2000-03-30T12:00:00Z,-17.3,158.5,0,0,0,,,,0,False,no_candidate_within_1deg,False,,,,,,
101812,2000-03-30T15:00:00Z,-14.0,158.5,0,0,0,,,,0,False,no_candidate_within_1deg,False,,,,,,
101812,2000-03-30T18:00:00Z,-13.8,158.0,0,0,0,,,,0,False,no_candidate_within_1deg,False,,,,,,
101812,2000-03-30T21:00:00Z,-14.1,156.3,0,0,0,,,,0,False,no_candidate_within_1deg,False,,,,,,
101820,2000-05-19T21:00:00Z,12.4,-90.9,0,0,0,,,,0,False,no_candidate_within_1deg,False,,,,,,
101820,2000-05-20T00:00:00Z,12.6,-91.9,0,0,0,,,,0,False,no_candidate_within_1deg,False,,,,,,
101820,2000-05-20T03:00:00Z,12.7,-92.9,0,0,0,,,,0,False,no_candidate_within_1deg,False,,,,,,
101820,2000-05-20T06:00:00Z,12.8,-93.9,0,0,0,,,,0,False,no_candidate_within_1deg,False,,,,,,
101820,2000-05-20T09:00:00Z,12.0,-96.1,0,0,0,,,,0,False,no_candidate_within_1deg,False,,,,,,
101820,2000-05-20T12:00:00Z,11.1,-98.2,0,0,0,,,,0,False,no_candidate_within_1deg,False,,,,,,
101820,2000-05-20T15:00:00Z,12.5,-97.7,0,0,0,,,,0,False,no_candidate_within_1deg,False,,,,,,
101820,2000-05-20T18:00:00Z,13.9,-97.1,0,0,0,,,,0,False,no_candidate_within_1deg,False,,,,,,
101820,2000-05-20T21:00:00Z,13.7,-98.0,0,0,0,,,,0,False,no_candidate_within_1deg,False,,,,,,
101823,2000-06-10T21:00:00Z,14.1,-99.9,1,0,1,,,,0,False,no_candidate_within_1deg,False,,,,,,
101823,2000-06-11T00:00:00Z,13.2,-100.7,0,0,0,,,,0,False,no_candidate_within_1deg,False,,,,,,
101823,2000-06-11T03:00:00Z,12.4,-101.5,0,0,0,,,,0,False,no_candidate_within_1deg,False,,,,,,
101823,2000-06-11T06:00:00Z,11.5,-102.2,0,0,0,,,,0,False,no_candidate_within_1deg,False,,,,,,
101823,2000-06-11T09:00:00Z,10.6,-103.0,0,0,0,,,,0,False,no_candidate_within_1deg,False,,,,,,
101823,2000-06-11T12:00:00Z,11.0,-104.0,0,0,0,,,,0,False,no_candidate_within_1deg,False,,,,,,
101823,2000-06-11T15:00:00Z,11.3,-105.0,0,0,0,,,,0,False,no_candidate_within_1deg,False,,,,,,
101823,2000-06-11T18:00:00Z,10.9,-104.2,0,0,0,,,,0,False,no_candidate_within_1deg,False,,,,,,
101823,2000-06-11T21:00:00Z,10.4,-103.4,0,0,0,,,,0,False,no_candidate_within_1deg,False,,,,,,
101825,2000-06-21T21:00:00Z,10.5,-15.6,1,1,0,10340.74834061939,64867.0,5665.0,0,False,no_candidate_within_1deg,False,,,,,,
101825,2000-06-22T00:00:00Z,8.2,-15.4,1,1,0,10465.727814565676,64935.0,5665.0,0,False,no_candidate_within_1deg,False,,,,,,
101825,2000-06-22T03:00:00Z,6.4,-13.7,1,1,0,10415.964563312109,65004.0,5665.0,0,False,no_candidate_within_1deg,False,,,,,,
101825,2000-06-22T06:00:00Z,7.3,-16.1,1,1,0,10651.22964707742,65071.0,5665.0,0,False,no_candidate_within_1deg,False,,,,,,
101825,2000-06-22T09:00:00Z,6.7,-15.2,1,1,0,10622.660240457764,65126.0,5665.0,0,False,no_candidate_within_1deg,False,,,,,,
101825,2000-06-22T12:00:00Z,6.7,-17.0,1,1,0,10866.93580296858,65180.0,5665.0,0,False,no_candidate_within_1deg,False,,,,,,
101825,2000-06-22T15:00:00Z,8.6,-18.6,1,1,0,10968.851347575057,65229.0,5665.0,0,False,no_candidate_within_1deg,False,,,,,,
101825,2000-06-22T18:00:00Z,8.7,-19.1,1,1,0,11056.663300149168,65277.0,5665.0,0,False,no_candidate_within_1deg,False,,,,,,
101825,2000-06-22T21:00:00Z,8.2,-19.0,1,0,1,,,,0,False,no_candidate_within_1deg,False,,,,,,
101831,2000-07-15T21:00:00Z,21.1,149.0,3,2,1,6113.82915754822,74084.0,5675.0,0,False,no_candidate_within_1deg,False,,,,,,
101831,2000-07-16T00:00:00Z,23.2,146.3,3,2,1,5802.733671137737,74136.0,5675.0,0,False,no_candidate_within_1deg,False,,,,,,
101831,2000-07-16T03:00:00Z,23.3,144.5,3,2,1,5666.65015800269,74189.0,5675.0,0,False,no_candidate_within_1deg,False,,,,,,
101831,2000-07-16T06:00:00Z,23.3,146.0,3,2,1,5829.199220695757,74249.0,5675.0,0,False,no_candidate_within_1deg,False,,,,,,
101831,2000-07-16T09:00:00Z,23.2,147.4,3,2,1,6044.22540928648,74304.0,5675.0,0,False,no_candidate_within_1deg,False,,,,,,
101831,2000-07-16T12:00:00Z,22.3,146.9,3,2,1,6003.2768506298935,74351.0,5675.0,0,False,no_candidate_within_1deg,False,,,,,,
101831,2000-07-16T15:00:00Z,21.3,146.5,3,2,1,5977.623420130784,74401.0,5675.0,0,False,no_candidate_within_1deg,False,,,,,,
101831,2000-07-16T18:00:00Z,21.4,145.6,3,2,1,5889.595667095388,74442.0,5675.0,0,False,no_candidate_within_1deg,False,,,,,,
101831,2000-07-16T21:00:00Z,21.5,144.6,3,2,1,5792.82735180147,74493.0,5675.0,0,False,no_candidate_within_1deg,False,,,,,,
101838,2000-07-30T06:00:00Z,23.0,161.1,0,0,0,,,,0,False,no_candidate_within_1deg,False,,,,,,
101838,2000-07-30T09:00:00Z,22.6,160.5,0,0,0,,,,0,False,no_candidate_within_1deg,False,,,,,,
101838,2000-07-30T12:00:00Z,22.1,159.9,0,0,0,,,,0,False,no_candidate_within_1deg,False,,,,,,
101838,2000-07-30T15:00:00Z,22.0,158.5,0,0,0,,,,0,False,no_candidate_within_1deg,False,,,,,,
101838,2000-07-30T18:00:00Z,22.1,158.2,0,0,0,,,,0,False,no_candidate_within_1deg,False,,,,,,
101838,2000-07-30T21:00:00Z,22.2,157.4,0,0,0,,,,0,False,no_candidate_within_1deg,False,,,,,,
101838,2000-07-31T00:00:00Z,22.3,157.3,0,0,0,,,,0,False,no_candidate_within_1deg,False,,,,,,
101838,2000-07-31T03:00:00Z,22.6,157.1,0,0,0,,,,0,False,no_candidate_within_1deg,False,,,,,,
101838,2000-07-31T06:00:00Z,22.0,157.5,0,0,0,,,,0,False,no_candidate_within_1deg,False,,,,,,
101838,2000-07-31T09:00:00Z,22.0,156.9,0,0,0,,,,0,False,no_candidate_within_1deg,False,,,,,,
101841,2000-08-02T15:00:00Z,6.2,-11.9,0,0,0,,,,0,False,no_candidate_within_1deg,False,,,,,,
101841,2000-08-02T18:00:00Z,6.9,-14.6,0,0,0,,,,0,False,no_candidate_within_1deg,False,,,,,,
101841,2000-08-02T21:00:00Z,7.4,-16.8,0,0,0,,,,0,False,no_candidate_within_1deg,False,,,,,,
101841,2000-08-03T00:00:00Z,7.6,-17.9,0,0,0,,,,0,False,no_candidate_within_1deg,False,,,,,,
101841,2000-08-03T03:00:00Z,9.0,-17.6,0,0,0,,,,0,False,no_candidate_within_1deg,False,,,,,,
101841,2000-08-03T06:00:00Z,8.7,-17.3,0,0,0,,,,0,False,no_candidate_within_1deg,False,,,,,,
101841,2000-08-03T09:00:00Z,9.4,-17.5,0,0,0,,,,0,False,no_candidate_within_1deg,False,,,,,,
101841,2000-08-03T12:00:00Z,9.8,-18.5,0,0,0,,,,0,False,no_candidate_within_1deg,False,,,,,,
101841,2000-08-03T15:00:00Z,10.2,-19.5,0,0,0,,,,0,False,no_candidate_within_1deg,False,,,,,,
101850,2000-08-16T03:00:00Z,6.6,145.8,1,1,0,6557.309601472902,84206.0,5690.0,0,False,no_candidate_within_1deg,False,,,,,,
101850,2000-08-16T06:00:00Z,7.6,144.2,1,1,0,6302.565576637604,84244.0,5690.0,0,False,no_candidate_within_1deg,False,,,,,,
101850,2000-08-16T09:00:00Z,7.4,144.1,1,1,0,6245.44251004439,84278.0,5690.0,0,False,no_candidate_within_1deg,False,,,,,,
101850,2000-08-16T12:00:00Z,7.3,144.0,0,0,0,,,,0,False,no_candidate_within_1deg,False,,,,,,
101850,2000-08-16T15:00:00Z,7.1,143.9,0,0,0,,,,0,False,no_candidate_within_1deg,False,,,,,,
101850,2000-08-16T18:00:00Z,6.9,143.8,0,0,0,,,,0,False,no_candidate_within_1deg,False,,,,,,
101850,2000-08-16T21:00:00Z,7.1,143.7,0,0,0,,,,0,False,no_candidate_within_1deg,False,,,,,,
101850,2000-08-17T00:00:00Z,7.2,143.4,0,0,0,,,,0,False,no_candidate_within_1deg,False,,,,,,
101850,2000-08-17T03:00:00Z,7.3,143.0,0,0,0,,,,0,False,no_candidate_within_1deg,False,,,,,,
101853,2000-08-17T09:00:00Z,5.7,107.7,0,0,0,,,,0,False,no_candidate_within_1deg,False,,,,,,
101853,2000-08-17T12:00:00Z,5.4,108.9,0,0,0,,,,0,False,no_candidate_within_1deg,False,,,,,,
101853,2000-08-17T15:00:00Z,5.1,110.2,0,0,0,,,,0,False,no_candidate_within_1deg,False,,,,,,
101853,2000-08-17T18:00:00Z,8.0,109.9,0,0,0,,,,0,False,no_candidate_within_1deg,False,,,,,,
101853,2000-08-17T21:00:00Z,6.5,111.1,0,0,0,,,,0,False,no_candidate_within_1deg,False,,,,,,
101853,2000-08-18T00:00:00Z,7.1,111.7,0,0,0,,,,0,False,no_candidate_within_1deg,False,,,,,,
101853,2000-08-18T03:00:00Z,7.7,112.3,0,0,0,,,,0,False,no_candidate_within_1deg,False,,,,,,
101853,2000-08-18T06:00:00Z,8.3,113.0,0,0,0,,,,0,False,no_candidate_within_1deg,False,,,,,,
101853,2000-08-18T09:00:00Z,8.9,113.6,0,0,0,,,,0,False,no_candidate_within_1deg,False,,,,,,
101854,2000-08-18T06:00:00Z,10.1,-36.4,0,0,0,,,,0,False,no_candidate_within_1deg,False,,,,,,
101854,2000-08-18T09:00:00Z,7.3,-39.1,0,0,0,,,,0,False,no_candidate_within_1deg,False,,,,,,
101854,2000-08-18T12:00:00Z,7.3,-40.1,0,0,0,,,,0,False,no_candidate_within_1deg,False,,,,,,
101854,2000-08-18T15:00:00Z,7.3,-41.0,0,0,0,,,,0,False,no_candidate_within_1deg,False,,,,,,
101854,2000-08-18T18:00:00Z,7.3,-42.0,0,0,0,,,,0,False,no_candidate_within_1deg,False,,,,,,
101854,2000-08-18T21:00:00Z,7.3,-43.1,0,0,0,,,,0,False,no_candidate_within_1deg,False,,,,,,
101854,2000-08-19T00:00:00Z,9.2,-43.0,0,0,0,,,,0,False,no_candidate_within_1deg,False,,,,,,
101854,2000-08-19T03:00:00Z,11.1,-42.9,0,0,0,,,,0,False,no_candidate_within_1deg,False,,,,,,
101854,2000-08-19T06:00:00Z,11.2,-42.9,1,0,1,,,,0,False,no_candidate_within_1deg,False,,,,,,
101854,2000-08-19T09:00:00Z,14.7,-41.3,1,0,1,,,,0,False,no_candidate_within_1deg,False,,,,,,
101854,2000-08-19T12:00:00Z,12.0,-43.1,1,1,0,13464.41781083707,85421.0,5697.0,0,False,no_candidate_within_1deg,False,,,,,,
101854,2000-08-19T15:00:00Z,11.9,-42.8,1,1,0,13442.383820851144,85461.0,5697.0,0,False,no_candidate_within_1deg,False,,,,,,
101866,2000-09-12T18:00:00Z,14.2,136.8,1,0,1,,,,0,False,no_candidate_within_1deg,False,,,,,,
101866,2000-09-12T21:00:00Z,15.7,135.3,1,0,1,,,,0,False,no_candidate_within_1deg,False,,,,,,
101866,2000-09-13T00:00:00Z,18.1,135.9,1,0,1,,,,0,False,no_candidate_within_1deg,False,,,,,,
101866,2000-09-13T03:00:00Z,20.4,136.5,1,0,1,,,,0,False,no_candidate_within_1deg,False,,,,,,
101866,2000-09-13T06:00:00Z,19.5,135.4,1,1,0,4876.205824573791,93585.0,5712.0,0,False,no_candidate_within_1deg,False,,,,,,
101866,2000-09-13T09:00:00Z,18.7,134.3,1,1,0,4806.303165813542,93601.0,5712.0,0,False,no_candidate_within_1deg,False,,,,,,
101866,2000-09-13T12:00:00Z,17.8,133.2,1,0,1,,,,0,False,no_candidate_within_1deg,False,,,,,,
101866,2000-09-13T15:00:00Z,19.2,134.6,2,1,1,4952.100451192635,93627.0,5714.0,0,False,no_candidate_within_1deg,False,,,,,,
101866,2000-09-13T18:00:00Z,20.5,136.1,2,1,1,5107.332437810248,93645.0,5714.0,0,False,no_candidate_within_1deg,False,,,,,,
101866,2000-09-13T21:00:00Z,20.4,136.6,2,1,1,5199.192238683088,93669.0,5714.0,0,False,no_candidate_within_1deg,False,,,,,,
101871,2000-09-18T09:00:00Z,14.6,-101.7,1,1,0,15563.199941884177,94982.0,5714.0,0,False,no_candidate_within_1deg,False,,,,,,
101871,2000-09-18T12:00:00Z,15.3,-103.4,1,1,0,15480.256780803245,95025.0,5714.0,0,False,no_candidate_within_1deg,False,,,,,,
101871,2000-09-18T15:00:00Z,15.9,-105.2,1,1,0,15367.09663466052,95073.0,5714.0,0,False,no_candidate_within_1deg,False,,,,,,
101871,2000-09-18T18:00:00Z,16.7,-102.9,1,1,0,15330.132873166473,95123.0,5714.0,0,False,no_candidate_within_1deg,False,,,,,,
101871,2000-09-18T21:00:00Z,16.1,-103.5,1,1,0,15392.447833027594,95167.0,5714.0,0,False,no_candidate_within_1deg,False,,,,,,
101871,2000-09-19T00:00:00Z,17.6,-105.2,1,1,0,15211.613974407092,95208.0,5714.0,0,False,no_candidate_within_1deg,False,,,,,,
101871,2000-09-19T03:00:00Z,19.0,-106.9,1,1,0,15005.485848601671,95247.0,5714.0,0,False,no_candidate_within_1deg,False,,,,,,
101871,2000-09-19T06:00:00Z,16.4,-103.8,1,1,0,15274.381682675481,95284.0,5714.0,0,False,no_candidate_within_1deg,False,,,,,,
101871,2000-09-19T09:00:00Z,16.3,-104.1,1,1,0,15329.788887133624,95317.0,5714.0,0,False,no_candidate_within_1deg,False,,,,,,
101871,2000-09-19T12:00:00Z,16.3,-104.1,1,1,0,15349.323186767486,95352.0,5714.0,0,False,no_candidate_within_1deg,False,,,,,,
101871,2000-09-19T15:00:00Z,16.3,-104.5,1,1,0,15356.47205758395,95391.0,5714.0,0,False,no_candidate_within_1deg,False,,,,,,
101871,2000-09-19T18:00:00Z,16.6,-104.3,1,1,0,15294.743021891012,95430.0,5714.0,0,False,no_candidate_within_1deg,False,,,,,,
101871,2000-09-19T21:00:00Z,17.8,-106.9,1,1,0,15086.878656928075,95469.0,5714.0,0,False,no_candidate_within_1deg,False,,,,,,
101872,2000-09-20T00:00:00Z,7.8,-15.6,1,1,0,10795.16137708197,95514.0,5714.0,0,False,no_candidate_within_1deg,False,,,,,,
101872,2000-09-20T03:00:00Z,7.8,-15.9,1,1,0,10785.388047454595,95564.0,5714.0,0,False,no_candidate_within_1deg,False,,,,,,
101872,2000-09-20T06:00:00Z,7.6,-16.9,1,1,0,10865.05322432797,95609.0,5714.0,0,False,no_candidate_within_1deg,False,,,,,,
101872,2000-09-20T09:00:00Z,7.3,-17.8,1,1,0,10940.74206234846,95651.0,5714.0,0,False,no_candidate_within_1deg,False,,,,,,
101872,2000-09-20T12:00:00Z,9.9,-17.8,1,1,0,10795.505198537194,95691.0,5714.0,0,False,no_candidate_within_1deg,False,,,,,,
101872,2000-09-20T15:00:00Z,10.8,-19.8,1,1,0,10924.952026241439,95730.0,5714.0,0,False,no_candidate_within_1deg,False,,,,,,
101872,2000-09-20T18:00:00Z,11.6,-21.8,1,1,0,11069.075405490157,95770.0,5714.0,0,False,no_candidate_within_1deg,False,,,,,,
101872,2000-09-20T21:00:00Z,11.2,-21.7,1,1,0,11076.30464833116,95811.0,5714.0,0,False,no_candidate_within_1deg,False,,,,,,
101872,2000-09-21T00:00:00Z,10.7,-21.5,1,1,0,11067.67510331476,95855.0,5714.0,0,False,no_candidate_within_1deg,False,,,,,,
101872,2000-09-21T03:00:00Z,10.3,-21.4,1,1,0,11059.465463249782,95902.0,5714.0,0,False,no_candidate_within_1deg,False,,,,,,
101872,2000-09-21T06:00:00Z,11.4,-22.1,1,1,0,11040.812973584241,95945.0,5714.0,0,False,no_candidate_within_1deg,False,,,,,,
101872,2000-09-21T09:00:00Z,11.6,-23.4,1,1,0,11138.797255463895,95988.0,5714.0,0,False,no_candidate_within_1deg,False,,,,,,
101873,2000-09-24T00:00:00Z,10.6,-23.7,0,0,0,,,,0,False,no_candidate_within_1deg,False,,,,,,
101873,2000-09-24T03:00:00Z,10.8,-23.1,0,0,0,,,,0,False,no_candidate_within_1deg,False,,,,,,
101873,2000-09-24T06:00:00Z,11.6,-24.2,0,0,0,,,,0,False,no_candidate_within_1deg,False,,,,,,
101873,2000-09-24T09:00:00Z,12.2,-24.6,0,0,0,,,,0,False,no_candidate_within_1deg,False,,,,,,
101873,2000-09-24T12:00:00Z,12.5,-24.3,0,0,0,,,,0,False,no_candidate_within_1deg,False,,,,,,
101873,2000-09-24T15:00:00Z,11.5,-25.1,0,0,0,,,,0,False,no_candidate_within_1deg,False,,,,,,
101873,2000-09-24T18:00:00Z,10.4,-25.8,0,0,0,,,,0,False,no_candidate_within_1deg,False,,,,,,
101873,2000-09-24T21:00:00Z,10.6,-26.4,0,0,0,,,,0,False,no_candidate_within_1deg,False,,,,,,
101873,2000-09-25T00:00:00Z,11.3,-26.5,0,0,0,,,,0,False,no_candidate_within_1deg,False,,,,,,
101873,2000-09-25T03:00:00Z,11.3,-27.3,0,0,0,,,,0,False,no_candidate_within_1deg,False,,,,,,
101873,2000-09-25T06:00:00Z,11.6,-28.1,0,0,0,,,,0,False,no_candidate_within_1deg,False,,,,,,
101873,2000-09-25T09:00:00Z,12.0,-28.7,0,0,0,,,,0,False,no_candidate_within_1deg,False,,,,,,
101876,2000-10-01T00:00:00Z,11.7,-97.3,1,1,0,16402.3605523683,98810.0,5721.0,0,False,no_candidate_within_1deg,False,,,,,,
101876,2000-10-01T03:00:00Z,12.8,-98.6,1,1,0,16216.225591715789,98851.0,5721.0,0,False,no_candidate_within_1deg,False,,,,,,
101876,2000-10-01T06:00:00Z,13.9,-99.9,1,1,0,16005.960456154375,98901.0,5721.0,0,False,no_candidate_within_1deg,False,,,,,,
101876,2000-10-01T09:00:00Z,15.0,-101.2,1,1,0,15805.581819923194,98947.0,5721.0,0,False,no_candidate_within_1deg,False,,,,,,
101876,2000-10-01T12:00:00Z,15.6,-102.2,1,1,0,15659.463977370418,98986.0,5721.0,0,False,no_candidate_within_1deg,False,,,,,,
101876,2000-10-01T15:00:00Z,15.1,-102.4,1,1,0,15673.868828748036,99023.0,5721.0,0,False,no_candidate_within_1deg,False,,,,,,
101876,2000-10-01T18:00:00Z,15.1,-102.9,1,1,0,15620.390521933208,99066.0,5721.0,0,False,no_candidate_within_1deg,False,,,,,,
101876,2000-10-01T21:00:00Z,15.1,-103.1,1,1,0,15598.790684279596,99116.0,5721.0,0,False,no_candidate_within_1deg,False,,,,,,
101876,2000-10-02T00:00:00Z,15.1,-103.3,1,1,0,15553.497855913549,99164.0,5721.0,0,False,no_candidate_within_1deg,False,,,,,,
101876,2000-10-02T03:00:00Z,15.1,-103.4,1,1,0,15499.701680660839,99219.0,5721.0,0,False,no_candidate_within_1deg,False,,,,,,
101876,2000-10-02T06:00:00Z,15.1,-103.6,1,1,0,15414.67716865598,99277.0,5721.0,0,False,no_candidate_within_1deg,False,,,,,,
101876,2000-10-02T09:00:00Z,15.0,-104.1,1,1,0,15351.35991267769,99331.0,5721.0,0,False,no_candidate_within_1deg,False,,,,,,
101877,2000-10-03T09:00:00Z,24.6,-79.4,1,1,0,14354.536491566463,99723.0,5721.0,0,False,no_candidate_within_1deg,False,,,,,,
101877,2000-10-03T12:00:00Z,24.8,-79.8,0,0,0,,,,0,False,no_candidate_within_1deg,False,,,,,,
101877,2000-10-03T15:00:00Z,24.8,-81.7,0,0,0,,,,0,False,no_candidate_within_1deg,False,,,,,,
101877,2000-10-03T18:00:00Z,25.0,-81.4,0,0,0,,,,0,False,no_candidate_within_1deg,False,,,,,,
101877,2000-10-03T21:00:00Z,25.2,-80.5,0,0,0,,,,0,False,no_candidate_within_1deg,False,,,,,,
101877,2000-10-04T00:00:00Z,25.8,-79.8,0,0,0,,,,0,False,no_candidate_within_1deg,False,,,,,,
101877,2000-10-04T03:00:00Z,26.9,-78.9,0,0,0,,,,0,False,no_candidate_within_1deg,False,,,,,,
101877,2000-10-04T06:00:00Z,26.0,-79.0,0,0,0,,,,0,False,no_candidate_within_1deg,False,,,,,,
101877,2000-10-04T09:00:00Z,26.4,-78.7,0,0,0,,,,0,False,no_candidate_within_1deg,False,,,,,,
101881,2000-10-18T09:00:00Z,21.4,-55.9,1,1,0,13969.20704317285,104334.0,5723.0,0,False,no_candidate_within_1deg,False,,,,,,
101881,2000-10-18T12:00:00Z,22.1,-59.1,1,1,0,14158.658562838003,104377.0,5723.0,0,False,no_candidate_within_1deg,False,,,,,,
101881,2000-10-18T15:00:00Z,23.2,-58.6,1,1,0,14033.72525810402,104424.0,5723.0,0,False,no_candidate_within_1deg,False,,,,,,
101881,2000-10-18T18:00:00Z,23.8,-59.3,1,1,0,14036.366049526514,104480.0,5723.0,0,False,no_candidate_within_1deg,False,,,,,,
101881,2000-10-18T21:00:00Z,24.3,-60.1,1,1,0,14050.190476796388,104532.0,5723.0,0,False,no_candidate_within_1deg,False,,,,,,
101881,2000-10-19T00:00:00Z,23.9,-59.9,1,1,0,14041.876483985714,104573.0,5723.0,0,False,no_candidate_within_1deg,False,,,,,,
101881,2000-10-19T03:00:00Z,24.1,-59.5,1,1,0,13967.473395966617,104616.0,5723.0,0,False,no_candidate_within_1deg,False,,,,,,
101881,2000-10-19T06:00:00Z,24.6,-58.1,1,0,1,,,,0,False,no_candidate_within_1deg,False,,,,,,
101881,2000-10-19T09:00:00Z,25.7,-59.6,1,1,0,13854.223816726346,104689.0,5723.0,0,False,no_candidate_within_1deg,False,,,,,,
101882,2000-10-19T21:00:00Z,19.8,153.1,1,1,0,7762.251839127386,104873.0,5723.0,0,False,no_candidate_within_1deg,False,,,,,,
101882,2000-10-20T00:00:00Z,19.5,153.1,1,1,0,7792.11835932717,104923.0,5723.0,0,False,no_candidate_within_1deg,False,,,,,,
101882,2000-10-20T03:00:00Z,19.6,152.0,1,1,0,7693.952453682446,104966.0,5723.0,0,False,no_candidate_within_1deg,False,,,,,,
101882,2000-10-20T06:00:00Z,19.8,151.0,1,1,0,7610.953991093857,105006.0,5723.0,0,False,no_candidate_within_1deg,False,,,,,,
101882,2000-10-20T09:00:00Z,19.9,149.9,1,1,0,7510.226925949883,105045.0,5723.0,0,False,no_candidate_within_1deg,False,,,,,,
101882,2000-10-20T12:00:00Z,20.0,148.8,1,0,1,,,,0,False,no_candidate_within_1deg,False,,,,,,
101882,2000-10-20T15:00:00Z,20.1,148.3,1,0,1,,,,0,False,no_candidate_within_1deg,False,,,,,,
101882,2000-10-20T18:00:00Z,20.2,147.9,0,0,0,,,,0,False,no_candidate_within_1deg,False,,,,,,
101882,2000-10-20T21:00:00Z,20.7,147.2,0,0,0,,,,0,False,no_candidate_within_1deg,False,,,,,,
101884,2000-10-24T03:00:00Z,11.0,-103.4,0,0,0,,,,0,False,no_candidate_within_1deg,False,,,,,,
101884,2000-10-24T06:00:00Z,12.7,-102.8,0,0,0,,,,0,False,no_candidate_within_1deg,False,,,,,,
101884,2000-10-24T09:00:00Z,14.1,-102.1,0,0,0,,,,0,False,no_candidate_within_1deg,False,,,,,,
101884,2000-10-24T12:00:00Z,10.4,-102.4,0,0,0,,,,0,False,no_candidate_within_1deg,False,,,,,,
101884,2000-10-24T15:00:00Z,10.2,-103.1,0,0,0,,,,0,False,no_candidate_within_1deg,False,,,,,,
101884,2000-10-24T18:00:00Z,10.8,-106.6,0,0,0,,,,0,False,no_candidate_within_1deg,False,,,,,,
101884,2000-10-24T21:00:00Z,9.8,-106.4,1,1,0,16787.623194153606,106495.0,5726.0,0,False,no_candidate_within_1deg,False,,,,,,
101884,2000-10-25T00:00:00Z,8.7,-106.3,1,1,0,16889.794043613823,106537.0,5726.0,0,False,no_candidate_within_1deg,False,,,,,,
101884,2000-10-25T03:00:00Z,8.9,-106.8,1,1,0,16838.101721053423,106579.0,5726.0,0,False,no_candidate_within_1deg,False,,,,,,
101895,2000-12-27T15:00:00Z,8.5,127.4,1,0,1,,,,0,False,no_candidate_within_1deg,False,,,,,,
101895,2000-12-27T18:00:00Z,7.9,127.1,1,0,1,,,,0,False,no_candidate_within_1deg,False,,,,,,
101895,2000-12-27T21:00:00Z,7.9,127.9,1,1,0,5827.365915686458,124759.0,5732.0,0,False,no_candidate_within_1deg,False,,,,,,
101895,2000-12-28T00:00:00Z,7.9,128.7,1,1,0,6018.0064336016485,124789.0,5732.0,0,False,no_candidate_within_1deg,False,,,,,,
101895,2000-12-28T03:00:00Z,7.9,129.5,1,1,0,6138.806257743259,124815.0,5732.0,0,False,no_candidate_within_1deg,False,,,,,,
101895,2000-12-28T06:00:00Z,7.8,129.2,0,0,0,,,,0,False,no_candidate_within_1deg,False,,,,,,
101895,2000-12-28T09:00:00Z,7.6,128.9,0,0,0,,,,0,False,no_candidate_within_1deg,False,,,,,,
101895,2000-12-28T12:00:00Z,7.5,128.6,0,0,0,,,,0,False,no_candidate_within_1deg,False,,,,,,
101895,2000-12-28T15:00:00Z,8.6,128.0,0,0,0,,,,0,False,no_candidate_within_1deg,False,,,,,,
101898,2001-01-16T09:00:00Z,-13.6,87.8,0,0,0,,,,0,False,no_candidate_within_1deg,False,,,,,,
101898,2001-01-16T12:00:00Z,-13.8,87.0,0,0,0,,,,0,False,no_candidate_within_1deg,False,,,,,,
101898,2001-01-16T15:00:00Z,-10.8,86.1,0,0,0,,,,0,False,no_candidate_within_1deg,False,,,,,,
101898,2001-01-16T18:00:00Z,-11.4,86.1,0,0,0,,,,0,False,no_candidate_within_1deg,False,,,,,,
101898,2001-01-16T21:00:00Z,-12.0,86.1,0,0,0,,,,0,False,no_candidate_within_1deg,False,,,,,,
101898,2001-01-17T00:00:00Z,-12.6,86.1,0,0,0,,,,0,False,no_candidate_within_1deg,False,,,,,,
101898,2001-01-17T03:00:00Z,-12.6,85.6,0,0,0,,,,0,False,no_candidate_within_1deg,False,,,,,,
101898,2001-01-17T06:00:00Z,-12.5,85.2,0,0,0,,,,0,False,no_candidate_within_1deg,False,,,,,,
101898,2001-01-17T09:00:00Z,-13.7,84.9,0,0,0,,,,0,False,no_candidate_within_1deg,False,,,,,,
101903,2001-02-14T21:00:00Z,-15.5,158.7,0,0,0,,,,0,False,no_candidate_within_1deg,False,,,,,,
101903,2001-02-15T00:00:00Z,-14.5,156.4,0,0,0,,,,0,False,no_candidate_within_1deg,False,,,,,,
101903,2001-02-15T03:00:00Z,-15.8,156.9,0,0,0,,,,0,False,no_candidate_within_1deg,False,,,,,,
101903,2001-02-15T06:00:00Z,-16.1,157.0,0,0,0,,,,0,False,no_candidate_within_1deg,False,,,,,,
101903,2001-02-15T09:00:00Z,-16.3,157.1,0,0,0,,,,0,False,no_candidate_within_1deg,False,,,,,,
101903,2001-02-15T12:00:00Z,-15.9,157.9,0,0,0,,,,0,False,no_candidate_within_1deg,False,,,,,,
101903,2001-02-15T15:00:00Z,-15.6,158.8,0,0,0,,,,0,False,no_candidate_within_1deg,False,,,,,,
101903,2001-02-15T18:00:00Z,-15.2,159.6,0,0,0,,,,0,False,no_candidate_within_1deg,False,,,,,,
101903,2001-02-15T21:00:00Z,-14.8,160.4,0,0,0,,,,0,False,no_candidate_within_1deg,False,,,,,,
101907,2001-02-27T15:00:00Z,-19.0,-137.4,0,0,0,,,,0,False,no_candidate_within_1deg,False,,,,,,
101907,2001-02-27T18:00:00Z,-16.2,-135.8,0,0,0,,,,0,False,no_candidate_within_1deg,False,,,,,,
101907,2001-02-27T21:00:00Z,-16.9,-135.6,0,0,0,,,,0,False,no_candidate_within_1deg,False,,,,,,
101907,2001-02-28T00:00:00Z,-17.3,-135.6,0,0,0,,,,0,False,no_candidate_within_1deg,False,,,,,,
101907,2001-02-28T03:00:00Z,-15.6,-134.9,0,0,0,,,,0,False,no_candidate_within_1deg,False,,,,,,
101907,2001-02-28T06:00:00Z,-17.2,-137.2,0,0,0,,,,0,False,no_candidate_within_1deg,False,,,,,,
101907,2001-02-28T09:00:00Z,-18.1,-136.4,0,0,0,,,,0,False,no_candidate_within_1deg,False,,,,,,
101907,2001-02-28T12:00:00Z,-19.0,-135.6,0,0,0,,,,0,False,no_candidate_within_1deg,False,,,,,,
101907,2001-02-28T15:00:00Z,-18.7,-135.6,0,0,0,,,,0,False,no_candidate_within_1deg,False,,,,,,
101922,2001-06-27T21:00:00Z,8.8,116.5,3,1,2,3870.5878950770907,67263.0,5758.0,0,False,no_candidate_within_1deg,False,,,,,,
101922,2001-06-28T00:00:00Z,12.5,116.7,2,2,0,3119.627090641135,67310.0,5759.0,0,False,no_candidate_within_1deg,False,,,,,,
101922,2001-06-28T03:00:00Z,11.7,116.4,2,2,0,3077.186501837026,67359.0,5759.0,0,False,no_candidate_within_1deg,False,,,,,,
101922,2001-06-28T06:00:00Z,10.8,116.1,2,2,0,3066.633664340315,67405.0,5759.0,0,False,no_candidate_within_1deg,False,,,,,,
101922,2001-06-28T09:00:00Z,12.8,114.7,2,2,0,2816.629252904798,67455.0,5759.0,0,False,no_candidate_within_1deg,False,,,,,,
101922,2001-06-28T12:00:00Z,14.8,113.2,2,2,0,2663.063099235237,67508.0,5759.0,0,False,no_candidate_within_1deg,False,,,,,,
101922,2001-06-28T15:00:00Z,14.8,114.8,2,2,0,2849.98872598378,67561.0,5759.0,0,False,no_candidate_within_1deg,False,,,,,,
101922,2001-06-28T18:00:00Z,14.8,116.3,2,2,0,3036.351738668371,67617.0,5759.0,0,False,no_candidate_within_1deg,False,,,,,,
101922,2001-06-28T21:00:00Z,12.2,116.1,2,2,0,3148.0277985807083,67676.0,5759.0,0,False,no_candidate_within_1deg,False,,,,,,
101926,2001-07-10T15:00:00Z,7.6,-36.2,4,2,2,12263.201087469588,71975.0,5768.0,0,False,no_candidate_within_1deg,False,,,,,,
101926,2001-07-10T18:00:00Z,8.3,-37.6,4,1,3,12590.469250394624,72012.0,5774.0,0,False,no_candidate_within_1deg,False,,,,,,
101926,2001-07-10T21:00:00Z,6.9,-41.0,5,2,3,12293.733191845886,72062.0,5775.0,0,False,no_candidate_within_1deg,False,,,,,,
101926,2001-07-11T00:00:00Z,7.3,-40.8,5,3,2,12271.074198248782,72106.0,5775.0,0,False,no_candidate_within_1deg,False,,,,,,
101926,2001-07-11T03:00:00Z,7.4,-42.4,5,2,3,12409.553917961053,72150.0,5775.0,0,False,no_candidate_within_1deg,False,,,,,,
101926,2001-07-11T06:00:00Z,8.8,-40.0,5,3,2,12107.550671931876,72197.0,5775.0,0,False,no_candidate_within_1deg,False,,,,,,
101926,2001-07-11T09:00:00Z,9.2,-40.4,5,3,2,12104.325750818634,72243.0,5775.0,0,False,no_candidate_within_1deg,False,,,,,,
101926,2001-07-11T12:00:00Z,10.2,-40.4,5,3,2,11953.968052945496,72285.0,5775.0,0,False,no_candidate_within_1deg,False,,,,,,
101926,2001-07-11T15:00:00Z,10.9,-40.6,5,2,3,11934.283034238257,72321.0,5775.0,0,False,no_candidate_within_1deg,False,,,,,,
101927,2001-07-12T00:00:00Z,9.4,-107.4,5,2,3,16067.281265455904,72429.0,5775.0,0,False,no_candidate_within_1deg,False,,,,,,
101927,2001-07-12T03:00:00Z,9.8,-106.0,5,2,3,15977.013108188283,72464.0,5768.0,0,False,no_candidate_within_1deg,False,,,,,,
101927,2001-07-12T06:00:00Z,10.2,-104.6,5,3,2,15831.277774717375,72503.0,5771.0,0,False,no_candidate_within_1deg,False,,,,,,
101927,2001-07-12T09:00:00Z,10.2,-104.6,5,4,1,15805.312322524182,72544.0,5771.0,0,False,no_candidate_within_1deg,False,,,,,,
101927,2001-07-12T12:00:00Z,10.8,-105.2,3,2,1,15822.932985192128,72588.0,5775.0,0,False,no_candidate_within_1deg,False,,,,,,
101927,2001-07-12T15:00:00Z,11.4,-105.8,2,2,0,15732.124127717638,72642.0,5768.0,0,False,no_candidate_within_1deg,False,,,,,,
101927,2001-07-12T18:00:00Z,12.0,-106.4,2,2,0,15612.668795790389,72689.0,5768.0,0,False,no_candidate_within_1deg,False,,,,,,
101927,2001-07-12T21:00:00Z,15.3,-107.9,2,2,0,15202.012006461255,72743.0,5768.0,0,False,no_candidate_within_1deg,False,,,,,,
101927,2001-07-13T00:00:00Z,16.8,-109.5,2,2,0,14982.166662629079,72796.0,5768.0,0,False,no_candidate_within_1deg,False,,,,,,
101927,2001-07-13T03:00:00Z,15.5,-108.9,2,2,0,15094.427207098883,72837.0,5768.0,0,False,no_candidate_within_1deg,False,,,,,,
101930,2001-07-19T18:00:00Z,17.6,153.3,1,1,0,6981.80257634829,75188.0,5777.0,0,False,no_candidate_within_1deg,False,,,,,,
101930,2001-07-19T21:00:00Z,18.1,153.9,1,1,0,6943.474593531155,75217.0,5777.0,0,False,no_candidate_within_1deg,False,,,,,,
101930,2001-07-20T00:00:00Z,15.5,151.6,1,1,0,6761.423021436502,75252.0,5777.0,0,False,no_candidate_within_1deg,False,,,,,,
101930,2001-07-20T03:00:00Z,19.1,152.2,1,1,0,6757.448771002033,75287.0,5777.0,0,False,no_candidate_within_1deg,False,,,,,,
101930,2001-07-20T06:00:00Z,19.4,151.2,1,1,0,6635.10225264351,75320.0,5777.0,0,False,no_candidate_within_1deg,False,,,,,,
101930,2001-07-20T09:00:00Z,20.5,150.8,1,1,0,6551.631016111404,75360.0,5777.0,0,False,no_candidate_within_1deg,False,,,,,,
101930,2001-07-20T12:00:00Z,21.7,150.5,1,1,0,6509.465449948847,75399.0,5777.0,0,False,no_candidate_within_1deg,False,,,,,,
101930,2001-07-20T15:00:00Z,22.8,150.1,1,1,0,6451.939497902368,75449.0,5777.0,0,False,no_candidate_within_1deg,False,,,,,,
101930,2001-07-20T18:00:00Z,23.2,148.9,1,1,0,6333.685793955255,75501.0,5777.0,0,False,no_candidate_within_1deg,False,,,,,,
101930,2001-07-20T21:00:00Z,21.6,151.7,1,1,0,6669.3360444158325,75550.0,5777.0,0,False,no_candidate_within_1deg,False,,,,,,
101933,2001-07-30T03:00:00Z,7.0,151.9,0,0,0,,,,0,False,no_candidate_within_1deg,False,,,,,,
101933,2001-07-30T06:00:00Z,8.1,154.1,0,0,0,,,,0,False,no_candidate_within_1deg,False,,,,,,
101933,2001-07-30T09:00:00Z,9.0,154.8,0,0,0,,,,0,False,no_candidate_within_1deg,False,,,,,,
101933,2001-07-30T12:00:00Z,10.0,155.4,0,0,0,,,,0,False,no_candidate_within_1deg,False,,,,,,
101933,2001-07-30T15:00:00Z,10.9,156.1,0,0,0,,,,0,False,no_candidate_within_1deg,False,,,,,,
101933,2001-07-30T18:00:00Z,11.8,156.8,0,0,0,,,,0,False,no_candidate_within_1deg,False,,,,,,
101933,2001-07-30T21:00:00Z,11.3,155.8,0,0,0,,,,0,False,no_candidate_within_1deg,False,,,,,,
101933,2001-07-31T00:00:00Z,10.9,154.9,0,0,0,,,,0,False,no_candidate_within_1deg,False,,,,,,
101933,2001-07-31T03:00:00Z,10.5,154.1,0,0,0,,,,0,False,no_candidate_within_1deg,False,,,,,,
101934,2001-07-31T21:00:00Z,17.8,-79.5,0,0,0,,,,0,False,no_candidate_within_1deg,False,,,,,,
101934,2001-08-01T00:00:00Z,17.7,-80.0,0,0,0,,,,0,False,no_candidate_within_1deg,False,,,,,,
101934,2001-08-01T03:00:00Z,17.5,-80.5,0,0,0,,,,0,False,no_candidate_within_1deg,False,,,,,,
101934,2001-08-01T06:00:00Z,17.8,-80.2,0,0,0,,,,0,False,no_candidate_within_1deg,False,,,,,,
101934,2001-08-01T09:00:00Z,18.4,-79.8,0,0,0,,,,0,False,no_candidate_within_1deg,False,,,,,,
101934,2001-08-01T12:00:00Z,19.0,-79.3,0,0,0,,,,0,False,no_candidate_within_1deg,False,,,,,,
101934,2001-08-01T15:00:00Z,20.6,-79.5,0,0,0,,,,0,False,no_candidate_within_1deg,False,,,,,,
101934,2001-08-01T18:00:00Z,22.1,-79.5,0,0,0,,,,0,False,no_candidate_within_1deg,False,,,,,,
101934,2001-08-01T21:00:00Z,23.5,-79.5,0,0,0,,,,0,False,no_candidate_within_1deg,False,,,,,,
101934,2001-08-02T00:00:00Z,24.9,-79.3,0,0,0,,,,0,False,no_candidate_within_1deg,False,,,,,,
101934,2001-08-02T03:00:00Z,25.3,-81.2,0,0,0,,,,0,False,no_candidate_within_1deg,False,,,,,,
101934,2001-08-02T06:00:00Z,25.6,-83.1,0,0,0,,,,0,False,no_candidate_within_1deg,False,,,,,,
101934,2001-08-02T09:00:00Z,26.3,-82.9,0,0,0,,,,0,False,no_candidate_within_1deg,False,,,,,,
101935,2001-08-07T03:00:00Z,16.2,116.9,0,0,0,,,,0,False,no_candidate_within_1deg,False,,,,,,
101935,2001-08-07T06:00:00Z,16.0,117.1,1,1,0,3531.650440941676,81931.0,5781.0,0,False,no_candidate_within_1deg,False,,,,,,
101935,2001-08-07T09:00:00Z,15.4,116.2,1,1,0,3405.3453035945627,81958.0,5781.0,0,False,no_candidate_within_1deg,False,,,,,,
101935,2001-08-07T12:00:00Z,14.7,115.3,1,1,0,3326.425765670338,81986.0,5781.0,0,False,no_candidate_within_1deg,False,,,,,,
101935,2001-08-07T15:00:00Z,13.9,115.7,1,0,1,,,,0,False,no_candidate_within_1deg,False,,,,,,
101935,2001-08-07T18:00:00Z,15.0,113.4,1,0,1,,,,0,False,no_candidate_within_1deg,False,,,,,,
101935,2001-08-07T21:00:00Z,16.9,116.9,1,1,0,3418.917572334144,82095.0,5781.0,0,False,no_candidate_within_1deg,False,,,,,,
101935,2001-08-08T00:00:00Z,17.3,116.7,1,0,1,,,,0,False,no_candidate_within_1deg,False,,,,,,
101935,2001-08-08T03:00:00Z,15.5,113.9,1,1,0,3084.286045463191,82173.0,5781.0,0,False,no_candidate_within_1deg,False,,,,,,
101939,2001-08-21T06:00:00Z,15.4,-53.9,1,1,0,14157.339209158421,86440.0,5786.0,0,False,no_candidate_within_1deg,False,,,,,,
101939,2001-08-21T09:00:00Z,16.2,-54.9,1,1,0,14174.929057255991,86472.0,5786.0,0,False,no_candidate_within_1deg,False,,,,,,
101939,2001-08-21T12:00:00Z,16.9,-55.8,1,1,0,14237.931933831447,86501.0,5786.0,0,False,no_candidate_within_1deg,False,,,,,,
101939,2001-08-21T15:00:00Z,17.7,-56.8,1,1,0,14298.604715502737,86536.0,5786.0,0,False,no_candidate_within_1deg,False,,,,,,
101939,2001-08-21T18:00:00Z,18.4,-57.8,1,1,0,14356.336925584263,86579.0,5786.0,0,False,no_candidate_within_1deg,False,,,,,,
101939,2001-08-21T21:00:00Z,19.3,-59.5,1,1,0,14427.247036316387,86619.0,5786.0,0,False,no_candidate_within_1deg,False,,,,,,
101939,2001-08-22T00:00:00Z,20.1,-61.3,1,1,0,14547.487742167637,86658.0,5786.0,0,False,no_candidate_within_1deg,False,,,,,,
101939,2001-08-22T03:00:00Z,16.2,-60.4,1,0,1,,,,0,False,no_candidate_within_1deg,False,,,,,,
101939,2001-08-22T06:00:00Z,16.7,-61.1,1,0,1,,,,0,False,no_candidate_within_1deg,False,,,,,,
101939,2001-08-22T09:00:00Z,17.1,-61.9,1,0,1,,,,0,False,no_candidate_within_1deg,False,,,,,,
101941,2001-08-24T21:00:00Z,10.8,144.3,1,1,0,6055.802973917932,87407.0,5786.0,0,False,no_candidate_within_1deg,False,,,,,,
101941,2001-08-25T00:00:00Z,11.1,144.8,1,1,0,6323.031827513341,87443.0,5786.0,0,False,no_candidate_within_1deg,False,,,,,,
101941,2001-08-25T03:00:00Z,10.8,142.8,2,2,0,6146.6494635525605,87485.0,5786.0,0,False,no_candidate_within_1deg,False,,,,,,
101941,2001-08-25T06:00:00Z,11.3,142.0,2,2,0,6014.728112825714,87523.0,5786.0,0,False,no_candidate_within_1deg,False,,,,,,
101941,2001-08-25T09:00:00Z,11.9,141.2,2,2,0,5873.447051532834,87562.0,5786.0,0,False,no_candidate_within_1deg,False,,,,,,
101941,2001-08-25T12:00:00Z,12.4,140.3,1,1,0,6605.059650900591,87595.0,5794.0,0,False,no_candidate_within_1deg,False,,,,,,
101941,2001-08-25T15:00:00Z,12.9,139.5,1,1,0,6504.5499488533505,87634.0,5794.0,0,False,no_candidate_within_1deg,False,,,,,,
101941,2001-08-25T18:00:00Z,14.0,138.7,1,1,0,6383.117459183685,87683.0,5794.0,0,False,no_candidate_within_1deg,False,,,,,,
101941,2001-08-25T21:00:00Z,15.1,138.0,1,1,0,6263.018424460927,87737.0,5794.0,0,False,no_candidate_within_1deg,False,,,,,,
101944,2001-08-26T03:00:00Z,14.8,116.3,1,1,0,4189.132010446808,87828.0,5794.0,0,False,no_candidate_within_1deg,False,,,,,,
101944,2001-08-26T06:00:00Z,13.9,116.7,1,1,0,4222.805718914315,87865.0,5794.0,0,False,no_candidate_within_1deg,False,,,,,,
101944,2001-08-26T09:00:00Z,13.0,115.4,1,1,0,4040.7784073042253,87899.0,5794.0,0,False,no_candidate_within_1deg,False,,,,,,
101944,2001-08-26T12:00:00Z,13.0,117.6,1,1,0,4339.505039145733,87929.0,5794.0,0,False,no_candidate_within_1deg,False,,,,,,
101944,2001-08-26T15:00:00Z,12.7,119.8,1,0,1,,,,0,False,no_candidate_within_1deg,False,,,,,,
101944,2001-08-26T18:00:00Z,12.0,118.6,1,0,1,,,,0,False,no_candidate_within_1deg,False,,,,,,
101944,2001-08-26T21:00:00Z,13.4,118.6,1,0,1,,,,0,False,no_candidate_within_1deg,False,,,,,,
101944,2001-08-27T00:00:00Z,14.8,118.6,1,0,1,,,,0,False,no_candidate_within_1deg,False,,,,,,
101944,2001-08-27T03:00:00Z,16.2,118.6,1,0,1,,,,0,False,no_candidate_within_1deg,False,,,,,,
101953,2001-09-10T15:00:00Z,24.8,-83.6,0,0,0,,,,0,False,no_candidate_within_1deg,False,,,,,,
101953,2001-09-10T18:00:00Z,25.1,-84.2,0,0,0,,,,0,False,no_candidate_within_1deg,False,,,,,,
101953,2001-09-10T21:00:00Z,23.7,-84.1,0,0,0,,,,0,False,no_candidate_within_1deg,False,,,,,,
101953,2001-09-11T00:00:00Z,23.9,-84.0,0,0,0,,,,0,False,no_candidate_within_1deg,False,,,,,,
101953,2001-09-11T03:00:00Z,24.2,-83.8,0,0,0,,,,0,False,no_candidate_within_1deg,False,,,,,,
101953,2001-09-11T06:00:00Z,24.4,-83.7,0,0,0,,,,0,False,no_candidate_within_1deg,False,,,,,,
101953,2001-09-11T09:00:00Z,24.6,-83.5,0,0,0,,,,0,False,no_candidate_within_1deg,False,,,,,,
101953,2001-09-11T12:00:00Z,23.5,-84.3,0,0,0,,,,0,False,no_candidate_within_1deg,False,,,,,,
101953,2001-09-11T15:00:00Z,23.7,-84.4,0,0,0,,,,0,False,no_candidate_within_1deg,False,,,,,,
101954,2001-09-14T21:00:00Z,16.4,133.1,0,0,0,,,,0,False,no_candidate_within_1deg,False,,,,,,
101954,2001-09-15T00:00:00Z,15.8,133.3,0,0,0,,,,0,False,no_candidate_within_1deg,False,,,,,,
101954,2001-09-15T03:00:00Z,15.3,134.1,0,0,0,,,,0,False,no_candidate_within_1deg,False,,,,,,
101954,2001-09-15T06:00:00Z,16.1,134.5,0,0,0,,,,0,False,no_candidate_within_1deg,False,,,,,,
101954,2001-09-15T09:00:00Z,16.9,134.9,0,0,0,,,,0,False,no_candidate_within_1deg,False,,,,,,
101954,2001-09-15T12:00:00Z,17.7,135.3,0,0,0,,,,0,False,no_candidate_within_1deg,False,,,,,,
101954,2001-09-15T15:00:00Z,18.2,135.7,0,0,0,,,,0,False,no_candidate_within_1deg,False,,,,,,
101954,2001-09-15T18:00:00Z,18.6,136.0,0,0,0,,,,0,False,no_candidate_within_1deg,False,,,,,,
101954,2001-09-15T21:00:00Z,19.1,136.4,0,0,0,,,,0,False,no_candidate_within_1deg,False,,,,,,
101955,2001-09-16T03:00:00Z,13.4,170.3,0,0,0,,,,0,False,no_candidate_within_1deg,False,,,,,,
101955,2001-09-16T06:00:00Z,13.1,167.3,0,0,0,,,,0,False,no_candidate_within_1deg,False,,,,,,
101955,2001-09-16T09:00:00Z,13.3,166.8,0,0,0,,,,0,False,no_candidate_within_1deg,False,,,,,,
101955,2001-09-16T12:00:00Z,13.7,167.5,0,0,0,,,,0,False,no_candidate_within_1deg,False,,,,,,
101955,2001-09-16T15:00:00Z,14.1,168.2,0,0,0,,,,0,False,no_candidate_within_1deg,False,,,,,,
101955,2001-09-16T18:00:00Z,14.1,168.2,0,0,0,,,,0,False,no_candidate_within_1deg,False,,,,,,
101955,2001-09-16T21:00:00Z,14.6,168.2,0,0,0,,,,0,False,no_candidate_within_1deg,False,,,,,,
101955,2001-09-17T00:00:00Z,14.0,168.2,0,0,0,,,,0,False,no_candidate_within_1deg,False,,,,,,
101955,2001-09-17T03:00:00Z,14.5,168.7,0,0,0,,,,0,False,no_candidate_within_1deg,False,,,,,,
101961,2001-09-21T09:00:00Z,8.1,-142.4,0,0,0,,,,0,False,no_candidate_within_1deg,False,,,,,,
101961,2001-09-21T12:00:00Z,8.1,-142.8,0,0,0,,,,0,False,no_candidate_within_1deg,False,,,,,,
101961,2001-09-21T15:00:00Z,8.3,-143.4,0,0,0,,,,0,False,no_candidate_within_1deg,False,,,,,,
101961,2001-09-21T18:00:00Z,8.3,-144.3,0,0,0,,,,0,False,no_candidate_within_1deg,False,,,,,,
101961,2001-09-21T21:00:00Z,8.4,-145.1,0,0,0,,,,0,False,no_candidate_within_1deg,False,,,,,,
101961,2001-09-22T00:00:00Z,8.4,-146.0,0,0,0,,,,0,False,no_candidate_within_1deg,False,,,,,,
101961,2001-09-22T03:00:00Z,8.4,-144.1,0,0,0,,,,0,False,no_candidate_within_1deg,False,,,,,,
101961,2001-09-22T06:00:00Z,8.4,-142.1,0,0,0,,,,0,False,no_candidate_within_1deg,False,,,,,,
101961,2001-09-22T09:00:00Z,8.5,-143.0,0,0,0,,,,0,False,no_candidate_within_1deg,False,,,,,,
101963,2001-09-30T12:00:00Z,12.8,-100.6,3,2,1,16235.70424223754,98054.0,5799.0,0,False,no_candidate_within_1deg,False,,,,,,
101963,2001-09-30T15:00:00Z,13.5,-100.6,1,1,0,16414.518951588496,98085.0,5800.0,0,False,no_candidate_within_1deg,False,,,,,,
101963,2001-09-30T18:00:00Z,14.2,-100.6,1,1,0,16340.62782306781,98117.0,5800.0,0,False,no_candidate_within_1deg,False,,,,,,
101963,2001-09-30T21:00:00Z,14.6,-100.3,1,1,0,16310.829186072138,98150.0,5800.0,0,False,no_candidate_within_1deg,False,,,,,,
101963,2001-10-01T00:00:00Z,13.8,-100.6,2,1,1,16336.995826068533,98182.0,5800.0,0,False,no_candidate_within_1deg,False,,,,,,
101963,2001-10-01T03:00:00Z,13.0,-100.9,2,2,0,15809.445064109364,98218.0,5802.0,0,False,no_candidate_within_1deg,False,,,,,,
101963,2001-10-01T06:00:00Z,12.1,-101.2,2,2,0,15861.538547644086,98262.0,5802.0,0,False,no_candidate_within_1deg,False,,,,,,
101963,2001-10-01T09:00:00Z,11.3,-101.5,2,2,0,15925.158129331274,98308.0,5802.0,0,False,no_candidate_within_1deg,False,,,,,,
101963,2001-10-01T12:00:00Z,11.1,-101.5,2,2,0,15943.93566420664,98352.0,5802.0,0,False,no_candidate_within_1deg,False,,,,,,
101963,2001-10-01T15:00:00Z,11.4,-101.8,2,2,0,15898.012429953389,98396.0,5802.0,0,False,no_candidate_within_1deg,False,,,,,,
101963,2001-10-01T18:00:00Z,11.5,-102.2,2,2,0,15874.221986761513,98435.0,5802.0,0,False,no_candidate_within_1deg,False,,,,,,
101963,2001-10-01T21:00:00Z,11.7,-102.8,2,2,0,15846.174390038108,98478.0,5802.0,0,False,no_candidate_within_1deg,False,,,,,,
101967,2001-10-03T09:00:00Z,11.3,-48.0,1,1,0,13256.141927079205,99013.0,5800.0,0,False,no_candidate_within_1deg,False,,,,,,
101967,2001-10-03T12:00:00Z,11.6,-49.4,1,0,1,,,,0,False,no_candidate_within_1deg,False,,,,,,
101967,2001-10-03T15:00:00Z,10.8,-49.9,1,1,0,13347.693777234052,99098.0,5800.0,0,False,no_candidate_within_1deg,False,,,,,,
101967,2001-10-03T18:00:00Z,10.4,-50.6,1,1,0,13431.403177772645,99147.0,5800.0,0,False,no_candidate_within_1deg,False,,,,,,
101967,2001-10-03T21:00:00Z,11.7,-53.3,1,1,0,13563.778730553806,99199.0,5800.0,0,False,no_candidate_within_1deg,False,,,,,,
101967,2001-10-04T00:00:00Z,12.3,-54.4,1,0,1,,,,0,False,no_candidate_within_1deg,False,,,,,,
101967,2001-10-04T03:00:00Z,13.4,-54.8,1,1,0,13615.771310262175,99303.0,5800.0,0,False,no_candidate_within_1deg,False,,,,,,
101967,2001-10-04T06:00:00Z,13.6,-55.9,1,0,1,,,,0,False,no_candidate_within_1deg,False,,,,,,
101967,2001-10-04T09:00:00Z,13.9,-57.0,1,1,0,13724.187402363728,99413.0,5800.0,0,False,no_candidate_within_1deg,False,,,,,,
101969,2001-10-07T03:00:00Z,17.2,71.2,1,1,0,957.9922234756201,100319.0,5805.0,0,False,no_candidate_within_1deg,False,,,,,,
101969,2001-10-07T06:00:00Z,17.4,71.6,1,1,0,875.5375667986785,100344.0,5805.0,0,False,no_candidate_within_1deg,False,,,,,,
101969,2001-10-07T09:00:00Z,17.6,72.0,1,1,0,833.0744645431178,100374.0,5805.0,0,False,no_candidate_within_1deg,False,,,,,,
101969,2001-10-07T12:00:00Z,17.6,71.0,1,1,0,781.98282697089,100406.0,5805.0,0,False,no_candidate_within_1deg,False,,,,,,
101969,2001-10-07T15:00:00Z,17.8,69.3,1,1,0,1000.7741347772502,100439.0,5805.0,0,False,no_candidate_within_1deg,False,,,,,,
101969,2001-10-07T18:00:00Z,17.6,70.2,1,1,0,839.5001256032277,100477.0,5805.0,0,False,no_candidate_within_1deg,False,,,,,,
101969,2001-10-07T21:00:00Z,17.4,71.0,1,1,0,682.46460385286,100517.0,5805.0,0,False,no_candidate_within_1deg,False,,,,,,
101969,2001-10-08T00:00:00Z,17.0,70.9,0,0,0,,,,0,False,no_candidate_within_1deg,False,,,,,,
101969,2001-10-08T03:00:00Z,16.9,70.5,0,0,0,,,,0,False,no_candidate_within_1deg,False,,,,,,
101970,2001-10-09T06:00:00Z,12.7,-89.5,1,1,0,16785.608848100273,100850.0,5806.0,0,False,no_candidate_within_1deg,False,,,,,,
101970,2001-10-09T09:00:00Z,12.4,-91.4,1,1,0,16819.21485484865,100885.0,5806.0,0,False,no_candidate_within_1deg,False,,,,,,
101970,2001-10-09T12:00:00Z,13.1,-92.5,1,1,0,16744.025368178423,100918.0,5806.0,0,False,no_candidate_within_1deg,False,,,,,,
101970,2001-10-09T15:00:00Z,13.7,-93.6,1,1,0,16634.690266505542,100952.0,5806.0,0,False,no_candidate_within_1deg,False,,,,,,
101970,2001-10-09T18:00:00Z,13.3,-94.2,1,1,0,16646.08548052362,100985.0,5806.0,0,False,no_candidate_within_1deg,False,,,,,,
101970,2001-10-09T21:00:00Z,13.6,-95.8,1,1,0,16570.73991989552,101023.0,5806.0,0,False,no_candidate_within_1deg,False,,,,,,
101970,2001-10-10T00:00:00Z,13.8,-97.4,1,1,0,16510.157907704728,101059.0,5806.0,0,False,no_candidate_within_1deg,False,,,,,,
101970,2001-10-10T03:00:00Z,13.3,-98.3,1,1,0,16532.789491315933,101090.0,5806.0,0,False,no_candidate_within_1deg,False,,,,,,
101970,2001-10-10T06:00:00Z,13.5,-99.8,1,1,0,16459.45662638302,101123.0,5806.0,0,False,no_candidate_within_1deg,False,,,,,,
101970,2001-10-10T09:00:00Z,12.8,-100.9,1,1,0,16499.39707500003,101156.0,5806.0,0,False,no_candidate_within_1deg,False,,,,,,
101972,2001-10-09T18:00:00Z,26.9,-62.8,1,1,0,14300.044070355014,100985.0,5806.0,0,False,no_candidate_within_1deg,False,,,,,,
101972,2001-10-09T21:00:00Z,27.2,-60.0,1,1,0,14082.83933498728,101023.0,5806.0,0,False,no_candidate_within_1deg,False,,,,,,
101972,2001-10-10T00:00:00Z,27.3,-59.9,1,1,0,14058.014783448709,101059.0,5806.0,0,False,no_candidate_within_1deg,False,,,,,,
101972,2001-10-10T03:00:00Z,25.7,-60.9,1,1,0,14250.87405031042,101090.0,5806.0,0,False,no_candidate_within_1deg,False,,,,,,
101972,2001-10-10T06:00:00Z,28.2,-58.2,1,1,0,13845.062368219675,101123.0,5806.0,0,False,no_candidate_within_1deg,False,,,,,,
101972,2001-10-10T09:00:00Z,28.0,-59.2,1,1,0,13909.50971133935,101156.0,5806.0,0,False,no_candidate_within_1deg,False,,,,,,
101972,2001-10-10T12:00:00Z,27.9,-60.3,1,1,0,13987.173324827496,101190.0,5806.0,0,False,no_candidate_within_1deg,False,,,,,,
101972,2001-10-10T15:00:00Z,27.7,-61.3,1,1,0,14057.728061617365,101226.0,5806.0,0,False,no_candidate_within_1deg,False,,,,,,
101972,2001-10-10T18:00:00Z,27.7,-59.2,1,1,0,13927.489013026694,101262.0,5806.0,0,False,no_candidate_within_1deg,False,,,,,,
101972,2001-10-10T21:00:00Z,27.9,-59.1,1,1,0,13904.602512216505,101300.0,5806.0,0,False,no_candidate_within_1deg,False,,,,,,
101972,2001-10-11T00:00:00Z,27.3,-57.0,1,1,0,13855.355868467446,101343.0,5806.0,0,False,no_candidate_within_1deg,False,,,,,,
101972,2001-10-11T03:00:00Z,30.0,-60.2,1,1,0,13819.274903020623,101383.0,5806.0,0,False,no_candidate_within_1deg,False,,,,,,
101975,2001-10-23T15:00:00Z,-7.1,99.1,1,1,0,2308.662967065658,104743.0,5807.0,0,False,no_candidate_within_1deg,False,,,,,,
101975,2001-10-23T18:00:00Z,-7.1,97.6,1,1,0,2296.855484014812,104766.0,5807.0,0,False,no_candidate_within_1deg,False,,,,,,
101975,2001-10-23T21:00:00Z,-6.6,99.3,1,0,1,,,,0,False,no_candidate_within_1deg,False,,,,,,
101975,2001-10-24T00:00:00Z,-6.4,99.0,1,1,0,2222.7199418082328,104812.0,5807.0,0,False,no_candidate_within_1deg,False,,,,,,
101975,2001-10-24T03:00:00Z,-6.6,99.2,1,1,0,2249.872030379927,104826.0,5807.0,0,False,no_candidate_within_1deg,False,,,,,,
101975,2001-10-24T06:00:00Z,-6.9,99.5,1,1,0,2448.1190452325013,104845.0,5807.0,0,False,no_candidate_within_1deg,False,,,,,,
101975,2001-10-24T09:00:00Z,-7.1,99.7,1,1,0,2513.088601199934,104865.0,5807.0,0,False,no_candidate_within_1deg,False,,,,,,
101975,2001-10-24T12:00:00Z,-7.1,99.3,1,1,0,2529.505899341706,104892.0,5807.0,0,False,no_candidate_within_1deg,False,,,,,,
101975,2001-10-24T15:00:00Z,-7.2,98.0,1,1,0,2559.5418016949993,104922.0,5807.0,0,False,no_candidate_within_1deg,False,,,,,,
101976,2001-10-26T09:00:00Z,27.9,-32.2,1,1,0,12119.273980543756,105482.0,5807.0,0,False,no_candidate_within_1deg,False,,,,,,
101976,2001-10-26T12:00:00Z,28.3,-31.9,1,1,0,12026.680910108551,105520.0,5807.0,0,False,no_candidate_within_1deg,False,,,,,,
101976,2001-10-26T15:00:00Z,28.5,-32.4,1,1,0,11998.75083089884,105558.0,5807.0,0,False,no_candidate_within_1deg,False,,,,,,
101976,2001-10-26T18:00:00Z,28.6,-32.9,1,1,0,11984.007975759743,105597.0,5807.0,0,False,no_candidate_within_1deg,False,,,,,,
101976,2001-10-26T21:00:00Z,28.6,-33.3,1,1,0,11976.259218421761,105635.0,5807.0,0,False,no_candidate_within_1deg,False,,,,,,
101976,2001-10-27T00:00:00Z,28.6,-33.5,1,1,0,11962.554616099158,105674.0,5807.0,0,False,no_candidate_within_1deg,False,,,,,,
101976,2001-10-27T03:00:00Z,28.3,-33.5,1,1,0,11919.407219414572,105714.0,5807.0,0,False,no_candidate_within_1deg,False,,,,,,
101976,2001-10-27T06:00:00Z,28.4,-33.3,1,1,0,11775.591960169437,105752.0,5807.0,0,False,no_candidate_within_1deg,False,,,,,,
101976,2001-10-27T09:00:00Z,28.6,-32.9,1,0,1,,,,0,False,no_candidate_within_1deg,False,,,,,,
101984,2001-11-17T15:00:00Z,7.0,107.4,0,0,0,,,,0,False,no_candidate_within_1deg,False,,,,,,
101984,2001-11-17T18:00:00Z,7.5,107.8,0,0,0,,,,0,False,no_candidate_within_1deg,False,,,,,,
101984,2001-11-17T21:00:00Z,7.5,108.9,0,0,0,,,,0,False,no_candidate_within_1deg,False,,,,,,
101984,2001-11-18T00:00:00Z,8.5,109.2,0,0,0,,,,0,False,no_candidate_within_1deg,False,,,,,,
101984,2001-11-18T03:00:00Z,7.1,109.7,0,0,0,,,,0,False,no_candidate_within_1deg,False,,,,,,
101984,2001-11-18T06:00:00Z,7.4,110.0,0,0,0,,,,0,False,no_candidate_within_1deg,False,,,,,,
101984,2001-11-18T09:00:00Z,7.6,110.4,0,0,0,,,,0,False,no_candidate_within_1deg,False,,,,,,
101984,2001-11-18T12:00:00Z,7.9,110.7,0,0,0,,,,0,False,no_candidate_within_1deg,False,,,,,,
101984,2001-11-18T15:00:00Z,5.7,110.5,0,0,0,,,,0,False,no_candidate_within_1deg,False,,,,,,
101994,2001-12-28T21:00:00Z,-18.0,37.1,0,0,0,,,,0,False,no_candidate_within_1deg,False,,,,,,
101994,2001-12-29T00:00:00Z,-18.5,36.7,0,0,0,,,,0,False,no_candidate_within_1deg,False,,,,,,
101994,2001-12-29T03:00:00Z,-18.9,36.3,0,0,0,,,,0,False,no_candidate_within_1deg,False,,,,,,
101994,2001-12-29T06:00:00Z,-19.4,35.9,0,0,0,,,,0,False,no_candidate_within_1deg,False,,,,,,
101994,2001-12-29T09:00:00Z,-22.9,37.1,0,0,0,,,,0,False,no_candidate_within_1deg,False,,,,,,
101994,2001-12-29T12:00:00Z,-19.0,36.6,0,0,0,,,,0,False,no_candidate_within_1deg,False,,,,,,
101994,2001-12-29T15:00:00Z,-21.4,35.5,0,0,0,,,,0,False,no_candidate_within_1deg,False,,,,,,
101994,2001-12-29T18:00:00Z,-20.0,37.4,0,0,0,,,,0,False,no_candidate_within_1deg,False,,,,,,
101994,2001-12-29T21:00:00Z,-18.6,37.8,0,0,0,,,,0,False,no_candidate_within_1deg,False,,,,,,
102007,2002-03-12T15:00:00Z,-17.9,170.1,0,0,0,,,,0,False,no_candidate_within_1deg,False,,,,,,
102007,2002-03-12T18:00:00Z,-17.6,169.8,0,0,0,,,,0,False,no_candidate_within_1deg,False,,,,,,
102007,2002-03-12T21:00:00Z,-17.2,169.2,0,0,0,,,,0,False,no_candidate_within_1deg,False,,,,,,
102007,2002-03-13T00:00:00Z,-15.8,168.9,0,0,0,,,,0,False,no_candidate_within_1deg,False,,,,,,
102007,2002-03-13T03:00:00Z,-14.4,168.7,0,0,0,,,,0,False,no_candidate_within_1deg,False,,,,,,
102007,2002-03-13T06:00:00Z,-14.4,167.0,0,0,0,,,,0,False,no_candidate_within_1deg,False,,,,,,
102007,2002-03-13T09:00:00Z,-14.5,165.4,0,0,0,,,,0,False,no_candidate_within_1deg,False,,,,,,
102007,2002-03-13T12:00:00Z,-14.5,163.7,0,0,0,,,,0,False,no_candidate_within_1deg,False,,,,,,
102007,2002-03-13T15:00:00Z,-15.5,162.9,0,0,0,,,,0,False,no_candidate_within_1deg,False,,,,,,
102008,2002-03-17T15:00:00Z,3.0,136.3,0,0,0,,,,0,False,no_candidate_within_1deg,False,,,,,,
102008,2002-03-17T18:00:00Z,2.3,137.2,0,0,0,,,,0,False,no_candidate_within_1deg,False,,,,,,
102008,2002-03-17T21:00:00Z,1.7,138.0,0,0,0,,,,0,False,no_candidate_within_1deg,False,,,,,,
102008,2002-03-18T00:00:00Z,1.0,138.9,0,0,0,,,,0,False,no_candidate_within_1deg,False,,,,,,
102008,2002-03-18T03:00:00Z,2.0,139.0,0,0,0,,,,0,False,no_candidate_within_1deg,False,,,,,,
102008,2002-03-18T06:00:00Z,2.9,139.1,0,0,0,,,,0,False,no_candidate_within_1deg,False,,,,,,
102008,2002-03-18T09:00:00Z,3.9,139.2,0,0,0,,,,0,False,no_candidate_within_1deg,False,,,,,,
102008,2002-03-18T12:00:00Z,4.7,139.0,0,0,0,,,,0,False,no_candidate_within_1deg,False,,,,,,
102008,2002-03-18T15:00:00Z,7.7,138.8,0,0,0,,,,0,False,no_candidate_within_1deg,False,,,,,,
102011,2002-04-04T15:00:00Z,-6.9,100.3,0,0,0,,,,0,False,no_candidate_within_1deg,False,,,,,,
102011,2002-04-04T18:00:00Z,-6.5,100.5,0,0,0,,,,0,False,no_candidate_within_1deg,False,,,,,,
102011,2002-04-04T21:00:00Z,-6.7,100.2,0,0,0,,,,0,False,no_candidate_within_1deg,False,,,,,,
102011,2002-04-05T00:00:00Z,-7.9,101.2,0,0,0,,,,0,False,no_candidate_within_1deg,False,,,,,,
102011,2002-04-05T03:00:00Z,-9.1,102.2,0,0,0,,,,0,False,no_candidate_within_1deg,False,,,,,,
102011,2002-04-05T06:00:00Z,-8.7,102.1,0,0,0,,,,0,False,no_candidate_within_1deg,False,,,,,,
102011,2002-04-05T09:00:00Z,-8.2,101.9,0,0,0,,,,0,False,no_candidate_within_1deg,False,,,,,,
102011,2002-04-05T12:00:00Z,-7.8,102.4,0,0,0,,,,0,False,no_candidate_within_1deg,False,,,,,,
102011,2002-04-05T15:00:00Z,-7.3,101.8,0,0,0,,,,0,False,no_candidate_within_1deg,False,,,,,,
102019,2002-05-23T15:00:00Z,9.3,-99.6,0,0,0,,,,0,False,no_candidate_within_1deg,False,,,,,,
102019,2002-05-23T18:00:00Z,9.4,-99.8,0,0,0,,,,0,False,no_candidate_within_1deg,False,,,,,,
102019,2002-05-23T21:00:00Z,9.4,-100.1,0,0,0,,,,0,False,no_candidate_within_1deg,False,,,,,,
102019,2002-05-24T00:00:00Z,9.5,-100.3,0,0,0,,,,0,False,no_candidate_within_1deg,False,,,,,,
102019,2002-05-24T03:00:00Z,9.8,-100.1,0,0,0,,,,0,False,no_candidate_within_1deg,False,,,,,,
102019,2002-05-24T06:00:00Z,10.1,-100.0,0,0,0,,,,0,False,no_candidate_within_1deg,False,,,,,,
102019,2002-05-24T09:00:00Z,10.4,-99.8,0,0,0,,,,0,False,no_candidate_within_1deg,False,,,,,,
102019,2002-05-24T12:00:00Z,9.9,-100.8,0,0,0,,,,0,False,no_candidate_within_1deg,False,,,,,,
102019,2002-05-24T15:00:00Z,9.5,-100.3,0,0,0,,,,0,False,no_candidate_within_1deg,False,,,,,,
102043,2002-08-13T09:00:00Z,11.1,113.7,3,2,1,3268.0642311412385,81045.0,5871.0,0,False,no_candidate_within_1deg,False,,,,,,
102043,2002-08-13T12:00:00Z,11.7,112.6,2,2,0,3019.0018693153816,81091.0,5871.0,0,False,no_candidate_within_1deg,False,,,,,,
102043,2002-08-13T15:00:00Z,12.3,111.6,2,2,0,2847.9314701666176,81135.0,5871.0,0,False,no_candidate_within_1deg,False,,,,,,
102043,2002-08-13T18:00:00Z,12.9,110.5,2,2,0,2669.341300144089,81189.0,5871.0,0,False,no_candidate_within_1deg,False,,,,,,
102043,2002-08-13T21:00:00Z,13.2,112.6,2,2,0,2794.7339042257568,81243.0,5871.0,0,False,no_candidate_within_1deg,False,,,,,,
102043,2002-08-14T00:00:00Z,12.2,113.6,3,1,2,3663.712949105654,81301.0,5867.0,0,False,no_candidate_within_1deg,False,,,,,,
102043,2002-08-14T03:00:00Z,11.1,114.6,3,2,1,3279.880135277847,81365.0,5871.0,0,False,no_candidate_within_1deg,False,,,,,,
102043,2002-08-14T06:00:00Z,13.3,111.8,3,1,2,3498.180795594918,81420.0,5867.0,0,False,no_candidate_within_1deg,False,,,,,,
102043,2002-08-14T09:00:00Z,13.5,113.8,3,2,1,2932.518740768336,81469.0,5871.0,0,False,no_candidate_within_1deg,False,,,,,,
102044,2002-08-19T21:00:00Z,7.1,-135.6,1,1,0,14809.196806313526,83531.0,5875.0,0,False,no_candidate_within_1deg,False,,,,,,
102044,2002-08-20T00:00:00Z,8.5,-134.9,1,1,0,14748.088826240704,83577.0,5875.0,0,False,no_candidate_within_1deg,False,,,,,,
102044,2002-08-20T03:00:00Z,8.8,-134.7,1,1,0,14748.64821880043,83617.0,5875.0,0,False,no_candidate_within_1deg,False,,,,,,
102044,2002-08-20T06:00:00Z,9.2,-134.5,1,1,0,14725.244390574717,83658.0,5875.0,0,False,no_candidate_within_1deg,False,,,,,,
102044,2002-08-20T09:00:00Z,9.5,-134.3,1,0,1,,,,0,False,no_candidate_within_1deg,False,,,,,,
102044,2002-08-20T12:00:00Z,9.4,-134.6,1,1,0,14655.068822684647,83751.0,5875.0,0,False,no_candidate_within_1deg,False,,,,,,
102044,2002-08-20T15:00:00Z,9.6,-131.5,1,1,0,14915.634361641105,83800.0,5875.0,0,False,no_candidate_within_1deg,False,,,,,,
102044,2002-08-20T18:00:00Z,9.6,-132.9,0,0,0,,,,0,False,no_candidate_within_1deg,False,,,,,,
102044,2002-08-20T21:00:00Z,9.4,-134.1,0,0,0,,,,0,False,no_candidate_within_1deg,False,,,,,,
102044,2002-08-21T00:00:00Z,8.8,-135.9,0,0,0,,,,0,False,no_candidate_within_1deg,False,,,,,,
102044,2002-08-21T03:00:00Z,8.2,-137.7,0,0,0,,,,0,False,no_candidate_within_1deg,False,,,,,,
102044,2002-08-21T06:00:00Z,10.8,-135.4,0,0,0,,,,0,False,no_candidate_within_1deg,False,,,,,,
102044,2002-08-21T09:00:00Z,10.6,-136.2,1,1,0,13942.753645061695,84072.0,5881.0,0,False,no_candidate_within_1deg,False,,,,,,
102044,2002-08-21T12:00:00Z,10.3,-137.1,1,0,1,,,,0,False,no_candidate_within_1deg,False,,,,,,
102044,2002-08-21T15:00:00Z,10.1,-137.9,1,1,0,14050.362704517267,84158.0,5881.0,0,False,no_candidate_within_1deg,False,,,,,,
102051,2002-08-28T09:00:00Z,12.7,-99.3,0,0,0,,,,0,False,no_candidate_within_1deg,False,,,,,,
102051,2002-08-28T12:00:00Z,13.6,-99.7,0,0,0,,,,0,False,no_candidate_within_1deg,False,,,,,,
102051,2002-08-28T15:00:00Z,14.6,-100.1,0,0,0,,,,0,False,no_candidate_within_1deg,False,,,,,,
102051,2002-08-28T18:00:00Z,16.9,-101.8,0,0,0,,,,0,False,no_candidate_within_1deg,False,,,,,,
102051,2002-08-28T21:00:00Z,16.5,-100.6,0,0,0,,,,0,False,no_candidate_within_1deg,False,,,,,,
102051,2002-08-29T00:00:00Z,16.0,-99.4,0,0,0,,,,0,False,no_candidate_within_1deg,False,,,,,,
102051,2002-08-29T03:00:00Z,15.6,-98.2,0,0,0,,,,0,False,no_candidate_within_1deg,False,,,,,,
102051,2002-08-29T06:00:00Z,15.2,-96.0,0,0,0,,,,0,False,no_candidate_within_1deg,False,,,,,,
102051,2002-08-29T09:00:00Z,14.8,-93.8,0,0,0,,,,0,False,no_candidate_within_1deg,False,,,,,,
102051,2002-08-29T12:00:00Z,14.5,-94.7,0,0,0,,,,0,False,no_candidate_within_1deg,False,,,,,,
102051,2002-08-29T15:00:00Z,14.1,-95.6,0,0,0,,,,0,False,no_candidate_within_1deg,False,,,,,,
102051,2002-08-29T18:00:00Z,14.1,-96.4,0,0,0,,,,0,False,no_candidate_within_1deg,False,,,,,,
102051,2002-08-29T21:00:00Z,14.1,-97.2,0,0,0,,,,0,False,no_candidate_within_1deg,False,,,,,,
102051,2002-08-30T00:00:00Z,12.6,-100.5,0,0,0,,,,0,False,no_candidate_within_1deg,False,,,,,,
102051,2002-08-30T03:00:00Z,12.8,-102.2,0,0,0,,,,0,False,no_candidate_within_1deg,False,,,,,,
102050,2002-08-27T18:00:00Z,8.6,-24.0,0,0,0,,,,0,False,no_candidate_within_1deg,False,,,,,,
102050,2002-08-27T21:00:00Z,8.3,-24.4,0,0,0,,,,0,False,no_candidate_within_1deg,False,,,,,,
102050,2002-08-28T00:00:00Z,7.7,-23.2,0,0,0,,,,0,False,no_candidate_within_1deg,False,,,,,,
102050,2002-08-28T03:00:00Z,7.4,-27.1,0,0,0,,,,0,False,no_candidate_within_1deg,False,,,,,,
102050,2002-08-28T06:00:00Z,7.4,-23.4,0,0,0,,,,0,False,no_candidate_within_1deg,False,,,,,,
102050,2002-08-28T09:00:00Z,7.6,-24.5,0,0,0,,,,0,False,no_candidate_within_1deg,False,,,,,,
102050,2002-08-28T12:00:00Z,8.4,-25.5,0,0,0,,,,0,False,no_candidate_within_1deg,False,,,,,,
102050,2002-08-28T15:00:00Z,8.3,-26.5,0,0,0,,,,0,False,no_candidate_within_1deg,False,,,,,,
102050,2002-08-28T18:00:00Z,8.4,-27.0,0,0,0,,,,0,False,no_candidate_within_1deg,False,,,,,,
102050,2002-08-28T21:00:00Z,8.5,-27.9,0,0,0,,,,0,False,no_candidate_within_1deg,False,,,,,,
102050,2002-08-29T00:00:00Z,8.5,-28.9,0,0,0,,,,0,False,no_candidate_within_1deg,False,,,,,,
102050,2002-08-29T03:00:00Z,8.5,-29.6,0,0,0,,,,0,False,no_candidate_within_1deg,False,,,,,,
102050,2002-08-29T06:00:00Z,8.4,-30.5,0,0,0,,,,0,False,no_candidate_within_1deg,False,,,,,,
102050,2002-08-29T09:00:00Z,8.2,-31.4,0,0,0,,,,0,False,no_candidate_within_1deg,False,,,,,,
102065,2002-09-20T15:00:00Z,8.9,-37.3,1,1,0,13382.311251347739,93413.0,5904.0,0,False,no_candidate_within_1deg,False,,,,,,
102065,2002-09-20T18:00:00Z,9.7,-38.4,1,1,0,13439.939142408997,93451.0,5904.0,0,False,no_candidate_within_1deg,False,,,,,,
102065,2002-09-20T21:00:00Z,10.5,-39.6,1,1,0,13497.454933149906,93483.0,5904.0,0,False,no_candidate_within_1deg,False,,,,,,
102065,2002-09-21T00:00:00Z,11.9,-41.5,1,1,0,13590.219449844159,93511.0,5904.0,0,False,no_candidate_within_1deg,False,,,,,,
102065,2002-09-21T03:00:00Z,11.4,-41.7,1,1,0,13628.732851390334,93548.0,5904.0,0,False,no_candidate_within_1deg,False,,,,,,
102065,2002-09-21T06:00:00Z,10.8,-42.0,1,1,0,13679.909886486834,93585.0,5904.0,0,False,no_candidate_within_1deg,False,,,,,,
102065,2002-09-21T09:00:00Z,10.3,-42.2,1,1,0,13714.844281106716,93619.0,5904.0,0,False,no_candidate_within_1deg,False,,,,,,
102065,2002-09-21T12:00:00Z,10.2,-43.7,1,1,0,13854.638100287868,93647.0,5904.0,0,False,no_candidate_within_1deg,False,,,,,,
102065,2002-09-21T15:00:00Z,12.0,-45.9,1,1,0,13899.112104607577,93673.0,5904.0,0,False,no_candidate_within_1deg,False,,,,,,
102066,2002-09-23T21:00:00Z,13.7,167.8,1,1,0,8483.903069678481,94238.0,5905.0,0,False,no_candidate_within_1deg,False,,,,,,
102066,2002-09-24T00:00:00Z,13.0,167.0,1,1,0,8412.601407653969,94272.0,5905.0,0,False,no_candidate_within_1deg,False,,,,,,
102066,2002-09-24T03:00:00Z,13.7,166.0,1,1,0,8285.784566266942,94311.0,5905.0,0,False,no_candidate_within_1deg,False,,,,,,
102066,2002-09-24T06:00:00Z,13.7,165.5,1,1,0,8225.837944805307,94347.0,5905.0,0,False,no_candidate_within_1deg,False,,,,,,
102066,2002-09-24T09:00:00Z,13.4,165.2,1,1,0,8178.623520371705,94379.0,5905.0,0,False,no_candidate_within_1deg,False,,,,,,
102066,2002-09-24T12:00:00Z,13.7,164.8,1,1,0,8136.621131683281,94416.0,5905.0,0,False,no_candidate_within_1deg,False,,,,,,
102066,2002-09-24T15:00:00Z,14.8,163.6,1,1,0,7968.070276661354,94456.0,5905.0,0,False,no_candidate_within_1deg,False,,,,,,
102066,2002-09-24T18:00:00Z,14.5,163.4,1,1,0,7972.563287666742,94495.0,5905.0,0,False,no_candidate_within_1deg,False,,,,,,
102066,2002-09-24T21:00:00Z,14.1,162.9,1,1,0,7953.821485075595,94531.0,5905.0,0,False,no_candidate_within_1deg,False,,,,,,
102074,2002-10-21T06:00:00Z,11.4,-128.5,0,0,0,,,,0,False,no_candidate_within_1deg,False,,,,,,
102074,2002-10-21T09:00:00Z,11.1,-130.2,0,0,0,,,,0,False,no_candidate_within_1deg,False,,,,,,
102074,2002-10-21T12:00:00Z,10.2,-130.3,0,0,0,,,,0,False,no_candidate_within_1deg,False,,,,,,
102074,2002-10-21T15:00:00Z,9.4,-130.3,0,0,0,,,,0,False,no_candidate_within_1deg,False,,,,,,
102074,2002-10-21T18:00:00Z,8.5,-130.4,0,0,0,,,,0,False,no_candidate_within_1deg,False,,,,,,
102074,2002-10-21T21:00:00Z,8.5,-131.1,0,0,0,,,,0,False,no_candidate_within_1deg,False,,,,,,
102074,2002-10-22T00:00:00Z,8.5,-131.7,0,0,0,,,,0,False,no_candidate_within_1deg,False,,,,,,
102074,2002-10-22T03:00:00Z,7.8,-131.8,0,0,0,,,,0,False,no_candidate_within_1deg,False,,,,,,
102074,2002-10-22T06:00:00Z,7.1,-131.8,0,0,0,,,,0,False,no_candidate_within_1deg,False,,,,,,
102074,2002-10-22T09:00:00Z,9.2,-129.7,0,0,0,,,,0,False,no_candidate_within_1deg,False,,,,,,
102074,2002-10-22T12:00:00Z,9.7,-129.7,0,0,0,,,,0,False,no_candidate_within_1deg,False,,,,,,
102074,2002-10-22T15:00:00Z,10.3,-129.7,0,0,0,,,,0,False,no_candidate_within_1deg,False,,,,,,
102076,2002-10-23T21:00:00Z,17.4,171.0,0,0,0,,,,0,False,no_candidate_within_1deg,False,,,,,,
102076,2002-10-24T00:00:00Z,17.4,171.2,0,0,0,,,,0,False,no_candidate_within_1deg,False,,,,,,
102076,2002-10-24T03:00:00Z,17.3,171.3,0,0,0,,,,0,False,no_candidate_within_1deg,False,,,,,,
102076,2002-10-24T06:00:00Z,15.2,173.3,0,0,0,,,,0,False,no_candidate_within_1deg,False,,,,,,
102076,2002-10-24T09:00:00Z,14.9,171.6,0,0,0,,,,0,False,no_candidate_within_1deg,False,,,,,,
102076,2002-10-24T12:00:00Z,14.6,169.9,0,0,0,,,,0,False,no_candidate_within_1deg,False,,,,,,
102076,2002-10-24T15:00:00Z,13.3,169.7,0,0,0,,,,0,False,no_candidate_within_1deg,False,,,,,,
102076,2002-10-24T18:00:00Z,13.1,170.1,0,0,0,,,,0,False,no_candidate_within_1deg,False,,,,,,
102076,2002-10-24T21:00:00Z,14.3,168.9,0,0,0,,,,0,False,no_candidate_within_1deg,False,,,,,,
102090,2003-01-05T09:00:00Z,-6.9,79.7,0,0,0,,,,0,False,no_candidate_within_1deg,False,,,,,,
102090,2003-01-05T12:00:00Z,-7.5,80.8,0,0,0,,,,0,False,no_candidate_within_1deg,False,,,,,,
102090,2003-01-05T15:00:00Z,-8.0,82.0,0,0,0,,,,0,False,no_candidate_within_1deg,False,,,,,,
102090,2003-01-05T18:00:00Z,-8.2,79.9,0,0,0,,,,0,False,no_candidate_within_1deg,False,,,,,,
102090,2003-01-05T21:00:00Z,-8.0,78.2,0,0,0,,,,0,False,no_candidate_within_1deg,False,,,,,,
102090,2003-01-06T00:00:00Z,-7.8,76.6,0,0,0,,,,0,False,no_candidate_within_1deg,False,,,,,,
102090,2003-01-06T03:00:00Z,-8.2,73.1,0,0,0,,,,0,False,no_candidate_within_1deg,False,,,,,,
102090,2003-01-06T06:00:00Z,-9.1,72.6,0,0,0,,,,0,False,no_candidate_within_1deg,False,,,,,,
102090,2003-01-06T09:00:00Z,-9.9,72.1,0,0,0,,,,0,False,no_candidate_within_1deg,False,,,,,,
102097,2003-02-02T15:00:00Z,-7.4,94.4,0,0,0,,,,0,False,no_candidate_within_1deg,False,,,,,,
102097,2003-02-02T18:00:00Z,-8.0,94.3,0,0,0,,,,0,False,no_candidate_within_1deg,False,,,,,,
102097,2003-02-02T21:00:00Z,-8.5,95.2,0,0,0,,,,0,False,no_candidate_within_1deg,False,,,,,,
102097,2003-02-03T00:00:00Z,-10.2,95.9,0,0,0,,,,0,False,no_candidate_within_1deg,False,,,,,,
102097,2003-02-03T03:00:00Z,-11.7,99.4,0,0,0,,,,0,False,no_candidate_within_1deg,False,,,,,,
102097,2003-02-03T06:00:00Z,-11.4,98.3,0,0,0,,,,0,False,no_candidate_within_1deg,False,,,,,,
102097,2003-02-03T09:00:00Z,-11.3,97.3,0,0,0,,,,0,False,no_candidate_within_1deg,False,,,,,,
102097,2003-02-03T12:00:00Z,-11.5,98.5,0,0,0,,,,0,False,no_candidate_within_1deg,False,,,,,,
102097,2003-02-03T15:00:00Z,-11.2,97.9,0,0,0,,,,0,False,no_candidate_within_1deg,False,,,,,,
102103,2003-02-28T03:00:00Z,-11.1,100.0,0,0,0,,,,0,False,no_candidate_within_1deg,False,,,,,,
102103,2003-02-28T06:00:00Z,-11.7,98.5,0,0,0,,,,0,False,no_candidate_within_1deg,False,,,,,,
102103,2003-02-28T09:00:00Z,-11.8,98.8,0,0,0,,,,0,False,no_candidate_within_1deg,False,,,,,,
102103,2003-02-28T12:00:00Z,-11.9,99.2,0,0,0,,,,0,False,no_candidate_within_1deg,False,,,,,,
102103,2003-02-28T15:00:00Z,-11.9,99.5,0,0,0,,,,0,False,no_candidate_within_1deg,False,,,,,,
102103,2003-02-28T18:00:00Z,-12.0,99.9,0,0,0,,,,0,False,no_candidate_within_1deg,False,,,,,,
102103,2003-02-28T21:00:00Z,-13.0,103.1,0,0,0,,,,0,False,no_candidate_within_1deg,False,,,,,,
102103,2003-03-01T00:00:00Z,-12.4,100.7,0,0,0,,,,0,False,no_candidate_within_1deg,False,,,,,,
102103,2003-03-01T03:00:00Z,-12.5,101.8,0,0,0,,,,0,False,no_candidate_within_1deg,False,,,,,,
102109,2003-04-07T03:00:00Z,-0.6,160.5,0,0,0,,,,0,False,no_candidate_within_1deg,False,,,,,,
102109,2003-04-07T06:00:00Z,-0.1,160.2,0,0,0,,,,0,False,no_candidate_within_1deg,False,,,,,,
102109,2003-04-07T09:00:00Z,0.4,159.9,0,0,0,,,,0,False,no_candidate_within_1deg,False,,,,,,
102109,2003-04-07T12:00:00Z,0.9,159.5,0,0,0,,,,0,False,no_candidate_within_1deg,False,,,,,,
102109,2003-04-07T15:00:00Z,1.4,159.2,0,0,0,,,,0,False,no_candidate_within_1deg,False,,,,,,
102109,2003-04-07T18:00:00Z,1.8,159.1,0,0,0,,,,0,False,no_candidate_within_1deg,False,,,,,,
102109,2003-04-07T21:00:00Z,2.1,159.0,0,0,0,,,,0,False,no_candidate_within_1deg,False,,,,,,
102109,2003-04-08T00:00:00Z,2.5,158.8,0,0,0,,,,0,False,no_candidate_within_1deg,False,,,,,,
102109,2003-04-08T03:00:00Z,2.8,158.7,0,0,0,,,,0,False,no_candidate_within_1deg,False,,,,,,
102113,2003-05-07T09:00:00Z,2.2,89.3,0,0,0,,,,0,False,no_candidate_within_1deg,False,,,,,,
102113,2003-05-07T12:00:00Z,3.7,88.3,0,0,0,,,,0,False,no_candidate_within_1deg,False,,,,,,
102113,2003-05-07T15:00:00Z,5.1,87.3,0,0,0,,,,0,False,no_candidate_within_1deg,False,,,,,,
102113,2003-05-07T18:00:00Z,6.1,87.7,0,0,0,,,,0,False,no_candidate_within_1deg,False,,,,,,
102113,2003-05-07T21:00:00Z,7.0,88.1,0,0,0,,,,0,False,no_candidate_within_1deg,False,,,,,,
102113,2003-05-08T00:00:00Z,6.4,89.1,0,0,0,,,,0,False,no_candidate_within_1deg,False,,,,,,
102113,2003-05-08T03:00:00Z,6.7,88.9,0,0,0,,,,0,False,no_candidate_within_1deg,False,,,,,,
102113,2003-05-08T06:00:00Z,6.9,88.7,1,1,0,742.7497450447804,46365.0,5923.0,0,False,no_candidate_within_1deg,False,,,,,,
102113,2003-05-08T09:00:00Z,7.2,88.5,1,1,0,661.3484328460966,46412.0,5923.0,0,False,no_candidate_within_1deg,False,,,,,,
102119,2003-06-02T21:00:00Z,-9.5,174.5,0,0,0,,,,0,False,no_candidate_within_1deg,False,,,,,,
102119,2003-06-03T00:00:00Z,-10.2,173.6,0,0,0,,,,0,False,no_candidate_within_1deg,False,,,,,,
102119,2003-06-03T03:00:00Z,-9.9,173.6,0,0,0,,,,0,False,no_candidate_within_1deg,False,,,,,,
102119,2003-06-03T06:00:00Z,-9.5,173.6,0,0,0,,,,0,False,no_candidate_within_1deg,False,,,,,,
102119,2003-06-03T09:00:00Z,-9.5,177.6,0,0,0,,,,0,False,no_candidate_within_1deg,False,,,,,,
102119,2003-06-03T12:00:00Z,-9.4,176.6,0,0,0,,,,0,False,no_candidate_within_1deg,False,,,,,,
102119,2003-06-03T15:00:00Z,-9.2,175.7,0,0,0,,,,0,False,no_candidate_within_1deg,False,,,,,,
102119,2003-06-03T18:00:00Z,-8.9,175.5,0,0,0,,,,0,False,no_candidate_within_1deg,False,,,,,,
102119,2003-06-03T21:00:00Z,-10.4,173.1,0,0,0,,,,0,False,no_candidate_within_1deg,False,,,,,,
102135,2003-07-29T15:00:00Z,13.4,133.0,3,2,1,4893.45475945728,77682.0,5941.0,0,False,no_candidate_within_1deg,False,,,,,,
102135,2003-07-29T18:00:00Z,10.6,130.4,3,3,0,4745.067676689934,77736.0,5941.0,0,False,no_candidate_within_1deg,False,,,,,,
102135,2003-07-29T21:00:00Z,11.1,128.7,3,3,0,4523.224188436868,77798.0,5941.0,0,False,no_candidate_within_1deg,False,,,,,,
102135,2003-07-30T00:00:00Z,11.5,126.9,3,3,0,4280.759445953074,77870.0,5941.0,0,False,no_candidate_within_1deg,False,,,,,,
102135,2003-07-30T03:00:00Z,12.7,125.2,3,3,0,4025.8909998999134,77937.0,5941.0,0,False,no_candidate_within_1deg,False,,,,,,
102135,2003-07-30T06:00:00Z,11.9,126.7,3,3,0,4207.93425781392,77998.0,5941.0,0,False,no_candidate_within_1deg,False,,,,,,
102135,2003-07-30T09:00:00Z,11.1,128.1,2,2,0,4388.636422978874,78049.0,5941.0,0,False,no_candidate_within_1deg,False,,,,,,
102135,2003-07-30T12:00:00Z,11.4,127.2,1,1,0,4291.36310560998,78097.0,5941.0,0,False,no_candidate_within_1deg,False,,,,,,
102135,2003-07-30T15:00:00Z,14.3,129.6,1,1,0,4421.858662428126,78155.0,5941.0,0,False,no_candidate_within_1deg,False,,,,,,
102136,2003-08-05T21:00:00Z,16.3,-112.8,0,0,0,,,,0,False,no_candidate_within_1deg,False,,,,,,
102136,2003-08-06T00:00:00Z,16.4,-113.7,0,0,0,,,,0,False,no_candidate_within_1deg,False,,,,,,
102136,2003-08-06T03:00:00Z,16.6,-114.6,0,0,0,,,,0,False,no_candidate_within_1deg,False,,,,,,
102136,2003-08-06T06:00:00Z,16.7,-115.5,0,0,0,,,,0,False,no_candidate_within_1deg,False,,,,,,
102136,2003-08-06T09:00:00Z,17.1,-116.6,0,0,0,,,,0,False,no_candidate_within_1deg,False,,,,,,
102136,2003-08-06T12:00:00Z,16.9,-115.2,0,0,0,,,,0,False,no_candidate_within_1deg,False,,,,,,
102136,2003-08-06T15:00:00Z,17.0,-114.3,0,0,0,,,,0,False,no_candidate_within_1deg,False,,,,,,
102136,2003-08-06T18:00:00Z,17.0,-113.4,0,0,0,,,,0,False,no_candidate_within_1deg,False,,,,,,
102136,2003-08-06T21:00:00Z,16.7,-115.5,0,0,0,,,,0,False,no_candidate_within_1deg,False,,,,,,
102136,2003-08-07T00:00:00Z,16.8,-115.4,0,0,0,,,,0,False,no_candidate_within_1deg,False,,,,,,
102136,2003-08-07T03:00:00Z,16.9,-115.3,0,0,0,,,,0,False,no_candidate_within_1deg,False,,,,,,
102138,2003-08-09T21:00:00Z,10.8,-136.7,1,0,1,,,,0,False,no_candidate_within_1deg,False,,,,,,
102138,2003-08-10T00:00:00Z,12.7,-135.3,1,1,0,14049.27626047628,82125.0,5945.0,0,False,no_candidate_within_1deg,False,,,,,,
102138,2003-08-10T03:00:00Z,13.2,-135.1,1,1,0,14038.069339114494,82166.0,5945.0,0,False,no_candidate_within_1deg,False,,,,,,
102138,2003-08-10T06:00:00Z,12.7,-136.3,1,1,0,13910.093805990231,82199.0,5945.0,0,False,no_candidate_within_1deg,False,,,,,,
102138,2003-08-10T09:00:00Z,13.6,-135.1,1,1,0,13886.725327266542,82234.0,5945.0,0,False,no_candidate_within_1deg,False,,,,,,
102138,2003-08-10T12:00:00Z,12.2,-137.2,1,1,0,13795.807936237039,82276.0,5945.0,0,False,no_candidate_within_1deg,False,,,,,,
102138,2003-08-10T15:00:00Z,12.0,-137.9,1,1,0,13740.657905473116,82322.0,5945.0,0,False,no_candidate_within_1deg,False,,,,,,
102138,2003-08-10T18:00:00Z,11.7,-138.5,1,1,0,13714.961627472814,82372.0,5945.0,0,False,no_candidate_within_1deg,False,,,,,,
102138,2003-08-10T21:00:00Z,12.0,-139.1,1,1,0,13681.558899700169,82426.0,5945.0,0,False,no_candidate_within_1deg,False,,,,,,
102140,2003-08-13T12:00:00Z,26.0,-73.8,1,1,0,13727.126668140287,83384.0,5945.0,0,False,no_candidate_within_1deg,False,,,,,,
102140,2003-08-13T15:00:00Z,26.0,-75.4,1,1,0,13769.803314958319,83428.0,5945.0,0,False,no_candidate_within_1deg,False,,,,,,
102140,2003-08-13T18:00:00Z,25.9,-75.1,1,1,0,13757.027185095747,83474.0,5945.0,0,False,no_candidate_within_1deg,False,,,,,,
102140,2003-08-13T21:00:00Z,26.0,-76.0,1,1,0,13757.359784572509,83521.0,5945.0,0,False,no_candidate_within_1deg,False,,,,,,
102140,2003-08-14T00:00:00Z,26.2,-76.8,1,1,0,13725.66183407199,83569.0,5945.0,0,False,no_candidate_within_1deg,False,,,,,,
102140,2003-08-14T03:00:00Z,26.3,-77.7,1,1,0,13735.703646429556,83616.0,5945.0,0,False,no_candidate_within_1deg,False,,,,,,
102140,2003-08-14T06:00:00Z,26.5,-78.9,1,1,0,13729.419271001696,83655.0,5945.0,0,False,no_candidate_within_1deg,False,,,,,,
102140,2003-08-14T09:00:00Z,25.8,-79.9,1,1,0,13829.376173147093,83698.0,5945.0,0,False,no_candidate_within_1deg,False,,,,,,
102140,2003-08-14T12:00:00Z,25.3,-81.3,1,1,0,13939.996074992674,83740.0,5945.0,0,False,no_candidate_within_1deg,False,,,,,,
102140,2003-08-14T15:00:00Z,25.0,-81.7,1,1,0,13992.756232015188,83782.0,5945.0,0,False,no_candidate_within_1deg,False,,,,,,
102146,2003-08-26T09:00:00Z,17.1,144.3,2,2,0,5900.120894153006,87916.0,5955.0,0,False,no_candidate_within_1deg,False,,,,,,
102146,2003-08-26T12:00:00Z,16.5,144.0,2,1,1,5856.661412654657,87954.0,5955.0,0,False,no_candidate_within_1deg,False,,,,,,
102146,2003-08-26T15:00:00Z,16.0,142.9,2,1,1,5737.725230112303,87987.0,5955.0,0,False,no_candidate_within_1deg,False,,,,,,
102146,2003-08-26T18:00:00Z,18.7,142.1,2,1,1,5575.758769268127,88029.0,5955.0,0,False,no_candidate_within_1deg,False,,,,,,
102146,2003-08-26T21:00:00Z,19.0,141.9,2,1,1,5540.949707991247,88070.0,5955.0,0,False,no_candidate_within_1deg,False,,,,,,
102146,2003-08-27T00:00:00Z,18.9,141.2,2,1,1,5465.84068413833,88108.0,5955.0,0,False,no_candidate_within_1deg,False,,,,,,
102146,2003-08-27T03:00:00Z,18.7,140.5,2,2,0,5427.895154510002,88147.0,5955.0,0,False,no_candidate_within_1deg,False,,,,,,
102146,2003-08-27T06:00:00Z,18.6,139.8,2,1,1,5467.333052057103,88181.0,5955.0,0,False,no_candidate_within_1deg,False,,,,,,
102146,2003-08-27T09:00:00Z,18.1,140.0,2,1,1,5502.576308060524,88215.0,5955.0,0,False,no_candidate_within_1deg,False,,,,,,
102151,2003-09-04T06:00:00Z,10.7,-26.9,1,1,0,11411.130505658452,90674.0,5955.0,0,False,no_candidate_within_1deg,False,,,,,,
102151,2003-09-04T09:00:00Z,11.6,-27.2,2,2,0,11326.980695710186,90712.0,5955.0,0,False,no_candidate_within_1deg,False,,,,,,
102151,2003-09-04T12:00:00Z,10.6,-27.4,2,1,1,11408.76169167028,90738.0,5955.0,0,False,no_candidate_within_1deg,False,,,,,,
102151,2003-09-04T15:00:00Z,10.7,-28.3,2,2,0,11500.032110989021,90760.0,5955.0,0,False,no_candidate_within_1deg,False,,,,,,
102151,2003-09-04T18:00:00Z,11.0,-29.3,2,2,0,11575.720817142112,90790.0,5955.0,0,False,no_candidate_within_1deg,False,,,,,,
102151,2003-09-04T21:00:00Z,11.7,-29.3,2,2,0,11537.802579511455,90818.0,5955.0,0,False,no_candidate_within_1deg,False,,,,,,
102151,2003-09-05T00:00:00Z,12.5,-29.3,1,1,0,12298.209067660662,90845.0,5958.0,0,False,no_candidate_within_1deg,False,,,,,,
102151,2003-09-05T03:00:00Z,13.2,-29.4,1,1,0,12224.411025145539,90881.0,5958.0,0,False,no_candidate_within_1deg,False,,,,,,
102151,2003-09-05T06:00:00Z,13.9,-29.4,1,1,0,12179.620832326022,90917.0,5958.0,0,False,no_candidate_within_1deg,False,,,,,,
102151,2003-09-05T09:00:00Z,14.5,-30.1,1,1,0,12327.536023084089,90947.0,5958.0,0,False,no_candidate_within_1deg,False,,,,,,
102151,2003-09-05T12:00:00Z,14.3,-30.7,1,1,0,12382.799952018526,90978.0,5958.0,0,False,no_candidate_within_1deg,False,,,,,,
102151,2003-09-05T15:00:00Z,14.6,-31.2,1,1,0,12315.941768443683,91015.0,5958.0,0,False,no_candidate_within_1deg,False,,,,,,
102151,2003-09-05T18:00:00Z,14.9,-32.2,1,1,0,12380.882439576186,91058.0,5958.0,0,False,no_candidate_within_1deg,False,,,,,,
102151,2003-09-05T21:00:00Z,14.6,-32.0,1,1,0,12378.82021048962,91101.0,5958.0,0,False,no_candidate_within_1deg,False,,,,,,
102152,2003-09-07T03:00:00Z,13.0,-19.8,1,1,0,10912.466547774884,91510.0,5958.0,0,False,no_candidate_within_1deg,False,,,,,,
102152,2003-09-07T06:00:00Z,12.7,-19.5,1,1,0,10964.88216780856,91550.0,5958.0,0,False,no_candidate_within_1deg,False,,,,,,
102152,2003-09-07T09:00:00Z,13.3,-19.4,1,1,0,10846.918250277675,91591.0,5958.0,0,False,no_candidate_within_1deg,False,,,,,,
102152,2003-09-07T12:00:00Z,13.4,-19.9,1,1,0,10838.09488662481,91622.0,5958.0,0,False,no_candidate_within_1deg,False,,,,,,
102152,2003-09-07T15:00:00Z,11.6,-20.8,1,1,0,11006.506634448751,91661.0,5958.0,0,False,no_candidate_within_1deg,False,,,,,,
102152,2003-09-07T18:00:00Z,11.0,-22.9,1,1,0,11215.974601860422,91704.0,5958.0,0,False,no_candidate_within_1deg,False,,,,,,
102152,2003-09-07T21:00:00Z,11.0,-20.5,1,1,0,10897.488299927309,91746.0,5958.0,0,False,no_candidate_within_1deg,False,,,,,,
102152,2003-09-08T00:00:00Z,11.3,-21.1,1,1,0,10934.929555290006,91790.0,5958.0,0,False,no_candidate_within_1deg,False,,,,,,
102152,2003-09-08T03:00:00Z,11.6,-21.7,1,1,0,10956.39320741279,91833.0,5958.0,0,False,no_candidate_within_1deg,False,,,,,,
102159,2003-09-26T15:00:00Z,25.3,-79.8,0,0,0,,,,0,False,no_candidate_within_1deg,False,,,,,,
102159,2003-09-26T18:00:00Z,27.4,-77.9,0,0,0,,,,0,False,no_candidate_within_1deg,False,,,,,,
102159,2003-09-26T21:00:00Z,24.2,-76.2,0,0,0,,,,0,False,no_candidate_within_1deg,False,,,,,,
102159,2003-09-27T00:00:00Z,22.8,-79.1,0,0,0,,,,0,False,no_candidate_within_1deg,False,,,,,,
102159,2003-09-27T03:00:00Z,19.1,-79.1,0,0,0,,,,0,False,no_candidate_within_1deg,False,,,,,,
102159,2003-09-27T06:00:00Z,18.8,-79.6,0,0,0,,,,0,False,no_candidate_within_1deg,False,,,,,,
102159,2003-09-27T09:00:00Z,18.4,-80.0,0,0,0,,,,0,False,no_candidate_within_1deg,False,,,,,,
102159,2003-09-27T12:00:00Z,18.1,-80.5,0,0,0,,,,0,False,no_candidate_within_1deg,False,,,,,,
102159,2003-09-27T15:00:00Z,17.6,-80.7,0,0,0,,,,0,False,no_candidate_within_1deg,False,,,,,,
102169,2003-10-19T03:00:00Z,10.3,-100.4,0,0,0,,,,0,False,no_candidate_within_1deg,False,,,,,,
102169,2003-10-19T06:00:00Z,9.9,-99.7,0,0,0,,,,0,False,no_candidate_within_1deg,False,,,,,,
102169,2003-10-19T09:00:00Z,9.6,-98.9,0,0,0,,,,0,False,no_candidate_within_1deg,False,,,,,,
102169,2003-10-19T12:00:00Z,9.2,-98.2,0,0,0,,,,0,False,no_candidate_within_1deg,False,,,,,,
102169,2003-10-19T15:00:00Z,8.8,-97.5,0,0,0,,,,0,False,no_candidate_within_1deg,False,,,,,,
102169,2003-10-19T18:00:00Z,9.2,-98.2,0,0,0,,,,0,False,no_candidate_within_1deg,False,,,,,,
102169,2003-10-19T21:00:00Z,9.5,-99.0,0,0,0,,,,0,False,no_candidate_within_1deg,False,,,,,,
102169,2003-10-20T00:00:00Z,9.9,-99.7,0,0,0,,,,0,False,no_candidate_within_1deg,False,,,,,,
102169,2003-10-20T03:00:00Z,10.2,-100.5,0,0,0,,,,0,False,no_candidate_within_1deg,False,,,,,,
102169,2003-10-20T06:00:00Z,9.7,-100.6,0,0,0,,,,0,False,no_candidate_within_1deg,False,,,,,,
102169,2003-10-20T09:00:00Z,9.8,-100.8,0,0,0,,,,0,False,no_candidate_within_1deg,False,,,,,,
102191,2004-02-09T15:00:00Z,6.9,152.8,0,0,0,,,,0,False,no_candidate_within_1deg,False,,,,,,
102191,2004-02-09T18:00:00Z,6.9,149.1,0,0,0,,,,0,False,no_candidate_within_1deg,False,,,,,,
102191,2004-02-09T21:00:00Z,6.9,151.3,0,0,0,,,,0,False,no_candidate_within_1deg,False,,,,,,
102191,2004-02-10T00:00:00Z,7.3,150.5,0,0,0,,,,0,False,no_candidate_within_1deg,False,,,,,,
102191,2004-02-10T03:00:00Z,7.6,149.8,0,0,0,,,,0,False,no_candidate_within_1deg,False,,,,,,
102191,2004-02-10T06:00:00Z,8.0,149.0,0,0,0,,,,0,False,no_candidate_within_1deg,False,,,,,,
102191,2004-02-10T09:00:00Z,8.3,148.2,0,0,0,,,,0,False,no_candidate_within_1deg,False,,,,,,
102191,2004-02-10T12:00:00Z,8.8,147.7,0,0,0,,,,0,False,no_candidate_within_1deg,False,,,,,,
102191,2004-02-10T15:00:00Z,9.4,147.3,0,0,0,,,,0,False,no_candidate_within_1deg,False,,,,,,
102195,2004-02-29T03:00:00Z,-13.8,73.5,0,0,0,,,,0,False,no_candidate_within_1deg,False,,,,,,
102195,2004-02-29T06:00:00Z,-13.9,72.9,0,0,0,,,,0,False,no_candidate_within_1deg,False,,,,,,
102195,2004-02-29T09:00:00Z,-11.0,74.8,0,0,0,,,,0,False,no_candidate_within_1deg,False,,,,,,
102195,2004-02-29T12:00:00Z,-12.2,75.2,0,0,0,,,,0,False,no_candidate_within_1deg,False,,,,,,
102195,2004-02-29T15:00:00Z,-13.0,71.6,0,0,0,,,,0,False,no_candidate_within_1deg,False,,,,,,
102195,2004-02-29T18:00:00Z,-13.4,71.0,0,0,0,,,,0,False,no_candidate_within_1deg,False,,,,,,
102195,2004-02-29T21:00:00Z,-12.8,70.8,0,0,0,,,,0,False,no_candidate_within_1deg,False,,,,,,
102195,2004-03-01T00:00:00Z,-12.2,70.7,0,0,0,,,,0,False,no_candidate_within_1deg,False,,,,,,
102195,2004-03-01T03:00:00Z,-15.1,71.2,0,0,0,,,,0,False,no_candidate_within_1deg,False,,,,,,
102196,2004-03-06T09:00:00Z,-13.0,91.8,0,0,0,,,,0,False,no_candidate_within_1deg,False,,,,,,
102196,2004-03-06T12:00:00Z,-13.9,89.1,0,0,0,,,,0,False,no_candidate_within_1deg,False,,,,,,
102196,2004-03-06T15:00:00Z,-14.2,88.2,0,0,0,,,,0,False,no_candidate_within_1deg,False,,,,,,
102196,2004-03-06T18:00:00Z,-14.6,87.8,0,0,0,,,,0,False,no_candidate_within_1deg,False,,,,,,
102196,2004-03-06T21:00:00Z,-14.5,88.0,0,0,0,,,,0,False,no_candidate_within_1deg,False,,,,,,
102196,2004-03-07T00:00:00Z,-14.3,86.8,0,0,0,,,,0,False,no_candidate_within_1deg,False,,,,,,
102196,2004-03-07T03:00:00Z,-14.8,88.4,0,0,0,,,,0,False,no_candidate_within_1deg,False,,,,,,
102196,2004-03-07T06:00:00Z,-15.3,90.1,0,0,0,,,,0,False,no_candidate_within_1deg,False,,,,,,
102196,2004-03-07T09:00:00Z,-15.3,90.1,0,0,0,,,,0,False,no_candidate_within_1deg,False,,,,,,
102207,2004-05-11T21:00:00Z,10.0,134.7,0,0,0,,,,0,False,no_candidate_within_1deg,False,,,,,,
102207,2004-05-12T00:00:00Z,10.1,134.5,0,0,0,,,,0,False,no_candidate_within_1deg,False,,,,,,
102207,2004-05-12T03:00:00Z,10.1,134.3,0,0,0,,,,0,False,no_candidate_within_1deg,False,,,,,,
102207,2004-05-12T06:00:00Z,10.2,134.1,0,0,0,,,,0,False,no_candidate_within_1deg,False,,,,,,
102207,2004-05-12T09:00:00Z,9.4,133.0,0,0,0,,,,0,False,no_candidate_within_1deg,False,,,,,,
102207,2004-05-12T12:00:00Z,8.5,132.0,0,0,0,,,,0,False,no_candidate_within_1deg,False,,,,,,
102207,2004-05-12T15:00:00Z,7.7,130.9,0,0,0,,,,0,False,no_candidate_within_1deg,False,,,,,,
102207,2004-05-12T18:00:00Z,8.0,133.1,0,0,0,,,,0,False,no_candidate_within_1deg,False,,,,,,
102207,2004-05-12T21:00:00Z,8.1,132.9,0,0,0,,,,0,False,no_candidate_within_1deg,False,,,,,,
102210,2004-05-13T15:00:00Z,8.2,88.3,1,1,0,582.7945199180817,47349.0,5995.0,0,False,no_candidate_within_1deg,False,,,,,,
102210,2004-05-13T18:00:00Z,9.4,89.1,2,2,0,346.4059570073468,47408.0,5995.0,0,False,no_candidate_within_1deg,False,,,,,,
102210,2004-05-13T21:00:00Z,10.4,88.3,2,2,0,318.1601318508146,47470.0,5995.0,0,False,no_candidate_within_1deg,False,,,,,,
102210,2004-05-14T00:00:00Z,11.4,87.4,2,1,1,383.5809443272405,47535.0,5995.0,0,False,no_candidate_within_1deg,False,,,,,,
102210,2004-05-14T03:00:00Z,12.3,86.6,2,1,1,604.319211963374,47597.0,5996.0,0,False,no_candidate_within_1deg,False,,,,,,
102210,2004-05-14T06:00:00Z,13.3,85.7,2,1,1,716.5111704181707,47662.0,5996.0,0,False,no_candidate_within_1deg,False,,,,,,
102210,2004-05-14T09:00:00Z,13.0,86.0,2,1,1,697.4579102835435,47722.0,5995.0,0,False,no_candidate_within_1deg,False,,,,,,
102210,2004-05-14T12:00:00Z,12.7,86.2,2,1,1,681.1076164549925,47780.0,5996.0,0,False,no_candidate_within_1deg,False,,,,,,
102210,2004-05-14T15:00:00Z,15.1,86.1,2,1,1,592.9684875310293,47839.0,5995.0,0,False,no_candidate_within_1deg,False,,,,,,
102211,2004-05-20T15:00:00Z,11.1,-105.9,1,1,0,15149.507220863678,50096.0,5995.0,0,False,no_candidate_within_1deg,False,,,,,,
102211,2004-05-20T18:00:00Z,14.6,-105.2,0,0,0,,,,0,False,no_candidate_within_1deg,False,,,,,,
102211,2004-05-20T21:00:00Z,11.2,-107.3,0,0,0,,,,0,False,no_candidate_within_1deg,False,,,,,,
102211,2004-05-21T00:00:00Z,11.8,-106.4,0,0,0,,,,0,False,no_candidate_within_1deg,False,,,,,,
102211,2004-05-21T03:00:00Z,12.3,-105.5,0,0,0,,,,0,False,no_candidate_within_1deg,False,,,,,,
102211,2004-05-21T06:00:00Z,13.9,-105.8,0,0,0,,,,0,False,no_candidate_within_1deg,False,,,,,,
102211,2004-05-21T09:00:00Z,15.5,-106.1,0,0,0,,,,0,False,no_candidate_within_1deg,False,,,,,,
102211,2004-05-21T12:00:00Z,13.9,-108.5,0,0,0,,,,0,False,no_candidate_within_1deg,False,,,,,,
102211,2004-05-21T15:00:00Z,14.7,-107.2,0,0,0,,,,0,False,no_candidate_within_1deg,False,,,,,,
102211,2004-05-21T18:00:00Z,15.6,-105.9,0,0,0,,,,0,False,no_candidate_within_1deg,False,,,,,,
102211,2004-05-21T21:00:00Z,16.4,-104.6,0,0,0,,,,0,False,no_candidate_within_1deg,False,,,,,,
102212,2004-06-03T03:00:00Z,14.6,119.4,0,0,0,,,,0,False,no_candidate_within_1deg,False,,,,,,
102212,2004-06-03T06:00:00Z,14.2,120.0,0,0,0,,,,0,False,no_candidate_within_1deg,False,,,,,,
102212,2004-06-03T09:00:00Z,13.9,120.5,0,0,0,,,,0,False,no_candidate_within_1deg,False,,,,,,
102212,2004-06-03T12:00:00Z,13.5,121.1,0,0,0,,,,0,False,no_candidate_within_1deg,False,,,,,,
102212,2004-06-03T15:00:00Z,13.9,118.3,0,0,0,,,,0,False,no_candidate_within_1deg,False,,,,,,
102212,2004-06-03T18:00:00Z,16.3,116.5,0,0,0,,,,0,False,no_candidate_within_1deg,False,,,,,,
102212,2004-06-03T21:00:00Z,16.0,116.3,0,0,0,,,,0,False,no_candidate_within_1deg,False,,,,,,
102212,2004-06-04T00:00:00Z,15.7,116.2,0,0,0,,,,0,False,no_candidate_within_1deg,False,,,,,,
102212,2004-06-04T03:00:00Z,15.4,116.0,0,0,0,,,,0,False,no_candidate_within_1deg,False,,,,,,
102216,2004-06-23T15:00:00Z,8.5,157.3,0,0,0,,,,0,False,no_candidate_within_1deg,False,,,,,,
102216,2004-06-23T18:00:00Z,9.9,157.0,0,0,0,,,,0,False,no_candidate_within_1deg,False,,,,,,
102216,2004-06-23T21:00:00Z,11.1,155.0,0,0,0,,,,0,False,no_candidate_within_1deg,False,,,,,,
102216,2004-06-24T00:00:00Z,12.2,153.0,0,0,0,,,,0,False,no_candidate_within_1deg,False,,,,,,
102216,2004-06-24T03:00:00Z,11.9,154.3,0,0,0,,,,0,False,no_candidate_within_1deg,False,,,,,,
102216,2004-06-24T06:00:00Z,11.8,154.2,0,0,0,,,,0,False,no_candidate_within_1deg,False,,,,,,
102216,2004-06-24T09:00:00Z,11.7,154.1,0,0,0,,,,0,False,no_candidate_within_1deg,False,,,,,,
102216,2004-06-24T12:00:00Z,11.6,154.1,0,0,0,,,,0,False,no_candidate_within_1deg,False,,,,,,
102216,2004-06-24T15:00:00Z,11.5,154.0,0,0,0,,,,0,False,no_candidate_within_1deg,False,,,,,,
102217,2004-07-01T09:00:00Z,14.1,-116.7,1,1,0,15498.872101722796,66050.0,6020.0,0,False,no_candidate_within_1deg,False,,,,,,
102217,2004-07-01T12:00:00Z,14.8,-115.1,1,1,0,15527.70670779539,66087.0,6020.0,0,False,no_candidate_within_1deg,False,,,,,,
102217,2004-07-01T15:00:00Z,15.3,-115.1,1,1,0,15438.580739731495,66123.0,6020.0,0,False,no_candidate_within_1deg,False,,,,,,
102217,2004-07-01T18:00:00Z,15.3,-115.2,1,1,0,15394.403176626593,66163.0,6020.0,0,False,no_candidate_within_1deg,False,,,,,,
102217,2004-07-01T21:00:00Z,13.2,-118.2,1,1,0,15416.389509802486,66201.0,6020.0,0,False,no_candidate_within_1deg,False,,,,,,
102217,2004-07-02T00:00:00Z,13.5,-118.5,1,1,0,15360.001391240585,66249.0,6020.0,0,False,no_candidate_within_1deg,False,,,,,,
102217,2004-07-02T03:00:00Z,14.5,-118.7,1,1,0,15301.33321242222,66301.0,6020.0,0,False,no_candidate_within_1deg,False,,,,,,
102217,2004-07-02T06:00:00Z,15.5,-118.9,1,1,0,15261.217788747255,66348.0,6020.0,0,False,no_candidate_within_1deg,False,,,,,,
102217,2004-07-02T09:00:00Z,16.4,-119.2,1,1,0,15169.769410350556,66387.0,6020.0,0,False,no_candidate_within_1deg,False,,,,,,
102225,2004-07-30T15:00:00Z,26.4,-71.9,0,0,0,,,,0,False,no_candidate_within_1deg,False,,,,,,
102225,2004-07-30T18:00:00Z,26.1,-71.4,0,0,0,,,,0,False,no_candidate_within_1deg,False,,,,,,
102225,2004-07-30T21:00:00Z,25.8,-71.0,0,0,0,,,,0,False,no_candidate_within_1deg,False,,,,,,
102225,2004-07-31T00:00:00Z,26.6,-72.6,0,0,0,,,,0,False,no_candidate_within_1deg,False,,,,,,
102225,2004-07-31T03:00:00Z,27.4,-74.2,0,0,0,,,,0,False,no_candidate_within_1deg,False,,,,,,
102225,2004-07-31T06:00:00Z,28.1,-75.8,0,0,0,,,,0,False,no_candidate_within_1deg,False,,,,,,
102225,2004-07-31T09:00:00Z,28.3,-76.7,0,0,0,,,,0,False,no_candidate_within_1deg,False,,,,,,
102225,2004-07-31T12:00:00Z,28.5,-77.4,0,0,0,,,,0,False,no_candidate_within_1deg,False,,,,,,
102225,2004-07-31T15:00:00Z,28.8,-77.9,0,0,0,,,,0,False,no_candidate_within_1deg,False,,,,,,
102227,2004-08-01T15:00:00Z,16.4,166.3,2,2,0,8489.520902475131,77747.0,6028.0,0,False,no_candidate_within_1deg,False,,,,,,
102227,2004-08-01T18:00:00Z,15.9,166.4,2,2,0,8440.996026807485,77797.0,6028.0,0,False,no_candidate_within_1deg,False,,,,,,
102227,2004-08-01T21:00:00Z,14.8,165.0,2,1,1,9616.813750063906,77844.0,6027.0,0,False,no_candidate_within_1deg,False,,,,,,
102227,2004-08-02T00:00:00Z,14.1,164.5,2,1,1,9568.90726114992,77899.0,6027.0,0,False,no_candidate_within_1deg,False,,,,,,
102227,2004-08-02T03:00:00Z,15.9,165.2,2,1,1,9559.888767552316,77945.0,6027.0,0,False,no_candidate_within_1deg,False,,,,,,
102227,2004-08-02T06:00:00Z,17.7,166.0,2,2,0,8111.709790029527,77975.0,6028.0,0,False,no_candidate_within_1deg,False,,,,,,
102227,2004-08-02T09:00:00Z,15.6,164.4,2,2,0,8058.369086505669,78012.0,6028.0,0,False,no_candidate_within_1deg,False,,,,,,
102227,2004-08-02T12:00:00Z,15.2,164.3,2,2,0,8076.734155552735,78062.0,6028.0,0,False,no_candidate_within_1deg,False,,,,,,
102227,2004-08-02T15:00:00Z,14.7,163.8,2,2,0,8092.122923981809,78112.0,6028.0,0,False,no_candidate_within_1deg,False,,,,,,
102231,2004-08-08T06:00:00Z,12.0,-50.4,3,1,2,13753.665191199605,80057.0,6027.0,0,False,no_candidate_within_1deg,False,,,,,,
102231,2004-08-08T09:00:00Z,12.2,-50.8,3,1,2,13749.136028656774,80095.0,6027.0,0,False,no_candidate_within_1deg,False,,,,,,
102231,2004-08-08T12:00:00Z,12.7,-50.9,3,2,1,13659.673168674031,80126.0,6027.0,0,False,no_candidate_within_1deg,False,,,,,,
102231,2004-08-08T15:00:00Z,12.8,-51.0,2,1,1,13748.821193906882,80161.0,6027.0,0,False,no_candidate_within_1deg,False,,,,,,
102231,2004-08-08T18:00:00Z,13.1,-53.3,2,1,1,13951.675561661188,80207.0,6027.0,0,False,no_candidate_within_1deg,False,,,,,,
102231,2004-08-08T21:00:00Z,13.4,-54.4,2,1,1,14053.126790452769,80256.0,6027.0,0,False,no_candidate_within_1deg,False,,,,,,
102231,2004-08-09T00:00:00Z,13.5,-54.3,2,1,1,13905.799451861154,80312.0,6027.0,0,False,no_candidate_within_1deg,False,,,,,,
102231,2004-08-09T03:00:00Z,12.1,-56.4,3,2,1,14108.235582739158,80367.0,6028.0,0,False,no_candidate_within_1deg,False,,,,,,
102231,2004-08-09T06:00:00Z,12.5,-56.9,3,2,1,14126.31890802074,80421.0,6028.0,0,False,no_candidate_within_1deg,False,,,,,,
102231,2004-08-09T09:00:00Z,12.3,-58.0,3,2,1,14262.238343999596,80470.0,6028.0,0,False,no_candidate_within_1deg,False,,,,,,
102233,2004-08-12T00:00:00Z,8.1,-14.7,2,2,0,10604.912894428182,81331.0,6033.0,0,False,no_candidate_within_1deg,False,,,,,,
102233,2004-08-12T03:00:00Z,7.8,-15.0,2,2,0,10692.489969307206,81368.0,6033.0,0,False,no_candidate_within_1deg,False,,,,,,
102233,2004-08-12T06:00:00Z,10.5,-15.5,1,1,0,11025.485630526156,81400.0,6027.0,0,False,no_candidate_within_1deg,False,,,,,,
102233,2004-08-12T09:00:00Z,10.4,-15.6,1,1,0,11054.27444274758,81434.0,6027.0,0,False,no_candidate_within_1deg,False,,,,,,
102233,2004-08-12T12:00:00Z,10.8,-16.3,1,1,0,11007.39148863262,81468.0,6027.0,0,False,no_candidate_within_1deg,False,,,,,,
102233,2004-08-12T15:00:00Z,10.6,-17.5,1,1,0,11062.855893203021,81504.0,6027.0,0,False,no_candidate_within_1deg,False,,,,,,
102233,2004-08-12T18:00:00Z,11.3,-20.1,1,1,0,11266.317337184739,81539.0,6027.0,0,False,no_candidate_within_1deg,False,,,,,,
102233,2004-08-12T21:00:00Z,9.3,-21.0,1,1,0,11420.47116495887,81573.0,6027.0,0,False,no_candidate_within_1deg,False,,,,,,
102233,2004-08-13T00:00:00Z,11.2,-22.1,1,1,0,11393.658543617134,81611.0,6027.0,0,False,no_candidate_within_1deg,False,,,,,,
102233,2004-08-13T03:00:00Z,8.8,-22.9,1,1,0,11577.410193565796,81647.0,6027.0,0,False,no_candidate_within_1deg,False,,,,,,
102233,2004-08-13T06:00:00Z,11.6,-21.5,1,1,0,11257.51081761002,81682.0,6027.0,0,False,no_candidate_within_1deg,False,,,,,,
102233,2004-08-13T09:00:00Z,11.1,-21.9,1,1,0,11241.658968897516,81709.0,6027.0,0,False,no_candidate_within_1deg,False,,,,,,
102240,2004-08-23T18:00:00Z,9.0,-29.3,2,2,0,11311.017647695588,85291.0,6037.0,0,False,no_candidate_within_1deg,False,,,,,,
102240,2004-08-23T21:00:00Z,10.4,-28.9,2,2,0,11193.20824083208,85337.0,6037.0,0,False,no_candidate_within_1deg,False,,,,,,
102240,2004-08-24T00:00:00Z,10.5,-29.1,2,2,0,11166.321406550009,85385.0,6037.0,0,False,no_candidate_within_1deg,False,,,,,,
102240,2004-08-24T03:00:00Z,10.5,-29.4,2,2,0,11188.14483890357,85422.0,6037.0,0,False,no_candidate_within_1deg,False,,,,,,
102240,2004-08-24T06:00:00Z,10.6,-30.5,2,2,0,11258.51590399963,85452.0,6037.0,0,False,no_candidate_within_1deg,False,,,,,,
102240,2004-08-24T09:00:00Z,10.6,-31.7,2,1,1,11367.214579660887,85476.0,6037.0,0,False,no_candidate_within_1deg,False,,,,,,
102240,2004-08-24T12:00:00Z,9.9,-33.9,2,1,1,11605.846610795465,85503.0,6037.0,0,False,no_candidate_within_1deg,False,,,,,,
102240,2004-08-24T15:00:00Z,9.2,-34.8,2,2,0,11736.284751489571,85527.0,6037.0,0,False,no_candidate_within_1deg,False,,,,,,
102240,2004-08-24T18:00:00Z,11.8,-34.4,2,2,0,11561.417156203068,85560.0,6037.0,0,False,no_candidate_within_1deg,False,,,,,,
102240,2004-08-24T21:00:00Z,9.4,-36.9,1,1,0,11924.152274233402,85595.0,6037.0,0,False,no_candidate_within_1deg,False,,,,,,
102248,2004-09-01T06:00:00Z,11.0,-20.3,0,0,0,,,,0,False,no_candidate_within_1deg,False,,,,,,
102248,2004-09-01T09:00:00Z,11.5,-20.1,0,0,0,,,,0,False,no_candidate_within_1deg,False,,,,,,
102248,2004-09-01T12:00:00Z,10.8,-20.8,0,0,0,,,,0,False,no_candidate_within_1deg,False,,,,,,
102248,2004-09-01T15:00:00Z,10.0,-22.4,0,0,0,,,,0,False,no_candidate_within_1deg,False,,,,,,
102248,2004-09-01T18:00:00Z,9.8,-23.3,0,0,0,,,,0,False,no_candidate_within_1deg,False,,,,,,
102248,2004-09-01T21:00:00Z,8.3,-25.1,0,0,0,,,,0,False,no_candidate_within_1deg,False,,,,,,
102248,2004-09-02T00:00:00Z,9.4,-24.6,0,0,0,,,,0,False,no_candidate_within_1deg,False,,,,,,
102248,2004-09-02T03:00:00Z,9.4,-25.5,0,0,0,,,,0,False,no_candidate_within_1deg,False,,,,,,
102248,2004-09-02T06:00:00Z,10.8,-25.4,0,0,0,,,,0,False,no_candidate_within_1deg,False,,,,,,
102248,2004-09-02T09:00:00Z,11.1,-26.5,0,0,0,,,,0,False,no_candidate_within_1deg,False,,,,,,
102248,2004-09-02T12:00:00Z,9.7,-27.3,0,0,0,,,,0,False,no_candidate_within_1deg,False,,,,,,
102248,2004-09-02T15:00:00Z,8.3,-29.3,0,0,0,,,,0,False,no_candidate_within_1deg,False,,,,,,
102251,2004-09-06T09:00:00Z,30.5,-39.5,0,0,0,,,,0,False,no_candidate_within_1deg,False,,,,,,
102251,2004-09-06T12:00:00Z,30.6,-39.3,0,0,0,,,,0,False,no_candidate_within_1deg,False,,,,,,
102251,2004-09-06T15:00:00Z,30.6,-39.2,0,0,0,,,,0,False,no_candidate_within_1deg,False,,,,,,
102251,2004-09-06T18:00:00Z,30.7,-39.0,0,0,0,,,,0,False,no_candidate_within_1deg,False,,,,,,
102251,2004-09-06T21:00:00Z,31.0,-38.6,0,0,0,,,,0,False,no_candidate_within_1deg,False,,,,,,
102251,2004-09-07T00:00:00Z,31.5,-38.4,0,0,0,,,,0,False,no_candidate_within_1deg,False,,,,,,
102251,2004-09-07T03:00:00Z,31.9,-37.8,1,1,0,11849.729861900681,89793.0,6046.0,0,False,no_candidate_within_1deg,False,,,,,,
102251,2004-09-07T06:00:00Z,32.0,-37.3,1,1,0,11806.158286557893,89829.0,6046.0,0,False,no_candidate_within_1deg,False,,,,,,
102251,2004-09-07T09:00:00Z,32.3,-37.4,1,1,0,11815.126177860493,89860.0,6046.0,0,False,no_candidate_within_1deg,False,,,,,,
102259,2004-09-30T03:00:00Z,8.1,140.5,2,2,0,5362.8773645878055,96911.0,6057.0,0,False,no_candidate_within_1deg,False,,,,,,
102259,2004-09-30T06:00:00Z,9.2,140.5,2,2,0,5404.979483620049,96944.0,6057.0,0,False,no_candidate_within_1deg,False,,,,,,
102259,2004-09-30T09:00:00Z,10.3,140.5,2,2,0,5422.451723366673,96976.0,6057.0,0,False,no_candidate_within_1deg,False,,,,,,
102259,2004-09-30T12:00:00Z,11.4,140.5,2,2,0,5317.639324358998,97012.0,6057.0,0,False,no_candidate_within_1deg,False,,,,,,
102259,2004-09-30T15:00:00Z,12.5,140.5,2,2,0,5423.217423866564,97043.0,6057.0,0,False,no_candidate_within_1deg,False,,,,,,
102259,2004-09-30T18:00:00Z,13.2,140.4,2,2,0,5488.7516541999685,97076.0,6057.0,0,False,no_candidate_within_1deg,False,,,,,,
102259,2004-09-30T21:00:00Z,12.5,140.1,2,2,0,5491.689664205448,97101.0,6057.0,0,False,no_candidate_within_1deg,False,,,,,,
102259,2004-10-01T00:00:00Z,11.8,139.8,2,2,0,5536.379261164463,97133.0,6057.0,0,False,no_candidate_within_1deg,False,,,,,,
102259,2004-10-01T03:00:00Z,11.1,139.6,2,2,0,5561.231371278909,97162.0,6057.0,0,False,no_candidate_within_1deg,False,,,,,,
102260,2004-10-03T15:00:00Z,11.1,-110.8,2,2,0,16295.608340270759,97691.0,6055.0,0,False,no_candidate_within_1deg,False,,,,,,
102260,2004-10-03T18:00:00Z,11.8,-107.1,2,2,0,16183.167940443105,97712.0,6055.0,0,False,no_candidate_within_1deg,False,,,,,,
102260,2004-10-03T21:00:00Z,11.3,-108.2,2,2,0,16257.513978809086,97733.0,6055.0,0,False,no_candidate_within_1deg,False,,,,,,
102260,2004-10-04T00:00:00Z,11.0,-107.9,2,2,0,16297.70539336201,97754.0,6055.0,0,False,no_candidate_within_1deg,False,,,,,,
102260,2004-10-04T03:00:00Z,11.3,-108.9,2,2,0,16304.006624874508,97781.0,6055.0,0,False,no_candidate_within_1deg,False,,,,,,
102260,2004-10-04T06:00:00Z,11.6,-109.7,2,2,0,16304.179685045556,97806.0,6055.0,0,False,no_candidate_within_1deg,False,,,,,,
102260,2004-10-04T09:00:00Z,11.8,-110.6,2,2,0,16304.944406114997,97837.0,6055.0,0,False,no_candidate_within_1deg,False,,,,,,
102260,2004-10-04T12:00:00Z,13.2,-112.2,2,2,0,16105.219863034257,97867.0,6057.0,0,False,no_candidate_within_1deg,False,,,,,,
102260,2004-10-04T15:00:00Z,12.8,-112.2,2,2,0,16158.224356262068,97894.0,6057.0,0,False,no_candidate_within_1deg,False,,,,,,
102261,2004-10-06T18:00:00Z,20.7,-93.8,2,2,0,15267.76006667372,98499.0,6055.0,0,False,no_candidate_within_1deg,False,,,,,,
102261,2004-10-06T21:00:00Z,21.0,-93.6,2,1,1,15240.884523449207,98536.0,6055.0,0,False,no_candidate_within_1deg,False,,,,,,
102261,2004-10-07T00:00:00Z,21.5,-93.3,2,2,0,15137.346441389585,98564.0,6057.0,0,False,no_candidate_within_1deg,False,,,,,,
102261,2004-10-07T03:00:00Z,22.3,-93.1,2,2,0,15000.17831427458,98593.0,6057.0,0,False,no_candidate_within_1deg,False,,,,,,
102261,2004-10-07T06:00:00Z,22.2,-94.5,2,2,0,14905.984790692963,98627.0,6057.0,0,False,no_candidate_within_1deg,False,,,,,,
102261,2004-10-07T09:00:00Z,22.0,-95.9,2,1,1,14878.259821579783,98660.0,6057.0,0,False,no_candidate_within_1deg,False,,,,,,
102261,2004-10-07T12:00:00Z,21.6,-94.9,2,2,0,14908.241902281125,98690.0,6057.0,0,False,no_candidate_within_1deg,False,,,,,,
102261,2004-10-07T15:00:00Z,21.2,-93.8,2,2,0,14937.912950792295,98719.0,6057.0,0,False,no_candidate_within_1deg,False,,,,,,
102261,2004-10-07T18:00:00Z,20.8,-92.8,2,2,0,14962.627274552515,98749.0,6057.0,0,False,no_candidate_within_1deg,False,,,,,,
102261,2004-10-07T21:00:00Z,21.7,-93.3,2,2,0,14833.576863077287,98783.0,6057.0,0,False,no_candidate_within_1deg,False,,,,,,
102261,2004-10-08T00:00:00Z,22.5,-93.8,2,2,0,14753.427397126845,98824.0,6057.0,0,False,no_candidate_within_1deg,False,,,,,,
102261,2004-10-08T03:00:00Z,23.4,-94.3,2,2,0,14664.28152807595,98859.0,6057.0,0,False,no_candidate_within_1deg,False,,,,,,
102261,2004-10-08T06:00:00Z,24.2,-94.8,2,2,0,14568.850896718637,98893.0,6057.0,0,False,no_candidate_within_1deg,False,,,,,,
102261,2004-10-08T09:00:00Z,25.0,-93.4,2,2,0,14471.15199299005,98928.0,6057.0,0,False,no_candidate_within_1deg,False,,,,,,
102263,2004-10-08T00:00:00Z,27.7,-61.8,2,2,0,12594.514986146021,98834.0,6055.0,0,False,no_candidate_within_1deg,False,,,,,,
102263,2004-10-08T03:00:00Z,28.2,-62.6,2,2,0,12609.65610954399,98869.0,6055.0,0,False,no_candidate_within_1deg,False,,,,,,
102263,2004-10-08T06:00:00Z,28.6,-63.4,2,2,0,12631.68157101055,98901.0,6055.0,0,False,no_candidate_within_1deg,False,,,,,,
102263,2004-10-08T09:00:00Z,29.1,-64.2,2,2,0,12638.58744650732,98937.0,6055.0,0,False,no_candidate_within_1deg,False,,,,,,
102263,2004-10-08T12:00:00Z,28.2,-64.4,1,1,0,13472.161124096514,98968.0,6057.0,0,False,no_candidate_within_1deg,False,,,,,,
102263,2004-10-08T15:00:00Z,28.4,-63.2,1,1,0,13463.15646707139,99009.0,6057.0,0,False,no_candidate_within_1deg,False,,,,,,
102263,2004-10-08T18:00:00Z,28.7,-63.5,1,1,0,13359.578482043653,99056.0,6057.0,0,False,no_candidate_within_1deg,False,,,,,,
102263,2004-10-08T21:00:00Z,28.8,-62.0,1,1,0,13266.393775348688,99102.0,6057.0,0,False,no_candidate_within_1deg,False,,,,,,
102263,2004-10-09T00:00:00Z,28.8,-60.5,1,1,0,13251.911058463871,99149.0,6057.0,0,False,no_candidate_within_1deg,False,,,,,,
102263,2004-10-09T03:00:00Z,29.3,-60.3,1,1,0,13065.898409388941,99215.0,6057.0,0,False,no_candidate_within_1deg,False,,,,,,
102263,2004-10-09T06:00:00Z,29.9,-60.0,0,0,0,,,,0,False,no_candidate_within_1deg,False,,,,,,
102263,2004-10-09T09:00:00Z,30.4,-59.8,0,0,0,,,,0,False,no_candidate_within_1deg,False,,,,,,
102263,2004-10-09T12:00:00Z,32.9,-61.6,0,0,0,,,,0,False,no_candidate_within_1deg,False,,,,,,
102263,2004-10-09T15:00:00Z,32.1,-61.8,0,0,0,,,,0,False,no_candidate_within_1deg,False,,,,,,
102263,2004-10-09T18:00:00Z,32.4,-63.4,0,0,0,,,,0,False,no_candidate_within_1deg,False,,,,,,
102263,2004-10-09T21:00:00Z,33.0,-63.8,0,0,0,,,,0,False,no_candidate_within_1deg,False,,,,,,
102264,2004-10-10T15:00:00Z,12.5,-97.5,0,0,0,,,,0,False,no_candidate_within_1deg,False,,,,,,
102264,2004-10-10T18:00:00Z,15.0,-97.1,0,0,0,,,,0,False,no_candidate_within_1deg,False,,,,,,
102264,2004-10-10T21:00:00Z,15.5,-97.2,0,0,0,,,,0,False,no_candidate_within_1deg,False,,,,,,
102264,2004-10-11T00:00:00Z,15.6,-96.9,0,0,0,,,,0,False,no_candidate_within_1deg,False,,,,,,
102264,2004-10-11T03:00:00Z,15.6,-97.1,0,0,0,,,,0,False,no_candidate_within_1deg,False,,,,,,
102264,2004-10-11T06:00:00Z,15.5,-97.3,0,0,0,,,,0,False,no_candidate_within_1deg,False,,,,,,
102264,2004-10-11T09:00:00Z,15.5,-97.5,0,0,0,,,,0,False,no_candidate_within_1deg,False,,,,,,
102264,2004-10-11T12:00:00Z,12.5,-97.5,0,0,0,,,,0,False,no_candidate_within_1deg,False,,,,,,
102264,2004-10-11T15:00:00Z,13.1,-97.4,0,0,0,,,,0,False,no_candidate_within_1deg,False,,,,,,
102268,2004-10-31T09:00:00Z,4.8,67.2,0,0,0,,,,0,False,no_candidate_within_1deg,False,,,,,,
102268,2004-10-31T12:00:00Z,6.2,67.0,0,0,0,,,,0,False,no_candidate_within_1deg,False,,,,,,
102268,2004-10-31T15:00:00Z,5.8,66.1,0,0,0,,,,0,False,no_candidate_within_1deg,False,,,,,,
102268,2004-10-31T18:00:00Z,5.0,65.2,0,0,0,,,,0,False,no_candidate_within_1deg,False,,,,,,
102268,2004-10-31T21:00:00Z,6.5,65.4,0,0,0,,,,0,False,no_candidate_within_1deg,False,,,,,,
102268,2004-11-01T00:00:00Z,7.9,65.6,0,0,0,,,,0,False,no_candidate_within_1deg,False,,,,,,
102268,2004-11-01T03:00:00Z,8.6,65.4,0,0,0,,,,0,False,no_candidate_within_1deg,False,,,,,,
102268,2004-11-01T06:00:00Z,9.4,65.1,0,0,0,,,,0,False,no_candidate_within_1deg,False,,,,,,
102268,2004-11-01T09:00:00Z,10.1,64.9,0,0,0,,,,0,False,no_candidate_within_1deg,False,,,,,,
102270,2004-11-12T12:00:00Z,5.2,138.9,0,0,0,,,,0,False,no_candidate_within_1deg,False,,,,,,
102270,2004-11-12T15:00:00Z,5.8,139.2,0,0,0,,,,0,False,no_candidate_within_1deg,False,,,,,,
102270,2004-11-12T18:00:00Z,6.3,139.5,0,0,0,,,,0,False,no_candidate_within_1deg,False,,,,,,
102270,2004-11-12T21:00:00Z,6.9,139.8,0,0,0,,,,0,False,no_candidate_within_1deg,False,,,,,,
102270,2004-11-13T00:00:00Z,6.4,137.7,0,0,0,,,,0,False,no_candidate_within_1deg,False,,,,,,
102270,2004-11-13T03:00:00Z,5.9,135.7,0,0,0,,,,0,False,no_candidate_within_1deg,False,,,,,,
102270,2004-11-13T06:00:00Z,6.3,134.0,0,0,0,,,,0,False,no_candidate_within_1deg,False,,,,,,
102270,2004-11-13T09:00:00Z,6.7,132.3,0,0,0,,,,0,False,no_candidate_within_1deg,False,,,,,,
102270,2004-11-13T12:00:00Z,9.8,133.5,0,0,0,,,,0,False,no_candidate_within_1deg,False,,,,,,
102270,2004-11-13T15:00:00Z,11.0,133.3,0,0,0,,,,0,False,no_candidate_within_1deg,False,,,,,,
102283,2005-01-10T15:00:00Z,0.4,92.5,0,0,0,,,,0,False,no_candidate_within_1deg,False,,,,,,
102283,2005-01-10T18:00:00Z,2.1,90.5,0,0,0,,,,0,False,no_candidate_within_1deg,False,,,,,,
102283,2005-01-10T21:00:00Z,2.1,90.8,0,0,0,,,,0,False,no_candidate_within_1deg,False,,,,,,
102283,2005-01-11T00:00:00Z,2.0,91.0,0,0,0,,,,0,False,no_candidate_within_1deg,False,,,,,,
102283,2005-01-11T03:00:00Z,2.5,91.3,0,0,0,,,,0,False,no_candidate_within_1deg,False,,,,,,
102283,2005-01-11T06:00:00Z,3.3,90.7,0,0,0,,,,0,False,no_candidate_within_1deg,False,,,,,,
102283,2005-01-11T09:00:00Z,4.1,90.1,0,0,0,,,,0,False,no_candidate_within_1deg,False,,,,,,
102283,2005-01-11T12:00:00Z,4.5,90.4,0,0,0,,,,0,False,no_candidate_within_1deg,False,,,,,,
102283,2005-01-11T15:00:00Z,4.2,90.5,0,0,0,,,,0,False,no_candidate_within_1deg,False,,,,,,
102286,2005-01-14T03:00:00Z,-5.8,87.1,0,0,0,,,,0,False,no_candidate_within_1deg,False,,,,,,
102286,2005-01-14T06:00:00Z,-6.5,86.7,0,0,0,,,,0,False,no_candidate_within_1deg,False,,,,,,
102286,2005-01-14T09:00:00Z,-6.2,87.0,0,0,0,,,,0,False,no_candidate_within_1deg,False,,,,,,
102286,2005-01-14T12:00:00Z,-6.0,87.3,0,0,0,,,,0,False,no_candidate_within_1deg,False,,,,,,
102286,2005-01-14T15:00:00Z,-5.7,87.6,0,0,0,,,,0,False,no_candidate_within_1deg,False,,,,,,
102286,2005-01-14T18:00:00Z,-5.7,87.4,0,0,0,,,,0,False,no_candidate_within_1deg,False,,,,,,
102286,2005-01-14T21:00:00Z,-5.9,87.2,0,0,0,,,,0,False,no_candidate_within_1deg,False,,,,,,
102286,2005-01-15T00:00:00Z,-6.0,87.0,0,0,0,,,,0,False,no_candidate_within_1deg,False,,,,,,
102286,2005-01-15T03:00:00Z,-6.2,87.7,0,0,0,,,,0,False,no_candidate_within_1deg,False,,,,,,
102303,2005-04-15T15:00:00Z,2.9,154.7,0,0,0,,,,0,False,no_candidate_within_1deg,False,,,,,,
102303,2005-04-15T18:00:00Z,3.2,154.5,0,0,0,,,,0,False,no_candidate_within_1deg,False,,,,,,
102303,2005-04-15T21:00:00Z,3.6,154.7,0,0,0,,,,0,False,no_candidate_within_1deg,False,,,,,,
102303,2005-04-16T00:00:00Z,4.7,153.3,0,0,0,,,,0,False,no_candidate_within_1deg,False,,,,,,
102303,2005-04-16T03:00:00Z,5.8,151.9,0,0,0,,,,0,False,no_candidate_within_1deg,False,,,,,,
102303,2005-04-16T06:00:00Z,6.9,150.5,0,0,0,,,,0,False,no_candidate_within_1deg,False,,,,,,
102303,2005-04-16T09:00:00Z,7.3,150.2,0,0,0,,,,0,False,no_candidate_within_1deg,False,,,,,,
102303,2005-04-16T12:00:00Z,7.9,151.5,0,0,0,,,,0,False,no_candidate_within_1deg,False,,,,,,
102303,2005-04-16T15:00:00Z,7.9,150.8,0,0,0,,,,0,False,no_candidate_within_1deg,False,,,,,,
102318,2005-07-20T03:00:00Z,19.5,-61.9,1,0,1,,,,0,False,no_candidate_within_1deg,False,,,,,,
102318,2005-07-20T06:00:00Z,18.4,-64.4,1,0,1,,,,0,False,no_candidate_within_1deg,False,,,,,,
102318,2005-07-20T09:00:00Z,20.2,-66.1,1,0,1,,,,0,False,no_candidate_within_1deg,False,,,,,,
102318,2005-07-20T12:00:00Z,22.1,-67.2,0,0,0,,,,0,False,no_candidate_within_1deg,False,,,,,,
102318,2005-07-20T15:00:00Z,22.6,-69.1,0,0,0,,,,0,False,no_candidate_within_1deg,False,,,,,,
102318,2005-07-20T18:00:00Z,22.0,-70.4,0,0,0,,,,0,False,no_candidate_within_1deg,False,,,,,,
102318,2005-07-20T21:00:00Z,22.1,-69.5,0,0,0,,,,0,False,no_candidate_within_1deg,False,,,,,,
102318,2005-07-21T00:00:00Z,20.1,-69.4,0,0,0,,,,0,False,no_candidate_within_1deg,False,,,,,,
102318,2005-07-21T03:00:00Z,21.7,-71.2,0,0,0,,,,0,False,no_candidate_within_1deg,False,,,,,,
102318,2005-07-21T06:00:00Z,23.3,-73.0,0,0,0,,,,0,False,no_candidate_within_1deg,False,,,,,,
102318,2005-07-21T09:00:00Z,24.5,-72.8,0,0,0,,,,0,False,no_candidate_within_1deg,False,,,,,,
102318,2005-07-21T12:00:00Z,24.5,-73.4,0,0,0,,,,0,False,no_candidate_within_1deg,False,,,,,,
102318,2005-07-21T15:00:00Z,24.4,-73.9,0,0,0,,,,0,False,no_candidate_within_1deg,False,,,,,,
102323,2005-08-01T06:00:00Z,24.2,-65.8,1,0,1,,,,0,False,no_candidate_within_1deg,False,,,,,,
102323,2005-08-01T09:00:00Z,24.1,-65.0,1,0,1,,,,0,False,no_candidate_within_1deg,False,,,,,,
102323,2005-08-01T12:00:00Z,24.9,-65.1,1,1,0,13345.01910796719,78197.0,6084.0,0,False,no_candidate_within_1deg,False,,,,,,
102323,2005-08-01T15:00:00Z,26.0,-67.7,1,1,0,13407.920491862944,78234.0,6084.0,0,False,no_candidate_within_1deg,False,,,,,,
102323,2005-08-01T18:00:00Z,26.0,-67.2,2,2,0,13348.674772169059,78268.0,6084.0,0,False,no_candidate_within_1deg,False,,,,,,
102323,2005-08-01T21:00:00Z,26.0,-66.7,2,1,1,13274.850170149233,78314.0,6084.0,0,False,no_candidate_within_1deg,False,,,,,,
102323,2005-08-02T00:00:00Z,26.2,-66.2,2,2,0,13195.904951924567,78378.0,6084.0,0,False,no_candidate_within_1deg,False,,,,,,
102323,2005-08-02T03:00:00Z,26.2,-68.5,2,2,0,13350.88604288538,78440.0,6084.0,0,False,no_candidate_within_1deg,False,,,,,,
102323,2005-08-02T06:00:00Z,26.5,-66.5,2,2,0,13140.10372648107,78493.0,6084.0,0,False,no_candidate_within_1deg,False,,,,,,
102323,2005-08-02T09:00:00Z,26.2,-65.8,3,2,1,12989.108151554172,78538.0,6087.0,0,False,no_candidate_within_1deg,False,,,,,,
102323,2005-08-02T12:00:00Z,25.8,-65.1,3,2,1,12923.579901944402,78583.0,6084.0,0,False,no_candidate_within_1deg,False,,,,,,
102323,2005-08-02T15:00:00Z,28.5,-67.7,3,2,1,12862.709858285372,78634.0,6084.0,0,False,no_candidate_within_1deg,False,,,,,,
102335,2005-08-24T06:00:00Z,21.6,-105.6,0,0,0,,,,0,False,no_candidate_within_1deg,False,,,,,,
102335,2005-08-24T09:00:00Z,21.6,-105.9,0,0,0,,,,0,False,no_candidate_within_1deg,False,,,,,,
102335,2005-08-24T12:00:00Z,20.2,-105.6,0,0,0,,,,0,False,no_candidate_within_1deg,False,,,,,,
102335,2005-08-24T15:00:00Z,17.1,-103.9,0,0,0,,,,0,False,no_candidate_within_1deg,False,,,,,,
102335,2005-08-24T18:00:00Z,18.8,-105.7,0,0,0,,,,0,False,no_candidate_within_1deg,False,,,,,,
102335,2005-08-24T21:00:00Z,18.5,-104.8,0,0,0,,,,0,False,no_candidate_within_1deg,False,,,,,,
102335,2005-08-25T00:00:00Z,18.3,-104.0,0,0,0,,,,0,False,no_candidate_within_1deg,False,,,,,,
102335,2005-08-25T03:00:00Z,18.0,-103.1,0,0,0,,,,0,False,no_candidate_within_1deg,False,,,,,,
102335,2005-08-25T06:00:00Z,18.4,-105.4,0,0,0,,,,0,False,no_candidate_within_1deg,False,,,,,,
102335,2005-08-25T09:00:00Z,17.8,-106.2,0,0,0,,,,0,False,no_candidate_within_1deg,False,,,,,,
102337,2005-08-27T15:00:00Z,17.9,153.2,0,0,0,,,,0,False,no_candidate_within_1deg,False,,,,,,
102337,2005-08-27T18:00:00Z,16.2,156.8,0,0,0,,,,0,False,no_candidate_within_1deg,False,,,,,,
102337,2005-08-27T21:00:00Z,17.4,153.5,0,0,0,,,,0,False,no_candidate_within_1deg,False,,,,,,
102337,2005-08-28T00:00:00Z,17.0,157.2,0,0,0,,,,0,False,no_candidate_within_1deg,False,,,,,,
102337,2005-08-28T03:00:00Z,17.0,156.0,0,0,0,,,,0,False,no_candidate_within_1deg,False,,,,,,
102337,2005-08-28T06:00:00Z,15.3,155.3,0,0,0,,,,0,False,no_candidate_within_1deg,False,,,,,,
102337,2005-08-28T09:00:00Z,14.2,155.0,0,0,0,,,,0,False,no_candidate_within_1deg,False,,,,,,
102337,2005-08-28T12:00:00Z,14.1,154.5,0,0,0,,,,0,False,no_candidate_within_1deg,False,,,,,,
102337,2005-08-28T15:00:00Z,14.1,154.1,0,0,0,,,,0,False,no_candidate_within_1deg,False,,,,,,
102341,2005-09-04T00:00:00Z,24.8,-67.7,1,1,0,15714.348396606305,89733.0,6097.0,0,False,no_candidate_within_1deg,False,,,,,,
102341,2005-09-04T03:00:00Z,24.4,-67.4,1,1,0,15710.899760186974,89773.0,6097.0,0,False,no_candidate_within_1deg,False,,,,,,
102341,2005-09-04T06:00:00Z,25.7,-67.5,1,1,0,15588.554597433002,89810.0,6097.0,0,False,no_candidate_within_1deg,False,,,,,,
102341,2005-09-04T09:00:00Z,27.1,-67.7,1,1,0,15474.337708619903,89842.0,6097.0,0,False,no_candidate_within_1deg,False,,,,,,
102341,2005-09-04T12:00:00Z,28.5,-67.8,1,1,0,15367.412040818383,89866.0,6097.0,0,False,no_candidate_within_1deg,False,,,,,,
102341,2005-09-04T15:00:00Z,29.8,-68.0,1,1,0,15258.707455289496,89898.0,6097.0,0,False,no_candidate_within_1deg,False,,,,,,
102341,2005-09-04T18:00:00Z,28.8,-67.7,1,1,0,15336.553193331027,89943.0,6097.0,0,False,no_candidate_within_1deg,False,,,,,,
102341,2005-09-04T21:00:00Z,27.8,-67.4,1,1,0,15407.920746809983,89981.0,6097.0,0,False,no_candidate_within_1deg,False,,,,,,
102341,2005-09-05T00:00:00Z,26.8,-67.2,1,1,0,15488.81795537696,90022.0,6097.0,0,False,no_candidate_within_1deg,False,,,,,,
102341,2005-09-05T03:00:00Z,25.8,-66.9,1,1,0,15550.990300687981,90062.0,6097.0,0,False,no_candidate_within_1deg,False,,,,,,
102341,2005-09-05T06:00:00Z,26.3,-65.9,1,0,1,,,,0,False,no_candidate_within_1deg,False,,,,,,
102341,2005-09-05T09:00:00Z,26.9,-65.0,1,0,1,,,,0,False,no_candidate_within_1deg,False,,,,,,
102341,2005-09-05T12:00:00Z,27.4,-64.0,1,1,0,14971.88622407655,90162.0,6097.0,0,False,no_candidate_within_1deg,False,,,,,,
102341,2005-09-05T15:00:00Z,26.7,-63.8,1,1,0,15003.271766371847,90191.0,6097.0,0,False,no_candidate_within_1deg,False,,,,,,
102344,2005-09-13T06:00:00Z,12.6,-132.1,2,2,0,14563.559864704963,92464.0,6099.0,0,False,no_candidate_within_1deg,False,,,,,,
102344,2005-09-13T09:00:00Z,12.6,-130.8,2,2,0,14682.949946396851,92494.0,6099.0,0,False,no_candidate_within_1deg,False,,,,,,
102344,2005-09-13T12:00:00Z,12.6,-129.4,2,2,0,14818.43038632955,92526.0,6099.0,0,False,no_candidate_within_1deg,False,,,,,,
102344,2005-09-13T15:00:00Z,11.9,-128.8,3,3,0,13433.532976242861,92557.0,6103.0,0,False,no_candidate_within_1deg,False,,,,,,
102344,2005-09-13T18:00:00Z,12.5,-127.8,3,3,0,13584.295681683887,92590.0,6103.0,0,False,no_candidate_within_1deg,False,,,,,,
102344,2005-09-13T21:00:00Z,13.2,-126.8,3,3,0,13694.560595117373,92629.0,6103.0,0,False,no_candidate_within_1deg,False,,,,,,
102344,2005-09-14T00:00:00Z,13.8,-125.7,3,3,0,13808.664401910617,92674.0,6103.0,0,False,no_candidate_within_1deg,False,,,,,,
102344,2005-09-14T03:00:00Z,14.4,-124.7,3,3,0,13938.500289632912,92721.0,6103.0,0,False,no_candidate_within_1deg,False,,,,,,
102344,2005-09-14T06:00:00Z,15.5,-121.7,3,3,0,14188.616807791497,92763.0,6103.0,0,False,no_candidate_within_1deg,False,,,,,,
102344,2005-09-14T09:00:00Z,14.3,-121.7,3,3,0,14302.504513124553,92799.0,6103.0,0,False,no_candidate_within_1deg,False,,,,,,
102344,2005-09-14T12:00:00Z,13.2,-121.6,3,3,0,14476.086027023455,92830.0,6103.0,0,False,no_candidate_within_1deg,False,,,,,,
102344,2005-09-14T15:00:00Z,12.0,-121.6,3,3,0,14708.302643024112,92857.0,6103.0,0,False,no_candidate_within_1deg,False,,,,,,
102348,2005-09-16T18:00:00Z,20.0,-61.9,3,3,0,13018.534331482302,93513.0,6105.0,0,False,no_candidate_within_1deg,False,,,,,,
102348,2005-09-16T21:00:00Z,18.9,-60.7,3,3,0,13026.12537635492,93559.0,6105.0,0,False,no_candidate_within_1deg,False,,,,,,
102348,2005-09-17T00:00:00Z,20.0,-62.9,3,3,0,13158.075862238884,93603.0,6105.0,0,False,no_candidate_within_1deg,False,,,,,,
102348,2005-09-17T03:00:00Z,21.1,-65.1,3,3,0,13270.484399282139,93645.0,6105.0,0,False,no_candidate_within_1deg,False,,,,,,
102348,2005-09-17T06:00:00Z,21.5,-64.9,3,3,0,13245.075350973075,93685.0,6105.0,0,False,no_candidate_within_1deg,False,,,,,,
102348,2005-09-17T09:00:00Z,21.9,-64.6,3,3,0,13200.165330293454,93727.0,6099.0,0,False,no_candidate_within_1deg,False,,,,,,
102348,2005-09-17T12:00:00Z,21.4,-64.4,3,3,0,13208.67656851781,93763.0,6099.0,0,False,no_candidate_within_1deg,False,,,,,,
102348,2005-09-17T15:00:00Z,21.1,-64.2,3,3,0,13202.420197891473,93800.0,6099.0,0,False,no_candidate_within_1deg,False,,,,,,
102348,2005-09-17T18:00:00Z,21.6,-65.4,3,3,0,13193.009115803086,93839.0,6099.0,0,False,no_candidate_within_1deg,False,,,,,,
102348,2005-09-17T21:00:00Z,22.1,-66.6,3,3,0,13183.327460848936,93870.0,6099.0,0,False,no_candidate_within_1deg,False,,,,,,
102355,2005-09-30T03:00:00Z,19.5,91.0,1,1,0,675.1657299327192,97069.0,6106.0,0,False,no_candidate_within_1deg,False,,,,,,
102355,2005-09-30T06:00:00Z,19.3,91.2,1,1,0,661.7170747835324,97100.0,6106.0,0,False,no_candidate_within_1deg,False,,,,,,
102355,2005-09-30T09:00:00Z,19.0,91.4,1,1,0,687.5424295774243,97134.0,6106.0,0,False,no_candidate_within_1deg,False,,,,,,
102355,2005-09-30T12:00:00Z,18.8,91.5,1,1,0,642.4048329528573,97171.0,6106.0,0,False,no_candidate_within_1deg,False,,,,,,
102355,2005-09-30T15:00:00Z,18.5,91.7,1,1,0,623.4696476206032,97207.0,6106.0,0,False,no_candidate_within_1deg,False,,,,,,
102355,2005-09-30T18:00:00Z,18.1,89.7,1,1,0,385.0051978110967,97247.0,6106.0,0,False,no_candidate_within_1deg,False,,,,,,
102355,2005-09-30T21:00:00Z,18.5,89.4,1,1,0,320.9167771055429,97280.0,6106.0,0,False,no_candidate_within_1deg,False,,,,,,
102355,2005-10-01T00:00:00Z,19.4,89.1,1,1,0,353.2872762786299,97312.0,6106.0,0,False,no_candidate_within_1deg,False,,,,,,
102355,2005-10-01T03:00:00Z,19.5,89.3,1,1,0,345.4396674704535,97341.0,6106.0,0,False,no_candidate_within_1deg,False,,,,,,
102356,2005-09-30T06:00:00Z,15.8,-83.1,1,1,0,16240.51498647339,97100.0,6106.0,0,False,no_candidate_within_1deg,False,,,,,,
102356,2005-09-30T09:00:00Z,16.7,-83.2,1,1,0,16154.002374682765,97134.0,6106.0,0,False,no_candidate_within_1deg,False,,,,,,
102356,2005-09-30T12:00:00Z,17.6,-83.4,1,1,0,16030.580291053537,97171.0,6106.0,0,False,no_candidate_within_1deg,False,,,,,,
102356,2005-09-30T15:00:00Z,18.5,-83.5,1,1,0,15915.000503885572,97207.0,6106.0,0,False,no_candidate_within_1deg,False,,,,,,
102356,2005-09-30T18:00:00Z,19.4,-83.7,1,1,0,15812.445411480427,97247.0,6106.0,0,False,no_candidate_within_1deg,False,,,,,,
102356,2005-09-30T21:00:00Z,19.3,-84.0,1,1,0,15778.036309605783,97280.0,6106.0,0,False,no_candidate_within_1deg,False,,,,,,
102356,2005-10-01T00:00:00Z,19.1,-84.3,1,1,0,15809.220706695583,97312.0,6106.0,0,False,no_candidate_within_1deg,False,,,,,,
102356,2005-10-01T03:00:00Z,19.0,-84.6,1,1,0,15805.71724240281,97341.0,6106.0,0,False,no_candidate_within_1deg,False,,,,,,
102356,2005-10-01T06:00:00Z,20.2,-83.9,1,1,0,15633.90695941621,97371.0,6106.0,0,False,no_candidate_within_1deg,False,,,,,,
102356,2005-10-01T09:00:00Z,17.9,-85.7,1,1,0,15892.723698886759,97401.0,6106.0,0,False,no_candidate_within_1deg,False,,,,,,
102358,2005-10-03T06:00:00Z,25.5,-71.6,1,1,0,14168.438012099126,97854.0,6106.0,0,False,no_candidate_within_1deg,False,,,,,,
102358,2005-10-03T09:00:00Z,23.5,-72.3,1,1,0,14350.315383879064,97878.0,6106.0,0,False,no_candidate_within_1deg,False,,,,,,
102358,2005-10-03T12:00:00Z,23.4,-72.4,1,1,0,14306.842322749118,97905.0,6106.0,0,False,no_candidate_within_1deg,False,,,,,,
102358,2005-10-03T15:00:00Z,23.5,-71.7,1,1,0,14251.34886805346,97926.0,6106.0,0,False,no_candidate_within_1deg,False,,,,,,
102358,2005-10-03T18:00:00Z,23.7,-70.9,1,1,0,14199.58928364317,97953.0,6106.0,0,False,no_candidate_within_1deg,False,,,,,,
102358,2005-10-03T21:00:00Z,23.8,-70.2,1,1,0,14154.16077506853,97979.0,6106.0,0,False,no_candidate_within_1deg,False,,,,,,
102358,2005-10-04T00:00:00Z,24.2,-71.4,1,1,0,14167.416855052408,98011.0,6106.0,0,False,no_candidate_within_1deg,False,,,,,,
102358,2005-10-04T03:00:00Z,24.6,-72.7,1,1,0,14151.180834812065,98045.0,6106.0,0,False,no_candidate_within_1deg,False,,,,,,
102358,2005-10-04T06:00:00Z,24.9,-73.9,1,1,0,14145.20115152106,98081.0,6106.0,0,False,no_candidate_within_1deg,False,,,,,,
102358,2005-10-04T09:00:00Z,25.3,-75.2,1,1,0,14132.724094453391,98120.0,6106.0,0,False,no_candidate_within_1deg,False,,,,,,
102358,2005-10-04T12:00:00Z,25.5,-75.7,1,1,0,14118.754132569986,98162.0,6106.0,0,False,no_candidate_within_1deg,False,,,,,,
102358,2005-10-04T15:00:00Z,25.7,-76.3,1,1,0,14112.411155667487,98204.0,6106.0,0,False,no_candidate_within_1deg,False,,,,,,
102358,2005-10-04T18:00:00Z,25.8,-76.8,1,1,0,14113.074861016066,98246.0,6106.0,0,False,no_candidate_within_1deg,False,,,,,,
102358,2005-10-04T21:00:00Z,26.0,-77.4,1,1,0,14105.998698026144,98290.0,6106.0,0,False,no_candidate_within_1deg,False,,,,,,
102358,2005-10-05T00:00:00Z,26.5,-77.3,1,1,0,14048.750856726365,98336.0,6106.0,0,False,no_candidate_within_1deg,False,,,,,,
102358,2005-10-05T03:00:00Z,27.0,-77.2,1,1,0,14005.376013834863,98370.0,6106.0,0,False,no_candidate_within_1deg,False,,,,,,
102359,2005-10-05T03:00:00Z,16.3,115.6,1,1,0,3086.214441396464,98370.0,6106.0,0,False,no_candidate_within_1deg,False,,,,,,
102359,2005-10-05T06:00:00Z,16.9,116.0,1,1,0,3096.943253305953,98397.0,6106.0,0,False,no_candidate_within_1deg,False,,,,,,
102359,2005-10-05T09:00:00Z,17.2,115.8,1,1,0,3060.1786632996254,98427.0,6106.0,0,False,no_candidate_within_1deg,False,,,,,,
102359,2005-10-05T12:00:00Z,17.4,115.5,1,1,0,3007.432446255961,98459.0,6106.0,0,False,no_candidate_within_1deg,False,,,,,,
102359,2005-10-05T15:00:00Z,17.7,114.8,1,1,0,2911.1173344440235,98493.0,6106.0,0,False,no_candidate_within_1deg,False,,,,,,
102359,2005-10-05T18:00:00Z,17.7,113.9,1,1,0,2802.9227028213686,98531.0,6106.0,0,False,no_candidate_within_1deg,False,,,,,,
102359,2005-10-05T21:00:00Z,18.1,113.9,1,1,0,2774.8489539852585,98573.0,6106.0,0,False,no_candidate_within_1deg,False,,,,,,
102359,2005-10-06T00:00:00Z,17.7,112.5,1,1,0,2634.343881095512,98611.0,6106.0,0,False,no_candidate_within_1deg,False,,,,,,
102359,2005-10-06T03:00:00Z,18.4,113.1,1,1,0,2664.002317860263,98648.0,6106.0,0,False,no_candidate_within_1deg,False,,,,,,
102364,2005-10-13T21:00:00Z,10.1,-101.1,0,0,0,,,,0,False,no_candidate_within_1deg,False,,,,,,
102364,2005-10-14T00:00:00Z,10.0,-101.1,0,0,0,,,,0,False,no_candidate_within_1deg,False,,,,,,
102364,2005-10-14T03:00:00Z,10.0,-101.2,0,0,0,,,,0,False,no_candidate_within_1deg,False,,,,,,
102364,2005-10-14T06:00:00Z,10.2,-101.6,0,0,0,,,,0,False,no_candidate_within_1deg,False,,,,,,
102364,2005-10-14T09:00:00Z,10.3,-101.9,0,0,0,,,,0,False,no_candidate_within_1deg,False,,,,,,
102364,2005-10-14T12:00:00Z,10.4,-102.2,0,0,0,,,,0,False,no_candidate_within_1deg,False,,,,,,
102364,2005-10-14T15:00:00Z,10.3,-101.1,0,0,0,,,,0,False,no_candidate_within_1deg,False,,,,,,
102364,2005-10-14T18:00:00Z,10.2,-100.1,0,0,0,,,,0,False,no_candidate_within_1deg,False,,,,,,
102364,2005-10-14T21:00:00Z,10.3,-100.9,0,0,0,,,,0,False,no_candidate_within_1deg,False,,,,,,
102373,2005-11-12T21:00:00Z,10.0,-55.5,0,0,0,,,,0,False,no_candidate_within_1deg,False,,,,,,
102373,2005-11-13T00:00:00Z,9.4,-55.7,0,0,0,,,,0,False,no_candidate_within_1deg,False,,,,,,
102373,2005-11-13T03:00:00Z,12.7,-55.7,0,0,0,,,,0,False,no_candidate_within_1deg,False,,,,,,
102373,2005-11-13T06:00:00Z,12.5,-55.5,0,0,0,,,,0,False,no_candidate_within_1deg,False,,,,,,
102373,2005-11-13T09:00:00Z,12.0,-55.1,0,0,0,,,,0,False,no_candidate_within_1deg,False,,,,,,
102373,2005-11-13T12:00:00Z,11.8,-57.0,0,0,0,,,,0,False,no_candidate_within_1deg,False,,,,,,
102373,2005-11-13T15:00:00Z,11.8,-57.9,0,0,0,,,,0,False,no_candidate_within_1deg,False,,,,,,
102373,2005-11-13T18:00:00Z,11.8,-58.8,0,0,0,,,,0,False,no_candidate_within_1deg,False,,,,,,
102373,2005-11-13T21:00:00Z,11.8,-59.7,0,0,0,,,,0,False,no_candidate_within_1deg,False,,,,,,
102378,2005-12-03T03:00:00Z,11.0,95.3,2,2,0,313.83725498604065,115643.0,6112.0,0,False,no_candidate_within_1deg,False,,,,,,
102378,2005-12-03T06:00:00Z,11.8,95.7,2,2,0,407.48560023724843,115689.0,6112.0,0,False,no_candidate_within_1deg,False,,,,,,
102378,2005-12-03T09:00:00Z,11.1,95.5,2,2,0,347.1921653624121,115735.0,6112.0,0,False,no_candidate_within_1deg,False,,,,,,
102378,2005-12-03T12:00:00Z,10.4,95.3,2,2,0,311.0070097039656,115783.0,6112.0,0,False,no_candidate_within_1deg,False,,,,,,
102378,2005-12-03T15:00:00Z,9.7,95.1,2,2,0,234.52631902607175,115828.0,6112.0,0,False,no_candidate_within_1deg,False,,,,,,
102378,2005-12-03T18:00:00Z,9.9,94.9,2,2,0,240.68543358176896,115875.0,6112.0,0,False,no_candidate_within_1deg,False,,,,,,
102378,2005-12-03T21:00:00Z,8.3,92.0,2,2,0,229.6423395274639,115922.0,6112.0,0,False,no_candidate_within_1deg,False,,,,,,
102378,2005-12-04T00:00:00Z,9.2,92.5,2,2,0,202.92448145064319,115966.0,6112.0,0,False,no_candidate_within_1deg,False,,,,,,
102378,2005-12-04T03:00:00Z,9.3,91.3,2,2,0,284.28210310526947,116005.0,6112.0,0,False,no_candidate_within_1deg,False,,,,,,
102393,2006-02-21T06:00:00Z,-8.0,77.7,0,0,0,,,,0,False,no_candidate_within_1deg,False,,,,,,
102393,2006-02-21T09:00:00Z,-8.5,77.2,0,0,0,,,,0,False,no_candidate_within_1deg,False,,,,,,
102393,2006-02-21T12:00:00Z,-9.1,76.6,0,0,0,,,,0,False,no_candidate_within_1deg,False,,,,,,
102393,2006-02-21T15:00:00Z,-9.6,76.1,0,0,0,,,,0,False,no_candidate_within_1deg,False,,,,,,
102393,2006-02-21T18:00:00Z,-10.7,77.1,0,0,0,,,,0,False,no_candidate_within_1deg,False,,,,,,
102393,2006-02-21T21:00:00Z,-11.7,78.0,0,0,0,,,,0,False,no_candidate_within_1deg,False,,,,,,
102393,2006-02-22T00:00:00Z,-12.8,79.0,0,0,0,,,,0,False,no_candidate_within_1deg,False,,,,,,
102393,2006-02-22T03:00:00Z,-9.7,78.0,0,0,0,,,,0,False,no_candidate_within_1deg,False,,,,,,
102393,2006-02-22T06:00:00Z,-10.7,78.5,0,0,0,,,,0,False,no_candidate_within_1deg,False,,,,,,
102393,2006-02-22T09:00:00Z,-11.7,79.0,0,0,0,,,,0,False,no_candidate_within_1deg,False,,,,,,
102396,2006-02-28T03:00:00Z,-8.9,52.4,0,0,0,,,,0,False,no_candidate_within_1deg,False,,,,,,
102396,2006-02-28T06:00:00Z,-9.3,53.5,0,0,0,,,,0,False,no_candidate_within_1deg,False,,,,,,
102396,2006-02-28T09:00:00Z,-9.7,54.6,0,0,0,,,,0,False,no_candidate_within_1deg,False,,,,,,
102396,2006-02-28T12:00:00Z,-10.0,55.7,0,0,0,,,,0,False,no_candidate_within_1deg,False,,,,,,
102396,2006-02-28T15:00:00Z,-10.4,56.8,0,0,0,,,,0,False,no_candidate_within_1deg,False,,,,,,
102396,2006-02-28T18:00:00Z,-12.3,57.4,0,0,0,,,,0,False,no_candidate_within_1deg,False,,,,,,
102396,2006-02-28T21:00:00Z,-14.2,58.0,0,0,0,,,,0,False,no_candidate_within_1deg,False,,,,,,
102396,2006-03-01T00:00:00Z,-14.4,57.7,0,0,0,,,,0,False,no_candidate_within_1deg,False,,,,,,
102396,2006-03-01T03:00:00Z,-14.5,57.5,0,0,0,,,,0,False,no_candidate_within_1deg,False,,,,,,
102408,2006-06-09T00:00:00Z,21.2,-78.4,1,1,0,14893.390349826688,56028.0,6131.0,0,False,no_candidate_within_1deg,False,,,,,,
102408,2006-06-09T03:00:00Z,20.4,-78.4,1,1,0,14996.260699420456,56058.0,6131.0,0,False,no_candidate_within_1deg,False,,,,,,
102408,2006-06-09T06:00:00Z,19.7,-78.5,1,1,0,15096.96978474736,56089.0,6131.0,0,False,no_candidate_within_1deg,False,,,,,,
102408,2006-06-09T09:00:00Z,19.1,-80.1,1,1,0,15200.474511895654,56120.0,6131.0,0,False,no_candidate_within_1deg,False,,,,,,
102408,2006-06-09T12:00:00Z,18.5,-81.7,1,1,0,15286.463154425695,56148.0,6131.0,0,False,no_candidate_within_1deg,False,,,,,,
102408,2006-06-09T15:00:00Z,17.9,-83.3,1,1,0,15356.214785409398,56181.0,6131.0,0,False,no_candidate_within_1deg,False,,,,,,
102408,2006-06-09T18:00:00Z,18.3,-82.7,1,1,0,15296.777523133562,56220.0,6131.0,0,False,no_candidate_within_1deg,False,,,,,,
102408,2006-06-09T21:00:00Z,18.6,-82.0,1,1,0,15262.51177254212,56254.0,6131.0,0,False,no_candidate_within_1deg,False,,,,,,
102408,2006-06-10T00:00:00Z,19.2,-81.6,1,1,0,15144.983912386579,56291.0,6131.0,0,False,no_candidate_within_1deg,False,,,,,,
102408,2006-06-10T03:00:00Z,19.7,-81.2,1,1,0,15094.404604765772,56323.0,6131.0,0,False,no_candidate_within_1deg,False,,,,,,
102411,2006-06-29T15:00:00Z,16.4,87.0,2,1,1,409.42219131793536,63709.0,6134.0,0,False,no_candidate_within_1deg,False,,,,,,
102411,2006-06-29T18:00:00Z,16.0,86.5,2,1,1,478.6824119498517,63764.0,6134.0,0,False,no_candidate_within_1deg,False,,,,,,
102411,2006-06-29T21:00:00Z,15.6,86.1,1,1,0,420.9391924050384,63824.0,6135.0,0,False,no_candidate_within_1deg,False,,,,,,
102411,2006-06-30T00:00:00Z,16.1,85.2,1,1,0,509.89987451918137,63884.0,6135.0,0,False,no_candidate_within_1deg,False,,,,,,
102411,2006-06-30T03:00:00Z,12.7,83.8,1,1,0,930.6303084530267,63945.0,6135.0,0,False,no_candidate_within_1deg,False,,,,,,
102411,2006-06-30T06:00:00Z,13.3,86.1,1,1,0,736.4814209073832,64004.0,6135.0,0,False,no_candidate_within_1deg,False,,,,,,
102411,2006-06-30T09:00:00Z,14.7,89.4,1,1,0,485.2304990543017,64064.0,6135.0,0,False,no_candidate_within_1deg,False,,,,,,
102411,2006-06-30T12:00:00Z,15.4,92.0,1,1,0,487.58611638764705,64116.0,6135.0,0,False,no_candidate_within_1deg,False,,,,,,
102411,2006-06-30T15:00:00Z,16.6,89.9,1,1,0,333.5819873510564,64167.0,6135.0,0,False,no_candidate_within_1deg,False,,,,,,
102419,2006-07-20T06:00:00Z,10.4,-103.6,2,2,0,16154.744258043802,71313.0,6152.0,0,False,no_candidate_within_1deg,False,,,,,,
102419,2006-07-20T09:00:00Z,10.7,-103.8,2,2,0,16099.303378521332,71349.0,6152.0,0,False,no_candidate_within_1deg,False,,,,,,
102419,2006-07-20T12:00:00Z,10.9,-103.9,2,2,0,16092.957321327971,71386.0,6152.0,0,False,no_candidate_within_1deg,False,,,,,,
102419,2006-07-20T15:00:00Z,11.2,-104.1,2,2,0,16040.013206734724,71425.0,6152.0,0,False,no_candidate_within_1deg,False,,,,,,
102419,2006-07-20T18:00:00Z,12.1,-104.2,2,2,0,15959.897394271198,71466.0,6152.0,0,False,no_candidate_within_1deg,False,,,,,,
102419,2006-07-20T21:00:00Z,13.0,-104.4,2,2,0,15888.077391807274,71518.0,6151.0,0,False,no_candidate_within_1deg,False,,,,,,
102419,2006-07-21T00:00:00Z,13.9,-104.5,2,1,1,15691.187457778027,71565.0,6151.0,0,False,no_candidate_within_1deg,False,,,,,,
102419,2006-07-21T03:00:00Z,13.2,-104.6,2,2,0,15812.592835885776,71611.0,6151.0,0,False,no_candidate_within_1deg,False,,,,,,
102419,2006-07-21T06:00:00Z,12.5,-104.7,2,2,0,15919.568553667912,71653.0,6151.0,0,False,no_candidate_within_1deg,False,,,,,,
102419,2006-07-21T09:00:00Z,11.7,-104.7,2,2,0,16055.308235476052,71693.0,6151.0,0,False,no_candidate_within_1deg,False,,,,,,
102421,2006-07-30T21:00:00Z,11.1,-102.9,4,4,0,16033.093778929138,75273.0,6163.0,0,False,no_candidate_within_1deg,False,,,,,,
102421,2006-07-31T00:00:00Z,11.3,-103.2,3,3,0,15978.59482734572,75323.0,6163.0,0,False,no_candidate_within_1deg,False,,,,,,
102421,2006-07-31T03:00:00Z,11.4,-103.5,3,3,0,15958.710263880308,75369.0,6163.0,0,False,no_candidate_within_1deg,False,,,,,,
102421,2006-07-31T06:00:00Z,11.6,-104.4,3,3,0,15923.050367931844,75414.0,6163.0,0,False,no_candidate_within_1deg,False,,,,,,
102421,2006-07-31T09:00:00Z,11.8,-105.4,3,3,0,15885.114146106449,75454.0,6163.0,0,False,no_candidate_within_1deg,False,,,,,,
102421,2006-07-31T12:00:00Z,12.0,-106.3,3,3,0,15822.254351146374,75495.0,6163.0,0,False,no_candidate_within_1deg,False,,,,,,
102421,2006-07-31T15:00:00Z,11.7,-106.2,3,3,0,15864.346377657801,75537.0,6163.0,0,False,no_candidate_within_1deg,False,,,,,,
102421,2006-07-31T18:00:00Z,12.8,-105.0,4,4,0,15783.093801166311,75581.0,6163.0,0,False,no_candidate_within_1deg,False,,,,,,
102421,2006-07-31T21:00:00Z,12.7,-105.6,4,3,1,15795.438650742974,75629.0,6163.0,0,False,no_candidate_within_1deg,False,,,,,,
102425,2006-08-02T15:00:00Z,21.9,159.0,2,2,0,7526.681230686348,76145.0,6171.0,0,False,no_candidate_within_1deg,False,,,,,,
102425,2006-08-02T18:00:00Z,21.6,159.9,2,2,0,7662.033671408852,76188.0,6171.0,0,False,no_candidate_within_1deg,False,,,,,,
102425,2006-08-02T21:00:00Z,21.8,159.5,2,1,1,7639.722515766917,76229.0,6171.0,0,False,no_candidate_within_1deg,False,,,,,,
102425,2006-08-03T00:00:00Z,22.0,159.3,2,1,1,7641.022548188931,76277.0,6171.0,0,False,no_candidate_within_1deg,False,,,,,,
102425,2006-08-03T03:00:00Z,21.8,159.4,2,1,1,7669.485369516602,76327.0,6171.0,0,False,no_candidate_within_1deg,False,,,,,,
102425,2006-08-03T06:00:00Z,21.5,159.5,2,1,1,7711.848709727307,76366.0,6171.0,0,False,no_candidate_within_1deg,False,,,,,,
102425,2006-08-03T09:00:00Z,22.1,156.4,2,2,0,7415.684419028127,76400.0,6171.0,0,False,no_candidate_within_1deg,False,,,,,,
102425,2006-08-03T12:00:00Z,22.3,156.1,2,2,0,7412.661086862145,76436.0,6171.0,0,False,no_candidate_within_1deg,False,,,,,,
102425,2006-08-03T15:00:00Z,22.2,155.3,2,1,1,7375.237011718502,76486.0,6171.0,0,False,no_candidate_within_1deg,False,,,,,,
102429,2006-08-14T21:00:00Z,8.8,-132.9,2,2,0,14360.492021414979,80480.0,6182.0,0,False,no_candidate_within_1deg,False,,,,,,
102429,2006-08-15T00:00:00Z,10.2,-134.0,1,1,0,14235.808637662694,80519.0,6182.0,0,False,no_candidate_within_1deg,False,,,,,,
102429,2006-08-15T03:00:00Z,9.8,-134.0,1,1,0,14271.89292209318,80561.0,6182.0,0,False,no_candidate_within_1deg,False,,,,,,
102429,2006-08-15T06:00:00Z,9.4,-133.9,1,1,0,14305.384325759172,80605.0,6182.0,0,False,no_candidate_within_1deg,False,,,,,,
102429,2006-08-15T09:00:00Z,9.0,-133.9,1,1,0,14376.92279099243,80651.0,6182.0,0,False,no_candidate_within_1deg,False,,,,,,
102429,2006-08-15T12:00:00Z,8.5,-134.4,1,1,0,14335.884931796876,80693.0,6182.0,0,False,no_candidate_within_1deg,False,,,,,,
102429,2006-08-15T15:00:00Z,8.1,-137.4,1,1,0,14137.988547782714,80735.0,6182.0,0,False,no_candidate_within_1deg,False,,,,,,
102429,2006-08-15T18:00:00Z,8.0,-138.6,1,1,0,14068.322008302936,80775.0,6182.0,0,False,no_candidate_within_1deg,False,,,,,,
102429,2006-08-15T21:00:00Z,7.8,-139.9,1,1,0,13974.483959470585,80818.0,6182.0,0,False,no_candidate_within_1deg,False,,,,,,
102434,2006-08-23T12:00:00Z,10.6,-54.0,3,2,1,12806.188145870674,83191.0,6182.0,0,False,no_candidate_within_1deg,False,,,,,,
102434,2006-08-23T15:00:00Z,10.0,-55.5,3,2,1,13001.843157365396,83226.0,6182.0,0,False,no_candidate_within_1deg,False,,,,,,
102434,2006-08-23T18:00:00Z,10.6,-55.0,3,2,1,12939.719922627366,83260.0,6182.0,0,False,no_candidate_within_1deg,False,,,,,,
102434,2006-08-23T21:00:00Z,11.2,-54.5,3,3,0,12851.857224744928,83292.0,6182.0,0,False,no_candidate_within_1deg,False,,,,,,
102434,2006-08-24T00:00:00Z,11.6,-55.9,3,2,1,12952.36804534352,83334.0,6182.0,0,False,no_candidate_within_1deg,False,,,,,,
102434,2006-08-24T03:00:00Z,12.0,-56.6,3,2,1,12991.34187629654,83374.0,6182.0,0,False,no_candidate_within_1deg,False,,,,,,
102434,2006-08-24T06:00:00Z,11.1,-58.5,3,2,1,13194.73062128192,83415.0,6182.0,0,False,no_candidate_within_1deg,False,,,,,,
102434,2006-08-24T09:00:00Z,10.7,-59.2,2,2,0,13274.412600372123,83452.0,6182.0,0,False,no_candidate_within_1deg,False,,,,,,
102434,2006-08-24T12:00:00Z,10.6,-60.9,2,2,0,13418.080315165596,83483.0,6182.0,0,False,no_candidate_within_1deg,False,,,,,,
102434,2006-08-24T15:00:00Z,11.7,-58.0,3,3,0,13116.711633212466,83516.0,6182.0,0,False,no_candidate_within_1deg,False,,,,,,
102436,2006-08-28T06:00:00Z,15.6,-112.7,1,1,0,15450.876606006092,84764.0,6189.0,0,False,no_candidate_within_1deg,False,,,,,,
102436,2006-08-28T09:00:00Z,15.7,-113.2,1,1,0,15413.19771073855,84809.0,6189.0,0,False,no_candidate_within_1deg,False,,,,,,
102436,2006-08-28T12:00:00Z,15.7,-113.7,1,1,0,15383.082963338205,84856.0,6189.0,0,False,no_candidate_within_1deg,False,,,,,,
102436,2006-08-28T15:00:00Z,13.1,-113.8,1,1,0,15613.163488025568,84905.0,6189.0,0,False,no_candidate_within_1deg,False,,,,,,
102436,2006-08-28T18:00:00Z,13.5,-114.4,1,1,0,15566.975186330938,84949.0,6189.0,0,False,no_candidate_within_1deg,False,,,,,,
102436,2006-08-28T21:00:00Z,14.0,-115.0,1,1,0,15498.192719023411,84989.0,6189.0,0,False,no_candidate_within_1deg,False,,,,,,
102436,2006-08-29T00:00:00Z,14.4,-115.6,1,1,0,15438.789872746493,85029.0,6189.0,0,False,no_candidate_within_1deg,False,,,,,,
102436,2006-08-29T03:00:00Z,14.8,-116.2,1,1,0,15383.32533825351,85071.0,6189.0,0,False,no_candidate_within_1deg,False,,,,,,
102436,2006-08-29T06:00:00Z,14.5,-117.9,1,1,0,15328.731170987154,85105.0,6189.0,0,False,no_candidate_within_1deg,False,,,,,,
102436,2006-08-29T09:00:00Z,14.9,-116.4,1,1,0,15386.274421400873,85139.0,6189.0,0,False,no_candidate_within_1deg,False,,,,,,
102436,2006-08-29T12:00:00Z,15.8,-114.6,1,1,0,15400.684755252118,85179.0,6189.0,0,False,no_candidate_within_1deg,False,,,,,,
102436,2006-08-29T15:00:00Z,15.1,-114.5,1,1,0,15488.4665602881,85224.0,6189.0,0,False,no_candidate_within_1deg,False,,,,,,
102436,2006-08-29T18:00:00Z,14.4,-114.3,1,1,0,15601.504487433194,85266.0,6189.0,0,False,no_candidate_within_1deg,False,,,,,,
102436,2006-08-29T21:00:00Z,13.6,-114.2,1,1,0,15699.247368085988,85310.0,6189.0,0,False,no_candidate_within_1deg,False,,,,,,
102437,2006-09-02T15:00:00Z,10.2,-35.8,2,2,0,11357.025174922454,86692.0,6189.0,0,False,no_candidate_within_1deg,False,,,,,,
102437,2006-09-02T18:00:00Z,10.2,-36.4,2,2,0,11393.956038640978,86743.0,6189.0,0,False,no_candidate_within_1deg,False,,,,,,
102437,2006-09-02T21:00:00Z,10.2,-37.1,2,2,0,11451.14874461115,86793.0,6189.0,0,False,no_candidate_within_1deg,False,,,,,,
102437,2006-09-03T00:00:00Z,10.2,-37.8,2,2,0,11504.704897871783,86848.0,6189.0,0,False,no_candidate_within_1deg,False,,,,,,
102437,2006-09-03T03:00:00Z,10.6,-38.1,2,2,0,11520.297658916183,86896.0,6189.0,0,False,no_candidate_within_1deg,False,,,,,,
102437,2006-09-03T06:00:00Z,10.9,-38.3,2,2,0,11529.737743836875,86936.0,6189.0,0,False,no_candidate_within_1deg,False,,,,,,
102437,2006-09-03T09:00:00Z,11.3,-38.6,2,2,0,11552.596666900346,86972.0,6189.0,0,False,no_candidate_within_1deg,False,,,,,,
102437,2006-09-03T12:00:00Z,11.6,-38.9,2,2,0,11597.191637065484,87006.0,6189.0,0,False,no_candidate_within_1deg,False,,,,,,
102437,2006-09-03T15:00:00Z,12.7,-39.3,2,2,0,11581.857617765807,87037.0,6189.0,0,False,no_candidate_within_1deg,False,,,,,,
102445,2006-09-14T21:00:00Z,17.3,156.0,2,2,0,6605.824856234804,90310.0,6197.0,0,False,no_candidate_within_1deg,False,,,,,,
102445,2006-09-15T00:00:00Z,18.2,156.7,2,2,0,6686.467459883221,90341.0,6197.0,0,False,no_candidate_within_1deg,False,,,,,,
102445,2006-09-15T03:00:00Z,19.1,157.5,2,2,0,6762.925752675146,90375.0,6197.0,0,False,no_candidate_within_1deg,False,,,,,,
102445,2006-09-15T06:00:00Z,18.3,156.6,2,2,0,6628.861922953016,90410.0,6197.0,0,False,no_candidate_within_1deg,False,,,,,,
102445,2006-09-15T09:00:00Z,17.4,155.7,2,2,0,6511.169471182901,90442.0,6197.0,0,False,no_candidate_within_1deg,False,,,,,,
102445,2006-09-15T12:00:00Z,16.6,154.8,2,2,0,6315.294009619188,90474.0,6197.0,0,False,no_candidate_within_1deg,False,,,,,,
102445,2006-09-15T15:00:00Z,15.7,153.9,2,2,0,6191.17281546649,90505.0,6197.0,0,False,no_candidate_within_1deg,False,,,,,,
102445,2006-09-15T18:00:00Z,16.1,154.6,2,2,0,6220.365713124675,90535.0,6197.0,0,False,no_candidate_within_1deg,False,,,,,,
102445,2006-09-15T21:00:00Z,16.6,155.4,2,2,0,6296.974674226991,90573.0,6197.0,0,False,no_candidate_within_1deg,False,,,,,,
102451,2006-09-26T06:00:00Z,22.2,-45.4,2,2,0,11178.668824118786,93910.0,6198.0,0,False,no_candidate_within_1deg,False,,,,,,
102451,2006-09-26T09:00:00Z,23.0,-46.2,2,2,0,11210.695400431547,93946.0,6198.0,0,False,no_candidate_within_1deg,False,,,,,,
102451,2006-09-26T12:00:00Z,23.0,-46.4,3,2,1,11190.503779707284,93978.0,6198.0,0,False,no_candidate_within_1deg,False,,,,,,
102451,2006-09-26T15:00:00Z,23.2,-47.0,3,2,1,11216.817459324913,94012.0,6198.0,0,False,no_candidate_within_1deg,False,,,,,,
102451,2006-09-26T18:00:00Z,23.4,-47.8,3,2,1,11272.670038373944,94053.0,6198.0,0,False,no_candidate_within_1deg,False,,,,,,
102451,2006-09-26T21:00:00Z,23.8,-47.8,3,2,1,11243.641559662989,94096.0,6198.0,0,False,no_candidate_within_1deg,False,,,,,,
102451,2006-09-27T00:00:00Z,24.7,-48.1,3,2,1,11204.875575974065,94138.0,6198.0,0,False,no_candidate_within_1deg,False,,,,,,
102451,2006-09-27T03:00:00Z,24.2,-48.8,3,2,1,11288.503380653468,94175.0,6198.0,0,False,no_candidate_within_1deg,False,,,,,,
102451,2006-09-27T06:00:00Z,24.7,-49.3,3,2,1,11297.582841917627,94208.0,6198.0,0,False,no_candidate_within_1deg,False,,,,,,
102451,2006-09-27T09:00:00Z,25.1,-49.8,3,1,2,14022.141673731008,94234.0,6202.0,0,False,no_candidate_within_1deg,False,,,,,,
102451,2006-09-27T12:00:00Z,26.4,-49.8,3,2,1,11224.789449480053,94265.0,6198.0,0,False,no_candidate_within_1deg,False,,,,,,
102451,2006-09-27T15:00:00Z,25.8,-50.6,3,2,1,11320.25993346166,94298.0,6198.0,0,False,no_candidate_within_1deg,False,,,,,,
102450,2006-09-26T21:00:00Z,19.2,93.2,3,2,1,606.7450168187437,94095.0,6202.0,0,False,no_candidate_within_1deg,False,,,,,,
102450,2006-09-27T00:00:00Z,19.3,92.3,3,2,1,621.1884530812598,94136.0,6202.0,0,False,no_candidate_within_1deg,False,,,,,,
102450,2006-09-27T03:00:00Z,19.4,91.4,3,2,1,643.3676637379598,94176.0,6202.0,0,False,no_candidate_within_1deg,False,,,,,,
102450,2006-09-27T06:00:00Z,16.4,93.3,3,2,1,228.75265579154706,94206.0,6202.0,0,False,no_candidate_within_1deg,False,,,,,,
102450,2006-09-27T09:00:00Z,16.1,92.2,3,1,2,302.4874523274529,94234.0,6202.0,0,False,no_candidate_within_1deg,False,,,,,,
102450,2006-09-27T12:00:00Z,15.8,91.2,3,2,1,268.21076752814685,94264.0,6202.0,0,False,no_candidate_within_1deg,False,,,,,,
102450,2006-09-27T15:00:00Z,15.7,90.3,3,2,1,412.0471075939952,94297.0,6201.0,0,False,no_candidate_within_1deg,False,,,,,,
102450,2006-09-27T18:00:00Z,15.6,89.4,3,2,1,465.6049637981799,94334.0,6201.0,0,False,no_candidate_within_1deg,False,,,,,,
102450,2006-09-27T21:00:00Z,16.6,89.1,3,2,1,396.9324516976271,94379.0,6201.0,0,False,no_candidate_within_1deg,False,,,,,,
102458,2006-10-19T12:00:00Z,13.7,-98.0,0,0,0,,,,0,False,no_candidate_within_1deg,False,,,,,,
102458,2006-10-19T15:00:00Z,14.1,-99.2,0,0,0,,,,0,False,no_candidate_within_1deg,False,,,,,,
102458,2006-10-19T18:00:00Z,13.0,-100.0,0,0,0,,,,0,False,no_candidate_within_1deg,False,,,,,,
102458,2006-10-19T21:00:00Z,14.4,-100.3,0,0,0,,,,0,False,no_candidate_within_1deg,False,,,,,,
102458,2006-10-20T00:00:00Z,15.8,-100.6,0,0,0,,,,0,False,no_candidate_within_1deg,False,,,,,,
102458,2006-10-20T03:00:00Z,15.8,-101.3,0,0,0,,,,0,False,no_candidate_within_1deg,False,,,,,,
102458,2006-10-20T06:00:00Z,15.7,-101.9,0,0,0,,,,0,False,no_candidate_within_1deg,False,,,,,,
102458,2006-10-20T09:00:00Z,15.7,-102.5,0,0,0,,,,0,False,no_candidate_within_1deg,False,,,,,,
102458,2006-10-20T12:00:00Z,15.6,-103.2,0,0,0,,,,0,False,no_candidate_within_1deg,False,,,,,,
102458,2006-10-20T15:00:00Z,15.6,-103.8,0,0,0,,,,0,False,no_candidate_within_1deg,False,,,,,,
102458,2006-10-20T18:00:00Z,15.5,-104.5,0,0,0,,,,0,False,no_candidate_within_1deg,False,,,,,,
102458,2006-10-20T21:00:00Z,15.5,-105.0,0,0,0,,,,0,False,no_candidate_within_1deg,False,,,,,,
102458,2006-10-21T00:00:00Z,15.8,-105.7,0,0,0,,,,0,False,no_candidate_within_1deg,False,,,,,,
102458,2006-10-21T03:00:00Z,16.3,-106.2,0,0,0,,,,0,False,no_candidate_within_1deg,False,,,,,,
102462,2006-10-25T09:00:00Z,15.6,-101.0,0,0,0,,,,0,False,no_candidate_within_1deg,False,,,,,,
102462,2006-10-25T12:00:00Z,15.8,-101.2,0,0,0,,,,0,False,no_candidate_within_1deg,False,,,,,,
102462,2006-10-25T15:00:00Z,16.1,-101.3,0,0,0,,,,0,False,no_candidate_within_1deg,False,,,,,,
102462,2006-10-25T18:00:00Z,16.3,-101.5,0,0,0,,,,0,False,no_candidate_within_1deg,False,,,,,,
102462,2006-10-25T21:00:00Z,16.4,-101.8,0,0,0,,,,0,False,no_candidate_within_1deg,False,,,,,,
102462,2006-10-26T00:00:00Z,17.1,-101.8,0,0,0,,,,0,False,no_candidate_within_1deg,False,,,,,,
102462,2006-10-26T03:00:00Z,17.2,-102.2,0,0,0,,,,0,False,no_candidate_within_1deg,False,,,,,,
102462,2006-10-26T06:00:00Z,17.3,-102.5,0,0,0,,,,0,False,no_candidate_within_1deg,False,,,,,,
102462,2006-10-26T09:00:00Z,17.4,-102.9,0,0,0,,,,0,False,no_candidate_within_1deg,False,,,,,,
102496,2007-05-14T09:00:00Z,-5.5,164.2,1,1,0,8402.61312086033,47937.0,6210.0,0,False,no_candidate_within_1deg,False,,,,,,
102496,2007-05-14T12:00:00Z,-5.7,163.2,1,1,0,8299.47685266285,47982.0,6210.0,0,False,no_candidate_within_1deg,False,,,,,,
102496,2007-05-14T15:00:00Z,-5.9,162.2,1,1,0,8215.099963254872,48025.0,6210.0,0,False,no_candidate_within_1deg,False,,,,,,
102496,2007-05-14T18:00:00Z,-5.3,162.3,1,1,0,8204.560749512138,48067.0,6210.0,0,False,no_candidate_within_1deg,False,,,,,,
102496,2007-05-14T21:00:00Z,-5.6,161.2,1,1,0,8098.6338186089715,48110.0,6210.0,0,False,no_candidate_within_1deg,False,,,,,,
102496,2007-05-15T00:00:00Z,-6.7,160.4,1,1,0,8087.40065174466,48157.0,6210.0,0,False,no_candidate_within_1deg,False,,,,,,
102496,2007-05-15T03:00:00Z,-7.9,159.7,1,1,0,8181.1508655616435,48204.0,6210.0,0,False,no_candidate_within_1deg,False,,,,,,
102496,2007-05-15T06:00:00Z,-9.0,158.9,1,1,0,8147.915060831596,48240.0,6210.0,0,False,no_candidate_within_1deg,False,,,,,,
102496,2007-05-15T09:00:00Z,-7.2,158.7,1,1,0,8148.7197485007155,48279.0,6210.0,0,False,no_candidate_within_1deg,False,,,,,,
102498,2007-05-28T12:00:00Z,12.7,-98.2,1,1,0,17228.62735390333,52609.0,6212.0,0,False,no_candidate_within_1deg,False,,,,,,
102498,2007-05-28T15:00:00Z,12.2,-97.6,1,1,0,17252.235127295622,52650.0,6212.0,0,False,no_candidate_within_1deg,False,,,,,,
102498,2007-05-28T18:00:00Z,12.2,-97.9,1,1,0,17220.75383681583,52696.0,6212.0,0,False,no_candidate_within_1deg,False,,,,,,
102498,2007-05-28T21:00:00Z,11.9,-99.0,1,1,0,17266.280409174407,52751.0,6212.0,0,False,no_candidate_within_1deg,False,,,,,,
102498,2007-05-29T00:00:00Z,11.6,-100.3,1,1,0,17335.70417899855,52801.0,6212.0,0,False,no_candidate_within_1deg,False,,,,,,
102498,2007-05-29T03:00:00Z,13.0,-97.1,1,1,0,17035.72804856449,52848.0,6212.0,0,False,no_candidate_within_1deg,False,,,,,,
102498,2007-05-29T06:00:00Z,13.1,-97.5,1,1,0,17050.551742110758,52889.0,6212.0,0,False,no_candidate_within_1deg,False,,,,,,
102498,2007-05-29T09:00:00Z,13.1,-98.0,1,1,0,17068.97354214029,52927.0,6212.0,0,False,no_candidate_within_1deg,False,,,,,,
102498,2007-05-29T12:00:00Z,12.8,-98.7,1,1,0,17089.910558526488,52955.0,6212.0,0,False,no_candidate_within_1deg,False,,,,,,
102498,2007-05-29T15:00:00Z,13.6,-96.8,1,1,0,17003.291833519208,52999.0,6212.0,0,False,no_candidate_within_1deg,False,,,,,,
102501,2007-06-10T09:00:00Z,12.9,-108.6,0,0,0,,,,0,False,no_candidate_within_1deg,False,,,,,,
102501,2007-06-10T12:00:00Z,12.2,-108.5,0,0,0,,,,0,False,no_candidate_within_1deg,False,,,,,,
102501,2007-06-10T15:00:00Z,12.9,-108.6,0,0,0,,,,0,False,no_candidate_within_1deg,False,,,,,,
102501,2007-06-10T18:00:00Z,13.3,-108.9,0,0,0,,,,0,False,no_candidate_within_1deg,False,,,,,,
102501,2007-06-10T21:00:00Z,13.1,-109.7,0,0,0,,,,0,False,no_candidate_within_1deg,False,,,,,,
102501,2007-06-11T00:00:00Z,13.7,-110.3,0,0,0,,,,0,False,no_candidate_within_1deg,False,,,,,,
102501,2007-06-11T03:00:00Z,14.9,-110.4,0,0,0,,,,0,False,no_candidate_within_1deg,False,,,,,,
102501,2007-06-11T06:00:00Z,16.1,-110.6,0,0,0,,,,0,False,no_candidate_within_1deg,False,,,,,,
102501,2007-06-11T09:00:00Z,16.1,-110.8,0,0,0,,,,0,False,no_candidate_within_1deg,False,,,,,,
102502,2007-06-19T15:00:00Z,12.7,83.1,2,1,1,834.1307477720353,60872.0,6217.0,0,False,no_candidate_within_1deg,False,,,,,,
102502,2007-06-19T18:00:00Z,12.2,84.1,2,1,1,853.2550168680841,60918.0,6218.0,0,False,no_candidate_within_1deg,False,,,,,,
102502,2007-06-19T21:00:00Z,13.3,85.2,2,1,1,787.0512050557879,60969.0,6218.0,0,False,no_candidate_within_1deg,False,,,,,,
102502,2007-06-20T00:00:00Z,14.5,86.4,2,2,0,257.40067384219446,61025.0,6217.0,0,False,no_candidate_within_1deg,False,,,,,,
102502,2007-06-20T03:00:00Z,15.6,87.5,2,2,0,332.48823270356553,61084.0,6217.0,0,False,no_candidate_within_1deg,False,,,,,,
102502,2007-06-20T06:00:00Z,15.7,86.1,2,2,0,388.41037225219816,61145.0,6217.0,0,False,no_candidate_within_1deg,False,,,,,,
102502,2007-06-20T09:00:00Z,17.6,88.8,2,2,0,517.3770795405503,61212.0,6217.0,0,False,no_candidate_within_1deg,False,,,,,,
102502,2007-06-20T12:00:00Z,17.8,88.5,2,1,1,484.3985041767944,61267.0,6217.0,0,False,no_candidate_within_1deg,False,,,,,,
102502,2007-06-20T15:00:00Z,18.1,88.1,2,1,1,493.2982545592058,61323.0,6217.0,0,False,no_candidate_within_1deg,False,,,,,,
102504,2007-07-01T21:00:00Z,9.8,117.3,3,2,1,3195.595602781407,65857.0,6236.0,0,False,no_candidate_within_1deg,False,,,,,,
102504,2007-07-02T00:00:00Z,10.5,115.8,3,3,0,2960.6696591621426,65902.0,6236.0,0,False,no_candidate_within_1deg,False,,,,,,
102504,2007-07-02T03:00:00Z,11.3,112.3,2,2,0,2539.3406836698086,65949.0,6236.0,0,False,no_candidate_within_1deg,False,,,,,,
102504,2007-07-02T06:00:00Z,11.7,112.3,2,2,0,2474.7748191562923,65984.0,6236.0,0,False,no_candidate_within_1deg,False,,,,,,
102504,2007-07-02T09:00:00Z,12.2,112.4,2,2,0,2435.3552169182394,66027.0,6236.0,0,False,no_candidate_within_1deg,False,,,,,,
102504,2007-07-02T12:00:00Z,12.6,112.4,2,2,0,2367.694374771037,66072.0,6236.0,0,False,no_candidate_within_1deg,False,,,,,,
102504,2007-07-02T15:00:00Z,15.1,110.8,2,2,0,2158.4163304620256,66117.0,6236.0,0,False,no_candidate_within_1deg,False,,,,,,
102504,2007-07-02T18:00:00Z,14.9,109.8,2,2,0,2079.5907379644245,66155.0,6236.0,0,False,no_candidate_within_1deg,False,,,,,,
102504,2007-07-02T21:00:00Z,14.2,110.9,2,2,0,2321.54724679171,66197.0,6236.0,0,False,no_candidate_within_1deg,False,,,,,,
102506,2007-07-08T15:00:00Z,13.9,-115.5,1,1,0,15555.5693649872,68287.0,6236.0,0,False,no_candidate_within_1deg,False,,,,,,
102506,2007-07-08T18:00:00Z,14.6,-115.6,1,1,0,15497.629179355721,68329.0,6236.0,0,False,no_candidate_within_1deg,False,,,,,,
102506,2007-07-08T21:00:00Z,15.4,-115.8,1,1,0,15437.61129998995,68364.0,6236.0,0,False,no_candidate_within_1deg,False,,,,,,
102506,2007-07-09T00:00:00Z,16.4,-115.2,1,1,0,15329.686415075492,68404.0,6236.0,0,False,no_candidate_within_1deg,False,,,,,,
102506,2007-07-09T03:00:00Z,16.8,-115.8,1,1,0,15241.574788778218,68438.0,6236.0,0,False,no_candidate_within_1deg,False,,,,,,
102506,2007-07-09T06:00:00Z,18.1,-115.5,1,1,0,15092.306936299228,68472.0,6236.0,0,False,no_candidate_within_1deg,False,,,,,,
102506,2007-07-09T09:00:00Z,17.8,-116.1,1,1,0,15055.64358617106,68507.0,6236.0,0,False,no_candidate_within_1deg,False,,,,,,
102506,2007-07-09T12:00:00Z,16.2,-117.6,1,1,0,15094.031384949389,68540.0,6236.0,0,False,no_candidate_within_1deg,False,,,,,,
102506,2007-07-09T15:00:00Z,19.0,-116.1,1,1,0,14804.47440331254,68576.0,6236.0,0,False,no_candidate_within_1deg,False,,,,,,
102508,2007-07-13T09:00:00Z,11.8,-109.5,1,0,1,,,,0,False,no_candidate_within_1deg,False,,,,,,
102508,2007-07-13T12:00:00Z,12.5,-110.0,1,0,1,,,,0,False,no_candidate_within_1deg,False,,,,,,
102508,2007-07-13T15:00:00Z,12.5,-110.8,1,0,1,,,,0,False,no_candidate_within_1deg,False,,,,,,
102508,2007-07-13T18:00:00Z,12.7,-111.7,1,0,1,,,,0,False,no_candidate_within_1deg,False,,,,,,
102508,2007-07-13T21:00:00Z,12.8,-112.7,1,1,0,15818.359148745396,69963.0,6239.0,0,False,no_candidate_within_1deg,False,,,,,,
102508,2007-07-14T00:00:00Z,13.0,-113.6,1,0,1,,,,0,False,no_candidate_within_1deg,False,,,,,,
102508,2007-07-14T03:00:00Z,11.2,-114.1,1,0,1,,,,0,False,no_candidate_within_1deg,False,,,,,,
102508,2007-07-14T06:00:00Z,14.0,-114.1,1,1,0,15413.312296234762,70085.0,6239.0,0,False,no_candidate_within_1deg,False,,,,,,
102508,2007-07-14T09:00:00Z,12.9,-116.2,1,0,1,,,,0,False,no_candidate_within_1deg,False,,,,,,
102514,2007-07-30T00:00:00Z,11.4,-119.4,0,0,0,,,,0,False,no_candidate_within_1deg,False,,,,,,
102514,2007-07-30T03:00:00Z,12.1,-119.2,0,0,0,,,,0,False,no_candidate_within_1deg,False,,,,,,
102514,2007-07-30T06:00:00Z,12.2,-119.6,0,0,0,,,,0,False,no_candidate_within_1deg,False,,,,,,
102514,2007-07-30T09:00:00Z,12.2,-120.0,0,0,0,,,,0,False,no_candidate_within_1deg,False,,,,,,
102514,2007-07-30T12:00:00Z,12.3,-120.4,0,0,0,,,,0,False,no_candidate_within_1deg,False,,,,,,
102514,2007-07-30T15:00:00Z,12.2,-121.0,0,0,0,,,,0,False,no_candidate_within_1deg,False,,,,,,
102514,2007-07-30T18:00:00Z,12.4,-121.5,0,0,0,,,,0,False,no_candidate_within_1deg,False,,,,,,
102514,2007-07-30T21:00:00Z,12.4,-121.8,0,0,0,,,,0,False,no_candidate_within_1deg,False,,,,,,
102514,2007-07-31T00:00:00Z,12.5,-122.2,0,0,0,,,,0,False,no_candidate_within_1deg,False,,,,,,
102514,2007-07-31T03:00:00Z,12.5,-122.5,0,0,0,,,,0,False,no_candidate_within_1deg,False,,,,,,
102514,2007-07-31T06:00:00Z,12.4,-123.2,0,0,0,,,,0,False,no_candidate_within_1deg,False,,,,,,
102514,2007-07-31T09:00:00Z,12.2,-123.8,0,0,0,,,,0,False,no_candidate_within_1deg,False,,,,,,
102517,2007-08-07T03:00:00Z,13.1,-121.5,2,1,1,15415.61845038629,79373.0,6246.0,0,False,no_candidate_within_1deg,False,,,,,,
102517,2007-08-07T06:00:00Z,13.2,-121.9,2,2,0,15377.583410219862,79420.0,6246.0,0,False,no_candidate_within_1deg,False,,,,,,
102517,2007-08-07T09:00:00Z,13.2,-122.5,2,2,0,15332.788054746952,79465.0,6246.0,0,False,no_candidate_within_1deg,False,,,,,,
102517,2007-08-07T12:00:00Z,13.2,-122.8,2,2,0,15323.39991104813,79507.0,6246.0,0,False,no_candidate_within_1deg,False,,,,,,
102517,2007-08-07T15:00:00Z,13.2,-123.5,2,2,0,15277.428549378685,79551.0,6246.0,0,False,no_candidate_within_1deg,False,,,,,,
102517,2007-08-07T18:00:00Z,13.3,-123.8,2,2,0,15274.215281081286,79593.0,6246.0,0,False,no_candidate_within_1deg,False,,,,,,
102517,2007-08-07T21:00:00Z,13.4,-124.2,2,2,0,15261.692105597354,79631.0,6246.0,0,False,no_candidate_within_1deg,False,,,,,,
102517,2007-08-08T00:00:00Z,13.6,-124.2,2,1,1,15304.959099261805,79669.0,6246.0,0,False,no_candidate_within_1deg,False,,,,,,
102517,2007-08-08T03:00:00Z,13.9,-124.3,2,1,1,15302.67512291586,79707.0,6246.0,0,False,no_candidate_within_1deg,False,,,,,,
102517,2007-08-08T06:00:00Z,14.1,-124.3,2,1,1,15360.832211049556,79749.0,6246.0,0,False,no_candidate_within_1deg,False,,,,,,
102517,2007-08-08T09:00:00Z,13.7,-125.1,2,1,1,15279.58050673657,79790.0,6246.0,0,False,no_candidate_within_1deg,False,,,,,,
102517,2007-08-08T12:00:00Z,13.2,-126.4,2,1,1,15353.371521697307,79831.0,6246.0,0,False,no_candidate_within_1deg,False,,,,,,
102517,2007-08-08T15:00:00Z,13.1,-127.0,2,1,1,15338.856851050377,79871.0,6246.0,0,False,no_candidate_within_1deg,False,,,,,,
102519,2007-08-12T03:00:00Z,11.1,-23.7,1,1,0,11849.533459948878,80974.0,6255.0,0,False,no_candidate_within_1deg,False,,,,,,
102519,2007-08-12T06:00:00Z,11.4,-24.5,1,1,0,11894.861931294825,81010.0,6255.0,0,False,no_candidate_within_1deg,False,,,,,,
102519,2007-08-12T09:00:00Z,12.0,-24.9,1,1,0,11901.836737009953,81046.0,6255.0,0,False,no_candidate_within_1deg,False,,,,,,
102519,2007-08-12T12:00:00Z,11.9,-26.1,1,1,0,12009.247895872868,81086.0,6255.0,0,False,no_candidate_within_1deg,False,,,,,,
102519,2007-08-12T15:00:00Z,12.5,-26.6,1,1,0,12017.777485955357,81127.0,6255.0,0,False,no_candidate_within_1deg,False,,,,,,
102519,2007-08-12T18:00:00Z,12.3,-27.5,1,1,0,12087.693957896592,81167.0,6255.0,0,False,no_candidate_within_1deg,False,,,,,,
102519,2007-08-12T21:00:00Z,12.1,-28.4,1,0,1,,,,0,False,no_candidate_within_1deg,False,,,,,,
102519,2007-08-13T00:00:00Z,12.0,-29.6,2,2,0,12210.049697968383,81254.0,6260.0,0,False,no_candidate_within_1deg,False,,,,,,
102519,2007-08-13T03:00:00Z,11.6,-30.5,3,1,2,12428.303649535996,81302.0,6255.0,0,False,no_candidate_within_1deg,False,,,,,,
102520,2007-08-13T18:00:00Z,21.4,-84.3,3,1,2,14947.183413597686,81509.0,6255.0,0,False,no_candidate_within_1deg,False,,,,,,
102520,2007-08-13T21:00:00Z,21.3,-84.4,3,2,1,14855.70777142158,81554.0,6255.0,0,False,no_candidate_within_1deg,False,,,,,,
102520,2007-08-14T00:00:00Z,21.7,-83.2,3,3,0,14759.638651205845,81608.0,6255.0,0,False,no_candidate_within_1deg,False,,,,,,
102520,2007-08-14T03:00:00Z,21.6,-82.3,3,2,1,14740.257861591386,81667.0,6255.0,0,False,no_candidate_within_1deg,False,,,,,,
102520,2007-08-14T06:00:00Z,22.3,-83.7,3,2,1,14666.597272566894,81715.0,6255.0,0,False,no_candidate_within_1deg,False,,,,,,
102520,2007-08-14T09:00:00Z,22.9,-85.2,2,1,1,14677.300975800234,81748.0,6262.0,0,False,no_candidate_within_1deg,False,,,,,,
102520,2007-08-14T12:00:00Z,23.6,-86.6,2,1,1,14610.127829668383,81790.0,6262.0,0,False,no_candidate_within_1deg,False,,,,,,
102520,2007-08-14T15:00:00Z,23.7,-86.4,2,1,1,14544.983288435238,81828.0,6262.0,0,False,no_candidate_within_1deg,False,,,,,,
102520,2007-08-14T18:00:00Z,24.2,-90.1,2,1,1,14552.445133230574,81864.0,6262.0,0,False,no_candidate_within_1deg,False,,,,,,
102520,2007-08-14T21:00:00Z,26.9,-88.9,2,0,2,,,,0,False,no_candidate_within_1deg,False,,,,,,
102526,2007-09-06T18:00:00Z,28.8,-65.6,0,0,0,,,,0,False,no_candidate_within_1deg,False,,,,,,
102526,2007-09-06T21:00:00Z,28.7,-65.3,0,0,0,,,,0,False,no_candidate_within_1deg,False,,,,,,
102526,2007-09-07T00:00:00Z,29.4,-65.3,0,0,0,,,,0,False,no_candidate_within_1deg,False,,,,,,
102526,2007-09-07T03:00:00Z,30.0,-65.3,0,0,0,,,,0,False,no_candidate_within_1deg,False,,,,,,
102526,2007-09-07T06:00:00Z,29.5,-64.9,0,0,0,,,,0,False,no_candidate_within_1deg,False,,,,,,
102526,2007-09-07T09:00:00Z,29.0,-64.6,0,0,0,,,,0,False,no_candidate_within_1deg,False,,,,,,
102526,2007-09-07T12:00:00Z,28.6,-64.8,0,0,0,,,,0,False,no_candidate_within_1deg,False,,,,,,
102526,2007-09-07T15:00:00Z,30.1,-68.6,0,0,0,,,,0,False,no_candidate_within_1deg,False,,,,,,
102526,2007-09-07T18:00:00Z,30.8,-73.0,0,0,0,,,,0,False,no_candidate_within_1deg,False,,,,,,
102526,2007-09-07T21:00:00Z,30.4,-69.3,0,0,0,,,,0,False,no_candidate_within_1deg,False,,,,,,
102528,2007-09-11T03:00:00Z,12.0,-40.4,0,0,0,,,,0,False,no_candidate_within_1deg,False,,,,,,
102528,2007-09-11T06:00:00Z,12.0,-41.1,0,0,0,,,,0,False,no_candidate_within_1deg,False,,,,,,
102528,2007-09-11T09:00:00Z,11.9,-41.8,0,0,0,,,,0,False,no_candidate_within_1deg,False,,,,,,
102528,2007-09-11T12:00:00Z,11.9,-42.0,0,0,0,,,,0,False,no_candidate_within_1deg,False,,,,,,
102528,2007-09-11T15:00:00Z,11.9,-42.1,0,0,0,,,,0,False,no_candidate_within_1deg,False,,,,,,
102528,2007-09-11T18:00:00Z,11.9,-42.2,0,0,0,,,,0,False,no_candidate_within_1deg,False,,,,,,
102528,2007-09-11T21:00:00Z,11.9,-42.4,0,0,0,,,,0,False,no_candidate_within_1deg,False,,,,,,
102528,2007-09-12T00:00:00Z,12.0,-42.9,0,0,0,,,,0,False,no_candidate_within_1deg,False,,,,,,
102528,2007-09-12T03:00:00Z,12.5,-43.8,0,0,0,,,,0,False,no_candidate_within_1deg,False,,,,,,
102531,2007-09-16T21:00:00Z,12.9,-99.0,1,1,0,16838.711061103844,91808.0,6271.0,0,False,no_candidate_within_1deg,False,,,,,,
102531,2007-09-17T00:00:00Z,13.7,-100.0,1,1,0,16746.304294131005,91842.0,6271.0,0,False,no_candidate_within_1deg,False,,,,,,
102531,2007-09-17T03:00:00Z,13.7,-100.4,1,1,0,16790.00489042913,91880.0,6271.0,0,False,no_candidate_within_1deg,False,,,,,,
102531,2007-09-17T06:00:00Z,13.6,-100.9,1,1,0,16789.511079876844,91918.0,6271.0,0,False,no_candidate_within_1deg,False,,,,,,
102531,2007-09-17T09:00:00Z,13.6,-101.3,1,1,0,16771.127998150652,91955.0,6271.0,0,False,no_candidate_within_1deg,False,,,,,,
102531,2007-09-17T12:00:00Z,13.5,-101.7,2,2,0,16731.311805835918,91993.0,6271.0,0,False,no_candidate_within_1deg,False,,,,,,
102531,2007-09-17T15:00:00Z,14.1,-102.2,2,1,1,16735.2899678166,92033.0,6275.0,0,False,no_candidate_within_1deg,False,,,,,,
102531,2007-09-17T18:00:00Z,14.1,-103.4,3,2,1,16138.495042120052,92081.0,6276.0,0,False,no_candidate_within_1deg,False,,,,,,
102531,2007-09-17T21:00:00Z,13.2,-105.4,3,2,1,16072.937356428567,92119.0,6276.0,0,False,no_candidate_within_1deg,False,,,,,,
102531,2007-09-18T00:00:00Z,13.7,-104.8,3,3,0,16109.58785375065,92161.0,6276.0,0,False,no_candidate_within_1deg,False,,,,,,
102531,2007-09-18T03:00:00Z,12.9,-106.5,3,2,1,16760.38944125684,92194.0,6275.0,0,False,no_candidate_within_1deg,False,,,,,,
102540,2007-09-27T12:00:00Z,14.1,-103.8,1,1,0,16006.026617132495,95117.0,6280.0,0,False,no_candidate_within_1deg,False,,,,,,
102540,2007-09-27T15:00:00Z,14.1,-104.2,1,0,1,,,,0,False,no_candidate_within_1deg,False,,,,,,
102540,2007-09-27T18:00:00Z,14.1,-104.7,1,1,0,16128.833001245594,95200.0,6280.0,0,False,no_candidate_within_1deg,False,,,,,,
102540,2007-09-27T21:00:00Z,14.4,-105.0,1,1,0,16094.793184716917,95235.0,6280.0,0,False,no_candidate_within_1deg,False,,,,,,
102540,2007-09-28T00:00:00Z,14.6,-105.2,1,0,1,,,,0,False,no_candidate_within_1deg,False,,,,,,
102540,2007-09-28T03:00:00Z,14.9,-105.5,1,0,1,,,,0,False,no_candidate_within_1deg,False,,,,,,
102540,2007-09-28T06:00:00Z,11.6,-106.9,1,1,0,16435.068885296067,95357.0,6280.0,0,False,no_candidate_within_1deg,False,,,,,,
102540,2007-09-28T09:00:00Z,12.6,-107.5,1,1,0,16335.947762255777,95401.0,6280.0,0,False,no_candidate_within_1deg,False,,,,,,
102540,2007-09-28T12:00:00Z,13.6,-108.1,1,0,1,,,,0,False,no_candidate_within_1deg,False,,,,,,
102540,2007-09-28T15:00:00Z,14.6,-108.7,1,1,0,16185.679429542264,95479.0,6280.0,0,False,no_candidate_within_1deg,False,,,,,,
102540,2007-09-28T18:00:00Z,15.1,-108.8,1,0,1,,,,0,False,no_candidate_within_1deg,False,,,,,,
102540,2007-09-28T21:00:00Z,15.3,-109.7,1,1,0,16097.378928923177,95574.0,6280.0,0,False,no_candidate_within_1deg,False,,,,,,
102545,2007-10-10T09:00:00Z,27.5,-58.1,0,0,0,,,,0,False,no_candidate_within_1deg,False,,,,,,
102545,2007-10-10T12:00:00Z,27.5,-57.8,0,0,0,,,,0,False,no_candidate_within_1deg,False,,,,,,
102545,2007-10-10T15:00:00Z,27.3,-57.1,0,0,0,,,,0,False,no_candidate_within_1deg,False,,,,,,
102545,2007-10-10T18:00:00Z,27.9,-55.2,0,0,0,,,,0,False,no_candidate_within_1deg,False,,,,,,
102545,2007-10-10T21:00:00Z,26.9,-55.1,0,0,0,,,,0,False,no_candidate_within_1deg,False,,,,,,
102545,2007-10-11T00:00:00Z,27.1,-53.8,0,0,0,,,,0,False,no_candidate_within_1deg,False,,,,,,
102545,2007-10-11T03:00:00Z,27.8,-52.2,0,0,0,,,,0,False,no_candidate_within_1deg,False,,,,,,
102545,2007-10-11T06:00:00Z,28.4,-50.8,0,0,0,,,,0,False,no_candidate_within_1deg,False,,,,,,
102545,2007-10-11T09:00:00Z,29.3,-51.2,0,0,0,,,,0,False,no_candidate_within_1deg,False,,,,,,
102546,2007-10-13T21:00:00Z,14.2,-109.2,0,0,0,,,,0,False,no_candidate_within_1deg,False,,,,,,
102546,2007-10-14T00:00:00Z,14.7,-109.2,0,0,0,,,,0,False,no_candidate_within_1deg,False,,,,,,
102546,2007-10-14T03:00:00Z,15.1,-109.2,0,0,0,,,,0,False,no_candidate_within_1deg,False,,,,,,
102546,2007-10-14T06:00:00Z,15.3,-109.3,0,0,0,,,,0,False,no_candidate_within_1deg,False,,,,,,
102546,2007-10-14T09:00:00Z,15.7,-109.5,0,0,0,,,,0,False,no_candidate_within_1deg,False,,,,,,
102546,2007-10-14T12:00:00Z,15.6,-109.8,0,0,0,,,,0,False,no_candidate_within_1deg,False,,,,,,
102546,2007-10-14T15:00:00Z,15.5,-110.0,0,0,0,,,,0,False,no_candidate_within_1deg,False,,,,,,
102546,2007-10-14T18:00:00Z,15.4,-110.3,0,0,0,,,,0,False,no_candidate_within_1deg,False,,,,,,
102546,2007-10-14T21:00:00Z,15.8,-110.3,0,0,0,,,,0,False,no_candidate_within_1deg,False,,,,,,
102547,2007-10-17T00:00:00Z,12.4,151.7,0,0,0,,,,0,False,no_candidate_within_1deg,False,,,,,,
102547,2007-10-17T03:00:00Z,13.0,151.2,0,0,0,,,,0,False,no_candidate_within_1deg,False,,,,,,
102547,2007-10-17T06:00:00Z,13.5,150.8,0,0,0,,,,0,False,no_candidate_within_1deg,False,,,,,,
102547,2007-10-17T09:00:00Z,14.1,150.3,0,0,0,,,,0,False,no_candidate_within_1deg,False,,,,,,
102547,2007-10-17T12:00:00Z,15.4,150.0,0,0,0,,,,0,False,no_candidate_within_1deg,False,,,,,,
102547,2007-10-17T15:00:00Z,15.5,149.7,0,0,0,,,,0,False,no_candidate_within_1deg,False,,,,,,
102547,2007-10-17T18:00:00Z,15.7,149.4,0,0,0,,,,0,False,no_candidate_within_1deg,False,,,,,,
102547,2007-10-17T21:00:00Z,15.8,149.1,0,0,0,,,,0,False,no_candidate_within_1deg,False,,,,,,
102547,2007-10-18T00:00:00Z,15.8,147.6,0,0,0,,,,0,False,no_candidate_within_1deg,False,,,,,,
102547,2007-10-18T03:00:00Z,17.7,146.6,0,0,0,,,,0,False,no_candidate_within_1deg,False,,,,,,
102556,2007-11-16T09:00:00Z,-5.1,72.8,1,1,0,3753.5809805288714,108879.0,6288.0,0,False,no_candidate_within_1deg,False,,,,,,
102556,2007-11-16T12:00:00Z,-5.0,73.1,1,1,0,3739.8507463596898,108910.0,6288.0,0,False,no_candidate_within_1deg,False,,,,,,
102556,2007-11-16T15:00:00Z,-5.0,73.3,1,1,0,3730.4482097504533,108935.0,6288.0,0,False,no_candidate_within_1deg,False,,,,,,
102556,2007-11-16T18:00:00Z,-4.9,73.6,0,0,0,,,,0,False,no_candidate_within_1deg,False,,,,,,
102556,2007-11-16T21:00:00Z,-4.8,73.8,0,0,0,,,,0,False,no_candidate_within_1deg,False,,,,,,
102556,2007-11-17T00:00:00Z,-5.3,73.8,0,0,0,,,,0,False,no_candidate_within_1deg,False,,,,,,
102556,2007-11-17T03:00:00Z,-5.0,69.9,0,0,0,,,,0,False,no_candidate_within_1deg,False,,,,,,
102556,2007-11-17T06:00:00Z,-4.8,72.2,0,0,0,,,,0,False,no_candidate_within_1deg,False,,,,,,
102556,2007-11-17T09:00:00Z,-4.6,74.4,0,0,0,,,,0,False,no_candidate_within_1deg,False,,,,,,
102564,2007-12-16T09:00:00Z,-10.7,89.8,0,0,0,,,,0,False,no_candidate_within_1deg,False,,,,,,
102564,2007-12-16T12:00:00Z,-11.0,90.5,0,0,0,,,,0,False,no_candidate_within_1deg,False,,,,,,
102564,2007-12-16T15:00:00Z,-10.8,86.9,0,0,0,,,,0,False,no_candidate_within_1deg,False,,,,,,
102564,2007-12-16T18:00:00Z,-9.5,87.2,0,0,0,,,,0,False,no_candidate_within_1deg,False,,,,,,
102564,2007-12-16T21:00:00Z,-8.1,87.5,0,0,0,,,,0,False,no_candidate_within_1deg,False,,,,,,
102564,2007-12-17T00:00:00Z,-9.9,88.4,0,0,0,,,,0,False,no_candidate_within_1deg,False,,,,,,
102564,2007-12-17T03:00:00Z,-11.7,89.3,0,0,0,,,,0,False,no_candidate_within_1deg,False,,,,,,
102564,2007-12-17T06:00:00Z,-11.7,88.2,0,0,0,,,,0,False,no_candidate_within_1deg,False,,,,,,
102564,2007-12-17T09:00:00Z,-11.8,87.2,0,0,0,,,,0,False,no_candidate_within_1deg,False,,,,,,
102565,2007-12-24T21:00:00Z,-11.5,113.3,0,0,0,,,,0,False,no_candidate_within_1deg,False,,,,,,
102565,2007-12-25T00:00:00Z,-11.3,113.8,0,0,0,,,,0,False,no_candidate_within_1deg,False,,,,,,
102565,2007-12-25T03:00:00Z,-11.0,114.4,0,0,0,,,,0,False,no_candidate_within_1deg,False,,,,,,
102565,2007-12-25T06:00:00Z,-10.8,114.9,0,0,0,,,,0,False,no_candidate_within_1deg,False,,,,,,
102565,2007-12-25T09:00:00Z,-11.5,115.7,0,0,0,,,,0,False,no_candidate_within_1deg,False,,,,,,
102565,2007-12-25T12:00:00Z,-11.9,114.9,0,0,0,,,,0,False,no_candidate_within_1deg,False,,,,,,
102565,2007-12-25T15:00:00Z,-12.2,114.1,0,0,0,,,,0,False,no_candidate_within_1deg,False,,,,,,
102565,2007-12-25T18:00:00Z,-11.2,113.0,0,0,0,,,,0,False,no_candidate_within_1deg,False,,,,,,
102565,2007-12-25T21:00:00Z,-9.7,116.2,0,0,0,,,,0,False,no_candidate_within_1deg,False,,,,,,
102575,2008-02-02T09:00:00Z,-10.1,98.6,0,0,0,,,,0,False,no_candidate_within_1deg,False,,,,,,
102575,2008-02-02T12:00:00Z,-10.7,98.5,0,0,0,,,,0,False,no_candidate_within_1deg,False,,,,,,
102575,2008-02-02T15:00:00Z,-11.3,98.8,0,0,0,,,,0,False,no_candidate_within_1deg,False,,,,,,
102575,2008-02-02T18:00:00Z,-12.0,99.0,0,0,0,,,,0,False,no_candidate_within_1deg,False,,,,,,
102575,2008-02-02T21:00:00Z,-12.7,99.2,0,0,0,,,,0,False,no_candidate_within_1deg,False,,,,,,
102575,2008-02-03T00:00:00Z,-13.0,99.3,0,0,0,,,,0,False,no_candidate_within_1deg,False,,,,,,
102575,2008-02-03T03:00:00Z,-14.0,99.2,0,0,0,,,,0,False,no_candidate_within_1deg,False,,,,,,
102575,2008-02-03T06:00:00Z,-13.9,98.8,0,0,0,,,,0,False,no_candidate_within_1deg,False,,,,,,
102575,2008-02-03T09:00:00Z,-15.2,99.6,0,0,0,,,,0,False,no_candidate_within_1deg,False,,,,,,
102589,2008-04-24T09:00:00Z,11.3,99.9,1,1,0,746.3494579905284,44499.0,6290.0,0,False,no_candidate_within_1deg,False,,,,,,
102589,2008-04-24T12:00:00Z,11.1,100.1,1,1,0,823.5483188624694,44536.0,6290.0,0,False,no_candidate_within_1deg,False,,,,,,
102589,2008-04-24T15:00:00Z,11.4,101.0,1,1,0,941.9798341845934,44563.0,6290.0,0,False,no_candidate_within_1deg,False,,,,,,
102589,2008-04-24T18:00:00Z,12.5,98.8,1,1,0,796.9468973506645,44600.0,6290.0,0,False,no_candidate_within_1deg,False,,,,,,
102589,2008-04-24T21:00:00Z,13.6,96.6,1,1,0,680.8875393173921,44646.0,6290.0,0,False,no_candidate_within_1deg,False,,,,,,
102589,2008-04-25T00:00:00Z,13.4,95.8,1,0,1,,,,0,False,no_candidate_within_1deg,False,,,,,,
102589,2008-04-25T03:00:00Z,13.3,94.9,1,0,1,,,,0,False,no_candidate_within_1deg,False,,,,,,
102589,2008-04-25T06:00:00Z,13.1,94.1,1,0,1,,,,0,False,no_candidate_within_1deg,False,,,,,,
102589,2008-04-25T09:00:00Z,12.9,93.3,1,0,1,,,,0,False,no_candidate_within_1deg,False,,,,,,
102591,2008-05-13T03:00:00Z,10.5,117.2,0,0,0,,,,0,False,no_candidate_within_1deg,False,,,,,,
102591,2008-05-13T06:00:00Z,9.3,117.8,0,0,0,,,,0,False,no_candidate_within_1deg,False,,,,,,
102591,2008-05-13T09:00:00Z,8.0,118.4,0,0,0,,,,0,False,no_candidate_within_1deg,False,,,,,,
102591,2008-05-13T12:00:00Z,6.7,119.0,0,0,0,,,,0,False,no_candidate_within_1deg,False,,,,,,
102591,2008-05-13T15:00:00Z,8.9,117.9,0,0,0,,,,0,False,no_candidate_within_1deg,False,,,,,,
102591,2008-05-13T18:00:00Z,11.1,116.8,0,0,0,,,,0,False,no_candidate_within_1deg,False,,,,,,
102591,2008-05-13T21:00:00Z,10.9,115.8,0,0,0,,,,0,False,no_candidate_within_1deg,False,,,,,,
102591,2008-05-14T00:00:00Z,10.8,114.7,0,0,0,,,,0,False,no_candidate_within_1deg,False,,,,,,
102591,2008-05-14T03:00:00Z,10.6,113.7,0,0,0,,,,0,False,no_candidate_within_1deg,False,,,,,,
102598,2008-06-26T12:00:00Z,8.7,-126.2,1,1,0,15189.933618776826,67630.0,6313.0,0,False,no_candidate_within_1deg,False,,,,,,
102598,2008-06-26T15:00:00Z,9.0,-125.8,1,1,0,15134.144810912065,67665.0,6313.0,0,False,no_candidate_within_1deg,False,,,,,,
102598,2008-06-26T18:00:00Z,9.3,-124.6,1,1,0,15147.569967596979,67705.0,6313.0,0,False,no_candidate_within_1deg,False,,,,,,
102598,2008-06-26T21:00:00Z,9.2,-124.0,1,1,0,15190.857826493235,67751.0,6313.0,0,False,no_candidate_within_1deg,False,,,,,,
102598,2008-06-27T00:00:00Z,11.1,-120.8,1,1,0,15285.85386980479,67796.0,6313.0,0,False,no_candidate_within_1deg,False,,,,,,
102598,2008-06-27T03:00:00Z,10.6,-124.1,1,1,0,15168.175375970988,67841.0,6313.0,0,False,no_candidate_within_1deg,False,,,,,,
102598,2008-06-27T06:00:00Z,11.1,-124.9,1,1,0,15076.70138314239,67888.0,6313.0,0,False,no_candidate_within_1deg,False,,,,,,
102598,2008-06-27T09:00:00Z,11.6,-125.7,1,1,0,14946.261534797577,67932.0,6313.0,0,False,no_candidate_within_1deg,False,,,,,,
102598,2008-06-27T12:00:00Z,11.8,-125.8,1,1,0,14841.495525307231,67978.0,6313.0,0,False,no_candidate_within_1deg,False,,,,,,
102598,2008-06-27T15:00:00Z,12.2,-124.5,1,1,0,14901.189297382902,68016.0,6313.0,0,False,no_candidate_within_1deg,False,,,,,,
102600,2008-07-02T00:00:00Z,11.6,-19.8,1,1,0,10572.581793643316,69457.0,6314.0,0,False,no_candidate_within_1deg,False,,,,,,
102600,2008-07-02T03:00:00Z,11.3,-20.3,1,1,0,10669.02815922976,69512.0,6314.0,0,False,no_candidate_within_1deg,False,,,,,,
102600,2008-07-02T06:00:00Z,13.1,-20.4,1,1,0,10604.37111159467,69565.0,6314.0,0,False,no_candidate_within_1deg,False,,,,,,
102600,2008-07-02T09:00:00Z,11.1,-19.0,1,1,0,10590.171252176953,69619.0,6314.0,0,False,no_candidate_within_1deg,False,,,,,,
102600,2008-07-02T12:00:00Z,9.1,-17.7,1,1,0,10570.206577988367,69676.0,6314.0,0,False,no_candidate_within_1deg,False,,,,,,
102600,2008-07-02T15:00:00Z,9.8,-18.6,1,1,0,10630.875203777325,69738.0,6314.0,0,False,no_candidate_within_1deg,False,,,,,,
102600,2008-07-02T18:00:00Z,10.6,-19.5,1,1,0,10678.3946161173,69799.0,6314.0,0,False,no_candidate_within_1deg,False,,,,,,
102600,2008-07-02T21:00:00Z,11.3,-20.4,1,1,0,10744.062157820626,69850.0,6314.0,0,False,no_candidate_within_1deg,False,,,,,,
102600,2008-07-03T00:00:00Z,12.0,-21.3,1,1,0,10810.673736317398,69906.0,6314.0,0,False,no_candidate_within_1deg,False,,,,,,
102600,2008-07-03T03:00:00Z,12.2,-21.9,1,1,0,10911.211382337902,69953.0,6314.0,0,False,no_candidate_within_1deg,False,,,,,,
102606,2008-07-18T12:00:00Z,14.1,-69.8,0,0,0,,,,0,False,no_candidate_within_1deg,False,,,,,,
102606,2008-07-18T15:00:00Z,14.4,-70.8,0,0,0,,,,0,False,no_candidate_within_1deg,False,,,,,,
102606,2008-07-18T18:00:00Z,14.4,-70.4,0,0,0,,,,0,False,no_candidate_within_1deg,False,,,,,,
102606,2008-07-18T21:00:00Z,18.3,-70.0,0,0,0,,,,0,False,no_candidate_within_1deg,False,,,,,,
102606,2008-07-19T00:00:00Z,19.9,-72.1,0,0,0,,,,0,False,no_candidate_within_1deg,False,,,,,,
102606,2008-07-19T03:00:00Z,18.8,-73.0,0,0,0,,,,0,False,no_candidate_within_1deg,False,,,,,,
102606,2008-07-19T06:00:00Z,17.7,-73.8,0,0,0,,,,0,False,no_candidate_within_1deg,False,,,,,,
102606,2008-07-19T09:00:00Z,17.0,-74.8,0,0,0,,,,0,False,no_candidate_within_1deg,False,,,,,,
102606,2008-07-19T12:00:00Z,14.1,-75.6,0,0,0,,,,0,False,no_candidate_within_1deg,False,,,,,,
102606,2008-07-19T15:00:00Z,16.2,-76.3,0,0,0,,,,0,False,no_candidate_within_1deg,False,,,,,,
102606,2008-07-19T18:00:00Z,16.7,-77.2,0,0,0,,,,0,False,no_candidate_within_1deg,False,,,,,,
102606,2008-07-19T21:00:00Z,16.6,-77.9,0,0,0,,,,0,False,no_candidate_within_1deg,False,,,,,,
102606,2008-07-20T00:00:00Z,17.4,-78.4,0,0,0,,,,0,False,no_candidate_within_1deg,False,,,,,,
102606,2008-07-20T03:00:00Z,16.4,-79.8,0,0,0,,,,0,False,no_candidate_within_1deg,False,,,,,,
102606,2008-07-20T06:00:00Z,16.8,-80.2,0,0,0,,,,0,False,no_candidate_within_1deg,False,,,,,,
102606,2008-07-20T09:00:00Z,17.6,-80.8,0,0,0,,,,0,False,no_candidate_within_1deg,False,,,,,,
102607,2008-07-19T18:00:00Z,12.7,-93.0,0,0,0,,,,0,False,no_candidate_within_1deg,False,,,,,,
102607,2008-07-19T21:00:00Z,12.7,-93.6,0,0,0,,,,0,False,no_candidate_within_1deg,False,,,,,,
102607,2008-07-20T00:00:00Z,12.2,-94.1,0,0,0,,,,0,False,no_candidate_within_1deg,False,,,,,,
102607,2008-07-20T03:00:00Z,13.4,-95.7,0,0,0,,,,0,False,no_candidate_within_1deg,False,,,,,,
102607,2008-07-20T06:00:00Z,13.4,-96.8,0,0,0,,,,0,False,no_candidate_within_1deg,False,,,,,,
102607,2008-07-20T09:00:00Z,13.4,-97.2,0,0,0,,,,0,False,no_candidate_within_1deg,False,,,,,,
102607,2008-07-20T12:00:00Z,12.1,-98.5,0,0,0,,,,0,False,no_candidate_within_1deg,False,,,,,,
102607,2008-07-20T15:00:00Z,11.9,-97.1,0,0,0,,,,0,False,no_candidate_within_1deg,False,,,,,,
102607,2008-07-20T18:00:00Z,13.4,-100.1,0,0,0,,,,0,False,no_candidate_within_1deg,False,,,,,,
102607,2008-07-20T21:00:00Z,15.1,-100.7,0,0,0,,,,0,False,no_candidate_within_1deg,False,,,,,,
102607,2008-07-21T00:00:00Z,14.2,-100.0,0,0,0,,,,0,False,no_candidate_within_1deg,False,,,,,,
102607,2008-07-21T03:00:00Z,13.3,-99.4,0,0,0,,,,0,False,no_candidate_within_1deg,False,,,,,,
102607,2008-07-21T06:00:00Z,13.7,-100.3,0,0,0,,,,0,False,no_candidate_within_1deg,False,,,,,,
102607,2008-07-21T09:00:00Z,14.3,-101.7,0,0,0,,,,0,False,no_candidate_within_1deg,False,,,,,,
102612,2008-08-05T00:00:00Z,9.8,-105.3,1,1,0,16802.39922871775,82631.0,6336.0,0,False,no_candidate_within_1deg,False,,,,,,
102612,2008-08-05T03:00:00Z,10.5,-106.8,2,1,1,16770.948968546032,82677.0,6339.0,0,False,no_candidate_within_1deg,False,,,,,,
102612,2008-08-05T06:00:00Z,13.9,-108.8,2,1,1,16270.591175960812,82733.0,6339.0,0,False,no_candidate_within_1deg,False,,,,,,
102612,2008-08-05T09:00:00Z,12.9,-108.2,2,1,1,16357.9355025772,82776.0,6339.0,0,False,no_candidate_within_1deg,False,,,,,,
102612,2008-08-05T12:00:00Z,11.8,-107.5,2,2,0,16429.14886162625,82826.0,6339.0,0,False,no_candidate_within_1deg,False,,,,,,
102612,2008-08-05T15:00:00Z,10.8,-106.9,2,2,0,16515.4139610173,82873.0,6339.0,0,False,no_candidate_within_1deg,False,,,,,,
102612,2008-08-05T18:00:00Z,9.7,-106.3,2,2,0,16679.937061123088,82918.0,6339.0,0,False,no_candidate_within_1deg,False,,,,,,
102612,2008-08-05T21:00:00Z,9.7,-107.8,2,2,0,16598.0767565385,82955.0,6339.0,0,False,no_candidate_within_1deg,False,,,,,,
102612,2008-08-06T00:00:00Z,9.6,-109.2,2,2,0,16556.594984843567,82993.0,6339.0,0,False,no_candidate_within_1deg,False,,,,,,
102612,2008-08-06T03:00:00Z,12.5,-108.5,2,2,0,16214.321313408866,83037.0,6339.0,0,False,no_candidate_within_1deg,False,,,,,,
102612,2008-08-06T06:00:00Z,12.6,-109.3,1,1,0,16263.6895352949,83086.0,6339.0,0,False,no_candidate_within_1deg,False,,,,,,
102612,2008-08-06T09:00:00Z,12.6,-110.1,1,1,0,16191.355232245873,83133.0,6339.0,0,False,no_candidate_within_1deg,False,,,,,,
102617,2008-08-13T15:00:00Z,17.3,-56.3,2,1,1,12804.031875888617,86026.0,6354.0,0,False,no_candidate_within_1deg,False,,,,,,
102617,2008-08-13T18:00:00Z,17.8,-56.2,2,1,1,12738.255349457608,86063.0,6354.0,0,False,no_candidate_within_1deg,False,,,,,,
102617,2008-08-13T21:00:00Z,18.6,-56.1,2,1,1,12676.07047088944,86103.0,6353.0,0,False,no_candidate_within_1deg,False,,,,,,
102617,2008-08-14T00:00:00Z,18.6,-57.2,2,1,1,12777.144404342685,86157.0,6354.0,0,False,no_candidate_within_1deg,False,,,,,,
102617,2008-08-14T03:00:00Z,18.5,-58.4,2,1,1,12891.3859203576,86209.0,6353.0,0,False,no_candidate_within_1deg,False,,,,,,
102617,2008-08-14T06:00:00Z,18.5,-59.5,2,1,1,13003.702338216037,86258.0,6354.0,0,False,no_candidate_within_1deg,False,,,,,,
102617,2008-08-14T09:00:00Z,18.5,-59.7,2,1,1,13041.251479031214,86306.0,6353.0,0,False,no_candidate_within_1deg,False,,,,,,
102617,2008-08-14T12:00:00Z,18.4,-60.0,2,1,1,13111.224612082093,86354.0,6353.0,0,False,no_candidate_within_1deg,False,,,,,,
102617,2008-08-14T15:00:00Z,20.4,-61.0,2,1,1,13063.040565812506,86393.0,6353.0,0,False,no_candidate_within_1deg,False,,,,,,
102617,2008-08-14T18:00:00Z,18.1,-61.7,2,1,1,13312.443512092814,86435.0,6354.0,0,False,no_candidate_within_1deg,False,,,,,,
102617,2008-08-14T21:00:00Z,18.3,-61.8,2,1,1,13295.694510419244,86481.0,6353.0,0,False,no_candidate_within_1deg,False,,,,,,
102617,2008-08-15T00:00:00Z,17.7,-64.4,2,1,1,13594.408220726362,86526.0,6354.0,0,False,no_candidate_within_1deg,False,,,,,,
102617,2008-08-15T03:00:00Z,17.9,-64.7,2,1,1,13636.542228652195,86577.0,6354.0,0,False,no_candidate_within_1deg,False,,,,,,
102617,2008-08-15T06:00:00Z,18.0,-65.6,2,1,1,13713.535483305253,86627.0,6353.0,0,False,no_candidate_within_1deg,False,,,,,,
102617,2008-08-15T09:00:00Z,18.0,-66.5,2,1,1,13819.202040621825,86669.0,6354.0,0,False,no_candidate_within_1deg,False,,,,,,
102620,2008-08-23T18:00:00Z,10.4,-61.6,1,1,0,14206.62512009218,89342.0,6354.0,0,False,no_candidate_within_1deg,False,,,,,,
102620,2008-08-23T21:00:00Z,11.3,-62.0,1,1,0,14160.54143564785,89383.0,6354.0,0,False,no_candidate_within_1deg,False,,,,,,
102620,2008-08-24T00:00:00Z,12.1,-62.5,0,0,0,,,,0,False,no_candidate_within_1deg,False,,,,,,
102620,2008-08-24T03:00:00Z,11.3,-63.9,0,0,0,,,,0,False,no_candidate_within_1deg,False,,,,,,
102620,2008-08-24T06:00:00Z,10.4,-65.2,0,0,0,,,,0,False,no_candidate_within_1deg,False,,,,,,
102620,2008-08-24T09:00:00Z,11.4,-67.5,0,0,0,,,,0,False,no_candidate_within_1deg,False,,,,,,
102620,2008-08-24T12:00:00Z,12.3,-69.8,0,0,0,,,,0,False,no_candidate_within_1deg,False,,,,,,
102620,2008-08-24T15:00:00Z,13.0,-68.4,0,0,0,,,,0,False,no_candidate_within_1deg,False,,,,,,
102620,2008-08-24T18:00:00Z,13.7,-66.9,0,0,0,,,,0,False,no_candidate_within_1deg,False,,,,,,
102620,2008-08-24T21:00:00Z,14.4,-65.5,0,0,0,,,,0,False,no_candidate_within_1deg,False,,,,,,
102619,2008-08-23T21:00:00Z,11.6,135.8,1,1,0,6108.891788054053,89383.0,6354.0,0,False,no_candidate_within_1deg,False,,,,,,
102619,2008-08-24T00:00:00Z,8.8,136.9,0,0,0,,,,0,False,no_candidate_within_1deg,False,,,,,,
102619,2008-08-24T03:00:00Z,11.3,134.0,0,0,0,,,,0,False,no_candidate_within_1deg,False,,,,,,
102619,2008-08-24T06:00:00Z,9.9,134.8,0,0,0,,,,0,False,no_candidate_within_1deg,False,,,,,,
102619,2008-08-24T09:00:00Z,9.4,133.0,0,0,0,,,,0,False,no_candidate_within_1deg,False,,,,,,
102619,2008-08-24T12:00:00Z,10.3,132.6,0,0,0,,,,0,False,no_candidate_within_1deg,False,,,,,,
102619,2008-08-24T15:00:00Z,11.1,132.2,0,0,0,,,,0,False,no_candidate_within_1deg,False,,,,,,
102619,2008-08-24T18:00:00Z,11.6,132.0,0,0,0,,,,0,False,no_candidate_within_1deg,False,,,,,,
102619,2008-08-24T21:00:00Z,12.2,131.8,0,0,0,,,,0,False,no_candidate_within_1deg,False,,,,,,
102623,2008-08-31T06:00:00Z,10.5,-16.3,0,0,0,,,,0,False,no_candidate_within_1deg,False,,,,,,
102623,2008-08-31T09:00:00Z,10.3,-16.1,0,0,0,,,,0,False,no_candidate_within_1deg,False,,,,,,
102623,2008-08-31T12:00:00Z,10.0,-17.0,0,0,0,,,,0,False,no_candidate_within_1deg,False,,,,,,
102623,2008-08-31T15:00:00Z,9.7,-17.8,0,0,0,,,,0,False,no_candidate_within_1deg,False,,,,,,
102623,2008-08-31T18:00:00Z,10.2,-18.5,0,0,0,,,,0,False,no_candidate_within_1deg,False,,,,,,
102623,2008-08-31T21:00:00Z,10.6,-19.3,0,0,0,,,,0,False,no_candidate_within_1deg,False,,,,,,
102623,2008-09-01T00:00:00Z,12.7,-17.3,0,0,0,,,,0,False,no_candidate_within_1deg,False,,,,,,
102623,2008-09-01T03:00:00Z,12.6,-17.7,0,0,0,,,,0,False,no_candidate_within_1deg,False,,,,,,
102623,2008-09-01T06:00:00Z,12.4,-18.3,0,0,0,,,,0,False,no_candidate_within_1deg,False,,,,,,
102623,2008-09-01T09:00:00Z,15.2,-17.5,0,0,0,,,,0,False,no_candidate_within_1deg,False,,,,,,
102623,2008-09-01T12:00:00Z,13.7,-19.7,0,0,0,,,,0,False,no_candidate_within_1deg,False,,,,,,
102623,2008-09-01T15:00:00Z,13.9,-20.4,0,0,0,,,,0,False,no_candidate_within_1deg,False,,,,,,
102623,2008-09-01T18:00:00Z,14.1,-21.1,0,0,0,,,,0,False,no_candidate_within_1deg,False,,,,,,
102623,2008-09-01T21:00:00Z,12.9,-22.2,0,0,0,,,,0,False,no_candidate_within_1deg,False,,,,,,
102624,2008-08-31T18:00:00Z,15.3,-109.4,0,0,0,,,,0,False,no_candidate_within_1deg,False,,,,,,
102624,2008-08-31T21:00:00Z,16.2,-108.9,0,0,0,,,,0,False,no_candidate_within_1deg,False,,,,,,
102624,2008-09-01T00:00:00Z,17.0,-108.4,0,0,0,,,,0,False,no_candidate_within_1deg,False,,,,,,
102624,2008-09-01T03:00:00Z,17.9,-107.9,0,0,0,,,,0,False,no_candidate_within_1deg,False,,,,,,
102624,2008-09-01T06:00:00Z,18.5,-106.8,0,0,0,,,,0,False,no_candidate_within_1deg,False,,,,,,
102624,2008-09-01T09:00:00Z,18.5,-107.1,0,0,0,,,,0,False,no_candidate_within_1deg,False,,,,,,
102624,2008-09-01T12:00:00Z,19.6,-109.4,0,0,0,,,,0,False,no_candidate_within_1deg,False,,,,,,
102624,2008-09-01T15:00:00Z,18.3,-109.9,0,0,0,,,,0,False,no_candidate_within_1deg,False,,,,,,
102624,2008-09-01T18:00:00Z,18.6,-110.3,0,0,0,,,,0,False,no_candidate_within_1deg,False,,,,,,
102624,2008-09-01T21:00:00Z,18.8,-110.7,0,0,0,,,,0,False,no_candidate_within_1deg,False,,,,,,
102624,2008-09-02T00:00:00Z,18.1,-111.4,0,0,0,,,,0,False,no_candidate_within_1deg,False,,,,,,
102624,2008-09-02T03:00:00Z,18.3,-112.0,0,0,0,,,,0,False,no_candidate_within_1deg,False,,,,,,
102628,2008-09-11T15:00:00Z,26.2,147.6,2,2,0,6790.6040722594125,94874.0,6362.0,0,False,no_candidate_within_1deg,False,,,,,,
102628,2008-09-11T18:00:00Z,24.8,147.2,2,2,0,6829.424836863403,94910.0,6362.0,0,False,no_candidate_within_1deg,False,,,,,,
102628,2008-09-11T21:00:00Z,23.5,146.8,2,2,0,6803.375322657335,94941.0,6362.0,0,False,no_candidate_within_1deg,False,,,,,,
102628,2008-09-12T00:00:00Z,22.1,146.4,2,2,0,6805.806409146871,94969.0,6362.0,0,False,no_candidate_within_1deg,False,,,,,,
102628,2008-09-12T03:00:00Z,24.4,147.1,2,2,0,6886.958235067827,94998.0,6362.0,0,False,no_candidate_within_1deg,False,,,,,,
102628,2008-09-12T06:00:00Z,25.1,147.9,2,2,0,7026.7640368727325,95035.0,6362.0,0,False,no_candidate_within_1deg,False,,,,,,
102628,2008-09-12T09:00:00Z,25.2,147.8,2,2,0,7054.135982452238,95067.0,6362.0,0,False,no_candidate_within_1deg,False,,,,,,
102628,2008-09-12T12:00:00Z,25.1,147.9,2,2,0,7086.6115530940415,95098.0,6362.0,0,False,no_candidate_within_1deg,False,,,,,,
102628,2008-09-12T15:00:00Z,27.8,148.1,2,2,0,7080.09303544577,95125.0,6362.0,0,False,no_candidate_within_1deg,False,,,,,,
102644,2008-10-14T15:00:00Z,-3.6,73.8,0,0,0,,,,0,False,no_candidate_within_1deg,False,,,,,,
102644,2008-10-14T18:00:00Z,-2.0,74.0,0,0,0,,,,0,False,no_candidate_within_1deg,False,,,,,,
102644,2008-10-14T21:00:00Z,-0.3,74.1,0,0,0,,,,0,False,no_candidate_within_1deg,False,,,,,,
102644,2008-10-15T00:00:00Z,1.3,74.3,0,0,0,,,,0,False,no_candidate_within_1deg,False,,,,,,
102644,2008-10-15T03:00:00Z,-2.6,74.2,0,0,0,,,,0,False,no_candidate_within_1deg,False,,,,,,
102644,2008-10-15T06:00:00Z,-3.7,72.9,0,0,0,,,,0,False,no_candidate_within_1deg,False,,,,,,
102644,2008-10-15T09:00:00Z,-4.9,71.5,0,0,0,,,,0,False,no_candidate_within_1deg,False,,,,,,
102644,2008-10-15T12:00:00Z,-6.0,70.2,0,0,0,,,,0,False,no_candidate_within_1deg,False,,,,,,
102644,2008-10-15T15:00:00Z,-6.7,69.3,0,0,0,,,,0,False,no_candidate_within_1deg,False,,,,,,
102649,2008-11-01T00:00:00Z,6.9,-99.3,0,0,0,,,,0,False,no_candidate_within_1deg,False,,,,,,
102649,2008-11-01T03:00:00Z,6.9,-99.7,0,0,0,,,,0,False,no_candidate_within_1deg,False,,,,,,
102649,2008-11-01T06:00:00Z,6.8,-100.1,0,0,0,,,,0,False,no_candidate_within_1deg,False,,,,,,
102649,2008-11-01T09:00:00Z,6.8,-100.5,0,0,0,,,,0,False,no_candidate_within_1deg,False,,,,,,
102649,2008-11-01T12:00:00Z,7.8,-101.1,0,0,0,,,,0,False,no_candidate_within_1deg,False,,,,,,
102649,2008-11-01T15:00:00Z,7.5,-101.1,0,0,0,,,,0,False,no_candidate_within_1deg,False,,,,,,
102649,2008-11-01T18:00:00Z,7.3,-103.3,0,0,0,,,,0,False,no_candidate_within_1deg,False,,,,,,
102649,2008-11-01T21:00:00Z,7.5,-103.1,0,0,0,,,,0,False,no_candidate_within_1deg,False,,,,,,
102649,2008-11-02T00:00:00Z,7.1,-105.0,0,0,0,,,,0,False,no_candidate_within_1deg,False,,,,,,
102649,2008-11-02T03:00:00Z,8.7,-102.7,0,0,0,,,,0,False,no_candidate_within_1deg,False,,,,,,
102649,2008-11-02T06:00:00Z,8.3,-104.9,0,0,0,,,,0,False,no_candidate_within_1deg,False,,,,,,
102649,2008-11-02T09:00:00Z,7.6,-107.7,0,0,0,,,,0,False,no_candidate_within_1deg,False,,,,,,
102678,2009-03-14T18:00:00Z,-11.4,-158.0,0,0,0,,,,0,False,no_candidate_within_1deg,False,,,,,,
102678,2009-03-14T21:00:00Z,-12.5,-158.3,0,0,0,,,,0,False,no_candidate_within_1deg,False,,,,,,
102678,2009-03-15T00:00:00Z,-13.7,-158.6,0,0,0,,,,0,False,no_candidate_within_1deg,False,,,,,,
102678,2009-03-15T03:00:00Z,-14.3,-159.2,0,0,0,,,,0,False,no_candidate_within_1deg,False,,,,,,
102678,2009-03-15T06:00:00Z,-14.9,-159.9,0,0,0,,,,0,False,no_candidate_within_1deg,False,,,,,,
102678,2009-03-15T09:00:00Z,-15.4,-160.5,0,0,0,,,,0,False,no_candidate_within_1deg,False,,,,,,
102678,2009-03-15T12:00:00Z,-16.0,-161.2,0,0,0,,,,0,False,no_candidate_within_1deg,False,,,,,,
102678,2009-03-15T15:00:00Z,-16.1,-161.5,0,0,0,,,,0,False,no_candidate_within_1deg,False,,,,,,
102678,2009-03-15T18:00:00Z,-16.2,-161.9,0,0,0,,,,0,False,no_candidate_within_1deg,False,,,,,,
102678,2009-03-15T21:00:00Z,-16.3,-162.2,0,0,0,,,,0,False,no_candidate_within_1deg,False,,,,,,
102689,2009-06-12T03:00:00Z,7.6,130.4,0,0,0,,,,0,False,no_candidate_within_1deg,False,,,,,,
102689,2009-06-12T06:00:00Z,7.7,130.6,0,0,0,,,,0,False,no_candidate_within_1deg,False,,,,,,
102689,2009-06-12T09:00:00Z,7.8,130.8,0,0,0,,,,0,False,no_candidate_within_1deg,False,,,,,,
102689,2009-06-12T12:00:00Z,7.9,131.0,0,0,0,,,,0,False,no_candidate_within_1deg,False,,,,,,
102689,2009-06-12T15:00:00Z,8.0,130.5,0,0,0,,,,0,False,no_candidate_within_1deg,False,,,,,,
102689,2009-06-12T18:00:00Z,8.5,130.5,0,0,0,,,,0,False,no_candidate_within_1deg,False,,,,,,
102689,2009-06-12T21:00:00Z,8.7,129.7,0,0,0,,,,0,False,no_candidate_within_1deg,False,,,,,,
102689,2009-06-13T00:00:00Z,8.9,128.9,0,0,0,,,,0,False,no_candidate_within_1deg,False,,,,,,
102689,2009-06-13T03:00:00Z,8.6,128.1,0,0,0,,,,0,False,no_candidate_within_1deg,False,,,,,,
102709,2009-08-13T18:00:00Z,8.8,-28.8,1,1,0,12202.123466389945,85777.0,6437.0,0,False,no_candidate_within_1deg,False,,,,,,
102709,2009-08-13T21:00:00Z,10.7,-27.4,1,1,0,12028.386043361077,85830.0,6437.0,0,False,no_candidate_within_1deg,False,,,,,,
102709,2009-08-14T00:00:00Z,12.5,-25.9,1,1,0,11700.053880744876,85889.0,6437.0,0,False,no_candidate_within_1deg,False,,,,,,
102709,2009-08-14T03:00:00Z,12.2,-26.8,1,1,0,11806.14456768458,85963.0,6437.0,0,False,no_candidate_within_1deg,False,,,,,,
102709,2009-08-14T06:00:00Z,12.7,-27.8,1,0,1,,,,0,False,no_candidate_within_1deg,False,,,,,,
102709,2009-08-14T09:00:00Z,13.2,-28.0,1,1,0,11825.53009182935,86082.0,6437.0,0,False,no_candidate_within_1deg,False,,,,,,
102709,2009-08-14T12:00:00Z,13.4,-29.3,1,1,0,12013.856203182559,86135.0,6437.0,0,False,no_candidate_within_1deg,False,,,,,,
102709,2009-08-14T15:00:00Z,13.6,-30.2,1,0,1,,,,0,False,no_candidate_within_1deg,False,,,,,,
102709,2009-08-14T18:00:00Z,13.4,-31.0,1,0,1,,,,0,False,no_candidate_within_1deg,False,,,,,,
102709,2009-08-14T21:00:00Z,13.3,-31.6,1,1,0,11777.581381852842,86288.0,6437.0,0,False,no_candidate_within_1deg,False,,,,,,
102709,2009-08-15T00:00:00Z,12.7,-32.2,1,1,0,11791.957637099029,86340.0,6437.0,0,False,no_candidate_within_1deg,False,,,,,,
102709,2009-08-15T03:00:00Z,12.0,-32.9,1,1,0,11912.753762573446,86393.0,6437.0,0,False,no_candidate_within_1deg,False,,,,,,
102719,2009-08-30T21:00:00Z,15.8,-48.4,1,1,0,12003.5213628063,91735.0,6441.0,0,False,no_candidate_within_1deg,False,,,,,,
102719,2009-08-31T00:00:00Z,16.4,-48.9,1,0,1,,,,0,False,no_candidate_within_1deg,False,,,,,,
102719,2009-08-31T03:00:00Z,17.1,-49.4,1,0,1,,,,0,False,no_candidate_within_1deg,False,,,,,,
102719,2009-08-31T06:00:00Z,17.7,-49.9,1,0,1,,,,0,False,no_candidate_within_1deg,False,,,,,,
102719,2009-08-31T09:00:00Z,18.3,-50.4,1,0,1,,,,0,False,no_candidate_within_1deg,False,,,,,,
102719,2009-08-31T12:00:00Z,14.9,-50.4,1,0,1,,,,0,False,no_candidate_within_1deg,False,,,,,,
102719,2009-08-31T15:00:00Z,14.7,-51.0,1,0,1,,,,0,False,no_candidate_within_1deg,False,,,,,,
102719,2009-08-31T18:00:00Z,14.5,-51.5,1,0,1,,,,0,False,no_candidate_within_1deg,False,,,,,,
102719,2009-08-31T21:00:00Z,14.3,-52.1,1,0,1,,,,0,False,no_candidate_within_1deg,False,,,,,,
102719,2009-09-01T00:00:00Z,15.9,-52.4,2,1,1,14608.200441589424,92186.0,6445.0,0,False,no_candidate_within_1deg,False,,,,,,
102719,2009-09-01T03:00:00Z,15.8,-52.7,2,1,1,14674.095711039987,92238.0,6445.0,0,False,no_candidate_within_1deg,False,,,,,,
102719,2009-09-01T06:00:00Z,15.9,-53.4,2,2,0,12182.941913975565,92293.0,6441.0,0,False,no_candidate_within_1deg,False,,,,,,
102719,2009-09-01T09:00:00Z,16.7,-53.4,2,2,0,12116.647707527749,92334.0,6441.0,0,False,no_candidate_within_1deg,False,,,,,,
102719,2009-09-01T12:00:00Z,16.8,-53.8,2,2,0,12111.343785371426,92378.0,6441.0,0,False,no_candidate_within_1deg,False,,,,,,
102719,2009-09-01T15:00:00Z,16.8,-53.6,2,2,0,12066.037768998118,92436.0,6441.0,0,False,no_candidate_within_1deg,False,,,,,,
102722,2009-09-02T15:00:00Z,12.9,85.0,1,1,0,990.4138359690168,92850.0,6445.0,0,False,no_candidate_within_1deg,False,,,,,,
102722,2009-09-02T18:00:00Z,13.5,85.5,1,1,0,884.488497382738,92905.0,6445.0,0,False,no_candidate_within_1deg,False,,,,,,
102722,2009-09-02T21:00:00Z,14.1,86.1,1,1,0,817.2171479670001,92963.0,6445.0,0,False,no_candidate_within_1deg,False,,,,,,
102722,2009-09-03T00:00:00Z,14.5,85.6,1,1,0,806.7414148286107,93020.0,6445.0,0,False,no_candidate_within_1deg,False,,,,,,
102722,2009-09-03T03:00:00Z,14.8,85.1,1,1,0,783.5556988407029,93070.0,6445.0,0,False,no_candidate_within_1deg,False,,,,,,
102722,2009-09-03T06:00:00Z,15.2,84.5,1,1,0,782.9338904245236,93122.0,6445.0,0,False,no_candidate_within_1deg,False,,,,,,
102722,2009-09-03T09:00:00Z,15.5,84.0,1,1,0,809.3192902073835,93172.0,6445.0,0,False,no_candidate_within_1deg,False,,,,,,
102722,2009-09-03T12:00:00Z,17.5,85.2,1,1,0,538.1248171384087,93216.0,6445.0,0,False,no_candidate_within_1deg,False,,,,,,
102722,2009-09-03T15:00:00Z,19.4,86.4,1,1,0,335.1594549692216,93265.0,6445.0,0,False,no_candidate_within_1deg,False,,,,,,
102724,2009-09-07T03:00:00Z,12.6,118.1,2,2,0,2859.4575217817055,94495.0,6447.0,0,False,no_candidate_within_1deg,False,,,,,,
102724,2009-09-07T06:00:00Z,12.9,118.8,2,1,1,3905.7867195938165,94532.0,6445.0,0,False,no_candidate_within_1deg,False,,,,,,
102724,2009-09-07T09:00:00Z,13.5,118.6,2,2,0,2973.270402139643,94569.0,6447.0,0,False,no_candidate_within_1deg,False,,,,,,
102724,2009-09-07T12:00:00Z,14.2,118.3,2,2,0,2959.745487197613,94605.0,6447.0,0,False,no_candidate_within_1deg,False,,,,,,
102724,2009-09-07T15:00:00Z,14.8,118.1,2,2,0,2961.971801833897,94647.0,6447.0,0,False,no_candidate_within_1deg,False,,,,,,
102724,2009-09-07T18:00:00Z,13.4,117.8,2,2,0,3024.864284037973,94683.0,6447.0,0,False,no_candidate_within_1deg,False,,,,,,
102724,2009-09-07T21:00:00Z,13.6,118.1,2,2,0,3102.5069266219407,94729.0,6447.0,0,False,no_candidate_within_1deg,False,,,,,,
102724,2009-09-08T00:00:00Z,13.9,118.0,2,2,0,3122.40727876057,94777.0,6447.0,0,False,no_candidate_within_1deg,False,,,,,,
102724,2009-09-08T03:00:00Z,14.1,118.0,2,2,0,3168.733114323642,94823.0,6447.0,0,False,no_candidate_within_1deg,False,,,,,,
102726,2009-09-10T09:00:00Z,12.3,155.6,1,1,0,8036.078583915891,95609.0,6445.0,0,False,no_candidate_within_1deg,False,,,,,,
102726,2009-09-10T12:00:00Z,12.6,156.2,1,1,0,8102.621891948292,95641.0,6445.0,0,False,no_candidate_within_1deg,False,,,,,,
102726,2009-09-10T15:00:00Z,12.9,156.8,1,1,0,8172.2104372452395,95676.0,6445.0,0,False,no_candidate_within_1deg,False,,,,,,
102726,2009-09-10T18:00:00Z,13.2,157.4,1,1,0,8266.978739817288,95711.0,6445.0,0,False,no_candidate_within_1deg,False,,,,,,
102726,2009-09-10T21:00:00Z,13.5,158.0,1,1,0,8326.637718092155,95746.0,6445.0,0,False,no_candidate_within_1deg,False,,,,,,
102726,2009-09-11T00:00:00Z,13.6,157.4,1,1,0,8282.102090551054,95781.0,6445.0,0,False,no_candidate_within_1deg,False,,,,,,
102726,2009-09-11T03:00:00Z,13.4,155.7,1,1,0,8158.340037757921,95813.0,6445.0,0,False,no_candidate_within_1deg,False,,,,,,
102726,2009-09-11T06:00:00Z,11.5,156.8,1,1,0,8386.835476233004,95845.0,6445.0,0,False,no_candidate_within_1deg,False,,,,,,
102726,2009-09-11T09:00:00Z,11.5,157.4,1,1,0,8440.34387348141,95876.0,6445.0,0,False,no_candidate_within_1deg,False,,,,,,
102728,2009-09-19T15:00:00Z,9.7,-99.9,0,0,0,,,,0,False,no_candidate_within_1deg,False,,,,,,
102728,2009-09-19T18:00:00Z,8.9,-100.5,0,0,0,,,,0,False,no_candidate_within_1deg,False,,,,,,
102728,2009-09-19T21:00:00Z,9.2,-102.3,0,0,0,,,,0,False,no_candidate_within_1deg,False,,,,,,
102728,2009-09-20T00:00:00Z,9.5,-104.0,0,0,0,,,,0,False,no_candidate_within_1deg,False,,,,,,
102728,2009-09-20T03:00:00Z,9.8,-105.8,0,0,0,,,,0,False,no_candidate_within_1deg,False,,,,,,
102728,2009-09-20T06:00:00Z,9.7,-108.4,0,0,0,,,,0,False,no_candidate_within_1deg,False,,,,,,
102728,2009-09-20T09:00:00Z,10.1,-109.5,0,0,0,,,,0,False,no_candidate_within_1deg,False,,,,,,
102728,2009-09-20T12:00:00Z,8.6,-108.0,0,0,0,,,,0,False,no_candidate_within_1deg,False,,,,,,
102728,2009-09-20T15:00:00Z,9.0,-108.0,0,0,0,,,,0,False,no_candidate_within_1deg,False,,,,,,
102732,2009-09-25T21:00:00Z,6.6,148.6,0,0,0,,,,0,False,no_candidate_within_1deg,False,,,,,,
102732,2009-09-26T00:00:00Z,7.2,147.8,0,0,0,,,,0,False,no_candidate_within_1deg,False,,,,,,
102732,2009-09-26T03:00:00Z,8.0,148.1,0,0,0,,,,0,False,no_candidate_within_1deg,False,,,,,,
102732,2009-09-26T06:00:00Z,8.8,148.5,0,0,0,,,,0,False,no_candidate_within_1deg,False,,,,,,
102732,2009-09-26T09:00:00Z,9.6,148.8,0,0,0,,,,0,False,no_candidate_within_1deg,False,,,,,,
102732,2009-09-26T12:00:00Z,10.4,149.2,0,0,0,,,,0,False,no_candidate_within_1deg,False,,,,,,
102732,2009-09-26T15:00:00Z,10.2,148.2,0,0,0,,,,0,False,no_candidate_within_1deg,False,,,,,,
102732,2009-09-26T18:00:00Z,10.9,147.9,0,0,0,,,,0,False,no_candidate_within_1deg,False,,,,,,
102732,2009-09-26T21:00:00Z,9.0,145.7,0,0,0,,,,0,False,no_candidate_within_1deg,False,,,,,,
102733,2009-09-26T21:00:00Z,17.1,-105.5,0,0,0,,,,0,False,no_candidate_within_1deg,False,,,,,,
102733,2009-09-27T00:00:00Z,16.8,-103.3,0,0,0,,,,0,False,no_candidate_within_1deg,False,,,,,,
102733,2009-09-27T03:00:00Z,16.5,-101.1,0,0,0,,,,0,False,no_candidate_within_1deg,False,,,,,,
102733,2009-09-27T06:00:00Z,15.7,-100.6,0,0,0,,,,0,False,no_candidate_within_1deg,False,,,,,,
102733,2009-09-27T09:00:00Z,14.9,-100.0,0,0,0,,,,0,False,no_candidate_within_1deg,False,,,,,,
102733,2009-09-27T12:00:00Z,14.0,-99.5,0,0,0,,,,0,False,no_candidate_within_1deg,False,,,,,,
102733,2009-09-27T15:00:00Z,13.2,-99.0,0,0,0,,,,0,False,no_candidate_within_1deg,False,,,,,,
102733,2009-09-27T18:00:00Z,13.9,-100.1,0,0,0,,,,0,False,no_candidate_within_1deg,False,,,,,,
102733,2009-09-27T21:00:00Z,14.6,-101.2,0,0,0,,,,0,False,no_candidate_within_1deg,False,,,,,,
102745,2009-11-05T09:00:00Z,14.9,160.9,1,1,0,8856.485115872121,111205.0,6464.0,0,False,no_candidate_within_1deg,False,,,,,,
102745,2009-11-05T12:00:00Z,15.8,160.7,1,0,1,,,,0,False,no_candidate_within_1deg,False,,,,,,
102745,2009-11-05T15:00:00Z,15.1,160.1,1,0,1,,,,0,False,no_candidate_within_1deg,False,,,,,,
102745,2009-11-05T18:00:00Z,15.5,160.3,1,1,0,9058.371417501612,111311.0,6464.0,0,False,no_candidate_within_1deg,False,,,,,,
102745,2009-11-05T21:00:00Z,15.9,160.6,1,1,0,9062.709581625375,111358.0,6464.0,0,False,no_candidate_within_1deg,False,,,,,,
102745,2009-11-06T00:00:00Z,16.9,160.4,1,1,0,8999.645950501574,111404.0,6464.0,0,False,no_candidate_within_1deg,False,,,,,,
102745,2009-11-06T03:00:00Z,19.2,158.9,1,1,0,8803.361059586103,111449.0,6464.0,0,False,no_candidate_within_1deg,False,,,,,,
102745,2009-11-06T06:00:00Z,18.7,158.7,1,1,0,8826.685948866534,111490.0,6464.0,0,False,no_candidate_within_1deg,False,,,,,,
102745,2009-11-06T09:00:00Z,18.0,159.4,1,1,0,8911.733199734861,111531.0,6464.0,0,False,no_candidate_within_1deg,False,,,,,,
102746,2009-11-07T18:00:00Z,11.3,74.0,1,1,0,476.0336558040146,111952.0,6464.0,0,False,no_candidate_within_1deg,False,,,,,,
102746,2009-11-07T21:00:00Z,10.8,73.0,1,1,0,445.423522026882,111987.0,6464.0,0,False,no_candidate_within_1deg,False,,,,,,
102746,2009-11-08T00:00:00Z,10.6,72.3,1,1,0,480.0296296375007,112024.0,6464.0,0,False,no_candidate_within_1deg,False,,,,,,
102746,2009-11-08T03:00:00Z,10.4,71.6,0,0,0,,,,0,False,no_candidate_within_1deg,False,,,,,,
102746,2009-11-08T06:00:00Z,9.6,73.5,0,0,0,,,,0,False,no_candidate_within_1deg,False,,,,,,
102746,2009-11-08T09:00:00Z,10.3,73.6,0,0,0,,,,0,False,no_candidate_within_1deg,False,,,,,,
102746,2009-11-08T12:00:00Z,11.1,73.6,0,0,0,,,,0,False,no_candidate_within_1deg,False,,,,,,
102746,2009-11-08T15:00:00Z,11.8,73.7,0,0,0,,,,0,False,no_candidate_within_1deg,False,,,,,,
102746,2009-11-08T18:00:00Z,11.1,73.7,0,0,0,,,,0,False,no_candidate_within_1deg,False,,,,,,
102746,2009-11-08T21:00:00Z,10.5,73.7,0,0,0,,,,0,False,no_candidate_within_1deg,False,,,,,,
102746,2009-11-09T00:00:00Z,9.8,73.7,1,1,0,284.93237050652266,112338.0,6465.0,0,False,no_candidate_within_1deg,False,,,,,,
102746,2009-11-09T03:00:00Z,11.1,72.9,1,1,0,138.5942154139892,112388.0,6465.0,0,False,no_candidate_within_1deg,False,,,,,,
102747,2009-11-12T03:00:00Z,-7.2,76.1,1,1,0,3318.925822282959,113672.0,6465.0,0,False,no_candidate_within_1deg,False,,,,,,
102747,2009-11-12T06:00:00Z,-8.5,76.3,1,1,0,3554.615726978476,113718.0,6465.0,0,False,no_candidate_within_1deg,False,,,,,,
102747,2009-11-12T09:00:00Z,-9.8,76.6,1,1,0,3781.7283813386343,113757.0,6465.0,0,False,no_candidate_within_1deg,False,,,,,,
102747,2009-11-12T12:00:00Z,-11.1,76.8,1,1,0,3991.584755095681,113795.0,6465.0,0,False,no_candidate_within_1deg,False,,,,,,
102747,2009-11-12T15:00:00Z,-12.4,74.9,1,1,0,4184.772817161337,113829.0,6465.0,0,False,no_candidate_within_1deg,False,,,,,,
102747,2009-11-12T18:00:00Z,-13.6,72.9,1,1,0,4394.636390297367,113857.0,6465.0,0,False,no_candidate_within_1deg,False,,,,,,
102747,2009-11-12T21:00:00Z,-12.1,72.1,1,1,0,4306.562009852817,113897.0,6465.0,0,False,no_candidate_within_1deg,False,,,,,,
102747,2009-11-13T00:00:00Z,-10.5,71.3,1,1,0,4198.547950074752,113934.0,6465.0,0,False,no_candidate_within_1deg,False,,,,,,
102747,2009-11-13T03:00:00Z,-11.0,72.2,1,1,0,4217.666684471697,113975.0,6465.0,0,False,no_candidate_within_1deg,False,,,,,,
102747,2009-11-13T06:00:00Z,-11.7,72.1,1,1,0,4404.155199165777,114007.0,6465.0,0,False,no_candidate_within_1deg,False,,,,,,
102747,2009-11-13T09:00:00Z,-12.4,71.9,1,1,0,4484.488351353337,114042.0,6465.0,0,False,no_candidate_within_1deg,False,,,,,,
102764,2010-01-30T21:00:00Z,-17.6,41.7,0,0,0,,,,0,False,no_candidate_within_1deg,False,,,,,,
102764,2010-01-31T00:00:00Z,-16.7,40.8,0,0,0,,,,0,False,no_candidate_within_1deg,False,,,,,,
102764,2010-01-31T03:00:00Z,-16.6,42.8,0,0,0,,,,0,False,no_candidate_within_1deg,False,,,,,,
102764,2010-01-31T06:00:00Z,-18.3,42.7,0,0,0,,,,0,False,no_candidate_within_1deg,False,,,,,,
102764,2010-01-31T09:00:00Z,-19.9,42.5,0,0,0,,,,0,False,no_candidate_within_1deg,False,,,,,,
102764,2010-01-31T12:00:00Z,-20.1,43.1,0,0,0,,,,0,False,no_candidate_within_1deg,False,,,,,,
102764,2010-01-31T15:00:00Z,-19.7,43.0,0,0,0,,,,0,False,no_candidate_within_1deg,False,,,,,,
102764,2010-01-31T18:00:00Z,-19.2,43.0,0,0,0,,,,0,False,no_candidate_within_1deg,False,,,,,,
102764,2010-01-31T21:00:00Z,-18.8,42.9,0,0,0,,,,0,False,no_candidate_within_1deg,False,,,,,,
102764,2010-02-01T00:00:00Z,-17.9,39.5,0,0,0,,,,0,False,no_candidate_within_1deg,False,,,,,,
102764,2010-02-01T03:00:00Z,-18.8,42.1,0,0,0,,,,0,False,no_candidate_within_1deg,False,,,,,,
102767,2010-02-13T21:00:00Z,-7.9,57.0,0,0,0,,,,0,False,no_candidate_within_1deg,False,,,,,,
102767,2010-02-14T00:00:00Z,-7.6,56.9,0,0,0,,,,0,False,no_candidate_within_1deg,False,,,,,,
102767,2010-02-14T03:00:00Z,-9.2,57.6,0,0,0,,,,0,False,no_candidate_within_1deg,False,,,,,,
102767,2010-02-14T06:00:00Z,-10.8,58.4,0,0,0,,,,0,False,no_candidate_within_1deg,False,,,,,,
102767,2010-02-14T09:00:00Z,-10.4,57.9,0,0,0,,,,0,False,no_candidate_within_1deg,False,,,,,,
102767,2010-02-14T12:00:00Z,-10.8,57.4,0,0,0,,,,0,False,no_candidate_within_1deg,False,,,,,,
102767,2010-02-14T15:00:00Z,-10.8,57.5,0,0,0,,,,0,False,no_candidate_within_1deg,False,,,,,,
102767,2010-02-14T18:00:00Z,-10.8,57.6,0,0,0,,,,0,False,no_candidate_within_1deg,False,,,,,,
102767,2010-02-14T21:00:00Z,-10.8,57.7,0,0,0,,,,0,False,no_candidate_within_1deg,False,,,,,,
102769,2010-03-07T21:00:00Z,-22.0,56.1,0,0,0,,,,0,False,no_candidate_within_1deg,False,,,,,,
102769,2010-03-08T00:00:00Z,-22.1,55.9,0,0,0,,,,0,False,no_candidate_within_1deg,False,,,,,,
102769,2010-03-08T03:00:00Z,-22.6,54.8,0,0,0,,,,0,False,no_candidate_within_1deg,False,,,,,,
102769,2010-03-08T06:00:00Z,-23.1,53.7,0,0,0,,,,0,False,no_candidate_within_1deg,False,,,,,,
102769,2010-03-08T09:00:00Z,-22.8,49.5,0,0,0,,,,0,False,no_candidate_within_1deg,False,,,,,,
102769,2010-03-08T12:00:00Z,-21.7,53.7,0,0,0,,,,0,False,no_candidate_within_1deg,False,,,,,,
102769,2010-03-08T15:00:00Z,-22.3,53.9,0,0,0,,,,0,False,no_candidate_within_1deg,False,,,,,,
102769,2010-03-08T18:00:00Z,-21.1,53.0,0,0,0,,,,0,False,no_candidate_within_1deg,False,,,,,,
102769,2010-03-08T21:00:00Z,-19.8,52.2,0,0,0,,,,0,False,no_candidate_within_1deg,False,,,,,,
102774,2010-03-20T03:00:00Z,-9.6,87.3,0,0,0,,,,0,False,no_candidate_within_1deg,False,,,,,,
102774,2010-03-20T06:00:00Z,-9.4,88.6,0,0,0,,,,0,False,no_candidate_within_1deg,False,,,,,,
102774,2010-03-20T09:00:00Z,-9.2,89.9,0,0,0,,,,0,False,no_candidate_within_1deg,False,,,,,,
102774,2010-03-20T12:00:00Z,-8.9,86.9,0,0,0,,,,0,False,no_candidate_within_1deg,False,,,,,,
102774,2010-03-20T15:00:00Z,-9.8,86.6,0,0,0,,,,0,False,no_candidate_within_1deg,False,,,,,,
102774,2010-03-20T18:00:00Z,-9.5,86.6,0,0,0,,,,0,False,no_candidate_within_1deg,False,,,,,,
102774,2010-03-20T21:00:00Z,-9.3,86.5,0,0,0,,,,0,False,no_candidate_within_1deg,False,,,,,,
102774,2010-03-21T00:00:00Z,-9.0,86.5,0,0,0,,,,0,False,no_candidate_within_1deg,False,,,,,,
102774,2010-03-21T03:00:00Z,-8.9,86.2,0,0,0,,,,0,False,no_candidate_within_1deg,False,,,,,,
102776,2010-03-31T03:00:00Z,-10.4,95.8,0,0,0,,,,0,False,no_candidate_within_1deg,False,,,,,,
102776,2010-03-31T06:00:00Z,-10.9,95.1,0,0,0,,,,0,False,no_candidate_within_1deg,False,,,,,,
102776,2010-03-31T09:00:00Z,-11.5,94.5,0,0,0,,,,0,False,no_candidate_within_1deg,False,,,,,,
102776,2010-03-31T12:00:00Z,-12.0,93.8,0,0,0,,,,0,False,no_candidate_within_1deg,False,,,,,,
102776,2010-03-31T15:00:00Z,-11.1,93.8,0,0,0,,,,0,False,no_candidate_within_1deg,False,,,,,,
102776,2010-03-31T18:00:00Z,-10.2,93.8,0,0,0,,,,0,False,no_candidate_within_1deg,False,,,,,,
102776,2010-03-31T21:00:00Z,-11.1,93.3,0,0,0,,,,0,False,no_candidate_within_1deg,False,,,,,,
102776,2010-04-01T00:00:00Z,-10.3,92.5,0,0,0,,,,0,False,no_candidate_within_1deg,False,,,,,,
102776,2010-04-01T03:00:00Z,-11.4,94.6,0,0,0,,,,0,False,no_candidate_within_1deg,False,,,,,,
102777,2010-04-18T21:00:00Z,-8.3,116.4,0,0,0,,,,0,False,no_candidate_within_1deg,False,,,,,,
102777,2010-04-19T00:00:00Z,-9.2,117.0,0,0,0,,,,0,False,no_candidate_within_1deg,False,,,,,,
102777,2010-04-19T03:00:00Z,-10.2,117.6,0,0,0,,,,0,False,no_candidate_within_1deg,False,,,,,,
102777,2010-04-19T06:00:00Z,-10.0,116.0,0,0,0,,,,0,False,no_candidate_within_1deg,False,,,,,,
102777,2010-04-19T09:00:00Z,-9.7,114.5,0,0,0,,,,0,False,no_candidate_within_1deg,False,,,,,,
102777,2010-04-19T12:00:00Z,-9.2,113.9,0,0,0,,,,0,False,no_candidate_within_1deg,False,,,,,,
102777,2010-04-19T15:00:00Z,-8.3,115.1,0,0,0,,,,0,False,no_candidate_within_1deg,False,,,,,,
102777,2010-04-19T18:00:00Z,-7.3,116.4,0,0,0,,,,0,False,no_candidate_within_1deg,False,,,,,,
102777,2010-04-19T21:00:00Z,-6.4,117.6,0,0,0,,,,0,False,no_candidate_within_1deg,False,,,,,,
102778,2010-05-14T09:00:00Z,8.8,60.0,1,0,1,,,,0,False,no_candidate_within_1deg,False,,,,,,
102778,2010-05-14T12:00:00Z,7.5,58.1,1,1,0,4056.202332434756,48796.0,6466.0,0,False,no_candidate_within_1deg,False,,,,,,
102778,2010-05-14T15:00:00Z,6.2,56.3,1,0,1,,,,0,False,no_candidate_within_1deg,False,,,,,,
102778,2010-05-14T18:00:00Z,5.5,56.5,1,0,1,,,,0,False,no_candidate_within_1deg,False,,,,,,
102778,2010-05-14T21:00:00Z,4.8,56.8,1,0,1,,,,0,False,no_candidate_within_1deg,False,,,,,,
102778,2010-05-15T00:00:00Z,4.1,57.0,1,1,0,4451.1445870296,49041.0,6466.0,0,False,no_candidate_within_1deg,False,,,,,,
102778,2010-05-15T03:00:00Z,4.8,56.5,1,1,0,4372.0409484960355,49104.0,6466.0,0,False,no_candidate_within_1deg,False,,,,,,
102778,2010-05-15T06:00:00Z,5.6,56.2,1,1,0,4190.461057607853,49159.0,6466.0,0,False,no_candidate_within_1deg,False,,,,,,
102778,2010-05-15T09:00:00Z,6.4,55.8,1,1,0,4230.755387442293,49213.0,6466.0,0,False,no_candidate_within_1deg,False,,,,,,
102780,2010-05-27T06:00:00Z,12.2,-89.3,0,0,0,,,,0,False,no_candidate_within_1deg,False,,,,,,
102780,2010-05-27T09:00:00Z,12.7,-89.1,0,0,0,,,,0,False,no_candidate_within_1deg,False,,,,,,
102780,2010-05-27T12:00:00Z,12.5,-89.0,0,0,0,,,,0,False,no_candidate_within_1deg,False,,,,,,
102780,2010-05-27T15:00:00Z,12.3,-88.8,0,0,0,,,,0,False,no_candidate_within_1deg,False,,,,,,
102780,2010-05-27T18:00:00Z,12.1,-88.7,0,0,0,,,,0,False,no_candidate_within_1deg,False,,,,,,
102780,2010-05-27T21:00:00Z,11.9,-88.6,0,0,0,,,,0,False,no_candidate_within_1deg,False,,,,,,
102780,2010-05-28T00:00:00Z,12.1,-88.4,0,0,0,,,,0,False,no_candidate_within_1deg,False,,,,,,
102780,2010-05-28T03:00:00Z,12.4,-89.7,0,0,0,,,,0,False,no_candidate_within_1deg,False,,,,,,
102780,2010-05-28T06:00:00Z,12.8,-91.1,0,0,0,,,,0,False,no_candidate_within_1deg,False,,,,,,
102780,2010-05-28T09:00:00Z,13.1,-92.4,0,0,0,,,,0,False,no_candidate_within_1deg,False,,,,,,
102780,2010-05-28T12:00:00Z,13.4,-93.8,0,0,0,,,,0,False,no_candidate_within_1deg,False,,,,,,
102780,2010-05-28T15:00:00Z,13.2,-93.1,0,0,0,,,,0,False,no_candidate_within_1deg,False,,,,,,
102787,2010-07-06T03:00:00Z,20.7,-85.9,0,0,0,,,,0,False,no_candidate_within_1deg,False,,,,,,
102787,2010-07-06T06:00:00Z,20.6,-84.4,0,0,0,,,,0,False,no_candidate_within_1deg,False,,,,,,
102787,2010-07-06T09:00:00Z,20.6,-85.5,0,0,0,,,,0,False,no_candidate_within_1deg,False,,,,,,
102787,2010-07-06T12:00:00Z,20.5,-86.6,0,0,0,,,,0,False,no_candidate_within_1deg,False,,,,,,
102787,2010-07-06T15:00:00Z,20.1,-88.0,0,0,0,,,,0,False,no_candidate_within_1deg,False,,,,,,
102787,2010-07-06T18:00:00Z,19.7,-89.4,0,0,0,,,,0,False,no_candidate_within_1deg,False,,,,,,
102787,2010-07-06T21:00:00Z,19.3,-90.8,0,0,0,,,,0,False,no_candidate_within_1deg,False,,,,,,
102787,2010-07-07T00:00:00Z,19.8,-88.9,0,0,0,,,,0,False,no_candidate_within_1deg,False,,,,,,
102787,2010-07-07T03:00:00Z,20.3,-87.0,0,0,0,,,,0,False,no_candidate_within_1deg,False,,,,,,
102790,2010-07-15T21:00:00Z,14.9,126.6,0,0,0,,,,0,False,no_candidate_within_1deg,False,,,,,,
102790,2010-07-16T00:00:00Z,15.6,127.8,0,0,0,,,,0,False,no_candidate_within_1deg,False,,,,,,
102790,2010-07-16T03:00:00Z,14.6,130.3,0,0,0,,,,0,False,no_candidate_within_1deg,False,,,,,,
102790,2010-07-16T06:00:00Z,15.6,129.2,0,0,0,,,,0,False,no_candidate_within_1deg,False,,,,,,
102790,2010-07-16T09:00:00Z,16.6,128.0,0,0,0,,,,0,False,no_candidate_within_1deg,False,,,,,,
102790,2010-07-16T12:00:00Z,16.1,125.7,0,0,0,,,,0,False,no_candidate_within_1deg,False,,,,,,
102790,2010-07-16T15:00:00Z,15.6,123.5,0,0,0,,,,0,False,no_candidate_within_1deg,False,,,,,,
102790,2010-07-16T18:00:00Z,15.5,123.5,0,0,0,,,,0,False,no_candidate_within_1deg,False,,,,,,
102790,2010-07-16T21:00:00Z,15.1,123.6,0,0,0,,,,0,False,no_candidate_within_1deg,False,,,,,,
102795,2010-08-09T03:00:00Z,28.8,-86.6,1,1,0,13973.955597754635,83179.0,6506.0,0,False,no_candidate_within_1deg,False,,,,,,
102795,2010-08-09T06:00:00Z,28.1,-86.7,1,1,0,14022.110229884773,83227.0,6506.0,0,False,no_candidate_within_1deg,False,,,,,,
102795,2010-08-09T09:00:00Z,26.9,-85.0,1,1,0,14101.511582989488,83268.0,6506.0,0,False,no_candidate_within_1deg,False,,,,,,
102795,2010-08-09T12:00:00Z,25.7,-83.4,0,0,0,,,,0,False,no_candidate_within_1deg,False,,,,,,
102795,2010-08-09T15:00:00Z,23.7,-82.6,0,0,0,,,,0,False,no_candidate_within_1deg,False,,,,,,
102795,2010-08-09T18:00:00Z,21.7,-81.9,0,0,0,,,,0,False,no_candidate_within_1deg,False,,,,,,
102795,2010-08-09T21:00:00Z,22.4,-82.1,0,0,0,,,,0,False,no_candidate_within_1deg,False,,,,,,
102795,2010-08-10T00:00:00Z,23.1,-82.4,0,0,0,,,,0,False,no_candidate_within_1deg,False,,,,,,
102795,2010-08-10T03:00:00Z,23.8,-82.6,0,0,0,,,,0,False,no_candidate_within_1deg,False,,,,,,
102797,2010-08-19T15:00:00Z,19.2,123.2,0,0,0,,,,0,False,no_candidate_within_1deg,False,,,,,,
102797,2010-08-19T18:00:00Z,19.5,122.6,0,0,0,,,,0,False,no_candidate_within_1deg,False,,,,,,
102797,2010-08-19T21:00:00Z,19.7,122.0,0,0,0,,,,0,False,no_candidate_within_1deg,False,,,,,,
102797,2010-08-20T00:00:00Z,19.4,121.7,0,0,0,,,,0,False,no_candidate_within_1deg,False,,,,,,
102797,2010-08-20T03:00:00Z,19.2,121.4,0,0,0,,,,0,False,no_candidate_within_1deg,False,,,,,,
102797,2010-08-20T06:00:00Z,18.9,121.1,0,0,0,,,,0,False,no_candidate_within_1deg,False,,,,,,
102797,2010-08-20T09:00:00Z,19.0,120.0,0,0,0,,,,0,False,no_candidate_within_1deg,False,,,,,,
102797,2010-08-20T12:00:00Z,19.1,119.0,0,0,0,,,,0,False,no_candidate_within_1deg,False,,,,,,
102797,2010-08-20T15:00:00Z,19.2,117.9,0,0,0,,,,0,False,no_candidate_within_1deg,False,,,,,,
102806,2010-08-30T12:00:00Z,8.5,-24.6,2,2,0,11221.923671860537,90554.0,6515.0,0,False,no_candidate_within_1deg,False,,,,,,
102806,2010-08-30T15:00:00Z,9.5,-25.8,2,2,0,11355.222779736172,90597.0,6515.0,0,False,no_candidate_within_1deg,False,,,,,,
102806,2010-08-30T18:00:00Z,10.4,-27.1,2,2,0,11441.92943575369,90648.0,6515.0,0,False,no_candidate_within_1deg,False,,,,,,
102806,2010-08-30T21:00:00Z,10.1,-27.8,2,2,0,11480.917514280462,90699.0,6515.0,0,False,no_candidate_within_1deg,False,,,,,,
102806,2010-08-31T00:00:00Z,9.4,-28.2,2,2,0,11497.151811637974,90745.0,6515.0,0,False,no_candidate_within_1deg,False,,,,,,
102806,2010-08-31T03:00:00Z,9.4,-29.6,2,2,0,11680.192803935513,90780.0,6515.0,0,False,no_candidate_within_1deg,False,,,,,,
102806,2010-08-31T06:00:00Z,9.9,-30.2,2,2,0,11643.944447378584,90826.0,6515.0,0,False,no_candidate_within_1deg,False,,,,,,
102806,2010-08-31T09:00:00Z,9.0,-31.4,2,2,0,11790.989737480579,90875.0,6515.0,0,False,no_candidate_within_1deg,False,,,,,,
102806,2010-08-31T12:00:00Z,8.3,-31.5,2,2,0,11896.414555383903,90920.0,6515.0,0,False,no_candidate_within_1deg,False,,,,,,
102806,2010-08-31T15:00:00Z,8.5,-32.3,2,2,0,11987.382515044152,90965.0,6515.0,0,False,no_candidate_within_1deg,False,,,,,,
102806,2010-08-31T18:00:00Z,8.7,-33.2,2,2,0,12077.40571580082,91008.0,6515.0,0,False,no_candidate_within_1deg,False,,,,,,
102806,2010-08-31T21:00:00Z,8.9,-34.0,2,2,0,12170.65462657324,91051.0,6515.0,0,False,no_candidate_within_1deg,False,,,,,,
102811,2010-09-10T18:00:00Z,13.0,-17.0,1,1,0,9663.485224933664,94748.0,6522.0,0,False,no_candidate_within_1deg,False,,,,,,
102811,2010-09-10T21:00:00Z,12.2,-16.9,1,1,0,9709.177123752748,94782.0,6522.0,0,False,no_candidate_within_1deg,False,,,,,,
102811,2010-09-11T00:00:00Z,11.4,-16.9,1,1,0,9746.997296966088,94812.0,6522.0,0,False,no_candidate_within_1deg,False,,,,,,
102811,2010-09-11T03:00:00Z,10.6,-16.8,1,1,0,9797.988315338329,94832.0,6522.0,0,False,no_candidate_within_1deg,False,,,,,,
102811,2010-09-11T06:00:00Z,11.1,-16.9,1,1,0,9686.53892525918,94850.0,6522.0,0,False,no_candidate_within_1deg,False,,,,,,
102811,2010-09-11T09:00:00Z,11.7,-16.9,1,1,0,9606.508012999133,94875.0,6522.0,0,False,no_candidate_within_1deg,False,,,,,,
102811,2010-09-11T12:00:00Z,12.2,-17.0,1,1,0,9606.878162887871,94899.0,6522.0,0,False,no_candidate_within_1deg,False,,,,,,
102811,2010-09-11T15:00:00Z,12.9,-18.9,1,1,0,9725.117125714032,94917.0,6522.0,0,False,no_candidate_within_1deg,False,,,,,,
102811,2010-09-11T18:00:00Z,10.8,-19.3,1,1,0,9925.77412768581,94941.0,6522.0,0,False,no_candidate_within_1deg,False,,,,,,
102811,2010-09-11T21:00:00Z,12.0,-19.4,1,1,0,9886.479422245802,94977.0,6522.0,0,False,no_candidate_within_1deg,False,,,,,,
102811,2010-09-12T00:00:00Z,13.2,-19.6,1,1,0,9873.48855486966,95009.0,6522.0,0,False,no_candidate_within_1deg,False,,,,,,
102811,2010-09-12T03:00:00Z,13.1,-20.5,1,1,0,9861.638871669942,95049.0,6522.0,0,False,no_candidate_within_1deg,False,,,,,,
102812,2010-09-12T03:00:00Z,12.5,145.1,1,1,0,7361.662960038628,95049.0,6522.0,0,False,no_candidate_within_1deg,False,,,,,,
102812,2010-09-12T06:00:00Z,11.1,145.4,1,1,0,7469.790255162364,95091.0,6522.0,0,False,no_candidate_within_1deg,False,,,,,,
102812,2010-09-12T09:00:00Z,12.0,143.0,1,1,0,7171.479039870442,95131.0,6522.0,0,False,no_candidate_within_1deg,False,,,,,,
102812,2010-09-12T12:00:00Z,13.2,141.8,1,1,0,6959.723142015846,95170.0,6522.0,0,False,no_candidate_within_1deg,False,,,,,,
102812,2010-09-12T15:00:00Z,14.3,140.5,1,1,0,6795.639277539008,95213.0,6522.0,0,False,no_candidate_within_1deg,False,,,,,,
102812,2010-09-12T18:00:00Z,15.1,139.9,1,1,0,6714.948869410688,95257.0,6522.0,0,False,no_candidate_within_1deg,False,,,,,,
102812,2010-09-12T21:00:00Z,15.9,139.2,1,1,0,6593.715814781412,95304.0,6522.0,0,False,no_candidate_within_1deg,False,,,,,,
102812,2010-09-13T00:00:00Z,16.6,138.6,1,1,0,6510.640473284228,95349.0,6522.0,0,False,no_candidate_within_1deg,False,,,,,,
102812,2010-09-13T03:00:00Z,17.4,137.9,1,1,0,6395.246532657512,95393.0,6522.0,0,False,no_candidate_within_1deg,False,,,,,,
102813,2010-09-12T15:00:00Z,14.5,-74.6,1,1,0,14152.098781969804,95213.0,6522.0,0,False,no_candidate_within_1deg,False,,,,,,
102813,2010-09-12T18:00:00Z,14.6,-75.3,1,1,0,14165.612155150286,95257.0,6522.0,0,False,no_candidate_within_1deg,False,,,,,,
102813,2010-09-12T21:00:00Z,14.6,-76.6,1,1,0,14225.608830842852,95304.0,6522.0,0,False,no_candidate_within_1deg,False,,,,,,
102813,2010-09-13T00:00:00Z,15.4,-76.5,1,1,0,14159.144986411417,95349.0,6522.0,0,False,no_candidate_within_1deg,False,,,,,,
102813,2010-09-13T03:00:00Z,16.1,-76.4,1,1,0,14107.539077520323,95393.0,6522.0,0,False,no_candidate_within_1deg,False,,,,,,
102813,2010-09-13T06:00:00Z,16.9,-76.2,1,0,1,,,,0,False,no_candidate_within_1deg,False,,,,,,
102813,2010-09-13T09:00:00Z,17.6,-76.1,1,0,1,,,,0,False,no_candidate_within_1deg,False,,,,,,
102813,2010-09-13T12:00:00Z,17.0,-77.1,1,1,0,14212.780217643402,95507.0,6522.0,0,False,no_candidate_within_1deg,False,,,,,,
102813,2010-09-13T15:00:00Z,16.2,-78.5,1,1,0,14384.527039101658,95548.0,6522.0,0,False,no_candidate_within_1deg,False,,,,,,
102817,2010-09-22T03:00:00Z,11.8,-73.9,1,1,0,14548.487724274302,98389.0,6528.0,0,False,no_candidate_within_1deg,False,,,,,,
102817,2010-09-22T06:00:00Z,12.2,-74.9,1,1,0,14543.94170835413,98430.0,6528.0,0,False,no_candidate_within_1deg,False,,,,,,
102817,2010-09-22T09:00:00Z,13.0,-75.3,1,1,0,14483.964979735243,98467.0,6528.0,0,False,no_candidate_within_1deg,False,,,,,,
102817,2010-09-22T12:00:00Z,13.7,-75.7,1,1,0,14485.261321137483,98498.0,6528.0,0,False,no_candidate_within_1deg,False,,,,,,
102817,2010-09-22T15:00:00Z,14.5,-76.1,1,1,0,14456.501236837708,98527.0,6528.0,0,False,no_candidate_within_1deg,False,,,,,,
102817,2010-09-22T18:00:00Z,15.2,-76.5,1,1,0,14438.804931524806,98559.0,6528.0,0,False,no_candidate_within_1deg,False,,,,,,
102817,2010-09-22T21:00:00Z,16.4,-79.4,1,1,0,14480.70088015102,98594.0,6528.0,0,False,no_candidate_within_1deg,False,,,,,,
102817,2010-09-23T00:00:00Z,16.9,-77.7,1,1,0,14367.625614016648,98634.0,6528.0,0,False,no_candidate_within_1deg,False,,,,,,
102817,2010-09-23T03:00:00Z,15.7,-77.5,1,1,0,14499.73190751578,98673.0,6528.0,0,False,no_candidate_within_1deg,False,,,,,,
102817,2010-09-23T06:00:00Z,14.5,-77.3,1,1,0,14600.400840301896,98706.0,6528.0,0,False,no_candidate_within_1deg,False,,,,,,
102817,2010-09-23T09:00:00Z,13.2,-77.2,1,1,0,14715.198067462034,98732.0,6528.0,0,False,no_candidate_within_1deg,False,,,,,,
102824,2010-10-19T03:00:00Z,16.7,151.0,2,2,0,6112.759969708268,106895.0,6548.0,0,False,no_candidate_within_1deg,False,,,,,,
102824,2010-10-19T06:00:00Z,16.1,150.8,2,2,0,6053.82065184785,106916.0,6548.0,0,False,no_candidate_within_1deg,False,,,,,,
102824,2010-10-19T09:00:00Z,15.6,150.7,2,2,0,6117.563463295764,106939.0,6548.0,0,False,no_candidate_within_1deg,False,,,,,,
102824,2010-10-19T12:00:00Z,15.0,150.5,2,2,0,6147.245505672458,106963.0,6548.0,0,False,no_candidate_within_1deg,False,,,,,,
102824,2010-10-19T15:00:00Z,15.0,149.4,2,2,0,6053.672963459215,106987.0,6548.0,0,False,no_candidate_within_1deg,False,,,,,,
102824,2010-10-19T18:00:00Z,14.8,149.4,2,2,0,6090.793752479882,107008.0,6548.0,0,False,no_candidate_within_1deg,False,,,,,,
102824,2010-10-19T21:00:00Z,14.4,149.0,2,2,0,6098.713516686077,107033.0,6548.0,0,False,no_candidate_within_1deg,False,,,,,,
102824,2010-10-20T00:00:00Z,14.3,147.8,2,2,0,5995.226166809115,107058.0,6548.0,0,False,no_candidate_within_1deg,False,,,,,,
102824,2010-10-20T03:00:00Z,16.2,146.3,1,1,0,5802.862057064185,107084.0,6548.0,0,False,no_candidate_within_1deg,False,,,,,,
102825,2010-10-18T09:00:00Z,17.1,94.0,2,2,0,266.34235317558245,106718.0,6548.0,0,False,no_candidate_within_1deg,False,,,,,,
102825,2010-10-18T12:00:00Z,18.1,93.8,2,1,1,1702.103058795355,106751.0,6547.0,0,False,no_candidate_within_1deg,False,,,,,,
102825,2010-10-18T15:00:00Z,17.6,92.7,2,2,0,287.82201318750197,106783.0,6548.0,0,False,no_candidate_within_1deg,False,,,,,,
102825,2010-10-18T18:00:00Z,17.6,91.5,2,2,0,361.2280707963726,106812.0,6548.0,0,False,no_candidate_within_1deg,False,,,,,,
102825,2010-10-18T21:00:00Z,17.3,92.0,2,2,0,278.2766050052114,106840.0,6548.0,0,False,no_candidate_within_1deg,False,,,,,,
102825,2010-10-19T00:00:00Z,14.6,91.2,2,2,0,319.0157683685401,106870.0,6548.0,0,False,no_candidate_within_1deg,False,,,,,,
102825,2010-10-19T03:00:00Z,16.9,90.6,2,2,0,314.4189591794209,106895.0,6548.0,0,False,no_candidate_within_1deg,False,,,,,,
102825,2010-10-19T06:00:00Z,17.4,90.9,2,2,0,337.4562871860052,106916.0,6548.0,0,False,no_candidate_within_1deg,False,,,,,,
102825,2010-10-19T09:00:00Z,17.4,91.2,2,2,0,226.13189746651378,106939.0,6548.0,0,False,no_candidate_within_1deg,False,,,,,,
102829,2010-10-27T00:00:00Z,23.2,-51.4,0,0,0,,,,0,False,no_candidate_within_1deg,False,,,,,,
102829,2010-10-27T03:00:00Z,24.5,-51.9,0,0,0,,,,0,False,no_candidate_within_1deg,False,,,,,,
102829,2010-10-27T06:00:00Z,22.3,-50.1,0,0,0,,,,0,False,no_candidate_within_1deg,False,,,,,,
102829,2010-10-27T09:00:00Z,25.6,-50.9,0,0,0,,,,0,False,no_candidate_within_1deg,False,,,,,,
102829,2010-10-27T12:00:00Z,25.0,-51.6,0,0,0,,,,0,False,no_candidate_within_1deg,False,,,,,,
102829,2010-10-27T15:00:00Z,24.4,-52.3,0,0,0,,,,0,False,no_candidate_within_1deg,False,,,,,,
102829,2010-10-27T18:00:00Z,24.8,-52.7,0,0,0,,,,0,False,no_candidate_within_1deg,False,,,,,,
102829,2010-10-27T21:00:00Z,24.8,-52.4,0,0,0,,,,0,False,no_candidate_within_1deg,False,,,,,,
102829,2010-10-28T00:00:00Z,24.9,-52.2,0,0,0,,,,0,False,no_candidate_within_1deg,False,,,,,,
102829,2010-10-28T03:00:00Z,25.9,-52.7,0,0,0,,,,0,False,no_candidate_within_1deg,False,,,,,,
102829,2010-10-28T06:00:00Z,24.6,-56.2,0,0,0,,,,0,False,no_candidate_within_1deg,False,,,,,,
102829,2010-10-28T09:00:00Z,26.7,-58.8,0,0,0,,,,0,False,no_candidate_within_1deg,False,,,,,,
102829,2010-10-28T12:00:00Z,27.0,-59.1,0,0,0,,,,0,False,no_candidate_within_1deg,False,,,,,,
102829,2010-10-28T15:00:00Z,27.2,-59.4,0,0,0,,,,0,False,no_candidate_within_1deg,False,,,,,,
102832,2010-11-09T09:00:00Z,15.1,115.5,1,1,0,4726.616846021995,112640.0,6549.0,0,False,no_candidate_within_1deg,False,,,,,,
102832,2010-11-09T12:00:00Z,14.8,114.3,1,1,0,4642.594184031803,112674.0,6549.0,0,False,no_candidate_within_1deg,False,,,,,,
102832,2010-11-09T15:00:00Z,14.6,113.0,1,1,0,4552.607569551874,112698.0,6549.0,0,False,no_candidate_within_1deg,False,,,,,,
102832,2010-11-09T18:00:00Z,14.3,111.8,1,1,0,4470.132661012392,112728.0,6549.0,0,False,no_candidate_within_1deg,False,,,,,,
102832,2010-11-09T21:00:00Z,14.0,111.7,1,1,0,4516.65839921835,112761.0,6549.0,0,False,no_candidate_within_1deg,False,,,,,,
102832,2010-11-10T00:00:00Z,13.7,111.5,1,1,0,4559.150350771946,112801.0,6549.0,0,False,no_candidate_within_1deg,False,,,,,,
102832,2010-11-10T03:00:00Z,13.4,111.4,1,1,0,4597.336567502043,112839.0,6549.0,0,False,no_candidate_within_1deg,False,,,,,,
102832,2010-11-10T06:00:00Z,13.1,111.3,1,1,0,4643.739124689287,112873.0,6549.0,0,False,no_candidate_within_1deg,False,,,,,,
102832,2010-11-10T09:00:00Z,13.9,111.7,1,1,0,4649.5363315237955,112905.0,6549.0,0,False,no_candidate_within_1deg,False,,,,,,
102836,2010-12-22T09:00:00Z,-9.3,152.6,0,0,0,,,,0,False,no_candidate_within_1deg,False,,,,,,
102836,2010-12-22T12:00:00Z,-8.9,153.6,0,0,0,,,,0,False,no_candidate_within_1deg,False,,,,,,
102836,2010-12-22T15:00:00Z,-8.4,154.6,0,0,0,,,,0,False,no_candidate_within_1deg,False,,,,,,
102836,2010-12-22T18:00:00Z,-8.0,155.6,0,0,0,,,,0,False,no_candidate_within_1deg,False,,,,,,
102836,2010-12-22T21:00:00Z,-11.8,155.7,0,0,0,,,,0,False,no_candidate_within_1deg,False,,,,,,
102836,2010-12-23T00:00:00Z,-12.5,155.1,0,0,0,,,,0,False,no_candidate_within_1deg,False,,,,,,
102836,2010-12-23T03:00:00Z,-12.9,154.3,0,0,0,,,,0,False,no_candidate_within_1deg,False,,,,,,
102836,2010-12-23T06:00:00Z,-13.3,153.5,0,0,0,,,,0,False,no_candidate_within_1deg,False,,,,,,
102836,2010-12-23T09:00:00Z,-13.7,152.7,0,0,0,,,,0,False,no_candidate_within_1deg,False,,,,,,
102846,2011-02-08T09:00:00Z,-16.0,109.0,0,0,0,,,,0,False,no_candidate_within_1deg,False,,,,,,
102846,2011-02-08T12:00:00Z,-15.8,109.0,0,0,0,,,,0,False,no_candidate_within_1deg,False,,,,,,
102846,2011-02-08T15:00:00Z,-15.6,109.0,0,0,0,,,,0,False,no_candidate_within_1deg,False,,,,,,
102846,2011-02-08T18:00:00Z,-16.2,107.2,0,0,0,,,,0,False,no_candidate_within_1deg,False,,,,,,
102846,2011-02-08T21:00:00Z,-16.3,107.0,0,0,0,,,,0,False,no_candidate_within_1deg,False,,,,,,
102846,2011-02-09T00:00:00Z,-16.8,107.0,0,0,0,,,,0,False,no_candidate_within_1deg,False,,,,,,
102846,2011-02-09T03:00:00Z,-17.3,107.0,0,0,0,,,,0,False,no_candidate_within_1deg,False,,,,,,
102846,2011-02-09T06:00:00Z,-17.4,110.3,0,0,0,,,,0,False,no_candidate_within_1deg,False,,,,,,
102846,2011-02-09T09:00:00Z,-17.5,109.9,0,0,0,,,,0,False,no_candidate_within_1deg,False,,,,,,
102848,2011-02-13T15:00:00Z,-14.8,117.1,0,0,0,,,,0,False,no_candidate_within_1deg,False,,,,,,
102848,2011-02-13T18:00:00Z,-16.4,117.2,0,0,0,,,,0,False,no_candidate_within_1deg,False,,,,,,
102848,2011-02-13T21:00:00Z,-18.0,117.2,0,0,0,,,,0,False,no_candidate_within_1deg,False,,,,,,
102848,2011-02-14T00:00:00Z,-19.6,117.3,0,0,0,,,,0,False,no_candidate_within_1deg,False,,,,,,
102848,2011-02-14T03:00:00Z,-17.3,117.5,0,0,0,,,,0,False,no_candidate_within_1deg,False,,,,,,
102848,2011-02-14T06:00:00Z,-14.9,117.6,0,0,0,,,,0,False,no_candidate_within_1deg,False,,,,,,
102848,2011-02-14T09:00:00Z,-16.1,116.8,0,0,0,,,,0,False,no_candidate_within_1deg,False,,,,,,
102848,2011-02-14T12:00:00Z,-17.2,116.0,0,0,0,,,,0,False,no_candidate_within_1deg,False,,,,,,
102848,2011-02-14T15:00:00Z,-18.4,115.2,0,0,0,,,,0,False,no_candidate_within_1deg,False,,,,,,
102850,2011-03-08T15:00:00Z,-19.4,-37.6,0,0,0,,,,0,False,no_candidate_within_1deg,False,,,,,,
102850,2011-03-08T18:00:00Z,-19.4,-38.0,0,0,0,,,,0,False,no_candidate_within_1deg,False,,,,,,
102850,2011-03-08T21:00:00Z,-19.4,-38.4,0,0,0,,,,0,False,no_candidate_within_1deg,False,,,,,,
102850,2011-03-09T00:00:00Z,-19.3,-38.8,0,0,0,,,,0,False,no_candidate_within_1deg,False,,,,,,
102850,2011-03-09T03:00:00Z,-19.3,-39.2,0,0,0,,,,0,False,no_candidate_within_1deg,False,,,,,,
102850,2011-03-09T06:00:00Z,-20.7,-37.0,0,0,0,,,,0,False,no_candidate_within_1deg,False,,,,,,
102850,2011-03-09T09:00:00Z,-19.0,-37.1,0,0,0,,,,0,False,no_candidate_within_1deg,False,,,,,,
102850,2011-03-09T12:00:00Z,-22.0,-35.0,0,0,0,,,,0,False,no_candidate_within_1deg,False,,,,,,
102850,2011-03-09T15:00:00Z,-19.8,-37.9,0,0,0,,,,0,False,no_candidate_within_1deg,False,,,,,,
102851,2011-03-12T21:00:00Z,-9.7,93.9,0,0,0,,,,0,False,no_candidate_within_1deg,False,,,,,,
102851,2011-03-13T00:00:00Z,-10.6,93.1,0,0,0,,,,0,False,no_candidate_within_1deg,False,,,,,,
102851,2011-03-13T03:00:00Z,-11.4,92.2,0,0,0,,,,0,False,no_candidate_within_1deg,False,,,,,,
102851,2011-03-13T06:00:00Z,-12.2,91.4,0,0,0,,,,0,False,no_candidate_within_1deg,False,,,,,,
102851,2011-03-13T09:00:00Z,-12.9,91.8,0,0,0,,,,0,False,no_candidate_within_1deg,False,,,,,,
102851,2011-03-13T12:00:00Z,-13.5,92.3,0,0,0,,,,0,False,no_candidate_within_1deg,False,,,,,,
102851,2011-03-13T15:00:00Z,-13.1,90.4,0,0,0,,,,0,False,no_candidate_within_1deg,False,,,,,,
102851,2011-03-13T18:00:00Z,-12.7,88.6,0,0,0,,,,0,False,no_candidate_within_1deg,False,,,,,,
102851,2011-03-13T21:00:00Z,-13.4,88.8,0,0,0,,,,0,False,no_candidate_within_1deg,False,,,,,,
102854,2011-03-30T21:00:00Z,11.5,110.6,0,0,0,,,,0,False,no_candidate_within_1deg,False,,,,,,
102854,2011-03-31T00:00:00Z,11.1,110.9,0,0,0,,,,0,False,no_candidate_within_1deg,False,,,,,,
102854,2011-03-31T03:00:00Z,10.6,111.3,0,0,0,,,,0,False,no_candidate_within_1deg,False,,,,,,
102854,2011-03-31T06:00:00Z,10.2,111.6,0,0,0,,,,0,False,no_candidate_within_1deg,False,,,,,,
102854,2011-03-31T09:00:00Z,9.6,110.6,0,0,0,,,,0,False,no_candidate_within_1deg,False,,,,,,
102854,2011-03-31T12:00:00Z,9.7,111.0,0,0,0,,,,0,False,no_candidate_within_1deg,False,,,,,,
102854,2011-03-31T15:00:00Z,9.7,111.5,0,0,0,,,,0,False,no_candidate_within_1deg,False,,,,,,
102854,2011-03-31T18:00:00Z,10.4,111.5,0,0,0,,,,0,False,no_candidate_within_1deg,False,,,,,,
102854,2011-03-31T21:00:00Z,9.4,109.4,0,0,0,,,,0,False,no_candidate_within_1deg,False,,,,,,
102855,2011-04-01T09:00:00Z,12.7,131.7,0,0,0,,,,0,False,no_candidate_within_1deg,False,,,,,,
102855,2011-04-01T12:00:00Z,12.8,130.5,0,0,0,,,,0,False,no_candidate_within_1deg,False,,,,,,
102855,2011-04-01T15:00:00Z,13.5,130.5,0,0,0,,,,0,False,no_candidate_within_1deg,False,,,,,,
102855,2011-04-01T18:00:00Z,13.2,130.2,0,0,0,,,,0,False,no_candidate_within_1deg,False,,,,,,
102855,2011-04-01T21:00:00Z,13.0,130.0,0,0,0,,,,0,False,no_candidate_within_1deg,False,,,,,,
102855,2011-04-02T00:00:00Z,12.7,129.7,0,0,0,,,,0,False,no_candidate_within_1deg,False,,,,,,
102855,2011-04-02T03:00:00Z,13.2,130.1,0,0,0,,,,0,False,no_candidate_within_1deg,False,,,,,,
102855,2011-04-02T06:00:00Z,13.1,130.4,0,0,0,,,,0,False,no_candidate_within_1deg,False,,,,,,
102855,2011-04-02T09:00:00Z,13.1,130.6,0,0,0,,,,0,False,no_candidate_within_1deg,False,,,,,,
102856,2011-04-12T03:00:00Z,-11.1,127.8,0,0,0,,,,0,False,no_candidate_within_1deg,False,,,,,,
102856,2011-04-12T06:00:00Z,-11.1,126.4,0,0,0,,,,0,False,no_candidate_within_1deg,False,,,,,,
102856,2011-04-12T09:00:00Z,-11.8,125.6,0,0,0,,,,0,False,no_candidate_within_1deg,False,,,,,,
102856,2011-04-12T12:00:00Z,-11.2,124.1,0,0,0,,,,0,False,no_candidate_within_1deg,False,,,,,,
102856,2011-04-12T15:00:00Z,-11.5,125.1,0,0,0,,,,0,False,no_candidate_within_1deg,False,,,,,,
102856,2011-04-12T18:00:00Z,-11.5,125.1,0,0,0,,,,0,False,no_candidate_within_1deg,False,,,,,,
102856,2011-04-12T21:00:00Z,-11.8,125.2,0,0,0,,,,0,False,no_candidate_within_1deg,False,,,,,,
102856,2011-04-13T00:00:00Z,-12.0,125.4,0,0,0,,,,0,False,no_candidate_within_1deg,False,,,,,,
102856,2011-04-13T03:00:00Z,-11.9,126.0,0,0,0,,,,0,False,no_candidate_within_1deg,False,,,,,,
102857,2011-05-04T15:00:00Z,9.9,127.2,0,0,0,,,,0,False,no_candidate_within_1deg,False,,,,,,
102857,2011-05-04T18:00:00Z,10.4,127.2,0,0,0,,,,0,False,no_candidate_within_1deg,False,,,,,,
102857,2011-05-04T21:00:00Z,10.9,127.1,0,0,0,,,,0,False,no_candidate_within_1deg,False,,,,,,
102857,2011-05-05T00:00:00Z,9.8,128.4,0,0,0,,,,0,False,no_candidate_within_1deg,False,,,,,,
102857,2011-05-05T03:00:00Z,10.5,127.1,0,0,0,,,,0,False,no_candidate_within_1deg,False,,,,,,
102857,2011-05-05T06:00:00Z,11.3,125.9,0,0,0,,,,0,False,no_candidate_within_1deg,False,,,,,,
102857,2011-05-05T09:00:00Z,12.0,124.6,0,0,0,,,,0,False,no_candidate_within_1deg,False,,,,,,
102857,2011-05-05T12:00:00Z,11.4,125.1,0,0,0,,,,0,False,no_candidate_within_1deg,False,,,,,,
102857,2011-05-05T15:00:00Z,10.8,125.5,0,0,0,,,,0,False,no_candidate_within_1deg,False,,,,,,
102858,2011-05-18T21:00:00Z,2.0,145.5,0,0,0,,,,0,False,no_candidate_within_1deg,False,,,,,,
102858,2011-05-19T00:00:00Z,2.5,144.5,0,0,0,,,,0,False,no_candidate_within_1deg,False,,,,,,
102858,2011-05-19T03:00:00Z,3.9,142.9,0,0,0,,,,0,False,no_candidate_within_1deg,False,,,,,,
102858,2011-05-19T06:00:00Z,5.3,141.3,0,0,0,,,,0,False,no_candidate_within_1deg,False,,,,,,
102858,2011-05-19T09:00:00Z,6.8,141.3,0,0,0,,,,0,False,no_candidate_within_1deg,False,,,,,,
102858,2011-05-19T12:00:00Z,8.3,141.4,0,0,0,,,,0,False,no_candidate_within_1deg,False,,,,,,
102858,2011-05-19T15:00:00Z,8.1,141.9,0,0,0,,,,0,False,no_candidate_within_1deg,False,,,,,,
102858,2011-05-19T18:00:00Z,8.8,142.2,0,0,0,,,,0,False,no_candidate_within_1deg,False,,,,,,
102858,2011-05-19T21:00:00Z,8.2,141.9,0,0,0,,,,0,False,no_candidate_within_1deg,False,,,,,,
102861,2011-06-08T03:00:00Z,17.7,65.6,2,2,0,475.7657132415703,61041.0,6562.0,0,False,no_candidate_within_1deg,False,,,,,,
102861,2011-06-08T06:00:00Z,16.9,65.8,2,2,0,456.29438891539576,61083.0,6562.0,0,False,no_candidate_within_1deg,False,,,,,,
102861,2011-06-08T09:00:00Z,15.3,68.4,2,2,0,319.86255261491624,61122.0,6562.0,0,False,no_candidate_within_1deg,False,,,,,,
102861,2011-06-08T12:00:00Z,16.9,67.0,2,2,0,374.1109490896552,61159.0,6562.0,0,False,no_candidate_within_1deg,False,,,,,,
102861,2011-06-08T15:00:00Z,16.4,67.7,2,2,0,313.6757170050961,61187.0,6562.0,0,False,no_candidate_within_1deg,False,,,,,,
102861,2011-06-08T18:00:00Z,16.4,67.4,2,2,0,388.6294172066652,61230.0,6562.0,0,False,no_candidate_within_1deg,False,,,,,,
102861,2011-06-08T21:00:00Z,16.2,67.4,2,2,0,403.3862873309896,61279.0,6562.0,0,False,no_candidate_within_1deg,False,,,,,,
102861,2011-06-09T00:00:00Z,16.9,65.9,2,2,0,583.2184829488189,61332.0,6562.0,0,False,no_candidate_within_1deg,False,,,,,,
102861,2011-06-09T03:00:00Z,17.7,66.0,2,2,0,586.3377213484413,61381.0,6562.0,0,False,no_candidate_within_1deg,False,,,,,,
102862,2011-06-15T03:00:00Z,8.7,127.2,2,1,1,4244.048860857241,63609.0,6570.0,0,False,no_candidate_within_1deg,False,,,,,,
102862,2011-06-15T06:00:00Z,8.0,128.1,2,1,1,4374.998224855613,63666.0,6570.0,0,False,no_candidate_within_1deg,False,,,,,,
102862,2011-06-15T09:00:00Z,8.1,127.4,2,1,1,4300.119812547658,63715.0,6570.0,0,False,no_candidate_within_1deg,False,,,,,,
102862,2011-06-15T12:00:00Z,8.1,126.6,2,2,0,3800.752020169958,63764.0,6568.0,0,False,no_candidate_within_1deg,False,,,,,,
102862,2011-06-15T15:00:00Z,8.3,130.3,2,2,0,4146.373230384156,63819.0,6568.0,0,False,no_candidate_within_1deg,False,,,,,,
102862,2011-06-15T18:00:00Z,7.5,129.1,1,1,0,4529.59505594787,63875.0,6570.0,0,False,no_candidate_within_1deg,False,,,,,,
102862,2011-06-15T21:00:00Z,6.6,127.9,1,1,0,4466.101797657532,63927.0,6570.0,0,False,no_candidate_within_1deg,False,,,,,,
102862,2011-06-16T00:00:00Z,7.0,127.8,1,1,0,4418.609795086247,63974.0,6570.0,0,False,no_candidate_within_1deg,False,,,,,,
102862,2011-06-16T03:00:00Z,7.3,127.6,1,1,0,4403.42740513764,64020.0,6570.0,0,False,no_candidate_within_1deg,False,,,,,,
102863,2011-06-17T15:00:00Z,12.6,-93.5,1,1,0,16066.585394037234,64579.0,6570.0,0,False,no_candidate_within_1deg,False,,,,,,
102863,2011-06-17T18:00:00Z,12.5,-93.7,1,1,0,16086.342965989468,64634.0,6570.0,0,False,no_candidate_within_1deg,False,,,,,,
102863,2011-06-17T21:00:00Z,12.7,-91.9,1,1,0,16074.201107579636,64691.0,6570.0,0,False,no_candidate_within_1deg,False,,,,,,
102863,2011-06-18T00:00:00Z,13.4,-92.6,1,1,0,15996.79414880788,64744.0,6570.0,0,False,no_candidate_within_1deg,False,,,,,,
102863,2011-06-18T03:00:00Z,14.1,-93.3,1,1,0,15917.448288201167,64791.0,6570.0,0,False,no_candidate_within_1deg,False,,,,,,
102863,2011-06-18T06:00:00Z,14.8,-94.0,1,1,0,15827.029444888089,64836.0,6570.0,0,False,no_candidate_within_1deg,False,,,,,,
102863,2011-06-18T09:00:00Z,14.2,-94.6,1,1,0,15872.484491993035,64879.0,6570.0,0,False,no_candidate_within_1deg,False,,,,,,
102863,2011-06-18T12:00:00Z,13.4,-96.5,1,1,0,15947.559436035714,64920.0,6570.0,0,False,no_candidate_within_1deg,False,,,,,,
102863,2011-06-18T15:00:00Z,12.6,-98.5,1,1,0,16002.5693688648,64963.0,6570.0,0,False,no_candidate_within_1deg,False,,,,,,
102886,2011-08-23T03:00:00Z,14.3,152.4,0,0,0,,,,0,False,no_candidate_within_1deg,False,,,,,,
102886,2011-08-23T06:00:00Z,15.5,153.0,0,0,0,,,,0,False,no_candidate_within_1deg,False,,,,,,
102886,2011-08-23T09:00:00Z,14.7,151.4,0,0,0,,,,0,False,no_candidate_within_1deg,False,,,,,,
102886,2011-08-23T12:00:00Z,13.9,149.8,0,0,0,,,,0,False,no_candidate_within_1deg,False,,,,,,
102886,2011-08-23T15:00:00Z,17.5,148.4,0,0,0,,,,0,False,no_candidate_within_1deg,False,,,,,,
102886,2011-08-23T18:00:00Z,13.9,149.4,0,0,0,,,,0,False,no_candidate_within_1deg,False,,,,,,
102886,2011-08-23T21:00:00Z,15.0,148.6,0,0,0,,,,0,False,no_candidate_within_1deg,False,,,,,,
102886,2011-08-24T00:00:00Z,16.3,147.2,0,0,0,,,,0,False,no_candidate_within_1deg,False,,,,,,
102886,2011-08-24T03:00:00Z,17.6,145.8,0,0,0,,,,0,False,no_candidate_within_1deg,False,,,,,,
102890,2011-08-29T21:00:00Z,15.2,-105.0,3,2,1,15870.269196795367,92141.0,6635.0,0,False,no_candidate_within_1deg,False,,,,,,
102890,2011-08-30T00:00:00Z,16.5,-103.3,3,2,1,15751.972224523353,92204.0,6635.0,0,False,no_candidate_within_1deg,False,,,,,,
102890,2011-08-30T03:00:00Z,16.4,-101.4,3,2,1,15749.58907655477,92259.0,6635.0,0,False,no_candidate_within_1deg,False,,,,,,
102890,2011-08-30T06:00:00Z,17.6,-105.2,3,2,1,15616.485473538014,92308.0,6635.0,0,False,no_candidate_within_1deg,False,,,,,,
102890,2011-08-30T09:00:00Z,17.6,-105.6,3,2,1,15550.973940143256,92360.0,6635.0,0,False,no_candidate_within_1deg,False,,,,,,
102890,2011-08-30T12:00:00Z,17.4,-104.5,3,2,1,15585.946620385652,92415.0,6635.0,0,False,no_candidate_within_1deg,False,,,,,,
102890,2011-08-30T15:00:00Z,17.2,-103.3,3,2,1,15616.69461190576,92472.0,6635.0,0,False,no_candidate_within_1deg,False,,,,,,
102890,2011-08-30T18:00:00Z,16.9,-102.2,3,2,1,15604.52501968789,92529.0,6635.0,0,False,no_candidate_within_1deg,False,,,,,,
102890,2011-08-30T21:00:00Z,16.7,-101.1,3,2,1,15597.623094206585,92581.0,6635.0,0,False,no_candidate_within_1deg,False,,,,,,
102892,2011-08-31T15:00:00Z,25.8,151.5,3,2,1,6821.393279203216,92837.0,6638.0,0,False,no_candidate_within_1deg,False,,,,,,
102892,2011-08-31T18:00:00Z,25.6,151.4,3,2,1,6922.412426842898,92869.0,6633.0,0,False,no_candidate_within_1deg,False,,,,,,
102892,2011-08-31T21:00:00Z,25.5,151.3,3,2,1,6885.361523489575,92902.0,6633.0,0,False,no_candidate_within_1deg,False,,,,,,
102892,2011-09-01T00:00:00Z,24.5,151.8,3,2,1,6948.069258453232,92935.0,6638.0,0,False,no_candidate_within_1deg,False,,,,,,
102892,2011-09-01T03:00:00Z,23.7,151.5,3,2,1,6907.887649972413,92968.0,6633.0,0,False,no_candidate_within_1deg,False,,,,,,
102892,2011-09-01T06:00:00Z,22.2,152.1,3,2,1,7012.943951683227,93005.0,6638.0,0,False,no_candidate_within_1deg,False,,,,,,
102892,2011-09-01T09:00:00Z,20.9,151.7,3,2,1,6993.824126195068,93033.0,6633.0,0,False,no_candidate_within_1deg,False,,,,,,
102892,2011-09-01T12:00:00Z,22.8,152.6,3,2,1,7002.348963931935,93064.0,6638.0,0,False,no_candidate_within_1deg,False,,,,,,
102892,2011-09-01T15:00:00Z,22.0,152.5,3,2,1,7040.388433015325,93093.0,6638.0,0,False,no_candidate_within_1deg,False,,,,,,
102907,2011-10-05T15:00:00Z,14.1,-102.6,0,0,0,,,,0,False,no_candidate_within_1deg,False,,,,,,
102907,2011-10-05T18:00:00Z,13.4,-103.3,0,0,0,,,,0,False,no_candidate_within_1deg,False,,,,,,
102907,2011-10-05T21:00:00Z,13.9,-101.2,0,0,0,,,,0,False,no_candidate_within_1deg,False,,,,,,
102907,2011-10-06T00:00:00Z,12.4,-100.7,0,0,0,,,,0,False,no_candidate_within_1deg,False,,,,,,
102907,2011-10-06T03:00:00Z,10.9,-100.1,0,0,0,,,,0,False,no_candidate_within_1deg,False,,,,,,
102907,2011-10-06T06:00:00Z,9.4,-99.6,0,0,0,,,,0,False,no_candidate_within_1deg,False,,,,,,
102907,2011-10-06T09:00:00Z,8.9,-98.2,0,0,0,,,,0,False,no_candidate_within_1deg,False,,,,,,
102907,2011-10-06T12:00:00Z,8.3,-96.9,0,0,0,,,,0,False,no_candidate_within_1deg,False,,,,,,
102907,2011-10-06T15:00:00Z,9.1,-95.5,0,0,0,,,,0,False,no_candidate_within_1deg,False,,,,,,
102911,2011-10-30T21:00:00Z,16.7,60.7,0,0,0,,,,0,False,no_candidate_within_1deg,False,,,,,,
102911,2011-10-31T00:00:00Z,16.9,58.7,0,0,0,,,,0,False,no_candidate_within_1deg,False,,,,,,
102911,2011-10-31T03:00:00Z,16.7,58.8,0,0,0,,,,0,False,no_candidate_within_1deg,False,,,,,,
102911,2011-10-31T06:00:00Z,17.0,57.4,0,0,0,,,,0,False,no_candidate_within_1deg,False,,,,,,
102911,2011-10-31T09:00:00Z,17.7,57.8,0,0,0,,,,0,False,no_candidate_within_1deg,False,,,,,,
102911,2011-10-31T12:00:00Z,17.7,57.1,0,0,0,,,,0,False,no_candidate_within_1deg,False,,,,,,
102911,2011-10-31T15:00:00Z,17.6,56.4,0,0,0,,,,0,False,no_candidate_within_1deg,False,,,,,,
102911,2011-10-31T18:00:00Z,17.6,55.7,0,0,0,,,,0,False,no_candidate_within_1deg,False,,,,,,
102911,2011-10-31T21:00:00Z,17.2,55.8,0,0,0,,,,0,False,no_candidate_within_1deg,False,,,,,,
102912,2011-11-06T09:00:00Z,12.3,62.5,0,0,0,,,,0,False,no_candidate_within_1deg,False,,,,,,
102912,2011-11-06T12:00:00Z,12.7,62.2,0,0,0,,,,0,False,no_candidate_within_1deg,False,,,,,,
102912,2011-11-06T15:00:00Z,12.9,61.9,0,0,0,,,,0,False,no_candidate_within_1deg,False,,,,,,
102912,2011-11-06T18:00:00Z,14.0,61.4,0,0,0,,,,0,False,no_candidate_within_1deg,False,,,,,,
102912,2011-11-06T21:00:00Z,13.7,60.3,0,0,0,,,,0,False,no_candidate_within_1deg,False,,,,,,
102912,2011-11-07T00:00:00Z,13.5,60.7,0,0,0,,,,0,False,no_candidate_within_1deg,False,,,,,,
102912,2011-11-07T03:00:00Z,14.0,60.2,0,0,0,,,,0,False,no_candidate_within_1deg,False,,,,,,
102912,2011-11-07T06:00:00Z,14.5,59.8,0,0,0,,,,0,False,no_candidate_within_1deg,False,,,,,,
102912,2011-11-07T09:00:00Z,15.0,59.3,0,0,0,,,,0,False,no_candidate_within_1deg,False,,,,,,
102914,2011-11-06T03:00:00Z,15.1,120.0,0,0,0,,,,0,False,no_candidate_within_1deg,False,,,,,,
102914,2011-11-06T06:00:00Z,16.2,118.3,0,0,0,,,,0,False,no_candidate_within_1deg,False,,,,,,
102914,2011-11-06T09:00:00Z,15.7,118.0,0,0,0,,,,0,False,no_candidate_within_1deg,False,,,,,,
102914,2011-11-06T12:00:00Z,15.1,117.7,0,0,0,,,,0,False,no_candidate_within_1deg,False,,,,,,
102914,2011-11-06T15:00:00Z,18.6,117.2,0,0,0,,,,0,False,no_candidate_within_1deg,False,,,,,,
102914,2011-11-06T18:00:00Z,18.5,115.8,0,0,0,,,,0,False,no_candidate_within_1deg,False,,,,,,
102914,2011-11-06T21:00:00Z,18.5,114.3,0,0,0,,,,0,False,no_candidate_within_1deg,False,,,,,,
102914,2011-11-07T00:00:00Z,18.4,112.9,0,0,0,,,,0,False,no_candidate_within_1deg,False,,,,,,
102914,2011-11-07T03:00:00Z,18.3,111.5,0,0,0,,,,0,False,no_candidate_within_1deg,False,,,,,,
102917,2011-12-01T03:00:00Z,-9.7,103.9,1,1,0,5633.334193045555,117542.0,6659.0,0,False,no_candidate_within_1deg,False,,,,,,
102917,2011-12-01T06:00:00Z,-8.8,100.0,1,1,0,5240.61894629873,117576.0,6659.0,0,False,no_candidate_within_1deg,False,,,,,,
102917,2011-12-01T09:00:00Z,-10.4,99.6,1,1,0,5328.15793524079,117612.0,6659.0,0,False,no_candidate_within_1deg,False,,,,,,
102917,2011-12-01T12:00:00Z,-8.8,98.0,1,1,0,5067.1042895260925,117650.0,6659.0,0,False,no_candidate_within_1deg,False,,,,,,
102917,2011-12-01T15:00:00Z,-7.1,96.5,1,1,0,4815.8475802101,117685.0,6659.0,0,False,no_candidate_within_1deg,False,,,,,,
102917,2011-12-01T18:00:00Z,-6.9,97.7,1,1,0,4917.305985666499,117721.0,6659.0,0,False,no_candidate_within_1deg,False,,,,,,
102917,2011-12-01T21:00:00Z,-6.6,98.8,1,1,0,5004.124487065685,117767.0,6659.0,0,False,no_candidate_within_1deg,False,,,,,,
102917,2011-12-02T00:00:00Z,-5.7,99.0,1,1,0,4952.027674526288,117812.0,6659.0,0,False,no_candidate_within_1deg,False,,,,,,
102917,2011-12-02T03:00:00Z,-4.7,99.2,1,1,0,4913.66750571011,117850.0,6659.0,0,False,no_candidate_within_1deg,False,,,,,,
102920,2011-12-08T15:00:00Z,10.8,115.6,0,0,0,,,,0,False,no_candidate_within_1deg,False,,,,,,
102920,2011-12-08T18:00:00Z,9.9,116.5,0,0,0,,,,0,False,no_candidate_within_1deg,False,,,,,,
102920,2011-12-08T21:00:00Z,11.9,114.1,0,0,0,,,,0,False,no_candidate_within_1deg,False,,,,,,
102920,2011-12-09T00:00:00Z,12.4,114.4,0,0,0,,,,0,False,no_candidate_within_1deg,False,,,,,,
102920,2011-12-09T03:00:00Z,12.7,116.7,0,0,0,,,,0,False,no_candidate_within_1deg,False,,,,,,
102920,2011-12-09T06:00:00Z,13.4,116.5,0,0,0,,,,0,False,no_candidate_within_1deg,False,,,,,,
102920,2011-12-09T09:00:00Z,13.4,116.5,0,0,0,,,,0,False,no_candidate_within_1deg,False,,,,,,
102920,2011-12-09T12:00:00Z,13.3,116.4,0,0,0,,,,0,False,no_candidate_within_1deg,False,,,,,,
102920,2011-12-09T15:00:00Z,13.3,116.4,0,0,0,,,,0,False,no_candidate_within_1deg,False,,,,,,
102921,2011-12-10T15:00:00Z,3.9,160.3,0,0,0,,,,0,False,no_candidate_within_1deg,False,,,,,,
102921,2011-12-10T18:00:00Z,2.3,161.0,0,0,0,,,,0,False,no_candidate_within_1deg,False,,,,,,
102921,2011-12-10T21:00:00Z,2.2,157.3,0,0,0,,,,0,False,no_candidate_within_1deg,False,,,,,,
102921,2011-12-11T00:00:00Z,3.2,156.6,0,0,0,,,,0,False,no_candidate_within_1deg,False,,,,,,
102921,2011-12-11T03:00:00Z,4.1,155.9,0,0,0,,,,0,False,no_candidate_within_1deg,False,,,,,,
102921,2011-12-11T06:00:00Z,4.5,159.6,0,0,0,,,,0,False,no_candidate_within_1deg,False,,,,,,
102921,2011-12-11T09:00:00Z,4.1,158.7,0,0,0,,,,0,False,no_candidate_within_1deg,False,,,,,,
102921,2011-12-11T12:00:00Z,3.7,157.6,0,0,0,,,,0,False,no_candidate_within_1deg,False,,,,,,
102921,2011-12-11T15:00:00Z,4.1,157.3,0,0,0,,,,0,False,no_candidate_within_1deg,False,,,,,,
102928,2012-01-17T03:00:00Z,-14.5,41.0,0,0,0,,,,0,False,no_candidate_within_1deg,False,,,,,,
102928,2012-01-17T06:00:00Z,-14.9,41.6,0,0,0,,,,0,False,no_candidate_within_1deg,False,,,,,,
102928,2012-01-17T09:00:00Z,-14.3,41.5,0,0,0,,,,0,False,no_candidate_within_1deg,False,,,,,,
102928,2012-01-17T12:00:00Z,-13.8,41.5,0,0,0,,,,0,False,no_candidate_within_1deg,False,,,,,,
102928,2012-01-17T15:00:00Z,-13.2,41.4,0,0,0,,,,0,False,no_candidate_within_1deg,False,,,,,,
102928,2012-01-17T18:00:00Z,-13.4,41.4,0,0,0,,,,0,False,no_candidate_within_1deg,False,,,,,,
102928,2012-01-17T21:00:00Z,-16.9,41.8,0,0,0,,,,0,False,no_candidate_within_1deg,False,,,,,,
102928,2012-01-18T00:00:00Z,-15.5,41.9,0,0,0,,,,0,False,no_candidate_within_1deg,False,,,,,,
102928,2012-01-18T03:00:00Z,-14.1,41.9,0,0,0,,,,0,False,no_candidate_within_1deg,False,,,,,,
102929,2012-01-22T21:00:00Z,-16.7,114.9,0,0,0,,,,0,False,no_candidate_within_1deg,False,,,,,,
102929,2012-01-23T00:00:00Z,-18.0,112.8,0,0,0,,,,0,False,no_candidate_within_1deg,False,,,,,,
102929,2012-01-23T03:00:00Z,-17.1,112.9,0,0,0,,,,0,False,no_candidate_within_1deg,False,,,,,,
102929,2012-01-23T06:00:00Z,-16.2,113.0,0,0,0,,,,0,False,no_candidate_within_1deg,False,,,,,,
102929,2012-01-23T09:00:00Z,-15.2,113.1,0,0,0,,,,0,False,no_candidate_within_1deg,False,,,,,,
102929,2012-01-23T12:00:00Z,-14.3,113.2,0,0,0,,,,0,False,no_candidate_within_1deg,False,,,,,,
102929,2012-01-23T15:00:00Z,-16.5,113.9,0,0,0,,,,0,False,no_candidate_within_1deg,False,,,,,,
102929,2012-01-23T18:00:00Z,-13.4,112.2,0,0,0,,,,0,False,no_candidate_within_1deg,False,,,,,,
102929,2012-01-23T21:00:00Z,-16.5,112.7,0,0,0,,,,0,False,no_candidate_within_1deg,False,,,,,,
102932,2012-02-07T09:00:00Z,-11.7,73.9,0,0,0,,,,0,False,no_candidate_within_1deg,False,,,,,,
102932,2012-02-07T12:00:00Z,-12.0,73.4,0,0,0,,,,0,False,no_candidate_within_1deg,False,,,,,,
102932,2012-02-07T15:00:00Z,-12.4,72.8,0,0,0,,,,0,False,no_candidate_within_1deg,False,,,,,,
102932,2012-02-07T18:00:00Z,-11.7,72.5,0,0,0,,,,0,False,no_candidate_within_1deg,False,,,,,,
102932,2012-02-07T21:00:00Z,-11.0,72.3,0,0,0,,,,0,False,no_candidate_within_1deg,False,,,,,,
102932,2012-02-08T00:00:00Z,-10.8,72.1,0,0,0,,,,0,False,no_candidate_within_1deg,False,,,,,,
102932,2012-02-08T03:00:00Z,-12.3,71.1,0,0,0,,,,0,False,no_candidate_within_1deg,False,,,,,,
102932,2012-02-08T06:00:00Z,-11.1,71.0,0,0,0,,,,0,False,no_candidate_within_1deg,False,,,,,,
102932,2012-02-08T09:00:00Z,-13.2,70.4,0,0,0,,,,0,False,no_candidate_within_1deg,False,,,,,,
102934,2012-02-15T21:00:00Z,10.2,122.6,0,0,0,,,,0,False,no_candidate_within_1deg,False,,,,,,
102934,2012-02-16T00:00:00Z,9.4,121.2,0,0,0,,,,0,False,no_candidate_within_1deg,False,,,,,,
102934,2012-02-16T03:00:00Z,8.5,119.7,0,0,0,,,,0,False,no_candidate_within_1deg,False,,,,,,
102934,2012-02-16T06:00:00Z,8.3,119.4,0,0,0,,,,0,False,no_candidate_within_1deg,False,,,,,,
102934,2012-02-16T09:00:00Z,8.3,119.2,0,0,0,,,,0,False,no_candidate_within_1deg,False,,,,,,
102934,2012-02-16T12:00:00Z,10.2,119.5,0,0,0,,,,0,False,no_candidate_within_1deg,False,,,,,,
102934,2012-02-16T15:00:00Z,10.5,118.7,0,0,0,,,,0,False,no_candidate_within_1deg,False,,,,,,
102934,2012-02-16T18:00:00Z,10.9,117.9,0,0,0,,,,0,False,no_candidate_within_1deg,False,,,,,,
102934,2012-02-16T21:00:00Z,11.2,117.1,0,0,0,,,,0,False,no_candidate_within_1deg,False,,,,,,
102939,2012-03-26T15:00:00Z,10.5,116.2,0,0,0,,,,0,False,no_candidate_within_1deg,False,,,,,,
102939,2012-03-26T18:00:00Z,9.2,115.0,0,0,0,,,,0,False,no_candidate_within_1deg,False,,,,,,
102939,2012-03-26T21:00:00Z,9.2,115.1,0,0,0,,,,0,False,no_candidate_within_1deg,False,,,,,,
102939,2012-03-27T00:00:00Z,9.2,115.3,0,0,0,,,,0,False,no_candidate_within_1deg,False,,,,,,
102939,2012-03-27T03:00:00Z,9.2,115.4,0,0,0,,,,0,False,no_candidate_within_1deg,False,,,,,,
102939,2012-03-27T06:00:00Z,10.1,114.8,0,0,0,,,,0,False,no_candidate_within_1deg,False,,,,,,
102939,2012-03-27T09:00:00Z,10.0,114.6,0,0,0,,,,0,False,no_candidate_within_1deg,False,,,,,,
102939,2012-03-27T12:00:00Z,11.1,114.2,0,0,0,,,,0,False,no_candidate_within_1deg,False,,,,,,
102939,2012-03-27T15:00:00Z,12.2,113.8,0,0,0,,,,0,False,no_candidate_within_1deg,False,,,,,,
102942,2012-05-12T15:00:00Z,8.4,-106.7,0,0,0,,,,0,False,no_candidate_within_1deg,False,,,,,,
102942,2012-05-12T18:00:00Z,9.3,-108.2,0,0,0,,,,0,False,no_candidate_within_1deg,False,,,,,,
102942,2012-05-12T21:00:00Z,9.8,-106.2,0,0,0,,,,0,False,no_candidate_within_1deg,False,,,,,,
102942,2012-05-13T00:00:00Z,10.3,-104.2,0,0,0,,,,0,False,no_candidate_within_1deg,False,,,,,,
102942,2012-05-13T03:00:00Z,10.4,-104.4,0,0,0,,,,0,False,no_candidate_within_1deg,False,,,,,,
102942,2012-05-13T06:00:00Z,10.4,-104.7,0,0,0,,,,0,False,no_candidate_within_1deg,False,,,,,,
102942,2012-05-13T09:00:00Z,11.3,-105.0,0,0,0,,,,0,False,no_candidate_within_1deg,False,,,,,,
102942,2012-05-13T12:00:00Z,11.7,-104.1,0,0,0,,,,0,False,no_candidate_within_1deg,False,,,,,,
102942,2012-05-13T15:00:00Z,12.0,-103.1,0,0,0,,,,0,False,no_candidate_within_1deg,False,,,,,,
102947,2012-05-29T21:00:00Z,5.2,131.1,1,1,0,4488.5487664138,55415.0,6676.0,0,False,no_candidate_within_1deg,False,,,,,,
102947,2012-05-30T00:00:00Z,7.6,132.0,1,1,0,4414.098902226265,55472.0,6676.0,0,False,no_candidate_within_1deg,False,,,,,,
102947,2012-05-30T03:00:00Z,8.7,132.9,1,1,0,4418.806222511244,55528.0,6676.0,0,False,no_candidate_within_1deg,False,,,,,,
102947,2012-05-30T06:00:00Z,9.7,133.8,1,1,0,4466.359187339362,55585.0,6676.0,0,False,no_candidate_within_1deg,False,,,,,,
102947,2012-05-30T09:00:00Z,8.8,130.7,1,1,0,4208.443968659134,55647.0,6676.0,0,False,no_candidate_within_1deg,False,,,,,,
102947,2012-05-30T12:00:00Z,5.5,130.7,1,1,0,4391.125917254477,55703.0,6676.0,0,False,no_candidate_within_1deg,False,,,,,,
102947,2012-05-30T15:00:00Z,6.8,128.8,1,1,0,4152.915321022151,55760.0,6676.0,0,False,no_candidate_within_1deg,False,,,,,,
102947,2012-05-30T18:00:00Z,8.8,130.0,1,1,0,4197.5339376513875,55813.0,6676.0,0,False,no_candidate_within_1deg,False,,,,,,
102947,2012-05-30T21:00:00Z,10.5,130.1,1,1,0,4136.0409285726855,55878.0,6676.0,0,False,no_candidate_within_1deg,False,,,,,,
102962,2012-07-27T03:00:00Z,24.5,147.0,2,2,0,5963.216090962849,78613.0,6705.0,0,False,no_candidate_within_1deg,False,,,,,,
102962,2012-07-27T06:00:00Z,25.2,148.5,2,2,0,6120.392874356032,78656.0,6705.0,0,False,no_candidate_within_1deg,False,,,,,,
102962,2012-07-27T09:00:00Z,23.7,151.8,2,2,0,6514.631572832316,78697.0,6705.0,0,False,no_candidate_within_1deg,False,,,,,,
102962,2012-07-27T12:00:00Z,24.0,152.7,2,2,0,6708.982499809973,78738.0,6705.0,0,False,no_candidate_within_1deg,False,,,,,,
102962,2012-07-27T15:00:00Z,24.5,148.9,2,2,0,6355.321756802406,78778.0,6705.0,0,False,no_candidate_within_1deg,False,,,,,,
102962,2012-07-27T18:00:00Z,24.4,149.1,2,2,0,6406.0758063907715,78821.0,6705.0,0,False,no_candidate_within_1deg,False,,,,,,
102962,2012-07-27T21:00:00Z,24.5,149.2,2,2,0,6453.534666006927,78869.0,6705.0,0,False,no_candidate_within_1deg,False,,,,,,
102962,2012-07-28T00:00:00Z,23.7,149.4,2,2,0,6455.888907358995,78919.0,6705.0,0,False,no_candidate_within_1deg,False,,,,,,
102962,2012-07-28T03:00:00Z,24.0,149.2,2,2,0,6466.417142954412,78962.0,6705.0,0,False,no_candidate_within_1deg,False,,,,,,
102964,2012-07-31T09:00:00Z,20.9,148.2,1,1,0,6259.531002899524,80013.0,6711.0,0,False,no_candidate_within_1deg,False,,,,,,
102964,2012-07-31T12:00:00Z,20.4,149.2,1,1,0,6350.623022313299,80062.0,6711.0,0,False,no_candidate_within_1deg,False,,,,,,
102964,2012-07-31T15:00:00Z,20.2,146.1,1,1,0,6018.849770208999,80103.0,6711.0,0,False,no_candidate_within_1deg,False,,,,,,
102964,2012-07-31T18:00:00Z,19.7,146.1,1,1,0,6123.484519683052,80139.0,6711.0,0,False,no_candidate_within_1deg,False,,,,,,
102964,2012-07-31T21:00:00Z,19.1,146.2,1,1,0,6081.024435678609,80182.0,6711.0,0,False,no_candidate_within_1deg,False,,,,,,
102964,2012-08-01T00:00:00Z,18.6,146.2,1,1,0,6078.422483923884,80219.0,6711.0,0,False,no_candidate_within_1deg,False,,,,,,
102964,2012-08-01T03:00:00Z,19.2,146.7,1,1,0,6125.784226950656,80263.0,6711.0,0,False,no_candidate_within_1deg,False,,,,,,
102964,2012-08-01T06:00:00Z,19.8,147.3,1,1,0,6163.562474610291,80309.0,6711.0,0,False,no_candidate_within_1deg,False,,,,,,
102964,2012-08-01T09:00:00Z,20.4,147.8,1,1,0,6151.539187184085,80348.0,6711.0,0,False,no_candidate_within_1deg,False,,,,,,
102963,2012-07-31T09:00:00Z,9.8,-45.0,1,1,0,13685.797515553513,80013.0,6711.0,0,False,no_candidate_within_1deg,False,,,,,,
102963,2012-07-31T12:00:00Z,9.4,-41.7,1,1,0,13440.111134653645,80062.0,6711.0,0,False,no_candidate_within_1deg,False,,,,,,
102963,2012-07-31T15:00:00Z,9.3,-41.7,1,1,0,13476.970075916492,80103.0,6711.0,0,False,no_candidate_within_1deg,False,,,,,,
102963,2012-07-31T18:00:00Z,8.4,-42.4,1,1,0,13532.656229632574,80139.0,6711.0,0,False,no_candidate_within_1deg,False,,,,,,
102963,2012-07-31T21:00:00Z,8.8,-43.2,1,1,0,13665.89748566915,80182.0,6711.0,0,False,no_candidate_within_1deg,False,,,,,,
102963,2012-08-01T00:00:00Z,9.2,-43.9,1,1,0,13763.106317585447,80219.0,6711.0,0,False,no_candidate_within_1deg,False,,,,,,
102963,2012-08-01T03:00:00Z,9.5,-44.7,1,1,0,13826.589109440618,80263.0,6711.0,0,False,no_candidate_within_1deg,False,,,,,,
102963,2012-08-01T06:00:00Z,9.9,-45.5,1,1,0,13885.84790591199,80309.0,6711.0,0,False,no_candidate_within_1deg,False,,,,,,
102963,2012-08-01T09:00:00Z,10.6,-45.7,1,1,0,13890.895173062665,80348.0,6711.0,0,False,no_candidate_within_1deg,False,,,,,,
102967,2012-08-04T21:00:00Z,11.5,-103.6,3,2,1,16194.906655391193,81643.0,6714.0,0,False,no_candidate_within_1deg,False,,,,,,
102967,2012-08-05T00:00:00Z,8.9,-101.3,3,2,1,16598.26994601347,81690.0,6718.0,0,False,no_candidate_within_1deg,False,,,,,,
102967,2012-08-05T03:00:00Z,8.5,-101.5,2,1,1,16663.473253546494,81739.0,6718.0,0,False,no_candidate_within_1deg,False,,,,,,
102967,2012-08-05T06:00:00Z,8.1,-102.4,2,1,1,16689.302272679062,81786.0,6718.0,0,False,no_candidate_within_1deg,False,,,,,,
102967,2012-08-05T09:00:00Z,9.3,-103.1,2,1,1,16583.354098174805,81836.0,6718.0,0,False,no_candidate_within_1deg,False,,,,,,
102967,2012-08-05T12:00:00Z,10.4,-103.8,2,2,0,16344.065267346015,81880.0,6717.0,0,False,no_candidate_within_1deg,False,,,,,,
102967,2012-08-05T15:00:00Z,10.0,-104.7,2,1,1,16458.55631009641,81920.0,6718.0,0,False,no_candidate_within_1deg,False,,,,,,
102967,2012-08-05T18:00:00Z,10.1,-103.3,2,2,0,16417.35081161292,81970.0,6717.0,0,False,no_candidate_within_1deg,False,,,,,,
102967,2012-08-05T21:00:00Z,13.8,-103.9,2,2,0,16011.124784563892,82021.0,6718.0,0,False,no_candidate_within_1deg,False,,,,,,
102972,2012-08-17T00:00:00Z,19.9,126.3,2,2,0,3920.1570771619604,85394.0,6728.0,0,False,no_candidate_within_1deg,False,,,,,,
102972,2012-08-17T03:00:00Z,19.1,126.1,2,2,0,3913.818212424249,85430.0,6728.0,0,False,no_candidate_within_1deg,False,,,,,,
102972,2012-08-17T06:00:00Z,20.4,124.9,2,2,0,3792.5233433926514,85463.0,6728.0,0,False,no_candidate_within_1deg,False,,,,,,
102972,2012-08-17T09:00:00Z,19.9,124.9,2,2,0,3830.347650181496,85492.0,6728.0,0,False,no_candidate_within_1deg,False,,,,,,
102972,2012-08-17T12:00:00Z,19.2,123.8,2,2,0,3736.3913330732807,85526.0,6728.0,0,False,no_candidate_within_1deg,False,,,,,,
102972,2012-08-17T15:00:00Z,18.4,122.7,2,2,0,3648.1100413875743,85566.0,6728.0,0,False,no_candidate_within_1deg,False,,,,,,
102972,2012-08-17T18:00:00Z,18.1,123.7,2,2,0,3778.14864234222,85612.0,6728.0,0,False,no_candidate_within_1deg,False,,,,,,
102972,2012-08-17T21:00:00Z,17.1,124.1,2,2,0,3868.225826327928,85652.0,6728.0,0,False,no_candidate_within_1deg,False,,,,,,
102972,2012-08-18T00:00:00Z,18.8,122.7,1,1,0,3732.886524812671,85698.0,6728.0,0,False,no_candidate_within_1deg,False,,,,,,
102972,2012-08-18T03:00:00Z,17.7,123.7,1,1,0,3917.9565520852566,85748.0,6728.0,0,False,no_candidate_within_1deg,False,,,,,,
102972,2012-08-18T06:00:00Z,15.8,122.9,1,1,0,3909.6020687551854,85789.0,6728.0,0,False,no_candidate_within_1deg,False,,,,,,
102972,2012-08-18T09:00:00Z,16.7,124.2,1,1,0,4057.714235836706,85825.0,6728.0,0,False,no_candidate_within_1deg,False,,,,,,
102975,2012-08-20T15:00:00Z,9.7,-28.0,1,1,0,11539.452998509407,86594.0,6728.0,0,False,no_candidate_within_1deg,False,,,,,,
102975,2012-08-20T18:00:00Z,8.9,-29.2,1,1,0,11711.30611101053,86636.0,6728.0,0,False,no_candidate_within_1deg,False,,,,,,
102975,2012-08-20T21:00:00Z,9.2,-29.2,1,1,0,11734.640851414168,86682.0,6728.0,0,False,no_candidate_within_1deg,False,,,,,,
102975,2012-08-21T00:00:00Z,9.4,-29.5,1,1,0,11806.09291038807,86728.0,6728.0,0,False,no_candidate_within_1deg,False,,,,,,
102975,2012-08-21T03:00:00Z,9.3,-30.6,1,1,0,11850.515944835026,86777.0,6728.0,0,False,no_candidate_within_1deg,False,,,,,,
102975,2012-08-21T06:00:00Z,9.4,-31.5,1,1,0,11937.578315685432,86824.0,6728.0,0,False,no_candidate_within_1deg,False,,,,,,
102975,2012-08-21T09:00:00Z,9.0,-32.1,1,1,0,12015.531580484558,86864.0,6728.0,0,False,no_candidate_within_1deg,False,,,,,,
102975,2012-08-21T12:00:00Z,8.8,-33.0,1,0,1,,,,0,False,no_candidate_within_1deg,False,,,,,,
102975,2012-08-21T15:00:00Z,7.8,-32.9,1,0,1,,,,0,False,no_candidate_within_1deg,False,,,,,,
102976,2012-08-24T15:00:00Z,7.9,-109.8,0,0,0,,,,0,False,no_candidate_within_1deg,False,,,,,,
102976,2012-08-24T18:00:00Z,8.2,-108.2,0,0,0,,,,0,False,no_candidate_within_1deg,False,,,,,,
102976,2012-08-24T21:00:00Z,8.5,-106.6,0,0,0,,,,0,False,no_candidate_within_1deg,False,,,,,,
102976,2012-08-25T00:00:00Z,8.8,-107.3,0,0,0,,,,0,False,no_candidate_within_1deg,False,,,,,,
102976,2012-08-25T03:00:00Z,9.6,-107.6,0,0,0,,,,0,False,no_candidate_within_1deg,False,,,,,,
102976,2012-08-25T06:00:00Z,8.4,-105.0,0,0,0,,,,0,False,no_candidate_within_1deg,False,,,,,,
102976,2012-08-25T09:00:00Z,8.1,-105.5,0,0,0,,,,0,False,no_candidate_within_1deg,False,,,,,,
102976,2012-08-25T12:00:00Z,8.6,-103.3,0,0,0,,,,0,False,no_candidate_within_1deg,False,,,,,,
102976,2012-08-25T15:00:00Z,9.0,-101.1,0,0,0,,,,0,False,no_candidate_within_1deg,False,,,,,,
102978,2012-08-26T21:00:00Z,21.5,-35.0,0,0,0,,,,0,False,no_candidate_within_1deg,False,,,,,,
102978,2012-08-27T00:00:00Z,21.7,-36.3,0,0,0,,,,0,False,no_candidate_within_1deg,False,,,,,,
102978,2012-08-27T03:00:00Z,22.1,-36.6,0,0,0,,,,0,False,no_candidate_within_1deg,False,,,,,,
102978,2012-08-27T06:00:00Z,22.3,-37.0,0,0,0,,,,0,False,no_candidate_within_1deg,False,,,,,,
102978,2012-08-27T09:00:00Z,22.3,-37.5,0,0,0,,,,0,False,no_candidate_within_1deg,False,,,,,,
102978,2012-08-27T12:00:00Z,22.1,-38.0,0,0,0,,,,0,False,no_candidate_within_1deg,False,,,,,,
102978,2012-08-27T15:00:00Z,23.0,-39.1,0,0,0,,,,0,False,no_candidate_within_1deg,False,,,,,,
102978,2012-08-27T18:00:00Z,23.5,-39.6,0,0,0,,,,0,False,no_candidate_within_1deg,False,,,,,,
102978,2012-08-27T21:00:00Z,24.3,-39.8,0,0,0,,,,0,False,no_candidate_within_1deg,False,,,,,,
102978,2012-08-28T00:00:00Z,23.9,-39.8,0,0,0,,,,0,False,no_candidate_within_1deg,False,,,,,,
102978,2012-08-28T03:00:00Z,23.9,-40.2,0,0,0,,,,0,False,no_candidate_within_1deg,False,,,,,,
102978,2012-08-28T06:00:00Z,24.6,-40.8,0,0,0,,,,0,False,no_candidate_within_1deg,False,,,,,,
102978,2012-08-28T09:00:00Z,24.1,-41.0,0,0,0,,,,0,False,no_candidate_within_1deg,False,,,,,,
102978,2012-08-28T12:00:00Z,24.1,-41.1,0,0,0,,,,0,False,no_candidate_within_1deg,False,,,,,,
102978,2012-08-28T15:00:00Z,24.1,-40.8,0,0,0,,,,0,False,no_candidate_within_1deg,False,,,,,,
102982,2012-09-09T09:00:00Z,15.8,-27.7,3,1,2,10028.25224040015,92907.0,6738.0,0,False,no_candidate_within_1deg,False,,,,,,
102982,2012-09-09T12:00:00Z,16.1,-28.7,3,1,2,10139.063291976145,92941.0,6738.0,0,False,no_candidate_within_1deg,False,,,,,,
102982,2012-09-09T15:00:00Z,16.4,-29.7,3,1,2,10218.145608171044,92989.0,6738.0,0,False,no_candidate_within_1deg,False,,,,,,
102982,2012-09-09T18:00:00Z,16.3,-31.1,2,1,1,10228.704380524601,93034.0,6737.0,0,False,no_candidate_within_1deg,False,,,,,,
102982,2012-09-09T21:00:00Z,16.1,-32.4,2,1,1,10344.011326507696,93070.0,6737.0,0,False,no_candidate_within_1deg,False,,,,,,
102982,2012-09-10T00:00:00Z,16.0,-33.8,2,1,1,10518.699590277762,93114.0,6737.0,0,False,no_candidate_within_1deg,False,,,,,,
102982,2012-09-10T03:00:00Z,16.4,-34.9,2,1,1,10641.12542215829,93164.0,6737.0,0,False,no_candidate_within_1deg,False,,,,,,
102982,2012-09-10T06:00:00Z,16.8,-36.0,1,1,0,10645.810387623853,93214.0,6737.0,0,False,no_candidate_within_1deg,False,,,,,,
102982,2012-09-10T09:00:00Z,17.1,-37.2,2,2,0,10764.699236313547,93261.0,6737.0,0,False,no_candidate_within_1deg,False,,,,,,
102986,2012-09-20T18:00:00Z,9.0,-108.5,0,0,0,,,,0,False,no_candidate_within_1deg,False,,,,,,
102986,2012-09-20T21:00:00Z,10.5,-107.7,0,0,0,,,,0,False,no_candidate_within_1deg,False,,,,,,
102986,2012-09-21T00:00:00Z,12.1,-107.0,0,0,0,,,,0,False,no_candidate_within_1deg,False,,,,,,
102986,2012-09-21T03:00:00Z,13.6,-106.2,0,0,0,,,,0,False,no_candidate_within_1deg,False,,,,,,
102986,2012-09-21T06:00:00Z,12.4,-106.1,0,0,0,,,,0,False,no_candidate_within_1deg,False,,,,,,
102986,2012-09-21T09:00:00Z,11.1,-106.0,0,0,0,,,,0,False,no_candidate_within_1deg,False,,,,,,
102986,2012-09-21T12:00:00Z,8.0,-107.8,0,0,0,,,,0,False,no_candidate_within_1deg,False,,,,,,
102986,2012-09-21T15:00:00Z,11.4,-106.5,0,0,0,,,,0,False,no_candidate_within_1deg,False,,,,,,
102986,2012-09-21T18:00:00Z,11.1,-105.4,0,0,0,,,,0,False,no_candidate_within_1deg,False,,,,,,
102986,2012-09-21T21:00:00Z,10.8,-104.2,0,0,0,,,,0,False,no_candidate_within_1deg,False,,,,,,
102994,2012-10-09T06:00:00Z,23.7,-71.6,0,0,0,,,,0,False,no_candidate_within_1deg,False,,,,,,
102994,2012-10-09T09:00:00Z,23.8,-71.2,0,0,0,,,,0,False,no_candidate_within_1deg,False,,,,,,
102994,2012-10-09T12:00:00Z,24.3,-72.0,0,0,0,,,,0,False,no_candidate_within_1deg,False,,,,,,
102994,2012-10-09T15:00:00Z,24.8,-72.9,0,0,0,,,,0,False,no_candidate_within_1deg,False,,,,,,
102994,2012-10-09T18:00:00Z,23.4,-74.1,0,0,0,,,,0,False,no_candidate_within_1deg,False,,,,,,
102994,2012-10-09T21:00:00Z,26.2,-70.9,0,0,0,,,,0,False,no_candidate_within_1deg,False,,,,,,
102994,2012-10-10T00:00:00Z,25.3,-72.6,0,0,0,,,,0,False,no_candidate_within_1deg,False,,,,,,
102994,2012-10-10T03:00:00Z,25.1,-72.2,0,0,0,,,,0,False,no_candidate_within_1deg,False,,,,,,
102994,2012-10-10T06:00:00Z,24.7,-71.9,0,0,0,,,,0,False,no_candidate_within_1deg,False,,,,,,
102994,2012-10-10T09:00:00Z,24.3,-71.6,0,0,0,,,,0,False,no_candidate_within_1deg,False,,,,,,
102994,2012-10-10T12:00:00Z,24.2,-71.4,0,0,0,,,,0,False,no_candidate_within_1deg,False,,,,,,
102994,2012-10-10T15:00:00Z,24.5,-71.6,0,0,0,,,,0,False,no_candidate_within_1deg,False,,,,,,
102997,2012-10-11T21:00:00Z,16.8,143.5,0,0,0,,,,0,False,no_candidate_within_1deg,False,,,,,,
102997,2012-10-12T00:00:00Z,17.0,142.7,0,0,0,,,,0,False,no_candidate_within_1deg,False,,,,,,
102997,2012-10-12T03:00:00Z,18.3,141.6,0,0,0,,,,0,False,no_candidate_within_1deg,False,,,,,,
102997,2012-10-12T06:00:00Z,16.0,142.8,0,0,0,,,,0,False,no_candidate_within_1deg,False,,,,,,
102997,2012-10-12T09:00:00Z,15.3,143.3,0,0,0,,,,0,False,no_candidate_within_1deg,False,,,,,,
102997,2012-10-12T12:00:00Z,17.2,146.1,0,0,0,,,,0,False,no_candidate_within_1deg,False,,,,,,
102997,2012-10-12T15:00:00Z,16.4,145.9,0,0,0,,,,0,False,no_candidate_within_1deg,False,,,,,,
102997,2012-10-12T18:00:00Z,16.4,144.9,0,0,0,,,,0,False,no_candidate_within_1deg,False,,,,,,
102997,2012-10-12T21:00:00Z,16.3,144.7,0,0,0,,,,0,False,no_candidate_within_1deg,False,,,,,,
103004,2012-10-28T12:00:00Z,15.1,-110.6,1,1,0,16877.269173670316,106981.0,6744.0,0,False,no_candidate_within_1deg,False,,,,,,
103004,2012-10-28T15:00:00Z,14.1,-110.5,1,1,0,17018.10493935649,107013.0,6744.0,0,False,no_candidate_within_1deg,False,,,,,,
103004,2012-10-28T18:00:00Z,13.1,-110.5,1,1,0,17155.369888738012,107044.0,6744.0,0,False,no_candidate_within_1deg,False,,,,,,
103004,2012-10-28T21:00:00Z,12.1,-110.4,1,1,0,17302.603718807626,107076.0,6744.0,0,False,no_candidate_within_1deg,False,,,,,,
103004,2012-10-29T00:00:00Z,11.9,-111.1,1,1,0,17276.72040870688,107109.0,6744.0,0,False,no_candidate_within_1deg,False,,,,,,
103004,2012-10-29T03:00:00Z,11.6,-111.3,1,1,0,17295.513561997435,107144.0,6744.0,0,False,no_candidate_within_1deg,False,,,,,,
103004,2012-10-29T06:00:00Z,11.5,-111.1,1,1,0,17340.087640218007,107180.0,6744.0,0,False,no_candidate_within_1deg,False,,,,,,
103004,2012-10-29T09:00:00Z,11.8,-112.0,1,1,0,17267.54921715614,107221.0,6744.0,0,False,no_candidate_within_1deg,False,,,,,,
103004,2012-10-29T12:00:00Z,12.1,-112.9,1,1,0,17188.2452948304,107262.0,6744.0,0,False,no_candidate_within_1deg,False,,,,,,
103004,2012-10-29T15:00:00Z,11.9,-112.3,1,1,0,17236.868960281146,107295.0,6744.0,0,False,no_candidate_within_1deg,False,,,,,,
103005,2012-11-11T03:00:00Z,7.8,120.0,0,0,0,,,,0,False,no_candidate_within_1deg,False,,,,,,
103005,2012-11-11T06:00:00Z,6.5,119.5,0,0,0,,,,0,False,no_candidate_within_1deg,False,,,,,,
103005,2012-11-11T09:00:00Z,6.9,118.9,0,0,0,,,,0,False,no_candidate_within_1deg,False,,,,,,
103005,2012-11-11T12:00:00Z,7.4,118.2,0,0,0,,,,0,False,no_candidate_within_1deg,False,,,,,,
103005,2012-11-11T15:00:00Z,7.8,117.6,0,0,0,,,,0,False,no_candidate_within_1deg,False,,,,,,
103005,2012-11-11T18:00:00Z,7.5,114.1,0,0,0,,,,0,False,no_candidate_within_1deg,False,,,,,,
103005,2012-11-11T21:00:00Z,7.4,115.1,0,0,0,,,,0,False,no_candidate_within_1deg,False,,,,,,
103005,2012-11-12T00:00:00Z,7.4,116.0,0,0,0,,,,0,False,no_candidate_within_1deg,False,,,,,,
103005,2012-11-12T03:00:00Z,7.3,117.0,0,0,0,,,,0,False,no_candidate_within_1deg,False,,,,,,
103008,2012-11-25T00:00:00Z,4.7,156.6,0,0,0,,,,0,False,no_candidate_within_1deg,False,,,,,,
103008,2012-11-25T03:00:00Z,2.8,156.5,0,0,0,,,,0,False,no_candidate_within_1deg,False,,,,,,
103008,2012-11-25T06:00:00Z,3.0,156.4,0,0,0,,,,0,False,no_candidate_within_1deg,False,,,,,,
103008,2012-11-25T09:00:00Z,2.7,156.5,0,0,0,,,,0,False,no_candidate_within_1deg,False,,,,,,
103008,2012-11-25T12:00:00Z,2.5,156.7,0,0,0,,,,0,False,no_candidate_within_1deg,False,,,,,,
103008,2012-11-25T15:00:00Z,2.2,156.8,0,0,0,,,,0,False,no_candidate_within_1deg,False,,,,,,
103008,2012-11-25T18:00:00Z,2.2,155.6,0,0,0,,,,0,False,no_candidate_within_1deg,False,,,,,,
103008,2012-11-25T21:00:00Z,3.2,154.2,0,0,0,,,,0,False,no_candidate_within_1deg,False,,,,,,
103008,2012-11-26T00:00:00Z,4.0,154.7,0,0,0,,,,0,False,no_candidate_within_1deg,False,,,,,,
103008,2012-11-26T03:00:00Z,4.8,155.2,0,0,0,,,,0,False,no_candidate_within_1deg,False,,,,,,
103008,2012-11-26T06:00:00Z,4.6,155.3,0,0,0,,,,0,False,no_candidate_within_1deg,False,,,,,,
103008,2012-11-26T09:00:00Z,4.3,155.4,0,0,0,,,,0,False,no_candidate_within_1deg,False,,,,,,
103018,2013-01-10T03:00:00Z,-12.7,84.5,0,0,0,,,,0,False,no_candidate_within_1deg,False,,,,,,
103018,2013-01-10T06:00:00Z,-11.9,83.5,0,0,0,,,,0,False,no_candidate_within_1deg,False,,,,,,
103018,2013-01-10T09:00:00Z,-12.9,82.7,0,0,0,,,,0,False,no_candidate_within_1deg,False,,,,,,
103018,2013-01-10T12:00:00Z,-14.0,81.9,0,0,0,,,,0,False,no_candidate_within_1deg,False,,,,,,
103018,2013-01-10T15:00:00Z,-15.0,81.1,0,0,0,,,,0,False,no_candidate_within_1deg,False,,,,,,
103018,2013-01-10T18:00:00Z,-15.6,81.0,0,0,0,,,,0,False,no_candidate_within_1deg,False,,,,,,
103018,2013-01-10T21:00:00Z,-15.6,80.6,0,0,0,,,,0,False,no_candidate_within_1deg,False,,,,,,
103018,2013-01-11T00:00:00Z,-15.5,80.3,0,0,0,,,,0,False,no_candidate_within_1deg,False,,,,,,
103018,2013-01-11T03:00:00Z,-15.1,80.9,0,0,0,,,,0,False,no_candidate_within_1deg,False,,,,,,
103022,2013-01-24T09:00:00Z,-10.8,68.2,0,0,0,,,,0,False,no_candidate_within_1deg,False,,,,,,
103022,2013-01-24T12:00:00Z,-10.8,69.2,0,0,0,,,,0,False,no_candidate_within_1deg,False,,,,,,
103022,2013-01-24T15:00:00Z,-11.3,68.8,0,0,0,,,,0,False,no_candidate_within_1deg,False,,,,,,
103022,2013-01-24T18:00:00Z,-10.6,70.5,0,0,0,,,,0,False,no_candidate_within_1deg,False,,,,,,
103022,2013-01-24T21:00:00Z,-12.6,68.4,0,0,0,,,,0,False,no_candidate_within_1deg,False,,,,,,
103022,2013-01-25T00:00:00Z,-12.5,68.3,0,0,0,,,,0,False,no_candidate_within_1deg,False,,,,,,
103022,2013-01-25T03:00:00Z,-11.9,69.1,0,0,0,,,,0,False,no_candidate_within_1deg,False,,,,,,
103022,2013-01-25T06:00:00Z,-11.3,69.9,0,0,0,,,,0,False,no_candidate_within_1deg,False,,,,,,
103022,2013-01-25T09:00:00Z,-10.3,70.5,0,0,0,,,,0,False,no_candidate_within_1deg,False,,,,,,
103025,2013-02-13T09:00:00Z,-16.0,44.0,0,0,0,,,,0,False,no_candidate_within_1deg,False,,,,,,
103025,2013-02-13T12:00:00Z,-17.2,41.8,0,0,0,,,,0,False,no_candidate_within_1deg,False,,,,,,
103025,2013-02-13T15:00:00Z,-17.5,41.9,0,0,0,,,,0,False,no_candidate_within_1deg,False,,,,,,
103025,2013-02-13T18:00:00Z,-18.7,42.5,0,0,0,,,,0,False,no_candidate_within_1deg,False,,,,,,
103025,2013-02-13T21:00:00Z,-18.6,42.9,0,0,0,,,,0,False,no_candidate_within_1deg,False,,,,,,
103025,2013-02-14T00:00:00Z,-18.5,43.3,0,0,0,,,,0,False,no_candidate_within_1deg,False,,,,,,
103025,2013-02-14T03:00:00Z,-18.0,42.0,0,0,0,,,,0,False,no_candidate_within_1deg,False,,,,,,
103025,2013-02-14T06:00:00Z,-18.2,43.3,0,0,0,,,,0,False,no_candidate_within_1deg,False,,,,,,
103025,2013-02-14T09:00:00Z,-18.0,43.6,0,0,0,,,,0,False,no_candidate_within_1deg,False,,,,,,
103042,2013-06-18T15:00:00Z,11.8,115.0,1,1,0,3843.08521648786,66448.0,6767.0,0,False,no_candidate_within_1deg,False,,,,,,
103042,2013-06-18T18:00:00Z,12.4,115.1,1,1,0,3815.7535942277977,66514.0,6767.0,0,False,no_candidate_within_1deg,False,,,,,,
103042,2013-06-18T21:00:00Z,12.9,115.3,1,1,0,3782.2481515446552,66572.0,6767.0,0,False,no_candidate_within_1deg,False,,,,,,
103042,2013-06-19T00:00:00Z,12.4,115.5,1,1,0,3829.47170472099,66626.0,6767.0,0,False,no_candidate_within_1deg,False,,,,,,
103042,2013-06-19T03:00:00Z,12.3,116.1,1,1,0,3890.1244798249463,66684.0,6767.0,0,False,no_candidate_within_1deg,False,,,,,,
103042,2013-06-19T06:00:00Z,15.6,118.1,1,1,0,3915.584110564476,66741.0,6767.0,0,False,no_candidate_within_1deg,False,,,,,,
103042,2013-06-19T09:00:00Z,13.6,114.8,0,0,0,,,,0,False,no_candidate_within_1deg,False,,,,,,
103042,2013-06-19T12:00:00Z,13.9,115.2,0,0,0,,,,0,False,no_candidate_within_1deg,False,,,,,,
103042,2013-06-19T15:00:00Z,14.2,115.5,0,0,0,,,,0,False,no_candidate_within_1deg,False,,,,,,
103043,2013-06-22T09:00:00Z,16.2,-101.9,1,0,1,,,,0,False,no_candidate_within_1deg,False,,,,,,
103043,2013-06-22T12:00:00Z,16.0,-101.0,1,1,0,15925.884307683618,68080.0,6779.0,0,False,no_candidate_within_1deg,False,,,,,,
103043,2013-06-22T15:00:00Z,14.7,-101.9,1,1,0,15995.21129082462,68132.0,6779.0,0,False,no_candidate_within_1deg,False,,,,,,
103043,2013-06-22T18:00:00Z,13.5,-102.8,1,1,0,16090.45794775671,68195.0,6779.0,0,False,no_candidate_within_1deg,False,,,,,,
103043,2013-06-22T21:00:00Z,12.2,-103.7,1,1,0,16202.408872012784,68258.0,6779.0,0,False,no_candidate_within_1deg,False,,,,,,
103043,2013-06-23T00:00:00Z,13.6,-107.2,1,1,0,15944.551661900434,68312.0,6779.0,0,False,no_candidate_within_1deg,False,,,,,,
103043,2013-06-23T03:00:00Z,12.5,-106.2,1,1,0,16121.457747059301,68369.0,6779.0,0,False,no_candidate_within_1deg,False,,,,,,
103043,2013-06-23T06:00:00Z,11.3,-105.2,1,1,0,16382.516581622853,68436.0,6779.0,0,False,no_candidate_within_1deg,False,,,,,,
103043,2013-06-23T09:00:00Z,10.7,-104.4,1,1,0,16464.201878871154,68492.0,6779.0,0,False,no_candidate_within_1deg,False,,,,,,
103048,2013-07-06T00:00:00Z,7.3,-29.6,2,2,0,11407.942792200318,72848.0,6789.0,0,False,no_candidate_within_1deg,False,,,,,,
103048,2013-07-06T03:00:00Z,7.5,-30.7,1,0,1,,,,0,False,no_candidate_within_1deg,False,,,,,,
103048,2013-07-06T06:00:00Z,6.7,-32.2,1,1,0,12735.413435593742,72945.0,6790.0,0,False,no_candidate_within_1deg,False,,,,,,
103048,2013-07-06T09:00:00Z,7.8,-32.1,1,1,0,12661.361316856583,72989.0,6790.0,0,False,no_candidate_within_1deg,False,,,,,,
103048,2013-07-06T12:00:00Z,7.9,-33.1,1,0,1,,,,0,False,no_candidate_within_1deg,False,,,,,,
103048,2013-07-06T15:00:00Z,8.0,-34.2,1,1,0,12894.154598557167,73086.0,6790.0,0,False,no_candidate_within_1deg,False,,,,,,
103048,2013-07-06T18:00:00Z,8.0,-35.4,1,1,0,13009.627686953163,73152.0,6790.0,0,False,no_candidate_within_1deg,False,,,,,,
103048,2013-07-06T21:00:00Z,7.9,-36.5,1,1,0,13114.823931805713,73216.0,6790.0,0,False,no_candidate_within_1deg,False,,,,,,
103048,2013-07-07T00:00:00Z,8.3,-37.9,1,1,0,13046.870482336324,73266.0,6790.0,0,False,no_candidate_within_1deg,False,,,,,,
103048,2013-07-07T03:00:00Z,8.5,-38.7,1,1,0,13156.178188894439,73310.0,6790.0,0,False,no_candidate_within_1deg,False,,,,,,
103048,2013-07-07T06:00:00Z,8.6,-39.6,1,1,0,13275.21146764445,73357.0,6790.0,0,False,no_candidate_within_1deg,False,,,,,,
103048,2013-07-07T09:00:00Z,8.0,-41.4,1,1,0,13526.590244722824,73397.0,6790.0,0,False,no_candidate_within_1deg,False,,,,,,
103050,2013-07-21T15:00:00Z,10.3,-15.5,2,1,1,10873.250185642293,78499.0,6804.0,0,False,no_candidate_within_1deg,False,,,,,,
103050,2013-07-21T18:00:00Z,10.3,-16.4,2,1,1,10985.024319998893,78557.0,6804.0,0,False,no_candidate_within_1deg,False,,,,,,
103050,2013-07-21T21:00:00Z,10.0,-16.7,2,1,1,11049.379547232276,78615.0,6804.0,0,False,no_candidate_within_1deg,False,,,,,,
103050,2013-07-22T00:00:00Z,9.6,-17.0,2,1,1,11062.048858424041,78674.0,6804.0,0,False,no_candidate_within_1deg,False,,,,,,
103050,2013-07-22T03:00:00Z,9.7,-16.8,2,1,1,11059.210630459162,78729.0,6804.0,0,False,no_candidate_within_1deg,False,,,,,,
103050,2013-07-22T06:00:00Z,9.7,-16.5,2,2,0,10880.221418687257,78787.0,6800.0,0,False,no_candidate_within_1deg,False,,,,,,
103050,2013-07-22T09:00:00Z,8.1,-15.3,2,2,0,10826.782645419577,78842.0,6800.0,0,False,no_candidate_within_1deg,False,,,,,,
103050,2013-07-22T12:00:00Z,9.9,-16.0,2,1,1,10834.289682283763,78897.0,6804.0,0,False,no_candidate_within_1deg,False,,,,,,
103050,2013-07-22T15:00:00Z,11.6,-16.8,3,2,1,10273.342647360247,78952.0,6806.0,0,False,no_candidate_within_1deg,False,,,,,,
103052,2013-07-29T09:00:00Z,17.3,116.1,2,2,0,2937.661842172537,81841.0,6809.0,0,False,no_candidate_within_1deg,False,,,,,,
103052,2013-07-29T12:00:00Z,17.8,115.6,2,2,0,2876.4028563385386,81888.0,6809.0,0,False,no_candidate_within_1deg,False,,,,,,
103052,2013-07-29T15:00:00Z,17.8,115.8,1,1,0,2902.454383050776,81937.0,6809.0,0,False,no_candidate_within_1deg,False,,,,,,
103052,2013-07-29T18:00:00Z,17.2,115.4,1,1,0,2904.5234980554796,81992.0,6809.0,0,False,no_candidate_within_1deg,False,,,,,,
103052,2013-07-29T21:00:00Z,16.5,115.1,1,1,0,2904.486539246929,82047.0,6809.0,0,False,no_candidate_within_1deg,False,,,,,,
103052,2013-07-30T00:00:00Z,15.9,114.7,1,1,0,2963.1177818324113,82109.0,6809.0,0,False,no_candidate_within_1deg,False,,,,,,
103052,2013-07-30T03:00:00Z,15.1,115.3,1,1,0,3136.27193674198,82170.0,6809.0,0,False,no_candidate_within_1deg,False,,,,,,
103052,2013-07-30T06:00:00Z,14.4,115.9,1,1,0,3256.623026823485,82236.0,6809.0,0,False,no_candidate_within_1deg,False,,,,,,
103052,2013-07-30T09:00:00Z,13.6,116.5,1,1,0,3352.7272112983824,82292.0,6809.0,0,False,no_candidate_within_1deg,False,,,,,,
103060,2013-08-13T15:00:00Z,12.9,-20.1,1,1,0,9924.857135523587,88197.0,6818.0,0,False,no_candidate_within_1deg,False,,,,,,
103060,2013-08-13T18:00:00Z,11.8,-18.4,1,1,0,9782.511118002762,88246.0,6818.0,0,False,no_candidate_within_1deg,False,,,,,,
103060,2013-08-13T21:00:00Z,12.0,-22.1,1,0,1,,,,0,False,no_candidate_within_1deg,False,,,,,,
103060,2013-08-14T00:00:00Z,11.8,-23.8,2,1,1,11434.493135691937,88348.0,6819.0,0,False,no_candidate_within_1deg,False,,,,,,
103060,2013-08-14T03:00:00Z,11.6,-25.4,2,1,1,11620.108899345902,88397.0,6819.0,0,False,no_candidate_within_1deg,False,,,,,,
103060,2013-08-14T06:00:00Z,11.5,-26.0,2,1,1,11711.016462035843,88443.0,6819.0,0,False,no_candidate_within_1deg,False,,,,,,
103060,2013-08-14T09:00:00Z,11.4,-26.5,2,1,1,11820.757242325904,88493.0,6819.0,0,False,no_candidate_within_1deg,False,,,,,,
103060,2013-08-14T12:00:00Z,11.3,-27.1,2,1,1,10278.623224743931,88540.0,6818.0,0,False,no_candidate_within_1deg,False,,,,,,
103060,2013-08-14T15:00:00Z,11.6,-25.8,2,1,1,10168.060642687624,88573.0,6818.0,0,False,no_candidate_within_1deg,False,,,,,,
103060,2013-08-14T18:00:00Z,13.1,-23.1,2,1,1,9818.018831626496,88609.0,6818.0,0,False,no_candidate_within_1deg,False,,,,,,
103060,2013-08-14T21:00:00Z,12.9,-23.6,2,2,0,9859.947296600481,88643.0,6818.0,0,False,no_candidate_within_1deg,False,,,,,,
103072,2013-09-06T21:00:00Z,9.8,-19.4,0,0,0,,,,0,False,no_candidate_within_1deg,False,,,,,,
103072,2013-09-07T00:00:00Z,10.1,-19.5,0,0,0,,,,0,False,no_candidate_within_1deg,False,,,,,,
103072,2013-09-07T03:00:00Z,10.5,-19.7,0,0,0,,,,0,False,no_candidate_within_1deg,False,,,,,,
103072,2013-09-07T06:00:00Z,10.8,-19.8,0,0,0,,,,0,False,no_candidate_within_1deg,False,,,,,,
103072,2013-09-07T09:00:00Z,10.2,-16.0,0,0,0,,,,0,False,no_candidate_within_1deg,False,,,,,,
103072,2013-09-07T12:00:00Z,11.2,-16.6,0,0,0,,,,0,False,no_candidate_within_1deg,False,,,,,,
103072,2013-09-07T15:00:00Z,12.2,-17.2,0,0,0,,,,0,False,no_candidate_within_1deg,False,,,,,,
103072,2013-09-07T18:00:00Z,13.1,-17.8,0,0,0,,,,0,False,no_candidate_within_1deg,False,,,,,,
103072,2013-09-07T21:00:00Z,14.1,-18.4,0,0,0,,,,0,False,no_candidate_within_1deg,False,,,,,,
103080,2013-09-26T21:00:00Z,17.0,-45.6,1,1,0,11656.255618377136,103461.0,6837.0,0,False,no_candidate_within_1deg,False,,,,,,
103080,2013-09-27T00:00:00Z,18.1,-46.3,1,1,0,11650.425485214424,103508.0,6837.0,0,False,no_candidate_within_1deg,False,,,,,,
103080,2013-09-27T03:00:00Z,18.6,-49.2,1,1,0,11869.523515268897,103553.0,6837.0,0,False,no_candidate_within_1deg,False,,,,,,
103080,2013-09-27T06:00:00Z,18.1,-47.5,1,1,0,11747.400154241936,103597.0,6837.0,0,False,no_candidate_within_1deg,False,,,,,,
103080,2013-09-27T09:00:00Z,17.5,-45.9,1,1,0,11645.298806384693,103644.0,6837.0,0,False,no_candidate_within_1deg,False,,,,,,
103080,2013-09-27T12:00:00Z,18.8,-46.9,1,1,0,11656.210953419708,103691.0,6837.0,0,False,no_candidate_within_1deg,False,,,,,,
103080,2013-09-27T15:00:00Z,20.7,-49.1,1,1,0,11746.35686567742,103739.0,6837.0,0,False,no_candidate_within_1deg,False,,,,,,
103080,2013-09-27T18:00:00Z,20.2,-47.6,1,1,0,11667.35811485587,103781.0,6837.0,0,False,no_candidate_within_1deg,False,,,,,,
103080,2013-09-27T21:00:00Z,21.8,-49.6,1,1,0,11745.969455265727,103823.0,6837.0,0,False,no_candidate_within_1deg,False,,,,,,
103083,2013-10-01T15:00:00Z,18.1,153.1,1,0,1,,,,0,False,no_candidate_within_1deg,False,,,,,,
103083,2013-10-01T18:00:00Z,17.8,152.7,1,1,0,8509.94185391589,105110.0,6837.0,0,False,no_candidate_within_1deg,False,,,,,,
103083,2013-10-01T21:00:00Z,16.9,152.7,1,1,0,8568.191723301148,105144.0,6837.0,0,False,no_candidate_within_1deg,False,,,,,,
103083,2013-10-02T00:00:00Z,15.7,152.5,1,1,0,8628.051554786754,105178.0,6837.0,0,False,no_candidate_within_1deg,False,,,,,,
103083,2013-10-02T03:00:00Z,16.1,152.0,1,1,0,8582.081309845946,105220.0,6837.0,0,False,no_candidate_within_1deg,False,,,,,,
103083,2013-10-02T06:00:00Z,16.5,151.4,1,1,0,8538.061734544619,105260.0,6837.0,0,False,no_candidate_within_1deg,False,,,,,,
103083,2013-10-02T09:00:00Z,16.9,150.9,1,1,0,8498.165319931819,105297.0,6837.0,0,False,no_candidate_within_1deg,False,,,,,,
103083,2013-10-02T12:00:00Z,16.9,150.8,1,1,0,8480.981945275571,105331.0,6837.0,0,False,no_candidate_within_1deg,False,,,,,,
103083,2013-10-02T15:00:00Z,17.1,150.4,1,1,0,8432.178252468182,105360.0,6837.0,0,False,no_candidate_within_1deg,False,,,,,,
103084,2013-10-01T06:00:00Z,15.5,-80.5,1,0,1,,,,0,False,no_candidate_within_1deg,False,,,,,,
103084,2013-10-01T09:00:00Z,14.9,-80.4,1,0,1,,,,0,False,no_candidate_within_1deg,False,,,,,,
103084,2013-10-01T12:00:00Z,16.3,-77.9,1,0,1,,,,0,False,no_candidate_within_1deg,False,,,,,,
103084,2013-10-01T15:00:00Z,17.6,-78.5,1,0,1,,,,0,False,no_candidate_within_1deg,False,,,,,,
103084,2013-10-01T18:00:00Z,18.0,-78.9,1,1,0,14541.582689908964,105110.0,6837.0,0,False,no_candidate_within_1deg,False,,,,,,
103084,2013-10-01T21:00:00Z,18.0,-80.7,1,1,0,14667.507640154043,105144.0,6837.0,0,False,no_candidate_within_1deg,False,,,,,,
103084,2013-10-02T00:00:00Z,17.9,-82.4,1,1,0,14815.406534254982,105178.0,6837.0,0,False,no_candidate_within_1deg,False,,,,,,
103084,2013-10-02T03:00:00Z,18.5,-82.4,1,1,0,14783.701831344428,105220.0,6837.0,0,False,no_candidate_within_1deg,False,,,,,,
103084,2013-10-02T06:00:00Z,19.1,-82.3,1,1,0,14747.221089028688,105260.0,6837.0,0,False,no_candidate_within_1deg,False,,,,,,
103084,2013-10-02T09:00:00Z,18.7,-82.5,1,1,0,14823.78060966553,105297.0,6837.0,0,False,no_candidate_within_1deg,False,,,,,,
103084,2013-10-02T12:00:00Z,22.2,-83.6,1,1,0,14616.263625551917,105331.0,6837.0,0,False,no_candidate_within_1deg,False,,,,,,
103084,2013-10-02T15:00:00Z,19.2,-83.0,1,1,0,14879.490557110988,105360.0,6837.0,0,False,no_candidate_within_1deg,False,,,,,,
103084,2013-10-02T18:00:00Z,20.5,-83.8,1,1,0,14835.621327350354,105391.0,6837.0,0,False,no_candidate_within_1deg,False,,,,,,
103084,2013-10-02T21:00:00Z,20.5,-84.7,1,1,0,14914.246907685272,105425.0,6837.0,0,False,no_candidate_within_1deg,False,,,,,,
103084,2013-10-03T00:00:00Z,20.7,-85.0,1,1,0,14985.674775934356,105455.0,6837.0,0,False,no_candidate_within_1deg,False,,,,,,
103084,2013-10-03T03:00:00Z,20.9,-85.2,1,1,0,14981.255378486101,105490.0,6837.0,0,False,no_candidate_within_1deg,False,,,,,,
103085,2013-10-05T00:00:00Z,12.3,-112.9,3,3,0,15258.29914637369,106047.0,6838.0,0,False,no_candidate_within_1deg,False,,,,,,
103085,2013-10-05T03:00:00Z,15.3,-112.7,3,3,0,15028.048051927828,106103.0,6838.0,0,False,no_candidate_within_1deg,False,,,,,,
103085,2013-10-05T06:00:00Z,16.2,-112.9,3,3,0,14947.753082074929,106152.0,6838.0,0,False,no_candidate_within_1deg,False,,,,,,
103085,2013-10-05T09:00:00Z,13.7,-113.5,3,3,0,15033.152357390643,106192.0,6838.0,0,False,no_candidate_within_1deg,False,,,,,,
103085,2013-10-05T12:00:00Z,13.9,-114.2,3,3,0,14984.330438327557,106229.0,6838.0,0,False,no_candidate_within_1deg,False,,,,,,
103085,2013-10-05T15:00:00Z,13.9,-114.7,3,3,0,14960.066991052146,106271.0,6838.0,0,False,no_candidate_within_1deg,False,,,,,,
103085,2013-10-05T18:00:00Z,13.9,-115.1,3,3,0,14921.63864090415,106304.0,6838.0,0,False,no_candidate_within_1deg,False,,,,,,
103085,2013-10-05T21:00:00Z,14.4,-115.7,3,3,0,14850.829829479217,106341.0,6838.0,0,False,no_candidate_within_1deg,False,,,,,,
103085,2013-10-06T00:00:00Z,13.9,-117.0,2,2,0,14804.0451386462,106376.0,6838.0,0,False,no_candidate_within_1deg,False,,,,,,
103085,2013-10-06T03:00:00Z,13.3,-117.3,2,2,0,14830.617382315528,106411.0,6838.0,0,False,no_candidate_within_1deg,False,,,,,,
103085,2013-10-06T06:00:00Z,12.7,-117.6,2,2,0,14897.136079289914,106439.0,6838.0,0,False,no_candidate_within_1deg,False,,,,,,
103085,2013-10-06T09:00:00Z,12.1,-117.8,2,2,0,14930.201511601294,106466.0,6838.0,0,False,no_candidate_within_1deg,False,,,,,,
103085,2013-10-06T12:00:00Z,11.5,-118.1,2,2,0,15010.309662624624,106496.0,6838.0,0,False,no_candidate_within_1deg,False,,,,,,
103085,2013-10-06T15:00:00Z,10.5,-118.9,2,2,0,14966.474580602237,106521.0,6838.0,0,False,no_candidate_within_1deg,False,,,,,,
103087,2013-10-07T09:00:00Z,13.8,135.7,2,1,1,4067.2667544022775,106660.0,6838.0,0,False,no_candidate_within_1deg,False,,,,,,
103087,2013-10-07T12:00:00Z,13.6,134.4,2,1,1,3953.2977871219246,106687.0,6838.0,0,False,no_candidate_within_1deg,False,,,,,,
103087,2013-10-07T15:00:00Z,13.3,133.2,2,1,1,3862.526450726121,106717.0,6838.0,0,False,no_candidate_within_1deg,False,,,,,,
103087,2013-10-07T18:00:00Z,13.4,132.9,2,1,1,3865.168210646085,106745.0,6838.0,0,False,no_candidate_within_1deg,False,,,,,,
103087,2013-10-07T21:00:00Z,13.4,132.5,2,2,0,3861.070370122894,106775.0,6838.0,0,False,no_candidate_within_1deg,False,,,,,,
103087,2013-10-08T00:00:00Z,13.5,132.2,2,2,0,3884.4482781434212,106807.0,6838.0,0,False,no_candidate_within_1deg,False,,,,,,
103087,2013-10-08T03:00:00Z,16.6,132.7,1,1,0,3992.9667859342067,106848.0,6838.0,0,False,no_candidate_within_1deg,False,,,,,,
103087,2013-10-08T06:00:00Z,16.2,130.5,1,1,0,3811.714212057913,106888.0,6838.0,0,False,no_candidate_within_1deg,False,,,,,,
103087,2013-10-08T09:00:00Z,14.0,130.2,1,1,0,3794.665791430162,106928.0,6838.0,0,False,no_candidate_within_1deg,False,,,,,,
103091,2013-10-14T09:00:00Z,16.7,153.8,1,1,0,7281.594305196637,108753.0,6838.0,0,False,no_candidate_within_1deg,False,,,,,,
103091,2013-10-14T12:00:00Z,16.2,154.0,1,1,0,7298.228979606276,108775.0,6838.0,0,False,no_candidate_within_1deg,False,,,,,,
103091,2013-10-14T15:00:00Z,15.5,152.7,1,1,0,7187.599365245017,108804.0,6838.0,0,False,no_candidate_within_1deg,False,,,,,,
103091,2013-10-14T18:00:00Z,14.8,151.4,1,1,0,7083.931204054499,108844.0,6838.0,0,False,no_candidate_within_1deg,False,,,,,,
103091,2013-10-14T21:00:00Z,14.8,149.4,1,1,0,6862.276787009775,108880.0,6838.0,0,False,no_candidate_within_1deg,False,,,,,,
103091,2013-10-15T00:00:00Z,12.1,150.0,1,1,0,7012.5100771466105,108915.0,6838.0,0,False,no_candidate_within_1deg,False,,,,,,
103091,2013-10-15T03:00:00Z,11.2,148.5,1,1,0,6887.681790153164,108947.0,6838.0,0,False,no_candidate_within_1deg,False,,,,,,
103091,2013-10-15T06:00:00Z,10.9,147.5,1,1,0,6805.462272095505,108978.0,6838.0,0,False,no_candidate_within_1deg,False,,,,,,
103091,2013-10-15T09:00:00Z,10.5,146.6,1,1,0,6745.3380217514505,109008.0,6838.0,0,False,no_candidate_within_1deg,False,,,,,,
103094,2013-10-18T06:00:00Z,8.0,-94.9,0,0,0,,,,0,False,no_candidate_within_1deg,False,,,,,,
103094,2013-10-18T09:00:00Z,7.9,-96.2,0,0,0,,,,0,False,no_candidate_within_1deg,False,,,,,,
103094,2013-10-18T12:00:00Z,7.9,-97.5,0,0,0,,,,0,False,no_candidate_within_1deg,False,,,,,,
103094,2013-10-18T15:00:00Z,7.8,-98.7,0,0,0,,,,0,False,no_candidate_within_1deg,False,,,,,,
103094,2013-10-18T18:00:00Z,7.8,-99.6,0,0,0,,,,0,False,no_candidate_within_1deg,False,,,,,,
103094,2013-10-18T21:00:00Z,8.2,-99.6,0,0,0,,,,0,False,no_candidate_within_1deg,False,,,,,,
103094,2013-10-19T00:00:00Z,8.6,-99.7,0,0,0,,,,0,False,no_candidate_within_1deg,False,,,,,,
103094,2013-10-19T03:00:00Z,9.0,-99.7,0,0,0,,,,0,False,no_candidate_within_1deg,False,,,,,,
103094,2013-10-19T06:00:00Z,9.4,-99.8,0,0,0,,,,0,False,no_candidate_within_1deg,False,,,,,,
103094,2013-10-19T09:00:00Z,9.9,-100.9,0,0,0,,,,0,False,no_candidate_within_1deg,False,,,,,,
103094,2013-10-19T12:00:00Z,10.2,-100.3,0,0,0,,,,0,False,no_candidate_within_1deg,False,,,,,,
103094,2013-10-19T15:00:00Z,10.5,-99.6,0,0,0,,,,0,False,no_candidate_within_1deg,False,,,,,,
103093,2013-10-18T03:00:00Z,14.4,158.4,0,0,0,,,,0,False,no_candidate_within_1deg,False,,,,,,
103093,2013-10-18T06:00:00Z,12.7,157.9,0,0,0,,,,0,False,no_candidate_within_1deg,False,,,,,,
103093,2013-10-18T09:00:00Z,11.1,157.4,0,0,0,,,,0,False,no_candidate_within_1deg,False,,,,,,
103093,2013-10-18T12:00:00Z,12.3,159.4,0,0,0,,,,0,False,no_candidate_within_1deg,False,,,,,,
103093,2013-10-18T15:00:00Z,13.5,161.4,0,0,0,,,,0,False,no_candidate_within_1deg,False,,,,,,
103093,2013-10-18T18:00:00Z,13.0,162.8,0,0,0,,,,0,False,no_candidate_within_1deg,False,,,,,,
103093,2013-10-18T21:00:00Z,11.8,160.0,0,0,0,,,,0,False,no_candidate_within_1deg,False,,,,,,
103093,2013-10-19T00:00:00Z,10.8,160.6,0,0,0,,,,0,False,no_candidate_within_1deg,False,,,,,,
103093,2013-10-19T03:00:00Z,9.8,161.3,0,0,0,,,,0,False,no_candidate_within_1deg,False,,,,,,
103095,2013-10-19T12:00:00Z,22.5,-51.6,0,0,0,,,,0,False,no_candidate_within_1deg,False,,,,,,
103095,2013-10-19T15:00:00Z,22.4,-51.1,0,0,0,,,,0,False,no_candidate_within_1deg,False,,,,,,
103095,2013-10-19T18:00:00Z,24.6,-52.7,0,0,0,,,,0,False,no_candidate_within_1deg,False,,,,,,
103095,2013-10-19T21:00:00Z,21.9,-51.9,0,0,0,,,,0,False,no_candidate_within_1deg,False,,,,,,
103095,2013-10-20T00:00:00Z,22.3,-52.9,0,0,0,,,,0,False,no_candidate_within_1deg,False,,,,,,
103095,2013-10-20T03:00:00Z,25.7,-53.4,0,0,0,,,,0,False,no_candidate_within_1deg,False,,,,,,
103095,2013-10-20T06:00:00Z,25.9,-53.6,0,0,0,,,,0,False,no_candidate_within_1deg,False,,,,,,
103095,2013-10-20T09:00:00Z,24.9,-52.8,0,0,0,,,,0,False,no_candidate_within_1deg,False,,,,,,
103095,2013-10-20T12:00:00Z,24.4,-52.3,0,0,0,,,,0,False,no_candidate_within_1deg,False,,,,,,
103095,2013-10-20T15:00:00Z,24.2,-51.6,0,0,0,,,,0,False,no_candidate_within_1deg,False,,,,,,
103095,2013-10-20T18:00:00Z,25.1,-54.1,0,0,0,,,,0,False,no_candidate_within_1deg,False,,,,,,
103095,2013-10-20T21:00:00Z,24.6,-53.8,0,0,0,,,,0,False,no_candidate_within_1deg,False,,,,,,
103095,2013-10-21T00:00:00Z,26.9,-55.1,0,0,0,,,,0,False,no_candidate_within_1deg,False,,,,,,
103095,2013-10-21T03:00:00Z,27.2,-54.8,0,0,0,,,,0,False,no_candidate_within_1deg,False,,,,,,
103097,2013-10-26T21:00:00Z,13.4,151.4,0,0,0,,,,0,False,no_candidate_within_1deg,False,,,,,,
103097,2013-10-27T00:00:00Z,13.4,149.4,0,0,0,,,,0,False,no_candidate_within_1deg,False,,,,,,
103097,2013-10-27T03:00:00Z,14.2,145.9,0,0,0,,,,0,False,no_candidate_within_1deg,False,,,,,,
103097,2013-10-27T06:00:00Z,14.4,145.1,0,0,0,,,,0,False,no_candidate_within_1deg,False,,,,,,
103097,2013-10-27T09:00:00Z,14.7,144.3,0,0,0,,,,0,False,no_candidate_within_1deg,False,,,,,,
103097,2013-10-27T12:00:00Z,14.9,143.4,0,0,0,,,,0,False,no_candidate_within_1deg,False,,,,,,
103097,2013-10-27T15:00:00Z,15.1,142.6,0,0,0,,,,0,False,no_candidate_within_1deg,False,,,,,,
103097,2013-10-27T18:00:00Z,15.2,142.5,0,0,0,,,,0,False,no_candidate_within_1deg,False,,,,,,
103097,2013-10-27T21:00:00Z,15.2,142.4,0,0,0,,,,0,False,no_candidate_within_1deg,False,,,,,,
103099,2013-10-31T03:00:00Z,9.8,-111.1,0,0,0,,,,0,False,no_candidate_within_1deg,False,,,,,,
103099,2013-10-31T06:00:00Z,10.9,-109.3,0,0,0,,,,0,False,no_candidate_within_1deg,False,,,,,,
103099,2013-10-31T09:00:00Z,12.0,-107.4,0,0,0,,,,0,False,no_candidate_within_1deg,False,,,,,,
103099,2013-10-31T12:00:00Z,12.3,-107.9,0,0,0,,,,0,False,no_candidate_within_1deg,False,,,,,,
103099,2013-10-31T15:00:00Z,15.4,-105.8,0,0,0,,,,0,False,no_candidate_within_1deg,False,,,,,,
103099,2013-10-31T18:00:00Z,16.7,-102.4,0,0,0,,,,0,False,no_candidate_within_1deg,False,,,,,,
103099,2013-10-31T21:00:00Z,17.6,-103.5,0,0,0,,,,0,False,no_candidate_within_1deg,False,,,,,,
103099,2013-11-01T00:00:00Z,15.1,-106.2,0,0,0,,,,0,False,no_candidate_within_1deg,False,,,,,,
103099,2013-11-01T03:00:00Z,15.6,-106.8,0,0,0,,,,0,False,no_candidate_within_1deg,False,,,,,,
103107,2013-12-01T15:00:00Z,10.8,143.2,1,1,0,6337.913284312978,121822.0,6846.0,0,False,no_candidate_within_1deg,False,,,,,,
103107,2013-12-01T18:00:00Z,11.8,141.9,1,1,0,6239.1729629766105,121868.0,6846.0,0,False,no_candidate_within_1deg,False,,,,,,
103107,2013-12-01T21:00:00Z,13.2,142.8,1,1,0,6414.889193749457,121919.0,6846.0,0,False,no_candidate_within_1deg,False,,,,,,
103107,2013-12-02T00:00:00Z,13.3,141.8,1,1,0,6226.083387709822,121962.0,6846.0,0,False,no_candidate_within_1deg,False,,,,,,
103107,2013-12-02T03:00:00Z,13.4,140.9,1,1,0,6162.330934634971,122017.0,6846.0,0,False,no_candidate_within_1deg,False,,,,,,
103107,2013-12-02T06:00:00Z,13.5,139.9,1,1,0,6084.910920542856,122076.0,6846.0,0,False,no_candidate_within_1deg,False,,,,,,
103107,2013-12-02T09:00:00Z,14.3,139.5,1,1,0,6055.944108940414,122125.0,6846.0,0,False,no_candidate_within_1deg,False,,,,,,
103107,2013-12-02T12:00:00Z,14.0,138.5,1,1,0,6004.282151098978,122172.0,6846.0,0,False,no_candidate_within_1deg,False,,,,,,
103107,2013-12-02T15:00:00Z,14.5,138.7,1,1,0,6061.408915911086,122216.0,6846.0,0,False,no_candidate_within_1deg,False,,,,,,
103109,2013-12-03T21:00:00Z,5.3,84.2,1,1,0,141.02244537906117,122596.0,6846.0,0,False,no_candidate_within_1deg,False,,,,,,
103109,2013-12-04T00:00:00Z,5.8,84.4,1,1,0,104.95043053031515,122643.0,6846.0,1,False,matched,True,122643.0,6846.0,104.95043053031515,observed,3.543532133102417,
103109,2013-12-04T03:00:00Z,6.3,84.7,1,1,0,110.26836159234752,122689.0,6846.0,1,False,matched,True,122689.0,6846.0,110.26836159234752,observed,3.7370834350585938,
103109,2013-12-04T06:00:00Z,6.8,84.9,1,1,0,94.07417415221211,122740.0,6846.0,1,False,matched,True,122740.0,6846.0,94.07417415221211,observed,3.877697944641113,
103109,2013-12-04T09:00:00Z,7.3,85.2,1,1,0,93.54279121132569,122785.0,6846.0,1,False,matched,True,122785.0,6846.0,93.54279121132569,observed,4.068570613861084,
103109,2013-12-04T12:00:00Z,8.0,84.1,1,1,0,45.98402350689662,122829.0,6846.0,1,False,matched,True,122829.0,6846.0,45.98402350689662,observed,4.20456075668335,
103109,2013-12-04T15:00:00Z,8.6,82.9,1,1,0,144.5366098236356,122878.0,6846.0,0,False,no_candidate_within_1deg,False,,,,,,
103109,2013-12-04T18:00:00Z,8.7,83.4,1,0,1,,,,0,False,no_candidate_within_1deg,False,,,,,,
103109,2013-12-04T21:00:00Z,8.7,83.8,1,1,0,198.33577050331556,122967.0,6846.0,0,False,no_candidate_within_1deg,False,,,,,,
103110,2013-12-13T03:00:00Z,-2.2,78.2,1,1,0,1232.1939916790482,125611.0,6846.0,0,False,no_candidate_within_1deg,False,,,,,,
103110,2013-12-13T06:00:00Z,-1.5,78.0,1,1,0,1165.8288166661257,125642.0,6846.0,0,False,no_candidate_within_1deg,False,,,,,,
103110,2013-12-13T09:00:00Z,-1.8,78.2,1,1,0,1215.5935744672024,125682.0,6846.0,0,False,no_candidate_within_1deg,False,,,,,,
103110,2013-12-13T12:00:00Z,-2.2,78.5,1,1,0,1286.8008562353798,125722.0,6846.0,0,False,no_candidate_within_1deg,False,,,,,,
103110,2013-12-13T15:00:00Z,-2.5,78.7,1,1,0,1308.3212656402015,125764.0,6846.0,0,False,no_candidate_within_1deg,False,,,,,,
103110,2013-12-13T18:00:00Z,-2.8,79.0,1,1,0,1366.7239908224954,125803.0,6846.0,0,False,no_candidate_within_1deg,False,,,,,,
103110,2013-12-13T21:00:00Z,-3.8,80.0,1,1,0,1544.8068356257725,125844.0,6846.0,0,False,no_candidate_within_1deg,False,,,,,,
103110,2013-12-14T00:00:00Z,-4.7,80.9,1,1,0,1721.6171280147316,125891.0,6846.0,0,False,no_candidate_within_1deg,False,,,,,,
103110,2013-12-14T03:00:00Z,-5.7,81.9,1,1,0,1879.6015001827568,125940.0,6846.0,0,False,no_candidate_within_1deg,False,,,,,,
103112,2013-12-26T03:00:00Z,-11.3,123.3,0,0,0,,,,0,False,no_candidate_within_1deg,False,,,,,,
103112,2013-12-26T06:00:00Z,-11.2,121.5,0,0,0,,,,0,False,no_candidate_within_1deg,False,,,,,,
103112,2013-12-26T09:00:00Z,-11.0,119.7,0,0,0,,,,0,False,no_candidate_within_1deg,False,,,,,,
103112,2013-12-26T12:00:00Z,-11.9,119.9,0,0,0,,,,0,False,no_candidate_within_1deg,False,,,,,,
103112,2013-12-26T15:00:00Z,-12.7,120.1,0,0,0,,,,0,False,no_candidate_within_1deg,False,,,,,,
103112,2013-12-26T18:00:00Z,-13.6,120.3,0,0,0,,,,0,False,no_candidate_within_1deg,False,,,,,,
103112,2013-12-26T21:00:00Z,-14.4,120.5,0,0,0,,,,0,False,no_candidate_within_1deg,False,,,,,,
103112,2013-12-27T00:00:00Z,-14.1,122.6,0,0,0,,,,0,False,no_candidate_within_1deg,False,,,,,,
103112,2013-12-27T03:00:00Z,-13.7,121.1,0,0,0,,,,0,False,no_candidate_within_1deg,False,,,,,,
103114,2014-01-01T15:00:00Z,6.1,88.5,0,0,0,,,,0,False,no_candidate_within_1deg,False,,,,,,
103114,2014-01-01T18:00:00Z,5.9,86.6,0,0,0,,,,0,False,no_candidate_within_1deg,False,,,,,,
103114,2014-01-01T21:00:00Z,9.0,85.2,0,0,0,,,,0,False,no_candidate_within_1deg,False,,,,,,
103114,2014-01-02T00:00:00Z,9.1,83.6,0,0,0,,,,0,False,no_candidate_within_1deg,False,,,,,,
103114,2014-01-02T03:00:00Z,9.0,83.7,0,0,0,,,,0,False,no_candidate_within_1deg,False,,,,,,
103114,2014-01-02T06:00:00Z,9.0,83.8,0,0,0,,,,0,False,no_candidate_within_1deg,False,,,,,,
103114,2014-01-02T09:00:00Z,8.9,83.9,0,0,0,,,,0,False,no_candidate_within_1deg,False,,,,,,
103114,2014-01-02T12:00:00Z,8.8,84.0,0,0,0,,,,0,False,no_candidate_within_1deg,False,,,,,,
103114,2014-01-02T15:00:00Z,8.5,84.9,0,0,0,,,,0,False,no_candidate_within_1deg,False,,,,,,
103118,2014-01-13T09:00:00Z,-14.2,44.8,0,0,0,,,,0,False,no_candidate_within_1deg,False,,,,,,
103118,2014-01-13T12:00:00Z,-14.0,45.8,0,0,0,,,,0,False,no_candidate_within_1deg,False,,,,,,
103118,2014-01-13T15:00:00Z,-13.9,46.8,0,0,0,,,,0,False,no_candidate_within_1deg,False,,,,,,
103118,2014-01-13T18:00:00Z,-14.3,46.7,0,0,0,,,,0,False,no_candidate_within_1deg,False,,,,,,
103118,2014-01-13T21:00:00Z,-14.6,46.6,0,0,0,,,,0,False,no_candidate_within_1deg,False,,,,,,
103118,2014-01-14T00:00:00Z,-15.0,46.5,0,0,0,,,,0,False,no_candidate_within_1deg,False,,,,,,
103118,2014-01-14T03:00:00Z,-14.7,46.7,0,0,0,,,,0,False,no_candidate_within_1deg,False,,,,,,
103118,2014-01-14T06:00:00Z,-14.4,46.9,0,0,0,,,,0,False,no_candidate_within_1deg,False,,,,,,
103118,2014-01-14T09:00:00Z,-13.3,46.2,0,0,0,,,,0,False,no_candidate_within_1deg,False,,,,,,
103117,2014-01-15T15:00:00Z,7.4,129.6,0,0,0,,,,0,False,no_candidate_within_1deg,False,,,,,,
103117,2014-01-15T18:00:00Z,6.5,130.0,0,0,0,,,,0,False,no_candidate_within_1deg,False,,,,,,
103117,2014-01-15T21:00:00Z,7.2,130.0,0,0,0,,,,0,False,no_candidate_within_1deg,False,,,,,,
103117,2014-01-16T00:00:00Z,7.9,129.9,0,0,0,,,,0,False,no_candidate_within_1deg,False,,,,,,
103117,2014-01-16T03:00:00Z,8.6,129.9,0,0,0,,,,0,False,no_candidate_within_1deg,False,,,,,,
103117,2014-01-16T06:00:00Z,8.1,128.8,0,0,0,,,,0,False,no_candidate_within_1deg,False,,,,,,
103117,2014-01-16T09:00:00Z,8.5,129.3,0,0,0,,,,0,False,no_candidate_within_1deg,False,,,,,,
103117,2014-01-16T12:00:00Z,8.9,129.8,0,0,0,,,,0,False,no_candidate_within_1deg,False,,,,,,
103117,2014-01-16T15:00:00Z,9.3,130.4,0,0,0,,,,0,False,no_candidate_within_1deg,False,,,,,,
103122,2014-01-31T21:00:00Z,-19.7,151.5,0,0,0,,,,0,False,no_candidate_within_1deg,False,,,,,,
103122,2014-02-01T00:00:00Z,-20.7,151.5,0,0,0,,,,0,False,no_candidate_within_1deg,False,,,,,,
103122,2014-02-01T03:00:00Z,-21.3,151.4,0,0,0,,,,0,False,no_candidate_within_1deg,False,,,,,,
103122,2014-02-01T06:00:00Z,-20.7,150.3,0,0,0,,,,0,False,no_candidate_within_1deg,False,,,,,,
103122,2014-02-01T09:00:00Z,-20.2,149.2,0,0,0,,,,0,False,no_candidate_within_1deg,False,,,,,,
103122,2014-02-01T12:00:00Z,-19.6,148.2,0,0,0,,,,0,False,no_candidate_within_1deg,False,,,,,,
103122,2014-02-01T15:00:00Z,-19.0,147.1,0,0,0,,,,0,False,no_candidate_within_1deg,False,,,,,,
103122,2014-02-01T18:00:00Z,-18.5,148.0,0,0,0,,,,0,False,no_candidate_within_1deg,False,,,,,,
103122,2014-02-01T21:00:00Z,-18.0,148.0,0,0,0,,,,0,False,no_candidate_within_1deg,False,,,,,,
103123,2014-02-03T03:00:00Z,-12.3,68.4,0,0,0,,,,0,False,no_candidate_within_1deg,False,,,,,,
103123,2014-02-03T06:00:00Z,-11.1,67.5,0,0,0,,,,0,False,no_candidate_within_1deg,False,,,,,,
103123,2014-02-03T09:00:00Z,-11.9,66.6,0,0,0,,,,0,False,no_candidate_within_1deg,False,,,,,,
103123,2014-02-03T12:00:00Z,-12.6,65.6,0,0,0,,,,0,False,no_candidate_within_1deg,False,,,,,,
103123,2014-02-03T15:00:00Z,-13.0,62.2,0,0,0,,,,0,False,no_candidate_within_1deg,False,,,,,,
103123,2014-02-03T18:00:00Z,-12.6,61.6,0,0,0,,,,0,False,no_candidate_within_1deg,False,,,,,,
103123,2014-02-03T21:00:00Z,-12.1,61.0,0,0,0,,,,0,False,no_candidate_within_1deg,False,,,,,,
103123,2014-02-04T00:00:00Z,-14.3,58.6,0,0,0,,,,0,False,no_candidate_within_1deg,False,,,,,,
103123,2014-02-04T03:00:00Z,-14.1,58.1,0,0,0,,,,0,False,no_candidate_within_1deg,False,,,,,,
103124,2014-02-04T03:00:00Z,-12.0,69.4,0,0,0,,,,0,False,no_candidate_within_1deg,False,,,,,,
103124,2014-02-04T06:00:00Z,-10.2,70.0,0,0,0,,,,0,False,no_candidate_within_1deg,False,,,,,,
103124,2014-02-04T09:00:00Z,-11.8,69.8,0,0,0,,,,0,False,no_candidate_within_1deg,False,,,,,,
103124,2014-02-04T12:00:00Z,-13.4,69.6,0,0,0,,,,0,False,no_candidate_within_1deg,False,,,,,,
103124,2014-02-04T15:00:00Z,-13.8,69.6,0,0,0,,,,0,False,no_candidate_within_1deg,False,,,,,,
103124,2014-02-04T18:00:00Z,-14.1,69.5,0,0,0,,,,0,False,no_candidate_within_1deg,False,,,,,,
103124,2014-02-04T21:00:00Z,-12.8,70.8,0,0,0,,,,0,False,no_candidate_within_1deg,False,,,,,,
103124,2014-02-05T00:00:00Z,-11.5,72.1,0,0,0,,,,0,False,no_candidate_within_1deg,False,,,,,,
103124,2014-02-05T03:00:00Z,-11.8,71.4,0,0,0,,,,0,False,no_candidate_within_1deg,False,,,,,,
103125,2014-02-16T15:00:00Z,-19.0,36.6,0,0,0,,,,0,False,no_candidate_within_1deg,False,,,,,,
103125,2014-02-16T18:00:00Z,-18.1,38.1,0,0,0,,,,0,False,no_candidate_within_1deg,False,,,,,,
103125,2014-02-16T21:00:00Z,-17.2,39.6,0,0,0,,,,0,False,no_candidate_within_1deg,False,,,,,,
103125,2014-02-17T00:00:00Z,-16.3,41.1,0,0,0,,,,0,False,no_candidate_within_1deg,False,,,,,,
103125,2014-02-17T03:00:00Z,-16.2,41.6,0,0,0,,,,0,False,no_candidate_within_1deg,False,,,,,,
103125,2014-02-17T06:00:00Z,-15.9,42.5,0,0,0,,,,0,False,no_candidate_within_1deg,False,,,,,,
103125,2014-02-17T09:00:00Z,-15.0,42.4,0,0,0,,,,0,False,no_candidate_within_1deg,False,,,,,,
103125,2014-02-17T12:00:00Z,-15.6,42.4,0,0,0,,,,0,False,no_candidate_within_1deg,False,,,,,,
103125,2014-02-17T15:00:00Z,-15.8,41.6,0,0,0,,,,0,False,no_candidate_within_1deg,False,,,,,,
103126,2014-02-25T03:00:00Z,-16.4,175.4,0,0,0,,,,0,False,no_candidate_within_1deg,False,,,,,,
103126,2014-02-25T06:00:00Z,-16.1,176.0,0,0,0,,,,0,False,no_candidate_within_1deg,False,,,,,,
103126,2014-02-25T09:00:00Z,-17.6,176.5,0,0,0,,,,0,False,no_candidate_within_1deg,False,,,,,,
103126,2014-02-25T12:00:00Z,-19.0,177.1,0,0,0,,,,0,False,no_candidate_within_1deg,False,,,,,,
103126,2014-02-25T15:00:00Z,-16.9,177.8,0,0,0,,,,0,False,no_candidate_within_1deg,False,,,,,,
103126,2014-02-25T18:00:00Z,-18.8,178.1,0,0,0,,,,0,False,no_candidate_within_1deg,False,,,,,,
103126,2014-02-25T21:00:00Z,-17.4,177.7,0,0,0,,,,0,False,no_candidate_within_1deg,False,,,,,,
103126,2014-02-26T00:00:00Z,-17.8,178.1,0,0,0,,,,0,False,no_candidate_within_1deg,False,,,,,,
103126,2014-02-26T03:00:00Z,-18.2,178.6,0,0,0,,,,0,False,no_candidate_within_1deg,False,,,,,,
103128,2014-03-07T21:00:00Z,-16.4,149.0,0,0,0,,,,0,False,no_candidate_within_1deg,False,,,,,,
103128,2014-03-08T00:00:00Z,-16.8,149.1,0,0,0,,,,0,False,no_candidate_within_1deg,False,,,,,,
103128,2014-03-08T03:00:00Z,-17.2,149.0,0,0,0,,,,0,False,no_candidate_within_1deg,False,,,,,,
103128,2014-03-08T06:00:00Z,-18.0,149.0,0,0,0,,,,0,False,no_candidate_within_1deg,False,,,,,,
103128,2014-03-08T09:00:00Z,-18.8,148.9,0,0,0,,,,0,False,no_candidate_within_1deg,False,,,,,,
103128,2014-03-08T12:00:00Z,-18.8,149.5,0,0,0,,,,0,False,no_candidate_within_1deg,False,,,,,,
103128,2014-03-08T15:00:00Z,-19.3,149.7,0,0,0,,,,0,False,no_candidate_within_1deg,False,,,,,,
103128,2014-03-08T18:00:00Z,-19.7,149.9,0,0,0,,,,0,False,no_candidate_within_1deg,False,,,,,,
103128,2014-03-08T21:00:00Z,-19.9,150.0,0,0,0,,,,0,False,no_candidate_within_1deg,False,,,,,,
103133,2014-03-26T03:00:00Z,-5.8,39.2,0,0,0,,,,0,False,no_candidate_within_1deg,False,,,,,,
103133,2014-03-26T06:00:00Z,-7.3,39.9,0,0,0,,,,0,False,no_candidate_within_1deg,False,,,,,,
103133,2014-03-26T09:00:00Z,-8.9,40.6,0,0,0,,,,0,False,no_candidate_within_1deg,False,,,,,,
103133,2014-03-26T12:00:00Z,-10.4,41.3,0,0,0,,,,0,False,no_candidate_within_1deg,False,,,,,,
103133,2014-03-26T15:00:00Z,-11.4,42.2,0,0,0,,,,0,False,no_candidate_within_1deg,False,,,,,,
103133,2014-03-26T18:00:00Z,-13.3,40.7,0,0,0,,,,0,False,no_candidate_within_1deg,False,,,,,,
103133,2014-03-26T21:00:00Z,-11.7,40.7,0,0,0,,,,0,False,no_candidate_within_1deg,False,,,,,,
103133,2014-03-27T00:00:00Z,-10.1,40.7,0,0,0,,,,0,False,no_candidate_within_1deg,False,,,,,,
103133,2014-03-27T03:00:00Z,-8.5,40.7,0,0,0,,,,0,False,no_candidate_within_1deg,False,,,,,,
103139,2014-05-21T03:00:00Z,10.4,-102.1,1,1,0,16767.37251564083,49900.0,6849.0,0,False,no_candidate_within_1deg,False,,,,,,
103139,2014-05-21T06:00:00Z,9.1,-100.7,1,1,0,16923.23810215824,49943.0,6849.0,0,False,no_candidate_within_1deg,False,,,,,,
103139,2014-05-21T09:00:00Z,9.2,-100.8,1,1,0,16894.433691710925,49987.0,6849.0,0,False,no_candidate_within_1deg,False,,,,,,
103139,2014-05-21T12:00:00Z,9.5,-102.4,1,1,0,16810.477115227226,50034.0,6849.0,0,False,no_candidate_within_1deg,False,,,,,,
103139,2014-05-21T15:00:00Z,9.8,-104.1,1,1,0,16657.261006143675,50084.0,6849.0,0,False,no_candidate_within_1deg,False,,,,,,
103139,2014-05-21T18:00:00Z,10.1,-105.7,1,1,0,16504.811159226225,50141.0,6849.0,0,False,no_candidate_within_1deg,False,,,,,,
103139,2014-05-21T21:00:00Z,9.9,-105.7,1,1,0,16502.344431793423,50201.0,6849.0,0,False,no_candidate_within_1deg,False,,,,,,
103139,2014-05-22T00:00:00Z,10.1,-106.0,1,1,0,16458.050450908122,50259.0,6849.0,0,False,no_candidate_within_1deg,False,,,,,,
103139,2014-05-22T03:00:00Z,10.2,-106.4,1,0,1,,,,0,False,no_candidate_within_1deg,False,,,,,,
103143,2014-06-12T06:00:00Z,20.3,120.7,1,1,0,5816.8140739343635,58444.0,6853.0,0,False,no_candidate_within_1deg,False,,,,,,
103143,2014-06-12T09:00:00Z,20.3,120.9,1,1,0,5848.570730704011,58488.0,6853.0,0,False,no_candidate_within_1deg,False,,,,,,
103143,2014-06-12T12:00:00Z,18.6,120.2,1,1,0,5824.736474385618,58536.0,6853.0,0,False,no_candidate_within_1deg,False,,,,,,
103143,2014-06-12T15:00:00Z,19.5,121.1,1,1,0,5925.809565278277,58577.0,6853.0,0,False,no_candidate_within_1deg,False,,,,,,
103143,2014-06-12T18:00:00Z,17.6,120.2,1,1,0,5867.170519919871,58615.0,6853.0,0,False,no_candidate_within_1deg,False,,,,,,
103143,2014-06-12T21:00:00Z,18.9,121.7,1,1,0,5990.245776172057,58653.0,6853.0,0,False,no_candidate_within_1deg,False,,,,,,
103143,2014-06-13T00:00:00Z,20.1,123.2,1,1,0,6143.953824493139,58693.0,6853.0,0,False,no_candidate_within_1deg,False,,,,,,
103143,2014-06-13T03:00:00Z,19.5,121.5,1,1,0,5991.301812416745,58733.0,6853.0,0,False,no_candidate_within_1deg,False,,,,,,
103143,2014-06-13T06:00:00Z,18.8,119.9,1,1,0,5851.513616584362,58777.0,6853.0,0,False,no_candidate_within_1deg,False,,,,,,
103143,2014-06-13T09:00:00Z,18.2,118.2,1,1,0,5663.865734424473,58827.0,6853.0,0,False,no_candidate_within_1deg,False,,,,,,
103143,2014-06-13T12:00:00Z,20.8,119.8,1,1,0,5773.605997009545,58877.0,6853.0,0,False,no_candidate_within_1deg,False,,,,,,
103143,2014-06-13T15:00:00Z,21.2,120.1,1,1,0,5774.270235826142,58919.0,6853.0,0,False,no_candidate_within_1deg,False,,,,,,
103143,2014-06-13T18:00:00Z,21.2,121.9,1,1,0,5948.902126144376,58967.0,6853.0,0,False,no_candidate_within_1deg,False,,,,,,
103143,2014-06-13T21:00:00Z,21.3,120.3,1,1,0,5775.594839836285,59022.0,6853.0,0,False,no_candidate_within_1deg,False,,,,,,
103150,2014-07-12T09:00:00Z,12.6,-121.2,3,1,2,15383.267095165014,70874.0,6878.0,0,False,no_candidate_within_1deg,False,,,,,,
103150,2014-07-12T12:00:00Z,12.2,-122.7,3,1,2,15282.356197309695,70920.0,6878.0,0,False,no_candidate_within_1deg,False,,,,,,
103150,2014-07-12T15:00:00Z,11.8,-124.1,3,1,2,15184.10216736017,70967.0,6878.0,0,False,no_candidate_within_1deg,False,,,,,,
103150,2014-07-12T18:00:00Z,12.1,-123.3,3,1,2,15199.152507612906,71002.0,6878.0,0,False,no_candidate_within_1deg,False,,,,,,
103150,2014-07-12T21:00:00Z,12.5,-122.6,3,1,2,15199.443984523537,71035.0,6878.0,0,False,no_candidate_within_1deg,False,,,,,,
103150,2014-07-13T00:00:00Z,12.8,-121.8,3,2,1,15170.113660289198,71074.0,6874.0,0,False,no_candidate_within_1deg,False,,,,,,
103150,2014-07-13T03:00:00Z,12.5,-123.9,3,1,2,15092.47471255768,71114.0,6878.0,0,False,no_candidate_within_1deg,False,,,,,,
103150,2014-07-13T06:00:00Z,12.1,-126.0,3,1,2,15140.566338378136,71149.0,6874.0,0,False,no_candidate_within_1deg,False,,,,,,
103150,2014-07-13T09:00:00Z,11.1,-126.5,3,2,1,14755.87905788387,71192.0,6878.0,0,False,no_candidate_within_1deg,False,,,,,,
103180,2014-10-08T03:00:00Z,14.7,-56.5,1,1,0,15421.90713739527,100778.0,6948.0,0,False,no_candidate_within_1deg,False,,,,,,
103180,2014-10-08T06:00:00Z,18.1,-54.3,1,1,0,14963.001678579665,100820.0,6948.0,0,False,no_candidate_within_1deg,False,,,,,,
103180,2014-10-08T09:00:00Z,19.3,-54.7,1,1,0,14875.738970243006,100853.0,6948.0,0,False,no_candidate_within_1deg,False,,,,,,
103180,2014-10-08T12:00:00Z,20.4,-55.2,1,1,0,14779.81645878593,100882.0,6948.0,0,False,no_candidate_within_1deg,False,,,,,,
103180,2014-10-08T15:00:00Z,19.6,-55.7,1,1,0,14838.105912496658,100908.0,6948.0,0,False,no_candidate_within_1deg,False,,,,,,
103180,2014-10-08T18:00:00Z,18.9,-56.1,1,1,0,14876.123825954603,100943.0,6948.0,0,False,no_candidate_within_1deg,False,,,,,,
103180,2014-10-08T21:00:00Z,18.1,-56.6,1,1,0,14934.296481800635,100978.0,6948.0,0,False,no_candidate_within_1deg,False,,,,,,
103180,2014-10-09T00:00:00Z,19.3,-57.0,1,1,0,14824.078332371013,101010.0,6948.0,0,False,no_candidate_within_1deg,False,,,,,,
103180,2014-10-09T03:00:00Z,20.5,-57.4,1,1,0,14729.334098014639,101040.0,6948.0,0,False,no_candidate_within_1deg,False,,,,,,
103180,2014-10-09T06:00:00Z,21.7,-57.8,1,1,0,14632.75006659372,101070.0,6948.0,0,False,no_candidate_within_1deg,False,,,,,,
103180,2014-10-09T09:00:00Z,22.9,-58.2,1,1,0,14544.906240532779,101104.0,6948.0,0,False,no_candidate_within_1deg,False,,,,,,
103180,2014-10-09T12:00:00Z,22.8,-59.2,1,1,0,14606.919061558065,101144.0,6948.0,0,False,no_candidate_within_1deg,False,,,,,,
103180,2014-10-09T15:00:00Z,22.3,-57.6,1,1,0,14496.439753162731,101183.0,6948.0,0,False,no_candidate_within_1deg,False,,,,,,
103180,2014-10-09T18:00:00Z,22.1,-57.5,1,1,0,14475.624234162917,101223.0,6948.0,0,False,no_candidate_within_1deg,False,,,,,,
103180,2014-10-09T21:00:00Z,21.8,-57.3,1,1,0,14451.646860307965,101264.0,6948.0,0,False,no_candidate_within_1deg,False,,,,,,
103182,2014-10-10T12:00:00Z,14.1,-47.7,2,1,1,14036.611891987448,101438.0,6948.0,0,False,no_candidate_within_1deg,False,,,,,,
103182,2014-10-10T15:00:00Z,14.9,-49.8,2,1,1,14147.600396378359,101466.0,6949.0,0,False,no_candidate_within_1deg,False,,,,,,
103182,2014-10-10T18:00:00Z,15.6,-52.0,2,1,1,14264.49418504072,101493.0,6949.0,0,False,no_candidate_within_1deg,False,,,,,,
103182,2014-10-10T21:00:00Z,14.9,-51.9,2,1,1,14273.539036184218,101522.0,6949.0,0,False,no_candidate_within_1deg,False,,,,,,
103182,2014-10-11T00:00:00Z,14.1,-51.8,1,1,0,14275.958088606769,101549.0,6949.0,0,False,no_candidate_within_1deg,False,,,,,,
103182,2014-10-11T03:00:00Z,14.5,-52.3,1,1,0,14275.313574106467,101574.0,6949.0,0,False,no_candidate_within_1deg,False,,,,,,
103182,2014-10-11T06:00:00Z,15.0,-52.9,1,1,0,14272.11697433642,101601.0,6949.0,0,False,no_candidate_within_1deg,False,,,,,,
103182,2014-10-11T09:00:00Z,15.4,-53.4,1,1,0,14272.143131008212,101627.0,6949.0,0,False,no_candidate_within_1deg,False,,,,,,
103182,2014-10-11T12:00:00Z,15.8,-54.0,1,1,0,14271.405309741154,101650.0,6949.0,0,False,no_candidate_within_1deg,False,,,,,,
103182,2014-10-11T15:00:00Z,15.9,-54.0,1,1,0,14237.333273893699,101676.0,6949.0,0,False,no_candidate_within_1deg,False,,,,,,
103184,2014-10-19T21:00:00Z,15.0,-94.5,0,0,0,,,,0,False,no_candidate_within_1deg,False,,,,,,
103184,2014-10-20T00:00:00Z,16.7,-94.3,0,0,0,,,,0,False,no_candidate_within_1deg,False,,,,,,
103184,2014-10-20T03:00:00Z,18.4,-94.0,0,0,0,,,,0,False,no_candidate_within_1deg,False,,,,,,
103184,2014-10-20T06:00:00Z,20.1,-93.8,0,0,0,,,,0,False,no_candidate_within_1deg,False,,,,,,
103184,2014-10-20T09:00:00Z,20.5,-93.7,0,0,0,,,,0,False,no_candidate_within_1deg,False,,,,,,
103184,2014-10-20T12:00:00Z,20.8,-93.6,0,0,0,,,,0,False,no_candidate_within_1deg,False,,,,,,
103184,2014-10-20T15:00:00Z,21.2,-93.4,0,0,0,,,,0,False,no_candidate_within_1deg,False,,,,,,
103184,2014-10-20T18:00:00Z,21.5,-93.3,0,0,0,,,,0,False,no_candidate_within_1deg,False,,,,,,
103184,2014-10-20T21:00:00Z,21.2,-92.0,0,0,0,,,,0,False,no_candidate_within_1deg,False,,,,,,
103186,2014-10-28T15:00:00Z,10.4,-95.1,0,0,0,,,,0,False,no_candidate_within_1deg,False,,,,,,
103186,2014-10-28T18:00:00Z,10.4,-95.4,0,0,0,,,,0,False,no_candidate_within_1deg,False,,,,,,
103186,2014-10-28T21:00:00Z,10.4,-95.5,0,0,0,,,,0,False,no_candidate_within_1deg,False,,,,,,
103186,2014-10-29T00:00:00Z,10.5,-95.6,0,0,0,,,,0,False,no_candidate_within_1deg,False,,,,,,
103186,2014-10-29T03:00:00Z,10.5,-95.7,0,0,0,,,,0,False,no_candidate_within_1deg,False,,,,,,
103186,2014-10-29T06:00:00Z,10.2,-96.1,0,0,0,,,,0,False,no_candidate_within_1deg,False,,,,,,
103186,2014-10-29T09:00:00Z,11.4,-96.5,0,0,0,,,,0,False,no_candidate_within_1deg,False,,,,,,
103186,2014-10-29T12:00:00Z,11.8,-96.6,0,0,0,,,,0,False,no_candidate_within_1deg,False,,,,,,
103186,2014-10-29T15:00:00Z,11.1,-97.0,0,0,0,,,,0,False,no_candidate_within_1deg,False,,,,,,
103188,2014-11-03T21:00:00Z,12.9,81.0,1,1,0,744.1489248699899,108174.0,6952.0,0,False,no_candidate_within_1deg,False,,,,,,
103188,2014-11-04T00:00:00Z,11.9,81.1,1,1,0,707.5989759975137,108216.0,6952.0,0,False,no_candidate_within_1deg,False,,,,,,
103188,2014-11-04T03:00:00Z,10.8,81.2,1,1,0,737.4731415040092,108253.0,6952.0,0,False,no_candidate_within_1deg,False,,,,,,
103188,2014-11-04T06:00:00Z,9.8,81.3,1,1,0,743.0169867024259,108289.0,6952.0,0,False,no_candidate_within_1deg,False,,,,,,
103188,2014-11-04T09:00:00Z,10.4,84.0,1,1,0,408.0308501814612,108332.0,6952.0,0,False,no_candidate_within_1deg,False,,,,,,
103188,2014-11-04T12:00:00Z,11.2,83.9,1,1,0,378.1738567588343,108367.0,6952.0,0,False,no_candidate_within_1deg,False,,,,,,
103188,2014-11-04T15:00:00Z,11.5,83.7,1,1,0,420.19744367799,108398.0,6952.0,0,False,no_candidate_within_1deg,False,,,,,,
103188,2014-11-04T18:00:00Z,12.1,84.2,1,1,0,370.460683558205,108441.0,6952.0,0,False,no_candidate_within_1deg,False,,,,,,
103188,2014-11-04T21:00:00Z,12.7,84.7,1,1,0,342.47477464615923,108489.0,6952.0,0,False,no_candidate_within_1deg,False,,,,,,
103194,2014-12-22T09:00:00Z,-3.1,98.3,1,1,0,2127.2296033687167,122481.0,6953.0,0,False,no_candidate_within_1deg,False,,,,,,
103194,2014-12-22T12:00:00Z,-5.3,97.6,1,1,0,2102.7961823306996,122521.0,6953.0,0,False,no_candidate_within_1deg,False,,,,,,
103194,2014-12-22T15:00:00Z,-8.0,99.2,1,1,0,2361.5324869297237,122564.0,6953.0,0,False,no_candidate_within_1deg,False,,,,,,
103194,2014-12-22T18:00:00Z,-8.5,99.2,1,1,0,2359.8243188293736,122602.0,6953.0,0,False,no_candidate_within_1deg,False,,,,,,
103194,2014-12-22T21:00:00Z,-8.9,99.3,1,1,0,2379.645360247973,122643.0,6953.0,0,False,no_candidate_within_1deg,False,,,,,,
103194,2014-12-23T00:00:00Z,-9.4,99.3,1,1,0,2340.185930519564,122683.0,6953.0,0,False,no_candidate_within_1deg,False,,,,,,
103194,2014-12-23T03:00:00Z,-10.0,99.4,1,1,0,2398.525309644281,122722.0,6953.0,0,False,no_candidate_within_1deg,False,,,,,,
103194,2014-12-23T06:00:00Z,-10.6,99.6,1,1,0,2410.2921291203547,122764.0,6953.0,0,False,no_candidate_within_1deg,False,,,,,,
103194,2014-12-23T09:00:00Z,-10.5,98.3,1,1,0,2257.6573721014283,122807.0,6953.0,0,False,no_candidate_within_1deg,False,,,,,,
103198,2015-01-13T18:00:00Z,-19.1,40.7,0,0,0,,,,0,False,no_candidate_within_1deg,False,,,,,,
103198,2015-01-13T21:00:00Z,-18.6,41.1,0,0,0,,,,0,False,no_candidate_within_1deg,False,,,,,,
103198,2015-01-14T00:00:00Z,-19.1,41.4,0,0,0,,,,0,False,no_candidate_within_1deg,False,,,,,,
103198,2015-01-14T03:00:00Z,-19.4,42.2,0,0,0,,,,0,False,no_candidate_within_1deg,False,,,,,,
103198,2015-01-14T06:00:00Z,-18.8,42.2,0,0,0,,,,0,False,no_candidate_within_1deg,False,,,,,,
103198,2015-01-14T09:00:00Z,-19.4,42.2,0,0,0,,,,0,False,no_candidate_within_1deg,False,,,,,,
103198,2015-01-14T12:00:00Z,-20.3,42.1,0,0,0,,,,0,False,no_candidate_within_1deg,False,,,,,,
103198,2015-01-14T15:00:00Z,-19.5,42.7,0,0,0,,,,0,False,no_candidate_within_1deg,False,,,,,,
103198,2015-01-14T18:00:00Z,-18.5,42.9,0,0,0,,,,0,False,no_candidate_within_1deg,False,,,,,,
103198,2015-01-14T21:00:00Z,-21.1,41.3,0,0,0,,,,0,False,no_candidate_within_1deg,False,,,,,,
103198,2015-01-15T00:00:00Z,-19.1,42.2,0,0,0,,,,0,False,no_candidate_within_1deg,False,,,,,,
103198,2015-01-15T03:00:00Z,-19.0,42.5,0,0,0,,,,0,False,no_candidate_within_1deg,False,,,,,,
103198,2015-01-15T06:00:00Z,-19.7,43.3,0,0,0,,,,0,False,no_candidate_within_1deg,False,,,,,,
103198,2015-01-15T09:00:00Z,-16.5,43.9,0,0,0,,,,0,False,no_candidate_within_1deg,False,,,,,,
103199,2015-01-18T18:00:00Z,-11.8,-155.4,0,0,0,,,,0,False,no_candidate_within_1deg,False,,,,,,
103199,2015-01-18T21:00:00Z,-13.3,-154.5,0,0,0,,,,0,False,no_candidate_within_1deg,False,,,,,,
103199,2015-01-19T00:00:00Z,-13.0,-153.6,0,0,0,,,,0,False,no_candidate_within_1deg,False,,,,,,
103199,2015-01-19T03:00:00Z,-12.0,-153.1,0,0,0,,,,0,False,no_candidate_within_1deg,False,,,,,,
103199,2015-01-19T06:00:00Z,-11.5,-152.3,0,0,0,,,,0,False,no_candidate_within_1deg,False,,,,,,
103199,2015-01-19T09:00:00Z,-10.9,-151.6,0,0,0,,,,0,False,no_candidate_within_1deg,False,,,,,,
103199,2015-01-19T12:00:00Z,-8.8,-152.0,0,0,0,,,,0,False,no_candidate_within_1deg,False,,,,,,
103199,2015-01-19T15:00:00Z,-9.9,-152.0,0,0,0,,,,0,False,no_candidate_within_1deg,False,,,,,,
103199,2015-01-19T18:00:00Z,-11.0,-152.1,0,0,0,,,,0,False,no_candidate_within_1deg,False,,,,,,
103199,2015-01-19T21:00:00Z,-12.1,-152.1,0,0,0,,,,0,False,no_candidate_within_1deg,False,,,,,,
103200,2015-01-24T21:00:00Z,-15.3,84.9,0,0,0,,,,0,False,no_candidate_within_1deg,False,,,,,,
103200,2015-01-25T00:00:00Z,-12.5,84.2,0,0,0,,,,0,False,no_candidate_within_1deg,False,,,,,,
103200,2015-01-25T03:00:00Z,-16.0,83.4,0,0,0,,,,0,False,no_candidate_within_1deg,False,,,,,,
103200,2015-01-25T06:00:00Z,-16.1,82.7,0,0,0,,,,0,False,no_candidate_within_1deg,False,,,,,,
103200,2015-01-25T09:00:00Z,-16.1,81.9,0,0,0,,,,0,False,no_candidate_within_1deg,False,,,,,,
103200,2015-01-25T12:00:00Z,-16.2,81.2,0,0,0,,,,0,False,no_candidate_within_1deg,False,,,,,,
103200,2015-01-25T15:00:00Z,-16.2,80.3,0,0,0,,,,0,False,no_candidate_within_1deg,False,,,,,,
103200,2015-01-25T18:00:00Z,-15.1,80.5,0,0,0,,,,0,False,no_candidate_within_1deg,False,,,,,,
103200,2015-01-25T21:00:00Z,-14.0,80.6,0,0,0,,,,0,False,no_candidate_within_1deg,False,,,,,,
103200,2015-01-26T00:00:00Z,-13.9,80.2,0,0,0,,,,0,False,no_candidate_within_1deg,False,,,,,,
103200,2015-01-26T03:00:00Z,-13.7,79.8,0,0,0,,,,0,False,no_candidate_within_1deg,False,,,,,,
103201,2015-01-25T12:00:00Z,-16.7,67.5,0,0,0,,,,0,False,no_candidate_within_1deg,False,,,,,,
103201,2015-01-25T15:00:00Z,-16.5,66.9,0,0,0,,,,0,False,no_candidate_within_1deg,False,,,,,,
103201,2015-01-25T18:00:00Z,-16.2,66.2,0,0,0,,,,0,False,no_candidate_within_1deg,False,,,,,,
103201,2015-01-25T21:00:00Z,-16.0,65.6,0,0,0,,,,0,False,no_candidate_within_1deg,False,,,,,,
103201,2015-01-26T00:00:00Z,-16.3,64.6,0,0,0,,,,0,False,no_candidate_within_1deg,False,,,,,,
103201,2015-01-26T03:00:00Z,-16.2,63.9,0,0,0,,,,0,False,no_candidate_within_1deg,False,,,,,,
103201,2015-01-26T06:00:00Z,-16.1,63.3,0,0,0,,,,0,False,no_candidate_within_1deg,False,,,,,,
103201,2015-01-26T09:00:00Z,-15.7,63.7,0,0,0,,,,0,False,no_candidate_within_1deg,False,,,,,,
103201,2015-01-26T12:00:00Z,-15.3,64.0,0,0,0,,,,0,False,no_candidate_within_1deg,False,,,,,,
103201,2015-01-26T15:00:00Z,-14.8,63.0,0,0,0,,,,0,False,no_candidate_within_1deg,False,,,,,,
103203,2015-02-04T15:00:00Z,-18.1,40.9,0,0,0,,,,0,False,no_candidate_within_1deg,False,,,,,,
103203,2015-02-04T18:00:00Z,-18.4,43.5,0,0,0,,,,0,False,no_candidate_within_1deg,False,,,,,,
103203,2015-02-04T21:00:00Z,-18.8,42.8,0,0,0,,,,0,False,no_candidate_within_1deg,False,,,,,,
103203,2015-02-05T00:00:00Z,-19.2,42.0,0,0,0,,,,0,False,no_candidate_within_1deg,False,,,,,,
103203,2015-02-05T03:00:00Z,-19.5,41.3,0,0,0,,,,0,False,no_candidate_within_1deg,False,,,,,,
103203,2015-02-05T06:00:00Z,-19.9,40.5,0,0,0,,,,0,False,no_candidate_within_1deg,False,,,,,,
103203,2015-02-05T09:00:00Z,-19.8,43.8,0,0,0,,,,0,False,no_candidate_within_1deg,False,,,,,,
103203,2015-02-05T12:00:00Z,-18.6,40.0,0,0,0,,,,0,False,no_candidate_within_1deg,False,,,,,,
103203,2015-02-05T15:00:00Z,-20.2,42.2,0,0,0,,,,0,False,no_candidate_within_1deg,False,,,,,,
103207,2015-02-21T03:00:00Z,-13.2,84.2,0,0,0,,,,0,False,no_candidate_within_1deg,False,,,,,,
103207,2015-02-21T06:00:00Z,-13.7,83.2,0,0,0,,,,0,False,no_candidate_within_1deg,False,,,,,,
103207,2015-02-21T09:00:00Z,-13.7,82.4,0,0,0,,,,0,False,no_candidate_within_1deg,False,,,,,,
103207,2015-02-21T12:00:00Z,-13.3,82.9,0,0,0,,,,0,False,no_candidate_within_1deg,False,,,,,,
103207,2015-02-21T15:00:00Z,-13.9,81.5,0,0,0,,,,0,False,no_candidate_within_1deg,False,,,,,,
103207,2015-02-21T18:00:00Z,-13.9,80.6,0,0,0,,,,0,False,no_candidate_within_1deg,False,,,,,,
103207,2015-02-21T21:00:00Z,-13.9,79.6,0,0,0,,,,0,False,no_candidate_within_1deg,False,,,,,,
103207,2015-02-22T00:00:00Z,-13.9,78.6,0,0,0,,,,0,False,no_candidate_within_1deg,False,,,,,,
103207,2015-02-22T03:00:00Z,-13.9,77.7,0,0,0,,,,0,False,no_candidate_within_1deg,False,,,,,,
103208,2015-03-03T03:00:00Z,-14.1,40.6,0,0,0,,,,0,False,no_candidate_within_1deg,False,,,,,,
103208,2015-03-03T06:00:00Z,-13.7,43.5,0,0,0,,,,0,False,no_candidate_within_1deg,False,,,,,,
103208,2015-03-03T09:00:00Z,-12.7,42.6,0,0,0,,,,0,False,no_candidate_within_1deg,False,,,,,,
103208,2015-03-03T12:00:00Z,-11.7,41.8,0,0,0,,,,0,False,no_candidate_within_1deg,False,,,,,,
103208,2015-03-03T15:00:00Z,-10.7,40.9,0,0,0,,,,0,False,no_candidate_within_1deg,False,,,,,,
103208,2015-03-03T18:00:00Z,-11.0,41.2,0,0,0,,,,0,False,no_candidate_within_1deg,False,,,,,,
103208,2015-03-03T21:00:00Z,-11.4,41.5,0,0,0,,,,0,False,no_candidate_within_1deg,False,,,,,,
103208,2015-03-04T00:00:00Z,-11.7,41.8,0,0,0,,,,0,False,no_candidate_within_1deg,False,,,,,,
103208,2015-03-04T03:00:00Z,-11.8,42.7,0,0,0,,,,0,False,no_candidate_within_1deg,False,,,,,,
103214,2015-03-18T15:00:00Z,-9.5,179.5,0,0,0,,,,0,False,no_candidate_within_1deg,False,,,,,,
103214,2015-03-18T18:00:00Z,-9.6,-179.2,0,0,0,,,,0,False,no_candidate_within_1deg,False,,,,,,
103214,2015-03-18T21:00:00Z,-9.7,-177.8,0,0,0,,,,0,False,no_candidate_within_1deg,False,,,,,,
103214,2015-03-19T00:00:00Z,-11.1,-177.6,0,0,0,,,,0,False,no_candidate_within_1deg,False,,,,,,
103214,2015-03-19T03:00:00Z,-12.5,-177.5,0,0,0,,,,0,False,no_candidate_within_1deg,False,,,,,,
103214,2015-03-19T06:00:00Z,-13.9,-177.3,0,0,0,,,,0,False,no_candidate_within_1deg,False,,,,,,
103214,2015-03-19T09:00:00Z,-13.9,-177.3,0,0,0,,,,0,False,no_candidate_within_1deg,False,,,,,,
103214,2015-03-19T12:00:00Z,-15.6,-176.1,0,0,0,,,,0,False,no_candidate_within_1deg,False,,,,,,
103214,2015-03-19T15:00:00Z,-17.2,-174.9,0,0,0,,,,0,False,no_candidate_within_1deg,False,,,,,,
103220,2015-04-26T09:00:00Z,-11.8,116.3,0,0,0,,,,0,False,no_candidate_within_1deg,False,,,,,,
103220,2015-04-26T12:00:00Z,-11.3,118.5,0,0,0,,,,0,False,no_candidate_within_1deg,False,,,,,,
103220,2015-04-26T15:00:00Z,-12.3,117.5,0,0,0,,,,0,False,no_candidate_within_1deg,False,,,,,,
103220,2015-04-26T18:00:00Z,-12.0,117.4,0,0,0,,,,0,False,no_candidate_within_1deg,False,,,,,,
103220,2015-04-26T21:00:00Z,-11.8,116.5,0,0,0,,,,0,False,no_candidate_within_1deg,False,,,,,,
103220,2015-04-27T00:00:00Z,-11.5,115.6,0,0,0,,,,0,False,no_candidate_within_1deg,False,,,,,,
103220,2015-04-27T03:00:00Z,-11.3,114.7,0,0,0,,,,0,False,no_candidate_within_1deg,False,,,,,,
103220,2015-04-27T06:00:00Z,-12.1,114.8,0,0,0,,,,0,False,no_candidate_within_1deg,False,,,,,,
103220,2015-04-27T09:00:00Z,-13.4,114.6,0,0,0,,,,0,False,no_candidate_within_1deg,False,,,,,,
103221,2015-05-01T15:00:00Z,6.6,143.5,0,0,0,,,,0,False,no_candidate_within_1deg,False,,,,,,
103221,2015-05-01T18:00:00Z,7.9,145.6,0,0,0,,,,0,False,no_candidate_within_1deg,False,,,,,,
103221,2015-05-01T21:00:00Z,8.2,145.1,0,0,0,,,,0,False,no_candidate_within_1deg,False,,,,,,
103221,2015-05-02T00:00:00Z,8.4,144.5,0,0,0,,,,0,False,no_candidate_within_1deg,False,,,,,,
103221,2015-05-02T03:00:00Z,8.7,144.0,0,0,0,,,,0,False,no_candidate_within_1deg,False,,,,,,
103221,2015-05-02T06:00:00Z,6.9,142.8,0,0,0,,,,0,False,no_candidate_within_1deg,False,,,,,,
103221,2015-05-02T09:00:00Z,7.9,142.1,0,0,0,,,,0,False,no_candidate_within_1deg,False,,,,,,
103221,2015-05-02T12:00:00Z,8.1,141.6,0,0,0,,,,0,False,no_candidate_within_1deg,False,,,,,,
103221,2015-05-02T15:00:00Z,8.1,141.8,0,0,0,,,,0,False,no_candidate_within_1deg,False,,,,,,
103228,2015-06-14T00:00:00Z,19.1,-84.6,2,2,0,14176.399353444924,58316.0,6954.0,0,False,no_candidate_within_1deg,False,,,,,,
103228,2015-06-14T03:00:00Z,19.7,-87.2,2,2,0,14314.735734640692,58363.0,6954.0,0,False,no_candidate_within_1deg,False,,,,,,
103228,2015-06-14T06:00:00Z,22.0,-83.8,2,2,0,13887.92652220426,58405.0,6954.0,0,False,no_candidate_within_1deg,False,,,,,,
103228,2015-06-14T09:00:00Z,23.3,-84.7,2,2,0,13842.147074320306,58446.0,6954.0,0,False,no_candidate_within_1deg,False,,,,,,
103228,2015-06-14T12:00:00Z,24.5,-85.6,2,2,0,13813.038875358898,58482.0,6954.0,0,False,no_candidate_within_1deg,False,,,,,,
103228,2015-06-14T15:00:00Z,20.7,-86.7,2,2,0,14230.928027224196,58517.0,6954.0,0,False,no_candidate_within_1deg,False,,,,,,
103228,2015-06-14T18:00:00Z,20.7,-86.4,2,2,0,14215.650106496372,58559.0,6954.0,0,False,no_candidate_within_1deg,False,,,,,,
103228,2015-06-14T21:00:00Z,22.2,-86.2,2,2,0,14082.431836321704,58599.0,6954.0,0,False,no_candidate_within_1deg,False,,,,,,
103228,2015-06-15T00:00:00Z,23.1,-86.8,2,1,1,14047.024531488347,58637.0,6954.0,0,False,no_candidate_within_1deg,False,,,,,,
103228,2015-06-15T03:00:00Z,23.9,-87.3,2,2,0,14039.19120365249,58677.0,6954.0,0,False,no_candidate_within_1deg,False,,,,,,
103228,2015-06-15T06:00:00Z,24.8,-87.9,2,2,0,14035.456631837757,58716.0,6954.0,0,False,no_candidate_within_1deg,False,,,,,,
103228,2015-06-15T09:00:00Z,25.6,-88.5,2,1,1,14885.140939847835,58749.0,6956.0,0,False,no_candidate_within_1deg,False,,,,,,
103228,2015-06-15T12:00:00Z,25.0,-91.9,2,1,1,15108.801786690803,58787.0,6956.0,0,False,no_candidate_within_1deg,False,,,,,,
103228,2015-06-15T15:00:00Z,25.4,-92.0,2,2,0,14255.471547242463,58821.0,6954.0,0,False,no_candidate_within_1deg,False,,,,,,
103228,2015-06-15T18:00:00Z,25.5,-92.0,1,1,0,15055.297225911178,58858.0,6956.0,0,False,no_candidate_within_1deg,False,,,,,,
103228,2015-06-15T21:00:00Z,26.3,-94.0,1,1,0,14993.787265709312,58900.0,6956.0,0,False,no_candidate_within_1deg,False,,,,,,
103232,2015-06-30T21:00:00Z,10.2,128.5,1,1,0,5384.532509883589,64172.0,6960.0,0,False,no_candidate_within_1deg,False,,,,,,
103232,2015-07-01T00:00:00Z,10.7,126.8,1,1,0,5236.711764950854,64201.0,6960.0,0,False,no_candidate_within_1deg,False,,,,,,
103232,2015-07-01T03:00:00Z,12.1,127.2,1,1,0,5213.557336539928,64234.0,6960.0,0,False,no_candidate_within_1deg,False,,,,,,
103232,2015-07-01T06:00:00Z,12.9,127.4,1,1,0,5190.9894874627535,64260.0,6960.0,0,False,no_candidate_within_1deg,False,,,,,,
103232,2015-07-01T09:00:00Z,12.9,128.8,1,1,0,5335.587420937545,64286.0,6960.0,0,False,no_candidate_within_1deg,False,,,,,,
103232,2015-07-01T12:00:00Z,13.0,128.6,1,1,0,5313.333321458418,64316.0,6960.0,0,False,no_candidate_within_1deg,False,,,,,,
103232,2015-07-01T15:00:00Z,12.6,128.0,1,1,0,5289.023504291067,64350.0,6960.0,0,False,no_candidate_within_1deg,False,,,,,,
103232,2015-07-01T18:00:00Z,12.2,127.5,1,1,0,5269.596670691404,64390.0,6960.0,0,False,no_candidate_within_1deg,False,,,,,,
103232,2015-07-01T21:00:00Z,12.4,129.0,1,1,0,5443.491705151792,64430.0,6960.0,0,False,no_candidate_within_1deg,False,,,,,,
103235,2015-07-06T09:00:00Z,10.2,-140.2,2,1,1,13719.296880165351,66113.0,6970.0,0,False,no_candidate_within_1deg,False,,,,,,
103235,2015-07-06T12:00:00Z,10.5,-140.5,2,2,0,13361.254928055137,66160.0,6976.0,0,False,no_candidate_within_1deg,False,,,,,,
103235,2015-07-06T15:00:00Z,10.7,-140.9,2,2,0,13280.507505145595,66211.0,6976.0,0,False,no_candidate_within_1deg,False,,,,,,
103235,2015-07-06T18:00:00Z,11.2,-139.7,2,1,1,13740.216118122675,66277.0,6970.0,0,False,no_candidate_within_1deg,False,,,,,,
103235,2015-07-06T21:00:00Z,11.6,-138.6,2,2,0,13400.725508456675,66336.0,6976.0,0,False,no_candidate_within_1deg,False,,,,,,
103235,2015-07-07T00:00:00Z,12.1,-137.4,2,1,1,13905.947189278693,66402.0,6970.0,0,False,no_candidate_within_1deg,False,,,,,,
103235,2015-07-07T03:00:00Z,12.5,-136.2,2,2,0,13707.976668142348,66458.0,6976.0,0,False,no_candidate_within_1deg,False,,,,,,
103235,2015-07-07T06:00:00Z,12.7,-137.0,2,2,0,13608.537806450804,66512.0,6976.0,0,False,no_candidate_within_1deg,False,,,,,,
103235,2015-07-07T09:00:00Z,12.9,-137.8,2,2,0,13536.702643843115,66556.0,6976.0,0,False,no_candidate_within_1deg,False,,,,,,
103237,2015-07-09T21:00:00Z,11.7,-97.4,2,1,1,16027.487054139072,67505.0,6970.0,0,False,no_candidate_within_1deg,False,,,,,,
103237,2015-07-10T00:00:00Z,10.1,-97.6,2,1,1,16351.231676344818,67558.0,6976.0,0,False,no_candidate_within_1deg,False,,,,,,
103237,2015-07-10T03:00:00Z,8.4,-97.7,1,1,0,16474.75696093326,67618.0,6970.0,0,False,no_candidate_within_1deg,False,,,,,,
103237,2015-07-10T06:00:00Z,11.8,-96.5,1,1,0,16071.378540477759,67666.0,6970.0,0,False,no_candidate_within_1deg,False,,,,,,
103237,2015-07-10T09:00:00Z,15.3,-97.8,1,1,0,15639.666538814823,67711.0,6970.0,0,False,no_candidate_within_1deg,False,,,,,,
103237,2015-07-10T12:00:00Z,14.5,-96.7,1,1,0,15713.83618747468,67752.0,6970.0,0,False,no_candidate_within_1deg,False,,,,,,
103237,2015-07-10T15:00:00Z,13.7,-95.7,1,1,0,15797.563232422166,67793.0,6970.0,0,False,no_candidate_within_1deg,False,,,,,,
103237,2015-07-10T18:00:00Z,13.8,-95.0,1,1,0,15873.581395663505,67834.0,6982.0,0,False,no_candidate_within_1deg,False,,,,,,
103237,2015-07-10T21:00:00Z,13.8,-94.3,1,1,0,15822.059525188075,67868.0,6982.0,0,False,no_candidate_within_1deg,False,,,,,,
103242,2015-07-27T03:00:00Z,16.5,84.8,2,2,0,793.6149403216566,74121.0,6989.0,0,False,no_candidate_within_1deg,False,,,,,,
103242,2015-07-27T06:00:00Z,17.1,86.2,2,2,0,643.1993829598455,74165.0,6989.0,0,False,no_candidate_within_1deg,False,,,,,,
103242,2015-07-27T09:00:00Z,17.7,87.7,2,2,0,502.0312822468609,74208.0,6989.0,0,False,no_candidate_within_1deg,False,,,,,,
103242,2015-07-27T12:00:00Z,18.3,89.1,2,2,0,372.06449331791066,74246.0,6989.0,0,False,no_candidate_within_1deg,False,,,,,,
103242,2015-07-27T15:00:00Z,18.6,87.7,2,2,0,400.4129911371076,74288.0,6989.0,0,False,no_candidate_within_1deg,False,,,,,,
103242,2015-07-27T18:00:00Z,18.8,86.3,2,2,0,492.3446917506462,74329.0,6989.0,0,False,no_candidate_within_1deg,False,,,,,,
103242,2015-07-27T21:00:00Z,19.0,87.0,2,2,0,354.64806918389013,74363.0,6989.0,0,False,no_candidate_within_1deg,False,,,,,,
103242,2015-07-28T00:00:00Z,19.3,87.8,2,2,0,269.2833503287064,74402.0,6989.0,0,False,no_candidate_within_1deg,False,,,,,,
103242,2015-07-28T03:00:00Z,19.5,88.5,2,2,0,234.6579136432985,74434.0,6989.0,0,False,no_candidate_within_1deg,False,,,,,,
103252,2015-08-14T21:00:00Z,17.6,-110.2,1,1,0,15487.184643950593,80240.0,6995.0,0,False,no_candidate_within_1deg,False,,,,,,
103252,2015-08-15T00:00:00Z,16.5,-110.6,1,1,0,15510.336734558827,80286.0,6995.0,0,False,no_candidate_within_1deg,False,,,,,,
103252,2015-08-15T03:00:00Z,17.0,-113.8,1,1,0,15294.02070976529,80331.0,6995.0,0,False,no_candidate_within_1deg,False,,,,,,
103252,2015-08-15T06:00:00Z,16.8,-112.0,1,1,0,15214.08771448979,80372.0,6997.0,0,False,no_candidate_within_1deg,False,,,,,,
103252,2015-08-15T09:00:00Z,17.3,-112.3,1,1,0,15150.006459968015,80420.0,6997.0,0,False,no_candidate_within_1deg,False,,,,,,
103252,2015-08-15T12:00:00Z,17.7,-112.6,1,1,0,15106.692397342431,80458.0,6997.0,0,False,no_candidate_within_1deg,False,,,,,,
103252,2015-08-15T15:00:00Z,18.2,-113.0,1,1,0,14997.846007569366,80499.0,6997.0,0,False,no_candidate_within_1deg,False,,,,,,
103252,2015-08-15T18:00:00Z,18.6,-113.3,1,1,0,14896.049113379016,80542.0,6997.0,0,False,no_candidate_within_1deg,False,,,,,,
103252,2015-08-15T21:00:00Z,19.2,-114.6,1,1,0,14723.131184199081,80584.0,6997.0,0,False,no_candidate_within_1deg,False,,,,,,
103257,2015-08-23T06:00:00Z,14.8,-31.7,0,0,0,,,,0,False,no_candidate_within_1deg,False,,,,,,
103257,2015-08-23T09:00:00Z,14.3,-33.8,0,0,0,,,,0,False,no_candidate_within_1deg,False,,,,,,
103257,2015-08-23T12:00:00Z,13.9,-35.9,0,0,0,,,,0,False,no_candidate_within_1deg,False,,,,,,
103257,2015-08-23T15:00:00Z,13.7,-37.2,0,0,0,,,,0,False,no_candidate_within_1deg,False,,,,,,
103257,2015-08-23T18:00:00Z,14.7,-37.3,1,1,0,12733.271296633293,83018.0,7003.0,0,False,no_candidate_within_1deg,False,,,,,,
103257,2015-08-23T21:00:00Z,14.3,-38.5,1,0,1,,,,0,False,no_candidate_within_1deg,False,,,,,,
103257,2015-08-24T00:00:00Z,13.9,-39.6,1,1,0,13070.920245207912,83101.0,7003.0,0,False,no_candidate_within_1deg,False,,,,,,
103257,2015-08-24T03:00:00Z,13.5,-40.8,1,1,0,13295.844366544117,83142.0,7003.0,0,False,no_candidate_within_1deg,False,,,,,,
103257,2015-08-24T06:00:00Z,13.3,-42.0,1,1,0,13483.969527923236,83181.0,7003.0,0,False,no_candidate_within_1deg,False,,,,,,
103257,2015-08-24T09:00:00Z,13.1,-43.1,1,1,0,13666.052587093955,83218.0,7003.0,0,False,no_candidate_within_1deg,False,,,,,,
103257,2015-08-24T12:00:00Z,12.9,-44.0,1,1,0,13720.07321197553,83245.0,7003.0,0,False,no_candidate_within_1deg,False,,,,,,
103257,2015-08-24T15:00:00Z,12.9,-44.1,1,1,0,13724.851872341913,83275.0,7003.0,0,False,no_candidate_within_1deg,False,,,,,,
103258,2015-08-24T09:00:00Z,12.3,-99.4,1,1,0,16643.071283523237,83218.0,7003.0,0,False,no_candidate_within_1deg,False,,,,,,
103258,2015-08-24T12:00:00Z,13.6,-99.4,1,1,0,16488.43343385221,83245.0,7003.0,0,False,no_candidate_within_1deg,False,,,,,,
103258,2015-08-24T15:00:00Z,12.7,-100.6,1,1,0,16573.130845115415,83275.0,7003.0,0,False,no_candidate_within_1deg,False,,,,,,
103258,2015-08-24T18:00:00Z,12.7,-101.8,1,1,0,16485.800822278175,83322.0,7003.0,0,False,no_candidate_within_1deg,False,,,,,,
103258,2015-08-24T21:00:00Z,12.7,-103.0,1,1,0,16461.738643108994,83371.0,7003.0,0,False,no_candidate_within_1deg,False,,,,,,
103258,2015-08-25T00:00:00Z,12.6,-104.2,1,1,0,16375.313375822217,83415.0,7003.0,0,False,no_candidate_within_1deg,False,,,,,,
103258,2015-08-25T03:00:00Z,12.6,-105.4,1,1,0,16325.912714594559,83454.0,7003.0,0,False,no_candidate_within_1deg,False,,,,,,
103258,2015-08-25T06:00:00Z,11.1,-105.0,1,1,0,16479.681457042938,83496.0,7003.0,0,False,no_candidate_within_1deg,False,,,,,,
103258,2015-08-25T09:00:00Z,12.0,-105.7,1,1,0,16391.689943452602,83542.0,7003.0,0,False,no_candidate_within_1deg,False,,,,,,
103260,2015-08-30T15:00:00Z,13.4,-105.8,1,1,0,15680.031586977293,85349.0,7003.0,0,False,no_candidate_within_1deg,False,,,,,,
103260,2015-08-30T18:00:00Z,12.5,-107.5,1,0,1,,,,0,False,no_candidate_within_1deg,False,,,,,,
103260,2015-08-30T21:00:00Z,10.4,-107.7,1,0,1,,,,0,False,no_candidate_within_1deg,False,,,,,,
103260,2015-08-31T00:00:00Z,8.2,-107.8,1,1,0,15911.062981710165,85514.0,7003.0,0,False,no_candidate_within_1deg,False,,,,,,
103260,2015-08-31T03:00:00Z,9.3,-108.6,0,0,0,,,,0,False,no_candidate_within_1deg,False,,,,,,
103260,2015-08-31T06:00:00Z,10.3,-109.4,0,0,0,,,,0,False,no_candidate_within_1deg,False,,,,,,
103260,2015-08-31T09:00:00Z,9.8,-109.6,0,0,0,,,,0,False,no_candidate_within_1deg,False,,,,,,
103260,2015-08-31T12:00:00Z,8.6,-110.1,0,0,0,,,,0,False,no_candidate_within_1deg,False,,,,,,
103260,2015-08-31T15:00:00Z,9.0,-110.9,0,0,0,,,,0,False,no_candidate_within_1deg,False,,,,,,
103261,2015-09-03T09:00:00Z,8.8,-105.6,0,0,0,,,,0,False,no_candidate_within_1deg,False,,,,,,
103261,2015-09-03T12:00:00Z,8.1,-106.2,0,0,0,,,,0,False,no_candidate_within_1deg,False,,,,,,
103261,2015-09-03T15:00:00Z,8.6,-105.3,0,0,0,,,,0,False,no_candidate_within_1deg,False,,,,,,
103261,2015-09-03T18:00:00Z,9.1,-104.4,0,0,0,,,,0,False,no_candidate_within_1deg,False,,,,,,
103261,2015-09-03T21:00:00Z,9.6,-103.5,0,0,0,,,,0,False,no_candidate_within_1deg,False,,,,,,
103261,2015-09-04T00:00:00Z,10.0,-104.3,0,0,0,,,,0,False,no_candidate_within_1deg,False,,,,,,
103261,2015-09-04T03:00:00Z,10.4,-105.1,0,0,0,,,,0,False,no_candidate_within_1deg,False,,,,,,
103261,2015-09-04T06:00:00Z,10.2,-103.7,0,0,0,,,,0,False,no_candidate_within_1deg,False,,,,,,
103261,2015-09-04T09:00:00Z,10.0,-102.3,0,0,0,,,,0,False,no_candidate_within_1deg,False,,,,,,
103262,2015-09-04T03:00:00Z,12.5,-17.9,0,0,0,,,,0,False,no_candidate_within_1deg,False,,,,,,
103262,2015-09-04T06:00:00Z,11.0,-19.9,0,0,0,,,,0,False,no_candidate_within_1deg,False,,,,,,
103262,2015-09-04T09:00:00Z,10.7,-20.2,0,0,0,,,,0,False,no_candidate_within_1deg,False,,,,,,
103262,2015-09-04T12:00:00Z,10.7,-20.7,0,0,0,,,,0,False,no_candidate_within_1deg,False,,,,,,
103262,2015-09-04T15:00:00Z,10.8,-21.3,0,0,0,,,,0,False,no_candidate_within_1deg,False,,,,,,
103262,2015-09-04T18:00:00Z,10.8,-21.8,0,0,0,,,,0,False,no_candidate_within_1deg,False,,,,,,
103262,2015-09-04T21:00:00Z,11.3,-22.9,0,0,0,,,,0,False,no_candidate_within_1deg,False,,,,,,
103262,2015-09-05T00:00:00Z,10.8,-24.0,0,0,0,,,,0,False,no_candidate_within_1deg,False,,,,,,
103262,2015-09-05T03:00:00Z,11.0,-24.8,0,0,0,,,,0,False,no_candidate_within_1deg,False,,,,,,
103268,2015-09-14T09:00:00Z,7.2,-20.8,1,0,1,,,,0,False,no_candidate_within_1deg,False,,,,,,
103268,2015-09-14T12:00:00Z,7.5,-20.6,1,1,0,11557.392735250276,90096.0,7008.0,0,False,no_candidate_within_1deg,False,,,,,,
103268,2015-09-14T15:00:00Z,8.3,-21.4,1,1,0,11522.888803203132,90127.0,7008.0,0,False,no_candidate_within_1deg,False,,,,,,
103268,2015-09-14T18:00:00Z,8.5,-22.4,1,1,0,11590.23289155391,90155.0,7008.0,0,False,no_candidate_within_1deg,False,,,,,,
103268,2015-09-14T21:00:00Z,6.9,-25.1,1,1,0,11907.3875412757,90180.0,7008.0,0,False,no_candidate_within_1deg,False,,,,,,
103268,2015-09-15T00:00:00Z,8.1,-22.9,1,1,0,11666.870256622487,90220.0,7008.0,0,False,no_candidate_within_1deg,False,,,,,,
103268,2015-09-15T03:00:00Z,8.3,-23.3,1,1,0,11622.671545466479,90266.0,7008.0,0,False,no_candidate_within_1deg,False,,,,,,
103268,2015-09-15T06:00:00Z,9.0,-23.8,1,1,0,11644.080264979879,90308.0,7008.0,0,False,no_candidate_within_1deg,False,,,,,,
103268,2015-09-15T09:00:00Z,9.4,-24.8,1,1,0,11731.449725607685,90348.0,7008.0,0,False,no_candidate_within_1deg,False,,,,,,
103272,2015-09-22T03:00:00Z,9.4,-145.3,3,2,1,13179.880256201146,92560.0,7012.0,0,False,no_candidate_within_1deg,False,,,,,,
103272,2015-09-22T06:00:00Z,10.2,-145.1,3,2,1,13097.664850817868,92610.0,7011.0,0,False,no_candidate_within_1deg,False,,,,,,
103272,2015-09-22T09:00:00Z,10.9,-144.9,3,2,1,13040.890885283816,92654.0,7012.0,0,False,no_candidate_within_1deg,False,,,,,,
103272,2015-09-22T12:00:00Z,11.5,-145.0,3,2,1,12937.35819025511,92700.0,7011.0,0,False,no_candidate_within_1deg,False,,,,,,
103272,2015-09-22T15:00:00Z,12.4,-145.6,3,2,1,12813.99142173024,92742.0,7012.0,0,False,no_candidate_within_1deg,False,,,,,,
103272,2015-09-22T18:00:00Z,12.3,-147.2,3,2,1,12658.091890245225,92787.0,7011.0,0,False,no_candidate_within_1deg,False,,,,,,
103272,2015-09-22T21:00:00Z,12.2,-146.9,3,2,1,12667.893494286209,92833.0,7012.0,0,False,no_candidate_within_1deg,False,,,,,,
103272,2015-09-23T00:00:00Z,12.2,-146.5,3,2,1,12686.255651139205,92879.0,7011.0,0,False,no_candidate_within_1deg,False,,,,,,
103272,2015-09-23T03:00:00Z,12.1,-146.2,3,2,1,12697.123395291113,92924.0,7011.0,0,False,no_candidate_within_1deg,False,,,,,,
103274,2015-09-25T15:00:00Z,22.3,-61.0,0,0,0,,,,0,False,no_candidate_within_1deg,False,,,,,,
103274,2015-09-25T18:00:00Z,22.0,-61.0,0,0,0,,,,0,False,no_candidate_within_1deg,False,,,,,,
103274,2015-09-25T21:00:00Z,22.6,-62.3,0,0,0,,,,0,False,no_candidate_within_1deg,False,,,,,,
103274,2015-09-26T00:00:00Z,23.3,-63.6,0,0,0,,,,0,False,no_candidate_within_1deg,False,,,,,,
103274,2015-09-26T03:00:00Z,23.9,-65.0,0,0,0,,,,0,False,no_candidate_within_1deg,False,,,,,,
103274,2015-09-26T06:00:00Z,24.5,-66.3,0,0,0,,,,0,False,no_candidate_within_1deg,False,,,,,,
103274,2015-09-26T09:00:00Z,23.4,-66.1,0,0,0,,,,0,False,no_candidate_within_1deg,False,,,,,,
103274,2015-09-26T12:00:00Z,23.4,-67.9,0,0,0,,,,0,False,no_candidate_within_1deg,False,,,,,,
103274,2015-09-26T15:00:00Z,23.5,-67.7,0,0,0,,,,0,False,no_candidate_within_1deg,False,,,,,,
103275,2015-09-28T21:00:00Z,8.3,137.0,0,0,0,,,,0,False,no_candidate_within_1deg,False,,,,,,
103275,2015-09-29T00:00:00Z,8.6,136.0,0,0,0,,,,0,False,no_candidate_within_1deg,False,,,,,,
103275,2015-09-29T03:00:00Z,9.6,136.9,0,0,0,,,,0,False,no_candidate_within_1deg,False,,,,,,
103275,2015-09-29T06:00:00Z,10.5,137.9,0,0,0,,,,0,False,no_candidate_within_1deg,False,,,,,,
103275,2015-09-29T09:00:00Z,10.9,138.4,0,0,0,,,,0,False,no_candidate_within_1deg,False,,,,,,
103275,2015-09-29T12:00:00Z,11.6,136.0,0,0,0,,,,0,False,no_candidate_within_1deg,False,,,,,,
103275,2015-09-29T15:00:00Z,12.1,134.9,0,0,0,,,,0,False,no_candidate_within_1deg,False,,,,,,
103275,2015-09-29T18:00:00Z,12.5,133.7,0,0,0,,,,0,False,no_candidate_within_1deg,False,,,,,,
103275,2015-09-29T21:00:00Z,12.9,133.5,0,0,0,,,,0,False,no_candidate_within_1deg,False,,,,,,
103277,2015-10-01T00:00:00Z,20.1,176.7,0,0,0,,,,0,False,no_candidate_within_1deg,False,,,,,,
103277,2015-10-01T03:00:00Z,19.7,175.4,0,0,0,,,,0,False,no_candidate_within_1deg,False,,,,,,
103277,2015-10-01T06:00:00Z,19.3,174.2,0,0,0,,,,0,False,no_candidate_within_1deg,False,,,,,,
103277,2015-10-01T09:00:00Z,19.5,174.7,0,0,0,,,,0,False,no_candidate_within_1deg,False,,,,,,
103277,2015-10-01T12:00:00Z,19.7,175.2,0,0,0,,,,0,False,no_candidate_within_1deg,False,,,,,,
103277,2015-10-01T15:00:00Z,19.8,175.7,0,0,0,,,,0,False,no_candidate_within_1deg,False,,,,,,
103277,2015-10-01T18:00:00Z,20.0,176.2,0,0,0,,,,0,False,no_candidate_within_1deg,False,,,,,,
103277,2015-10-01T21:00:00Z,20.2,175.6,0,0,0,,,,0,False,no_candidate_within_1deg,False,,,,,,
103277,2015-10-02T00:00:00Z,20.4,175.0,0,0,0,,,,0,False,no_candidate_within_1deg,False,,,,,,
103277,2015-10-02T03:00:00Z,20.5,173.5,0,0,0,,,,0,False,no_candidate_within_1deg,False,,,,,,
103277,2015-10-02T06:00:00Z,20.7,172.1,0,0,0,,,,0,False,no_candidate_within_1deg,False,,,,,,
103277,2015-10-02T09:00:00Z,20.8,170.6,0,0,0,,,,0,False,no_candidate_within_1deg,False,,,,,,
103277,2015-10-02T12:00:00Z,20.9,169.1,0,0,0,,,,0,False,no_candidate_within_1deg,False,,,,,,
103277,2015-10-02T15:00:00Z,22.4,169.0,0,0,0,,,,0,False,no_candidate_within_1deg,False,,,,,,
103277,2015-10-02T18:00:00Z,19.3,169.0,0,0,0,,,,0,False,no_candidate_within_1deg,False,,,,,,
103277,2015-10-02T21:00:00Z,18.6,169.2,0,0,0,,,,0,False,no_candidate_within_1deg,False,,,,,,
103281,2015-10-11T03:00:00Z,15.3,147.9,0,0,0,,,,0,False,no_candidate_within_1deg,False,,,,,,
103281,2015-10-11T06:00:00Z,15.2,147.4,0,0,0,,,,0,False,no_candidate_within_1deg,False,,,,,,
103281,2015-10-11T09:00:00Z,15.0,147.0,0,0,0,,,,0,False,no_candidate_within_1deg,False,,,,,,
103281,2015-10-11T12:00:00Z,14.9,146.5,0,0,0,,,,0,False,no_candidate_within_1deg,False,,,,,,
103281,2015-10-11T15:00:00Z,14.5,144.6,0,0,0,,,,0,False,no_candidate_within_1deg,False,,,,,,
103281,2015-10-11T18:00:00Z,14.1,142.8,0,0,0,,,,0,False,no_candidate_within_1deg,False,,,,,,
103281,2015-10-11T21:00:00Z,14.5,144.3,0,0,0,,,,0,False,no_candidate_within_1deg,False,,,,,,
103281,2015-10-12T00:00:00Z,14.9,145.9,0,0,0,,,,0,False,no_candidate_within_1deg,False,,,,,,
103281,2015-10-12T03:00:00Z,14.8,147.0,0,0,0,,,,0,False,no_candidate_within_1deg,False,,,,,,
103290,2015-11-15T06:00:00Z,7.6,170.7,0,0,0,,,,0,False,no_candidate_within_1deg,False,,,,,,
103290,2015-11-15T09:00:00Z,7.1,170.4,0,0,0,,,,0,False,no_candidate_within_1deg,False,,,,,,
103290,2015-11-15T12:00:00Z,6.6,170.1,0,0,0,,,,0,False,no_candidate_within_1deg,False,,,,,,
103290,2015-11-15T15:00:00Z,6.0,169.8,0,0,0,,,,0,False,no_candidate_within_1deg,False,,,,,,
103290,2015-11-15T18:00:00Z,5.5,169.5,0,0,0,,,,0,False,no_candidate_within_1deg,False,,,,,,
103290,2015-11-15T21:00:00Z,4.0,168.4,0,0,0,,,,0,False,no_candidate_within_1deg,False,,,,,,
103290,2015-11-16T00:00:00Z,2.5,167.3,0,0,0,,,,0,False,no_candidate_within_1deg,False,,,,,,
103290,2015-11-16T03:00:00Z,2.5,166.8,0,0,0,,,,0,False,no_candidate_within_1deg,False,,,,,,
103290,2015-11-16T06:00:00Z,2.4,166.3,0,0,0,,,,0,False,no_candidate_within_1deg,False,,,,,,
103290,2015-11-16T09:00:00Z,2.4,165.9,0,0,0,,,,0,False,no_candidate_within_1deg,False,,,,,,
103290,2015-11-16T12:00:00Z,2.3,165.4,0,0,0,,,,0,False,no_candidate_within_1deg,False,,,,,,
103290,2015-11-16T15:00:00Z,1.6,164.0,0,0,0,,,,0,False,no_candidate_within_1deg,False,,,,,,
103298,2015-12-26T15:00:00Z,2.1,178.6,0,0,0,,,,0,False,no_candidate_within_1deg,False,,,,,,
103298,2015-12-26T18:00:00Z,3.2,-179.2,0,0,0,,,,0,False,no_candidate_within_1deg,False,,,,,,
103298,2015-12-26T21:00:00Z,3.2,-179.3,0,0,0,,,,0,False,no_candidate_within_1deg,False,,,,,,
103298,2015-12-27T00:00:00Z,3.1,-179.3,0,0,0,,,,0,False,no_candidate_within_1deg,False,,,,,,
103298,2015-12-27T03:00:00Z,3.1,-179.4,0,0,0,,,,0,False,no_candidate_within_1deg,False,,,,,,
103298,2015-12-27T06:00:00Z,3.0,-179.1,0,0,0,,,,0,False,no_candidate_within_1deg,False,,,,,,
103298,2015-12-27T09:00:00Z,2.8,-178.8,0,0,0,,,,0,False,no_candidate_within_1deg,False,,,,,,
103298,2015-12-27T12:00:00Z,2.7,-178.5,0,0,0,,,,0,False,no_candidate_within_1deg,False,,,,,,
103298,2015-12-27T15:00:00Z,2.5,-178.2,0,0,0,,,,0,False,no_candidate_within_1deg,False,,,,,,
103303,2016-01-19T09:00:00Z,-13.9,74.2,0,0,0,,,,0,False,no_candidate_within_1deg,False,,,,,,
103303,2016-01-19T12:00:00Z,-13.8,74.1,0,0,0,,,,0,False,no_candidate_within_1deg,False,,,,,,
103303,2016-01-19T15:00:00Z,-13.7,74.1,0,0,0,,,,0,False,no_candidate_within_1deg,False,,,,,,
103303,2016-01-19T18:00:00Z,-12.4,75.7,0,0,0,,,,0,False,no_candidate_within_1deg,False,,,,,,
103303,2016-01-19T21:00:00Z,-11.8,75.4,0,0,0,,,,0,False,no_candidate_within_1deg,False,,,,,,
103303,2016-01-20T00:00:00Z,-12.1,75.5,0,0,0,,,,0,False,no_candidate_within_1deg,False,,,,,,
103303,2016-01-20T03:00:00Z,-12.4,75.5,0,0,0,,,,0,False,no_candidate_within_1deg,False,,,,,,
103303,2016-01-20T06:00:00Z,-12.7,75.6,0,0,0,,,,0,False,no_candidate_within_1deg,False,,,,,,
103303,2016-01-20T09:00:00Z,-13.0,75.7,0,0,0,,,,0,False,no_candidate_within_1deg,False,,,,,,
103303,2016-01-20T12:00:00Z,-14.0,76.4,0,0,0,,,,0,False,no_candidate_within_1deg,False,,,,,,
103303,2016-01-20T15:00:00Z,-14.9,77.1,0,0,0,,,,0,False,no_candidate_within_1deg,False,,,,,,
103312,2016-03-26T21:00:00Z,-12.4,73.0,0,0,0,,,,0,False,no_candidate_within_1deg,False,,,,,,
103312,2016-03-27T00:00:00Z,-12.5,72.5,0,0,0,,,,0,False,no_candidate_within_1deg,False,,,,,,
103312,2016-03-27T03:00:00Z,-12.0,72.7,0,0,0,,,,0,False,no_candidate_within_1deg,False,,,,,,
103312,2016-03-27T06:00:00Z,-11.6,73.0,0,0,0,,,,0,False,no_candidate_within_1deg,False,,,,,,
103312,2016-03-27T09:00:00Z,-11.1,73.2,0,0,0,,,,0,False,no_candidate_within_1deg,False,,,,,,
103312,2016-03-27T12:00:00Z,-11.4,73.4,0,0,0,,,,0,False,no_candidate_within_1deg,False,,,,,,
103312,2016-03-27T15:00:00Z,-11.6,73.6,0,0,0,,,,0,False,no_candidate_within_1deg,False,,,,,,
103312,2016-03-27T18:00:00Z,-11.9,73.8,0,0,0,,,,0,False,no_candidate_within_1deg,False,,,,,,
103312,2016-03-27T21:00:00Z,-11.8,74.3,0,0,0,,,,0,False,no_candidate_within_1deg,False,,,,,,
103312,2016-03-28T00:00:00Z,-11.7,74.7,0,0,0,,,,0,False,no_candidate_within_1deg,False,,,,,,
103312,2016-03-28T03:00:00Z,-11.4,74.9,0,0,0,,,,0,False,no_candidate_within_1deg,False,,,,,,
103312,2016-03-28T06:00:00Z,-12.3,75.6,0,0,0,,,,0,False,no_candidate_within_1deg,False,,,,,,
103312,2016-03-28T09:00:00Z,-13.2,76.3,0,0,0,,,,0,False,no_candidate_within_1deg,False,,,,,,
103314,2016-04-09T21:00:00Z,-13.4,76.1,0,0,0,,,,0,False,no_candidate_within_1deg,False,,,,,,
103314,2016-04-10T00:00:00Z,-13.4,76.0,0,0,0,,,,0,False,no_candidate_within_1deg,False,,,,,,
103314,2016-04-10T03:00:00Z,-13.3,75.9,0,0,0,,,,0,False,no_candidate_within_1deg,False,,,,,,
103314,2016-04-10T06:00:00Z,-13.0,76.8,0,0,0,,,,0,False,no_candidate_within_1deg,False,,,,,,
103314,2016-04-10T09:00:00Z,-13.2,77.5,0,0,0,,,,0,False,no_candidate_within_1deg,False,,,,,,
103314,2016-04-10T12:00:00Z,-14.1,77.4,0,0,0,,,,0,False,no_candidate_within_1deg,False,,,,,,
103314,2016-04-10T15:00:00Z,-13.8,76.0,0,0,0,,,,0,False,no_candidate_within_1deg,False,,,,,,
103314,2016-04-10T18:00:00Z,-13.5,74.7,0,0,0,,,,0,False,no_candidate_within_1deg,False,,,,,,
103314,2016-04-10T21:00:00Z,-13.4,73.8,0,0,0,,,,0,False,no_candidate_within_1deg,False,,,,,,
103318,2016-05-26T03:00:00Z,26.5,-66.3,0,0,0,,,,0,False,no_candidate_within_1deg,False,,,,,,
103318,2016-05-26T06:00:00Z,26.8,-66.7,0,0,0,,,,0,False,no_candidate_within_1deg,False,,,,,,
103318,2016-05-26T09:00:00Z,27.1,-67.2,0,0,0,,,,0,False,no_candidate_within_1deg,False,,,,,,
103318,2016-05-26T12:00:00Z,27.4,-67.7,0,0,0,,,,0,False,no_candidate_within_1deg,False,,,,,,
103318,2016-05-26T15:00:00Z,27.6,-67.7,0,0,0,,,,0,False,no_candidate_within_1deg,False,,,,,,
103318,2016-05-26T18:00:00Z,28.3,-68.1,0,0,0,,,,0,False,no_candidate_within_1deg,False,,,,,,
103318,2016-05-26T21:00:00Z,28.6,-69.1,0,0,0,,,,0,False,no_candidate_within_1deg,False,,,,,,
103318,2016-05-27T00:00:00Z,28.3,-69.8,0,0,0,,,,0,False,no_candidate_within_1deg,False,,,,,,
103318,2016-05-27T03:00:00Z,28.4,-70.0,0,0,0,,,,0,False,no_candidate_within_1deg,False,,,,,,
103322,2016-06-25T00:00:00Z,18.1,70.9,1,1,0,1792.1581555918829,66424.0,7031.0,0,False,no_candidate_within_1deg,False,,,,,,
103322,2016-06-25T03:00:00Z,18.1,69.1,1,1,0,1984.016303006864,66468.0,7031.0,0,False,no_candidate_within_1deg,False,,,,,,
103322,2016-06-25T06:00:00Z,19.6,68.0,1,0,1,,,,0,False,no_candidate_within_1deg,False,,,,,,
103322,2016-06-25T09:00:00Z,20.2,67.6,1,0,1,,,,0,False,no_candidate_within_1deg,False,,,,,,
103322,2016-06-25T12:00:00Z,21.6,67.2,1,0,1,,,,0,False,no_candidate_within_1deg,False,,,,,,
103322,2016-06-25T15:00:00Z,21.0,66.5,1,0,1,,,,0,False,no_candidate_within_1deg,False,,,,,,
103322,2016-06-25T18:00:00Z,20.6,68.6,1,1,0,2018.2129909649768,66686.0,7031.0,0,False,no_candidate_within_1deg,False,,,,,,
103322,2016-06-25T21:00:00Z,20.2,70.6,1,0,1,,,,0,False,no_candidate_within_1deg,False,,,,,,
103322,2016-06-26T00:00:00Z,20.9,66.4,2,1,1,252.96270578004163,66763.0,7032.0,0,False,no_candidate_within_1deg,False,,,,,,
103322,2016-06-26T03:00:00Z,20.9,65.5,2,1,1,328.3070706510075,66799.0,7032.0,0,False,no_candidate_within_1deg,False,,,,,,
103323,2016-06-30T03:00:00Z,12.7,-116.3,3,3,0,15934.260503305339,68290.0,7033.0,0,False,no_candidate_within_1deg,False,,,,,,
103323,2016-06-30T06:00:00Z,14.1,-114.4,3,2,1,15912.940814475567,68342.0,7033.0,0,False,no_candidate_within_1deg,False,,,,,,
103323,2016-06-30T09:00:00Z,13.7,-115.0,3,3,0,15860.673212120044,68391.0,7033.0,0,False,no_candidate_within_1deg,False,,,,,,
103323,2016-06-30T12:00:00Z,13.2,-115.6,3,3,0,15847.388924138253,68439.0,7033.0,0,False,no_candidate_within_1deg,False,,,,,,
103323,2016-06-30T15:00:00Z,13.1,-115.6,3,2,1,15954.775159691088,68472.0,7036.0,0,False,no_candidate_within_1deg,False,,,,,,
103323,2016-06-30T18:00:00Z,12.7,-116.2,3,2,1,15935.362217508971,68509.0,7036.0,0,False,no_candidate_within_1deg,False,,,,,,
103323,2016-06-30T21:00:00Z,12.9,-116.0,3,2,1,15919.765709934421,68545.0,7036.0,0,False,no_candidate_within_1deg,False,,,,,,
103323,2016-07-01T00:00:00Z,13.6,-115.2,3,2,1,15839.411895412404,68584.0,7036.0,0,False,no_candidate_within_1deg,False,,,,,,
103323,2016-07-01T03:00:00Z,13.7,-115.9,3,2,1,15701.585526967765,68635.0,7036.0,0,False,no_candidate_within_1deg,False,,,,,,
103330,2016-07-15T15:00:00Z,14.8,134.1,1,1,0,4746.857983418667,74535.0,7050.0,0,False,no_candidate_within_1deg,False,,,,,,
103330,2016-07-15T18:00:00Z,15.6,132.9,1,1,0,4612.377114524472,74581.0,7050.0,0,False,no_candidate_within_1deg,False,,,,,,
103330,2016-07-15T21:00:00Z,16.7,132.2,1,0,1,,,,0,False,no_candidate_within_1deg,False,,,,,,
103330,2016-07-16T00:00:00Z,17.6,131.9,1,1,0,4688.793656130481,74679.0,7050.0,0,False,no_candidate_within_1deg,False,,,,,,
103330,2016-07-16T03:00:00Z,18.6,131.5,1,1,0,4696.0720614005195,74734.0,7050.0,0,False,no_candidate_within_1deg,False,,,,,,
103330,2016-07-16T06:00:00Z,19.5,131.2,1,1,0,4697.282221934751,74796.0,7050.0,0,False,no_candidate_within_1deg,False,,,,,,
103330,2016-07-16T09:00:00Z,17.2,130.9,1,1,0,4818.930024510559,74852.0,7050.0,0,False,no_candidate_within_1deg,False,,,,,,
103330,2016-07-16T12:00:00Z,18.6,130.9,1,1,0,4832.157974181704,74902.0,7050.0,0,False,no_candidate_within_1deg,False,,,,,,
103330,2016-07-16T15:00:00Z,18.6,130.2,1,1,0,4768.448864408731,74951.0,7050.0,0,False,no_candidate_within_1deg,False,,,,,,
103331,2016-07-19T21:00:00Z,7.5,-106.2,0,0,0,,,,0,False,no_candidate_within_1deg,False,,,,,,
103331,2016-07-20T00:00:00Z,7.7,-107.2,0,0,0,,,,0,False,no_candidate_within_1deg,False,,,,,,
103331,2016-07-20T03:00:00Z,7.9,-108.2,0,0,0,,,,0,False,no_candidate_within_1deg,False,,,,,,
103331,2016-07-20T06:00:00Z,8.1,-109.2,0,0,0,,,,0,False,no_candidate_within_1deg,False,,,,,,
103331,2016-07-20T09:00:00Z,8.3,-109.8,0,0,0,,,,0,False,no_candidate_within_1deg,False,,,,,,
103331,2016-07-20T12:00:00Z,9.7,-110.9,0,0,0,,,,0,False,no_candidate_within_1deg,False,,,,,,
103331,2016-07-20T15:00:00Z,7.1,-114.0,0,0,0,,,,0,False,no_candidate_within_1deg,False,,,,,,
103331,2016-07-20T18:00:00Z,8.6,-110.3,0,0,0,,,,0,False,no_candidate_within_1deg,False,,,,,,
103331,2016-07-20T21:00:00Z,9.1,-111.3,0,0,0,,,,0,False,no_candidate_within_1deg,False,,,,,,
103334,2016-07-24T03:00:00Z,15.3,117.1,0,0,0,,,,0,False,no_candidate_within_1deg,False,,,,,,
103334,2016-07-24T06:00:00Z,16.8,116.9,0,0,0,,,,0,False,no_candidate_within_1deg,False,,,,,,
103334,2016-07-24T09:00:00Z,15.3,120.0,0,0,0,,,,0,False,no_candidate_within_1deg,False,,,,,,
103334,2016-07-24T12:00:00Z,16.5,119.0,0,0,0,,,,0,False,no_candidate_within_1deg,False,,,,,,
103334,2016-07-24T15:00:00Z,16.3,118.4,0,0,0,,,,0,False,no_candidate_within_1deg,False,,,,,,
103334,2016-07-24T18:00:00Z,16.6,117.5,0,0,0,,,,0,False,no_candidate_within_1deg,False,,,,,,
103334,2016-07-24T21:00:00Z,16.9,116.7,0,0,0,,,,0,False,no_candidate_within_1deg,False,,,,,,
103334,2016-07-25T00:00:00Z,17.1,115.8,0,0,0,,,,0,False,no_candidate_within_1deg,False,,,,,,
103334,2016-07-25T03:00:00Z,17.4,114.9,0,0,0,,,,0,False,no_candidate_within_1deg,False,,,,,,
103335,2016-07-28T00:00:00Z,4.9,135.3,0,0,0,,,,0,False,no_candidate_within_1deg,False,,,,,,
103335,2016-07-28T03:00:00Z,4.6,135.0,0,0,0,,,,0,False,no_candidate_within_1deg,False,,,,,,
103335,2016-07-28T06:00:00Z,4.5,133.7,0,0,0,,,,0,False,no_candidate_within_1deg,False,,,,,,
103335,2016-07-28T09:00:00Z,4.4,132.4,0,0,0,,,,0,False,no_candidate_within_1deg,False,,,,,,
103335,2016-07-28T12:00:00Z,4.3,131.1,0,0,0,,,,0,False,no_candidate_within_1deg,False,,,,,,
103335,2016-07-28T15:00:00Z,4.2,129.8,0,0,0,,,,0,False,no_candidate_within_1deg,False,,,,,,
103335,2016-07-28T18:00:00Z,5.5,129.6,1,1,0,4137.3049157023315,79682.0,7052.0,0,False,no_candidate_within_1deg,False,,,,,,
103335,2016-07-28T21:00:00Z,6.9,129.4,1,1,0,3979.5024926535957,79741.0,7052.0,0,False,no_candidate_within_1deg,False,,,,,,
103335,2016-07-29T00:00:00Z,8.2,129.1,1,1,0,3837.3776570730756,79794.0,7052.0,0,False,no_candidate_within_1deg,False,,,,,,
103335,2016-07-29T03:00:00Z,9.5,128.9,1,1,0,3718.1525768768115,79849.0,7052.0,0,False,no_candidate_within_1deg,False,,,,,,
103335,2016-07-29T06:00:00Z,10.6,128.7,1,1,0,3644.6874670662346,79900.0,7052.0,0,False,no_candidate_within_1deg,False,,,,,,
103335,2016-07-29T09:00:00Z,11.7,128.6,2,2,0,3485.795747886385,79948.0,7052.0,0,False,no_candidate_within_1deg,False,,,,,,
103336,2016-07-30T09:00:00Z,10.5,-114.4,2,1,1,15596.437968123382,80356.0,7052.0,0,False,no_candidate_within_1deg,False,,,,,,
103336,2016-07-30T12:00:00Z,11.4,-112.9,2,1,1,15649.620553629258,80392.0,7052.0,0,False,no_candidate_within_1deg,False,,,,,,
103336,2016-07-30T15:00:00Z,12.3,-111.3,2,1,1,15656.716444458323,80423.0,7052.0,0,False,no_candidate_within_1deg,False,,,,,,
103336,2016-07-30T18:00:00Z,13.6,-113.5,2,1,1,15388.593124739447,80460.0,7052.0,0,False,no_candidate_within_1deg,False,,,,,,
103336,2016-07-30T21:00:00Z,14.8,-115.7,2,1,1,15106.861352769569,80507.0,7053.0,0,False,no_candidate_within_1deg,False,,,,,,
103336,2016-07-31T00:00:00Z,14.9,-116.5,2,1,1,15076.960995095478,80553.0,7052.0,0,False,no_candidate_within_1deg,False,,,,,,
103336,2016-07-31T03:00:00Z,14.9,-117.3,2,1,1,15041.63447435511,80604.0,7052.0,0,False,no_candidate_within_1deg,False,,,,,,
103336,2016-07-31T06:00:00Z,13.2,-119.2,2,1,1,15048.66799861975,80651.0,7052.0,0,False,no_candidate_within_1deg,False,,,,,,
103336,2016-07-31T09:00:00Z,12.9,-119.9,2,1,1,15139.229729309918,80693.0,7052.0,0,False,no_candidate_within_1deg,False,,,,,,
103337,2016-07-31T06:00:00Z,18.6,-64.1,2,1,1,15148.022571795002,80651.0,7052.0,0,False,no_candidate_within_1deg,False,,,,,,
103337,2016-07-31T09:00:00Z,18.5,-64.6,2,1,1,15189.04927726737,80693.0,7052.0,0,False,no_candidate_within_1deg,False,,,,,,
103337,2016-07-31T12:00:00Z,18.4,-65.1,2,1,1,15220.091891152166,80739.0,7053.0,0,False,no_candidate_within_1deg,False,,,,,,
103337,2016-07-31T15:00:00Z,16.6,-68.8,2,1,1,15548.76627735115,80781.0,7053.0,0,False,no_candidate_within_1deg,False,,,,,,
103337,2016-07-31T18:00:00Z,17.2,-69.1,2,1,1,15468.379889385471,80828.0,7053.0,0,False,no_candidate_within_1deg,False,,,,,,
103337,2016-07-31T21:00:00Z,14.7,-66.0,2,1,1,15493.675955186476,80882.0,7052.0,0,False,no_candidate_within_1deg,False,,,,,,
103337,2016-08-01T00:00:00Z,16.0,-67.4,2,1,1,15511.939999098744,80938.0,7053.0,0,False,no_candidate_within_1deg,False,,,,,,
103337,2016-08-01T03:00:00Z,16.2,-68.1,2,1,1,15465.841397254953,80994.0,7053.0,0,False,no_candidate_within_1deg,False,,,,,,
103337,2016-08-01T06:00:00Z,16.4,-68.8,2,1,1,15459.354278380866,81047.0,7053.0,0,False,no_candidate_within_1deg,False,,,,,,
103337,2016-08-01T09:00:00Z,16.6,-69.5,3,2,1,14352.588769585473,81098.0,7056.0,0,False,no_candidate_within_1deg,False,,,,,,
103337,2016-08-01T12:00:00Z,16.6,-69.9,3,2,1,14246.501131579176,81149.0,7056.0,0,False,no_candidate_within_1deg,False,,,,,,
103337,2016-08-01T15:00:00Z,16.9,-70.7,3,2,1,14183.193070762814,81200.0,7056.0,0,False,no_candidate_within_1deg,False,,,,,,
103337,2016-08-01T18:00:00Z,17.2,-71.4,3,2,1,14193.445062824092,81246.0,7056.0,0,False,no_candidate_within_1deg,False,,,,,,
103337,2016-08-01T21:00:00Z,16.9,-73.0,3,2,1,14340.032841276841,81296.0,7056.0,0,False,no_candidate_within_1deg,False,,,,,,
103337,2016-08-02T00:00:00Z,17.0,-72.3,3,2,1,14291.324893080173,81354.0,7056.0,0,False,no_candidate_within_1deg,False,,,,,,
103337,2016-08-02T03:00:00Z,16.4,-75.3,3,2,1,14560.853879028446,81409.0,7056.0,0,False,no_candidate_within_1deg,False,,,,,,
103339,2016-08-02T18:00:00Z,17.2,147.0,3,1,2,7178.892798575928,81683.0,7056.0,0,False,no_candidate_within_1deg,False,,,,,,
103339,2016-08-02T21:00:00Z,18.0,146.2,3,2,1,6510.5997475083805,81720.0,7053.0,0,False,no_candidate_within_1deg,False,,,,,,
103339,2016-08-03T00:00:00Z,18.7,145.4,3,2,1,6431.587928888796,81769.0,7053.0,0,False,no_candidate_within_1deg,False,,,,,,
103339,2016-08-03T03:00:00Z,18.7,144.3,3,2,1,6379.431280667468,81815.0,7053.0,0,False,no_candidate_within_1deg,False,,,,,,
103339,2016-08-03T06:00:00Z,18.0,145.6,3,1,2,6779.611784157341,81862.0,7056.0,0,False,no_candidate_within_1deg,False,,,,,,
103339,2016-08-03T09:00:00Z,17.3,146.8,3,1,2,6876.700276955351,81897.0,7056.0,0,False,no_candidate_within_1deg,False,,,,,,
103339,2016-08-03T12:00:00Z,16.7,145.8,3,2,1,6417.357207188997,81937.0,7053.0,0,False,no_candidate_within_1deg,False,,,,,,
103339,2016-08-03T15:00:00Z,16.0,144.8,3,2,1,6350.746114969688,81979.0,7053.0,0,False,no_candidate_within_1deg,False,,,,,,
103339,2016-08-03T18:00:00Z,15.8,144.0,3,2,1,6287.879281505104,82022.0,7053.0,0,False,no_candidate_within_1deg,False,,,,,,
103339,2016-08-03T21:00:00Z,15.5,143.2,3,1,2,6225.030511387638,82063.0,7053.0,0,False,no_candidate_within_1deg,False,,,,,,
103339,2016-08-04T00:00:00Z,15.3,142.4,3,2,1,5771.141955517746,82104.0,7059.0,0,False,no_candidate_within_1deg,False,,,,,,
103339,2016-08-04T03:00:00Z,18.1,141.4,3,2,1,5706.976301855797,82143.0,7059.0,0,False,no_candidate_within_1deg,False,,,,,,
103339,2016-08-04T06:00:00Z,19.2,139.9,3,2,1,5602.312030348471,82178.0,7059.0,0,False,no_candidate_within_1deg,False,,,,,,
103339,2016-08-04T09:00:00Z,18.0,142.1,3,2,1,5826.105703794387,82212.0,7056.0,0,False,no_candidate_within_1deg,False,,,,,,
103348,2016-08-17T21:00:00Z,23.0,162.3,1,1,0,7655.3676901195095,87146.0,7068.0,0,False,no_candidate_within_1deg,False,,,,,,
103348,2016-08-18T00:00:00Z,22.5,161.5,1,1,0,7635.830907996843,87196.0,7068.0,0,False,no_candidate_within_1deg,False,,,,,,
103348,2016-08-18T03:00:00Z,22.8,159.8,1,1,0,7512.2847701773935,87248.0,7068.0,0,False,no_candidate_within_1deg,False,,,,,,
103348,2016-08-18T06:00:00Z,23.1,158.0,1,1,0,7382.427337989841,87295.0,7068.0,0,False,no_candidate_within_1deg,False,,,,,,
103348,2016-08-18T09:00:00Z,24.0,157.7,1,1,0,7371.942826122783,87335.0,7068.0,0,False,no_candidate_within_1deg,False,,,,,,
103348,2016-08-18T12:00:00Z,24.9,157.3,1,1,0,7348.636732513416,87370.0,7068.0,0,False,no_candidate_within_1deg,False,,,,,,
103348,2016-08-18T15:00:00Z,25.8,157.0,1,1,0,7337.36932876767,87408.0,7068.0,0,False,no_candidate_within_1deg,False,,,,,,
103348,2016-08-18T18:00:00Z,25.9,156.4,1,1,0,7350.891160705505,87449.0,7068.0,0,False,no_candidate_within_1deg,False,,,,,,
103348,2016-08-18T21:00:00Z,26.0,155.8,1,1,0,7325.157610899767,87497.0,7068.0,0,False,no_candidate_within_1deg,False,,,,,,
103345,2016-08-15T15:00:00Z,6.3,-28.4,2,2,0,11915.364872306905,86283.0,7065.0,0,False,no_candidate_within_1deg,False,,,,,,
103345,2016-08-15T18:00:00Z,8.4,-27.9,2,2,0,11741.811832496374,86329.0,7065.0,0,False,no_candidate_within_1deg,False,,,,,,
103345,2016-08-15T21:00:00Z,10.4,-27.3,2,2,0,11550.116084741469,86373.0,7065.0,0,False,no_candidate_within_1deg,False,,,,,,
103345,2016-08-16T00:00:00Z,10.3,-28.9,2,2,0,11738.889857405704,86415.0,7065.0,0,False,no_candidate_within_1deg,False,,,,,,
103345,2016-08-16T03:00:00Z,10.1,-30.8,2,2,0,11927.712839026663,86463.0,7065.0,0,False,no_candidate_within_1deg,False,,,,,,
103345,2016-08-16T06:00:00Z,9.6,-32.0,2,2,0,12087.295385261248,86500.0,7065.0,0,False,no_candidate_within_1deg,False,,,,,,
103345,2016-08-16T09:00:00Z,10.8,-30.9,2,2,0,11910.031635219742,86542.0,7065.0,0,False,no_candidate_within_1deg,False,,,,,,
103345,2016-08-16T12:00:00Z,11.1,-31.6,2,2,0,11992.474028505276,86587.0,7065.0,0,False,no_candidate_within_1deg,False,,,,,,
103345,2016-08-16T15:00:00Z,11.2,-32.3,2,2,0,12092.824211883097,86637.0,7065.0,0,False,no_candidate_within_1deg,False,,,,,,
103349,2016-08-20T09:00:00Z,11.6,-17.7,1,1,0,9923.876746656964,87966.0,7068.0,0,False,no_candidate_within_1deg,False,,,,,,
103349,2016-08-20T12:00:00Z,9.2,-16.3,1,1,0,9877.087396465598,88007.0,7068.0,0,False,no_candidate_within_1deg,False,,,,,,
103349,2016-08-20T15:00:00Z,11.0,-16.6,1,1,0,9788.055821872795,88050.0,7068.0,0,False,no_candidate_within_1deg,False,,,,,,
103349,2016-08-20T18:00:00Z,12.7,-17.0,1,1,0,9743.61747456514,88093.0,7068.0,0,False,no_candidate_within_1deg,False,,,,,,
103349,2016-08-20T21:00:00Z,11.8,-17.6,1,1,0,9811.835654778264,88140.0,7068.0,0,False,no_candidate_within_1deg,False,,,,,,
103349,2016-08-21T00:00:00Z,10.8,-18.3,2,2,0,9931.821468914795,88183.0,7068.0,0,False,no_candidate_within_1deg,False,,,,,,
103349,2016-08-21T03:00:00Z,9.9,-18.9,2,2,0,10031.032072170623,88229.0,7068.0,0,False,no_candidate_within_1deg,False,,,,,,
103349,2016-08-21T06:00:00Z,9.5,-19.3,2,2,0,10085.115460109,88269.0,7068.0,0,False,no_candidate_within_1deg,False,,,,,,
103349,2016-08-21T09:00:00Z,9.2,-19.4,2,2,0,10100.687430381375,88311.0,7068.0,0,False,no_candidate_within_1deg,False,,,,,,
103354,2016-08-27T15:00:00Z,22.5,-75.7,1,1,0,13905.155862620013,90161.0,7069.0,0,False,no_candidate_within_1deg,False,,,,,,
103354,2016-08-27T18:00:00Z,22.5,-76.0,1,0,1,,,,0,False,no_candidate_within_1deg,False,,,,,,
103354,2016-08-27T21:00:00Z,22.6,-76.3,1,1,0,13922.564490707724,90222.0,7069.0,0,False,no_candidate_within_1deg,False,,,,,,
103354,2016-08-28T00:00:00Z,22.6,-76.7,0,0,0,,,,0,False,no_candidate_within_1deg,False,,,,,,
103354,2016-08-28T03:00:00Z,22.6,-77.0,0,0,0,,,,0,False,no_candidate_within_1deg,False,,,,,,
103354,2016-08-28T06:00:00Z,22.2,-77.8,0,0,0,,,,0,False,no_candidate_within_1deg,False,,,,,,
103354,2016-08-28T09:00:00Z,21.8,-78.5,0,0,0,,,,0,False,no_candidate_within_1deg,False,,,,,,
103354,2016-08-28T12:00:00Z,21.3,-79.3,0,0,0,,,,0,False,no_candidate_within_1deg,False,,,,,,
103354,2016-08-28T15:00:00Z,20.9,-80.0,0,0,0,,,,0,False,no_candidate_within_1deg,False,,,,,,
103355,2016-08-29T15:00:00Z,16.4,117.5,0,0,0,,,,0,False,no_candidate_within_1deg,False,,,,,,
103355,2016-08-29T18:00:00Z,16.2,117.9,0,0,0,,,,0,False,no_candidate_within_1deg,False,,,,,,
103355,2016-08-29T21:00:00Z,15.8,118.5,0,0,0,,,,0,False,no_candidate_within_1deg,False,,,,,,
103355,2016-08-30T00:00:00Z,16.9,118.4,0,0,0,,,,0,False,no_candidate_within_1deg,False,,,,,,
103355,2016-08-30T03:00:00Z,17.9,118.2,0,0,0,,,,0,False,no_candidate_within_1deg,False,,,,,,
103355,2016-08-30T06:00:00Z,19.0,118.1,0,0,0,,,,0,False,no_candidate_within_1deg,False,,,,,,
103355,2016-08-30T09:00:00Z,18.5,119.3,0,0,0,,,,0,False,no_candidate_within_1deg,False,,,,,,
103355,2016-08-30T12:00:00Z,18.0,119.3,0,0,0,,,,0,False,no_candidate_within_1deg,False,,,,,,
103355,2016-08-30T15:00:00Z,18.6,120.1,0,0,0,,,,0,False,no_candidate_within_1deg,False,,,,,,
103356,2016-09-02T18:00:00Z,11.8,-107.6,0,0,0,,,,0,False,no_candidate_within_1deg,False,,,,,,
103356,2016-09-02T21:00:00Z,12.2,-107.8,0,0,0,,,,0,False,no_candidate_within_1deg,False,,,,,,
103356,2016-09-03T00:00:00Z,12.5,-108.0,0,0,0,,,,0,False,no_candidate_within_1deg,False,,,,,,
103356,2016-09-03T03:00:00Z,12.3,-108.7,0,0,0,,,,0,False,no_candidate_within_1deg,False,,,,,,
103356,2016-09-03T06:00:00Z,12.0,-109.5,0,0,0,,,,0,False,no_candidate_within_1deg,False,,,,,,
103356,2016-09-03T09:00:00Z,11.8,-110.2,0,0,0,,,,0,False,no_candidate_within_1deg,False,,,,,,
103356,2016-09-03T12:00:00Z,11.5,-110.9,0,0,0,,,,0,False,no_candidate_within_1deg,False,,,,,,
103356,2016-09-03T15:00:00Z,14.0,-109.7,0,0,0,,,,0,False,no_candidate_within_1deg,False,,,,,,
103356,2016-09-03T18:00:00Z,13.8,-110.4,0,0,0,,,,0,False,no_candidate_within_1deg,False,,,,,,
103356,2016-09-03T21:00:00Z,13.6,-111.1,0,0,0,,,,0,False,no_candidate_within_1deg,False,,,,,,
103356,2016-09-04T00:00:00Z,14.8,-110.7,1,1,0,15574.378847195323,92397.0,7073.0,0,False,no_candidate_within_1deg,False,,,,,,
103356,2016-09-04T03:00:00Z,14.3,-108.3,1,1,0,15773.831772109628,92428.0,7073.0,0,False,no_candidate_within_1deg,False,,,,,,
103360,2016-09-09T06:00:00Z,12.1,-109.5,0,0,0,,,,0,False,no_candidate_within_1deg,False,,,,,,
103360,2016-09-09T09:00:00Z,12.5,-110.3,0,0,0,,,,0,False,no_candidate_within_1deg,False,,,,,,
103360,2016-09-09T12:00:00Z,12.5,-111.5,0,0,0,,,,0,False,no_candidate_within_1deg,False,,,,,,
103360,2016-09-09T15:00:00Z,12.9,-111.8,0,0,0,,,,0,False,no_candidate_within_1deg,False,,,,,,
103360,2016-09-09T18:00:00Z,12.1,-111.8,0,0,0,,,,0,False,no_candidate_within_1deg,False,,,,,,
103360,2016-09-09T21:00:00Z,12.2,-114.4,0,0,0,,,,0,False,no_candidate_within_1deg,False,,,,,,
103360,2016-09-10T00:00:00Z,12.2,-115.0,0,0,0,,,,0,False,no_candidate_within_1deg,False,,,,,,
103360,2016-09-10T03:00:00Z,12.6,-114.6,0,0,0,,,,0,False,no_candidate_within_1deg,False,,,,,,
103360,2016-09-10T06:00:00Z,12.9,-114.1,0,0,0,,,,0,False,no_candidate_within_1deg,False,,,,,,
103360,2016-09-10T09:00:00Z,13.0,-114.6,0,0,0,,,,0,False,no_candidate_within_1deg,False,,,,,,
103361,2016-09-10T00:00:00Z,10.8,155.2,0,0,0,,,,0,False,no_candidate_within_1deg,False,,,,,,
103361,2016-09-10T03:00:00Z,10.8,153.9,0,0,0,,,,0,False,no_candidate_within_1deg,False,,,,,,
103361,2016-09-10T06:00:00Z,10.5,152.6,0,0,0,,,,0,False,no_candidate_within_1deg,False,,,,,,
103361,2016-09-10T09:00:00Z,10.7,151.9,0,0,0,,,,0,False,no_candidate_within_1deg,False,,,,,,
103361,2016-09-10T12:00:00Z,10.8,151.2,0,0,0,,,,0,False,no_candidate_within_1deg,False,,,,,,
103361,2016-09-10T15:00:00Z,10.4,150.3,0,0,0,,,,0,False,no_candidate_within_1deg,False,,,,,,
103361,2016-09-10T18:00:00Z,9.7,149.2,0,0,0,,,,0,False,no_candidate_within_1deg,False,,,,,,
103361,2016-09-10T21:00:00Z,10.2,148.9,0,0,0,,,,0,False,no_candidate_within_1deg,False,,,,,,
103361,2016-09-11T00:00:00Z,10.7,148.4,0,0,0,,,,0,False,no_candidate_within_1deg,False,,,,,,
103361,2016-09-11T03:00:00Z,10.7,147.7,0,0,0,,,,0,False,no_candidate_within_1deg,False,,,,,,
103361,2016-09-11T06:00:00Z,11.6,146.7,0,0,0,,,,0,False,no_candidate_within_1deg,False,,,,,,
103361,2016-09-11T09:00:00Z,11.8,146.2,0,0,0,,,,0,False,no_candidate_within_1deg,False,,,,,,
103362,2016-09-10T18:00:00Z,10.6,-41.9,0,0,0,,,,0,False,no_candidate_within_1deg,False,,,,,,
103362,2016-09-10T21:00:00Z,10.7,-42.3,0,0,0,,,,0,False,no_candidate_within_1deg,False,,,,,,
103362,2016-09-11T00:00:00Z,10.7,-42.8,0,0,0,,,,0,False,no_candidate_within_1deg,False,,,,,,
103362,2016-09-11T03:00:00Z,12.4,-42.9,0,0,0,,,,0,False,no_candidate_within_1deg,False,,,,,,
103362,2016-09-11T06:00:00Z,14.1,-43.1,0,0,0,,,,0,False,no_candidate_within_1deg,False,,,,,,
103362,2016-09-11T09:00:00Z,15.3,-44.0,0,0,0,,,,0,False,no_candidate_within_1deg,False,,,,,,
103362,2016-09-11T12:00:00Z,16.5,-45.0,0,0,0,,,,0,False,no_candidate_within_1deg,False,,,,,,
103362,2016-09-11T15:00:00Z,17.7,-45.9,0,0,0,,,,0,False,no_candidate_within_1deg,False,,,,,,
103362,2016-09-11T18:00:00Z,18.3,-45.8,0,0,0,,,,0,False,no_candidate_within_1deg,False,,,,,,
103362,2016-09-11T21:00:00Z,20.1,-46.9,0,0,0,,,,0,False,no_candidate_within_1deg,False,,,,,,
103370,2016-09-24T00:00:00Z,10.4,-112.2,1,1,0,16683.232966201715,98194.0,7074.0,0,False,no_candidate_within_1deg,False,,,,,,
103370,2016-09-24T03:00:00Z,11.3,-111.9,1,1,0,16571.52632082896,98231.0,7074.0,0,False,no_candidate_within_1deg,False,,,,,,
103370,2016-09-24T06:00:00Z,12.2,-111.6,1,1,0,16441.519846718384,98267.0,7074.0,0,False,no_candidate_within_1deg,False,,,,,,
103370,2016-09-24T09:00:00Z,13.1,-111.3,1,1,0,16358.414055549154,98312.0,7074.0,0,False,no_candidate_within_1deg,False,,,,,,
103370,2016-09-24T12:00:00Z,14.0,-111.0,1,1,0,16283.581437442885,98352.0,7074.0,0,False,no_candidate_within_1deg,False,,,,,,
103370,2016-09-24T15:00:00Z,14.5,-113.0,1,1,0,16133.646587707266,98399.0,7074.0,0,False,no_candidate_within_1deg,False,,,,,,
103370,2016-09-24T18:00:00Z,14.4,-112.7,1,1,0,16140.619569525645,98451.0,7074.0,0,False,no_candidate_within_1deg,False,,,,,,
103370,2016-09-24T21:00:00Z,14.6,-116.8,1,1,0,15943.796167268649,98500.0,7074.0,0,False,no_candidate_within_1deg,False,,,,,,
103370,2016-09-25T00:00:00Z,14.5,-113.5,1,1,0,16153.79372160982,98548.0,7074.0,0,False,no_candidate_within_1deg,False,,,,,,
103370,2016-09-25T03:00:00Z,14.9,-114.5,1,1,0,16099.175701125901,98595.0,7074.0,0,False,no_candidate_within_1deg,False,,,,,,
103370,2016-09-25T06:00:00Z,15.3,-115.5,1,1,0,16006.983590464977,98647.0,7074.0,0,False,no_candidate_within_1deg,False,,,,,,
103370,2016-09-25T09:00:00Z,15.6,-116.6,1,1,0,15908.816146473262,98695.0,7074.0,0,False,no_candidate_within_1deg,False,,,,,,
103368,2016-09-24T15:00:00Z,15.3,165.1,1,1,0,9036.77844617761,98399.0,7074.0,0,False,no_candidate_within_1deg,False,,,,,,
103368,2016-09-24T18:00:00Z,15.5,164.3,1,1,0,8950.54585606235,98451.0,7074.0,0,False,no_candidate_within_1deg,False,,,,,,
103368,2016-09-24T21:00:00Z,15.5,163.8,1,1,0,8908.27009614221,98500.0,7074.0,0,False,no_candidate_within_1deg,False,,,,,,
103368,2016-09-25T00:00:00Z,15.4,163.4,1,1,0,8904.324725505878,98548.0,7074.0,0,False,no_candidate_within_1deg,False,,,,,,
103368,2016-09-25T03:00:00Z,15.3,162.6,1,1,0,8826.953230167983,98595.0,7074.0,0,False,no_candidate_within_1deg,False,,,,,,
103368,2016-09-25T06:00:00Z,15.2,161.8,1,1,0,8733.461489922123,98647.0,7074.0,0,False,no_candidate_within_1deg,False,,,,,,
103368,2016-09-25T09:00:00Z,15.3,161.7,1,1,0,8702.620936620833,98695.0,7074.0,0,False,no_candidate_within_1deg,False,,,,,,
103368,2016-09-25T12:00:00Z,15.1,161.0,1,1,0,8630.090405863159,98745.0,7074.0,0,False,no_candidate_within_1deg,False,,,,,,
103368,2016-09-25T15:00:00Z,14.8,160.5,1,1,0,8578.755934914547,98793.0,7074.0,0,False,no_candidate_within_1deg,False,,,,,,
103373,2016-10-02T06:00:00Z,20.0,-51.3,0,0,0,,,,0,False,no_candidate_within_1deg,False,,,,,,
103373,2016-10-02T09:00:00Z,20.4,-52.1,0,0,0,,,,0,False,no_candidate_within_1deg,False,,,,,,
103373,2016-10-02T12:00:00Z,20.9,-52.9,0,0,0,,,,0,False,no_candidate_within_1deg,False,,,,,,
103373,2016-10-02T15:00:00Z,21.3,-53.7,0,0,0,,,,0,False,no_candidate_within_1deg,False,,,,,,
103373,2016-10-02T18:00:00Z,21.3,-53.8,0,0,0,,,,0,False,no_candidate_within_1deg,False,,,,,,
103373,2016-10-02T21:00:00Z,21.5,-54.3,0,0,0,,,,0,False,no_candidate_within_1deg,False,,,,,,
103373,2016-10-03T00:00:00Z,21.8,-54.9,0,0,0,,,,0,False,no_candidate_within_1deg,False,,,,,,
103373,2016-10-03T03:00:00Z,22.0,-55.4,0,0,0,,,,0,False,no_candidate_within_1deg,False,,,,,,
103373,2016-10-03T06:00:00Z,22.2,-56.0,0,0,0,,,,0,False,no_candidate_within_1deg,False,,,,,,
103373,2016-10-03T09:00:00Z,22.2,-56.4,0,0,0,,,,0,False,no_candidate_within_1deg,False,,,,,,
103373,2016-10-03T12:00:00Z,22.2,-56.8,0,0,0,,,,0,False,no_candidate_within_1deg,False,,,,,,
103373,2016-10-03T15:00:00Z,22.1,-57.2,0,0,0,,,,0,False,no_candidate_within_1deg,False,,,,,,
103373,2016-10-03T18:00:00Z,22.1,-57.6,0,0,0,,,,0,False,no_candidate_within_1deg,False,,,,,,
103373,2016-10-03T21:00:00Z,21.8,-57.4,0,0,0,,,,0,False,no_candidate_within_1deg,False,,,,,,
103373,2016-10-04T00:00:00Z,22.8,-56.0,0,0,0,,,,0,False,no_candidate_within_1deg,False,,,,,,
103373,2016-10-04T03:00:00Z,21.8,-57.7,0,0,0,,,,0,False,no_candidate_within_1deg,False,,,,,,
103372,2016-10-02T21:00:00Z,15.6,-171.9,0,0,0,,,,0,False,no_candidate_within_1deg,False,,,,,,
103372,2016-10-03T00:00:00Z,16.5,-171.5,0,0,0,,,,0,False,no_candidate_within_1deg,False,,,,,,
103372,2016-10-03T03:00:00Z,15.4,-172.9,0,0,0,,,,0,False,no_candidate_within_1deg,False,,,,,,
103372,2016-10-03T06:00:00Z,14.4,-174.2,0,0,0,,,,0,False,no_candidate_within_1deg,False,,,,,,
103372,2016-10-03T09:00:00Z,13.3,-175.6,0,0,0,,,,0,False,no_candidate_within_1deg,False,,,,,,
103372,2016-10-03T12:00:00Z,15.6,-175.4,0,0,0,,,,0,False,no_candidate_within_1deg,False,,,,,,
103372,2016-10-03T15:00:00Z,17.8,-175.2,0,0,0,,,,0,False,no_candidate_within_1deg,False,,,,,,
103372,2016-10-03T18:00:00Z,19.2,-178.7,0,0,0,,,,0,False,no_candidate_within_1deg,False,,,,,,
103372,2016-10-03T21:00:00Z,18.2,-178.0,0,0,0,,,,0,False,no_candidate_within_1deg,False,,,,,,
103375,2016-10-11T18:00:00Z,8.8,128.1,1,1,0,4382.230647090841,103649.0,7080.0,0,False,no_candidate_within_1deg,False,,,,,,
103375,2016-10-11T21:00:00Z,8.1,126.7,1,1,0,4244.211826528539,103695.0,7080.0,0,False,no_candidate_within_1deg,False,,,,,,
103375,2016-10-12T00:00:00Z,8.9,126.4,1,1,0,4161.223308909372,103749.0,7080.0,0,False,no_candidate_within_1deg,False,,,,,,
103375,2016-10-12T03:00:00Z,9.7,126.0,1,1,0,4065.647935098873,103805.0,7080.0,0,False,no_candidate_within_1deg,False,,,,,,
103375,2016-10-12T06:00:00Z,9.2,125.0,1,1,0,3998.816202767733,103860.0,7080.0,0,False,no_candidate_within_1deg,False,,,,,,
103375,2016-10-12T09:00:00Z,9.6,125.6,1,1,0,4087.664574909932,103912.0,7080.0,0,False,no_candidate_within_1deg,False,,,,,,
103375,2016-10-12T12:00:00Z,9.9,126.1,1,1,0,4092.7014313559716,103960.0,7080.0,0,False,no_candidate_within_1deg,False,,,,,,
103375,2016-10-12T15:00:00Z,10.3,126.7,1,1,0,4124.202571856854,104009.0,7080.0,0,False,no_candidate_within_1deg,False,,,,,,
103375,2016-10-12T18:00:00Z,10.6,127.3,1,1,0,4183.349561368774,104063.0,7080.0,0,False,no_candidate_within_1deg,False,,,,,,
103375,2016-10-12T21:00:00Z,13.6,129.6,1,1,0,4284.222421099933,104111.0,7080.0,0,False,no_candidate_within_1deg,False,,,,,,
103375,2016-10-13T00:00:00Z,12.2,126.2,1,1,0,4040.4491501857956,104154.0,7080.0,0,False,no_candidate_within_1deg,False,,,,,,
103375,2016-10-13T03:00:00Z,14.7,129.2,1,1,0,4370.869324940713,104211.0,7080.0,0,False,no_candidate_within_1deg,False,,,,,,
103378,2016-10-21T03:00:00Z,11.4,-96.5,1,1,0,17198.140641854574,106885.0,7081.0,0,False,no_candidate_within_1deg,False,,,,,,
103378,2016-10-21T06:00:00Z,11.4,-96.7,1,1,0,17173.085205222917,106922.0,7081.0,0,False,no_candidate_within_1deg,False,,,,,,
103378,2016-10-21T09:00:00Z,11.7,-97.3,1,1,0,17110.79653819739,106963.0,7081.0,0,False,no_candidate_within_1deg,False,,,,,,
103378,2016-10-21T12:00:00Z,12.0,-97.8,2,1,1,17150.29565045849,107005.0,7082.0,0,False,no_candidate_within_1deg,False,,,,,,
103378,2016-10-21T15:00:00Z,12.3,-98.4,2,1,1,16959.665690291095,107051.0,7081.0,0,False,no_candidate_within_1deg,False,,,,,,
103378,2016-10-21T18:00:00Z,11.4,-99.0,2,1,1,17003.45899338971,107091.0,7081.0,0,False,no_candidate_within_1deg,False,,,,,,
103378,2016-10-21T21:00:00Z,10.4,-99.6,2,1,1,17066.912819892605,107125.0,7081.0,0,False,no_candidate_within_1deg,False,,,,,,
103378,2016-10-22T00:00:00Z,9.5,-100.1,2,1,1,17143.701853693463,107158.0,7081.0,0,False,no_candidate_within_1deg,False,,,,,,
103378,2016-10-22T03:00:00Z,8.5,-100.7,2,1,1,17189.07678208869,107193.0,7081.0,0,False,no_candidate_within_1deg,False,,,,,,
103385,2016-11-27T18:00:00Z,2.5,88.4,0,0,0,,,,0,False,no_candidate_within_1deg,False,,,,,,
103385,2016-11-27T21:00:00Z,4.1,88.1,0,0,0,,,,0,False,no_candidate_within_1deg,False,,,,,,
103385,2016-11-28T00:00:00Z,5.7,87.8,0,0,0,,,,0,False,no_candidate_within_1deg,False,,,,,,
103385,2016-11-28T03:00:00Z,5.8,87.9,0,0,0,,,,0,False,no_candidate_within_1deg,False,,,,,,
103385,2016-11-28T06:00:00Z,5.8,87.9,0,0,0,,,,0,False,no_candidate_within_1deg,False,,,,,,
103385,2016-11-28T09:00:00Z,5.9,88.0,0,0,0,,,,0,False,no_candidate_within_1deg,False,,,,,,
103385,2016-11-28T12:00:00Z,6.6,87.7,0,0,0,,,,0,False,no_candidate_within_1deg,False,,,,,,
103385,2016-11-28T15:00:00Z,7.4,87.4,0,0,0,,,,0,False,no_candidate_within_1deg,False,,,,,,
103385,2016-11-28T18:00:00Z,8.1,87.1,0,0,0,,,,0,False,no_candidate_within_1deg,False,,,,,,
103385,2016-11-28T21:00:00Z,8.8,86.8,0,0,0,,,,0,False,no_candidate_within_1deg,False,,,,,,
103385,2016-11-29T00:00:00Z,8.3,86.8,0,0,0,,,,0,False,no_candidate_within_1deg,False,,,,,,
103385,2016-11-29T03:00:00Z,7.8,86.9,1,1,0,296.5476047355546,119425.0,7089.0,0,False,no_candidate_within_1deg,False,,,,,,
103385,2016-11-29T06:00:00Z,7.3,86.9,1,1,0,176.10896120395117,119467.0,7089.0,0,False,no_candidate_within_1deg,False,,,,,,
103385,2016-11-29T09:00:00Z,6.8,86.9,1,0,1,,,,0,False,no_candidate_within_1deg,False,,,,,,
103386,2016-12-05T03:00:00Z,9.0,93.1,1,1,0,307.1593986181613,120959.0,7091.0,0,False,no_candidate_within_1deg,False,,,,,,
103386,2016-12-05T06:00:00Z,8.3,93.5,1,1,0,208.3506316398623,120990.0,7091.0,0,False,no_candidate_within_1deg,False,,,,,,
103386,2016-12-05T09:00:00Z,7.6,93.8,1,1,0,112.69031616300485,121011.0,7091.0,0,False,no_candidate_within_1deg,False,,,,,,
103386,2016-12-05T12:00:00Z,6.9,94.2,1,1,0,117.2029985289218,121038.0,7091.0,0,False,no_candidate_within_1deg,False,,,,,,
103386,2016-12-05T15:00:00Z,9.9,93.5,1,1,0,347.1748834068729,121065.0,7091.0,0,False,no_candidate_within_1deg,False,,,,,,
103386,2016-12-05T18:00:00Z,8.5,93.7,1,1,0,153.00223970204473,121089.0,7091.0,0,False,no_candidate_within_1deg,False,,,,,,
103386,2016-12-05T21:00:00Z,9.0,93.4,1,1,0,165.98317660616115,121114.0,7091.0,0,False,no_candidate_within_1deg,False,,,,,,
103386,2016-12-06T00:00:00Z,9.4,93.1,1,1,0,167.17047543964884,121143.0,7091.0,0,False,no_candidate_within_1deg,False,,,,,,
103386,2016-12-06T03:00:00Z,8.8,93.8,1,1,0,178.62406654556986,121175.0,7091.0,0,False,no_candidate_within_1deg,False,,,,,,
103398,2017-03-04T21:00:00Z,-10.0,75.5,0,0,0,,,,0,False,no_candidate_within_1deg,False,,,,,,
103398,2017-03-05T00:00:00Z,-11.0,77.0,0,0,0,,,,0,False,no_candidate_within_1deg,False,,,,,,
103398,2017-03-05T03:00:00Z,-12.0,78.5,0,0,0,,,,0,False,no_candidate_within_1deg,False,,,,,,
103398,2017-03-05T06:00:00Z,-13.0,80.0,0,0,0,,,,0,False,no_candidate_within_1deg,False,,,,,,
103398,2017-03-05T09:00:00Z,-13.3,79.6,0,0,0,,,,0,False,no_candidate_within_1deg,False,,,,,,
103398,2017-03-05T12:00:00Z,-13.6,79.2,0,0,0,,,,0,False,no_candidate_within_1deg,False,,,,,,
103398,2017-03-05T15:00:00Z,-13.8,78.7,0,0,0,,,,0,False,no_candidate_within_1deg,False,,,,,,
103398,2017-03-05T18:00:00Z,-14.1,78.3,0,0,0,,,,0,False,no_candidate_within_1deg,False,,,,,,
103398,2017-03-05T21:00:00Z,-14.2,78.3,0,0,0,,,,0,False,no_candidate_within_1deg,False,,,,,,
103403,2017-04-05T15:00:00Z,-9.6,171.3,0,0,0,,,,0,False,no_candidate_within_1deg,False,,,,,,
103403,2017-04-05T18:00:00Z,-13.2,172.8,0,0,0,,,,0,False,no_candidate_within_1deg,False,,,,,,
103403,2017-04-05T21:00:00Z,-12.8,170.7,0,0,0,,,,0,False,no_candidate_within_1deg,False,,,,,,
103403,2017-04-06T00:00:00Z,-12.3,168.7,0,0,0,,,,0,False,no_candidate_within_1deg,False,,,,,,
103403,2017-04-06T03:00:00Z,-9.7,170.3,0,0,0,,,,0,False,no_candidate_within_1deg,False,,,,,,
103403,2017-04-06T06:00:00Z,-9.3,170.1,0,0,0,,,,0,False,no_candidate_within_1deg,False,,,,,,
103403,2017-04-06T09:00:00Z,-8.8,169.8,0,0,0,,,,0,False,no_candidate_within_1deg,False,,,,,,
103403,2017-04-06T12:00:00Z,-8.4,169.6,0,0,0,,,,0,False,no_candidate_within_1deg,False,,,,,,
103403,2017-04-06T15:00:00Z,-8.7,169.6,0,0,0,,,,0,False,no_candidate_within_1deg,False,,,,,,
103404,2017-04-12T21:00:00Z,12.0,90.8,0,0,0,,,,0,False,no_candidate_within_1deg,False,,,,,,
103404,2017-04-13T00:00:00Z,11.7,91.0,0,0,0,,,,0,False,no_candidate_within_1deg,False,,,,,,
103404,2017-04-13T03:00:00Z,11.4,89.9,0,0,0,,,,0,False,no_candidate_within_1deg,False,,,,,,
103404,2017-04-13T06:00:00Z,11.1,88.8,0,0,0,,,,0,False,no_candidate_within_1deg,False,,,,,,
103404,2017-04-13T09:00:00Z,10.8,87.7,0,0,0,,,,0,False,no_candidate_within_1deg,False,,,,,,
103404,2017-04-13T12:00:00Z,10.5,86.6,0,0,0,,,,0,False,no_candidate_within_1deg,False,,,,,,
103404,2017-04-13T15:00:00Z,10.8,85.4,0,0,0,,,,0,False,no_candidate_within_1deg,False,,,,,,
103404,2017-04-13T18:00:00Z,11.1,84.2,1,1,0,324.9378404590804,38501.0,7094.0,0,False,no_candidate_within_1deg,False,,,,,,
103404,2017-04-13T21:00:00Z,8.4,86.0,1,1,0,113.80086198110212,38542.0,7094.0,0,False,no_candidate_within_1deg,False,,,,,,
103409,2017-04-30T18:00:00Z,-11.7,164.8,0,0,0,,,,0,False,no_candidate_within_1deg,False,,,,,,
103409,2017-04-30T21:00:00Z,-11.1,165.9,0,0,0,,,,0,False,no_candidate_within_1deg,False,,,,,,
103409,2017-05-01T00:00:00Z,-10.5,166.1,0,0,0,,,,0,False,no_candidate_within_1deg,False,,,,,,
103409,2017-05-01T03:00:00Z,-11.5,166.4,0,0,0,,,,0,False,no_candidate_within_1deg,False,,,,,,
103409,2017-05-01T06:00:00Z,-12.5,165.7,0,0,0,,,,0,False,no_candidate_within_1deg,False,,,,,,
103409,2017-05-01T09:00:00Z,-13.4,165.0,0,0,0,,,,0,False,no_candidate_within_1deg,False,,,,,,
103409,2017-05-01T12:00:00Z,-13.3,164.9,0,0,0,,,,0,False,no_candidate_within_1deg,False,,,,,,
103409,2017-05-01T15:00:00Z,-13.2,164.7,0,0,0,,,,0,False,no_candidate_within_1deg,False,,,,,,
103409,2017-05-01T18:00:00Z,-13.1,164.6,0,0,0,,,,0,False,no_candidate_within_1deg,False,,,,,,
103409,2017-05-01T21:00:00Z,-13.0,164.5,0,0,0,,,,0,False,no_candidate_within_1deg,False,,,,,,
103409,2017-05-02T00:00:00Z,-12.7,166.2,0,0,0,,,,0,False,no_candidate_within_1deg,False,,,,,,
103409,2017-05-02T03:00:00Z,-12.3,167.9,0,0,0,,,,0,False,no_candidate_within_1deg,False,,,,,,
103410,2017-05-06T03:00:00Z,-18.3,-178.6,0,0,0,,,,0,False,no_candidate_within_1deg,False,,,,,,
103410,2017-05-06T06:00:00Z,-18.3,-177.6,0,0,0,,,,0,False,no_candidate_within_1deg,False,,,,,,
103410,2017-05-06T09:00:00Z,-18.3,-176.6,0,0,0,,,,0,False,no_candidate_within_1deg,False,,,,,,
103410,2017-05-06T12:00:00Z,-17.8,-178.0,0,0,0,,,,0,False,no_candidate_within_1deg,False,,,,,,
103410,2017-05-06T15:00:00Z,-17.2,-179.4,0,0,0,,,,0,False,no_candidate_within_1deg,False,,,,,,
103410,2017-05-06T18:00:00Z,-17.7,-179.1,0,0,0,,,,0,False,no_candidate_within_1deg,False,,,,,,
103410,2017-05-06T21:00:00Z,-17.8,-177.6,0,0,0,,,,0,False,no_candidate_within_1deg,False,,,,,,
103410,2017-05-07T00:00:00Z,-17.7,-176.0,0,0,0,,,,0,False,no_candidate_within_1deg,False,,,,,,
103410,2017-05-07T03:00:00Z,-17.8,-175.7,0,0,0,,,,0,False,no_candidate_within_1deg,False,,,,,,
103411,2017-05-08T00:00:00Z,5.7,-94.6,0,0,0,,,,0,False,no_candidate_within_1deg,False,,,,,,
103411,2017-05-08T03:00:00Z,5.7,-94.0,0,0,0,,,,0,False,no_candidate_within_1deg,False,,,,,,
103411,2017-05-08T06:00:00Z,6.5,-92.7,0,0,0,,,,0,False,no_candidate_within_1deg,False,,,,,,
103411,2017-05-08T09:00:00Z,7.3,-91.4,0,0,0,,,,0,False,no_candidate_within_1deg,False,,,,,,
103411,2017-05-08T12:00:00Z,9.7,-90.7,0,0,0,,,,0,False,no_candidate_within_1deg,False,,,,,,
103411,2017-05-08T15:00:00Z,12.0,-90.0,0,0,0,,,,0,False,no_candidate_within_1deg,False,,,,,,
103411,2017-05-08T18:00:00Z,11.9,-89.1,0,0,0,,,,0,False,no_candidate_within_1deg,False,,,,,,
103411,2017-05-08T21:00:00Z,11.7,-88.1,0,0,0,,,,0,False,no_candidate_within_1deg,False,,,,,,
103411,2017-05-09T00:00:00Z,11.6,-87.2,0,0,0,,,,0,False,no_candidate_within_1deg,False,,,,,,
103411,2017-05-09T03:00:00Z,11.4,-86.3,0,0,0,,,,0,False,no_candidate_within_1deg,False,,,,,,
103411,2017-05-09T06:00:00Z,11.8,-86.6,0,0,0,,,,0,False,no_candidate_within_1deg,False,,,,,,
103411,2017-05-09T09:00:00Z,11.5,-88.7,0,0,0,,,,0,False,no_candidate_within_1deg,False,,,,,,
103411,2017-05-09T12:00:00Z,11.2,-90.8,0,0,0,,,,0,False,no_candidate_within_1deg,False,,,,,,
103411,2017-05-09T15:00:00Z,11.0,-91.6,0,0,0,,,,0,False,no_candidate_within_1deg,False,,,,,,
103413,2017-05-30T06:00:00Z,7.8,-92.5,1,1,0,16614.825648440878,54802.0,7098.0,0,False,no_candidate_within_1deg,False,,,,,,
103413,2017-05-30T09:00:00Z,7.7,-93.8,1,1,0,16510.929253177084,54857.0,7098.0,0,False,no_candidate_within_1deg,False,,,,,,
103413,2017-05-30T12:00:00Z,7.7,-95.0,1,1,0,16400.91704741221,54910.0,7098.0,0,False,no_candidate_within_1deg,False,,,,,,
103413,2017-05-30T15:00:00Z,7.6,-96.2,1,1,0,16296.089108317034,54967.0,7098.0,0,False,no_candidate_within_1deg,False,,,,,,
103413,2017-05-30T18:00:00Z,8.6,-97.4,1,1,0,16060.343548730798,55022.0,7098.0,0,False,no_candidate_within_1deg,False,,,,,,
103413,2017-05-30T21:00:00Z,9.6,-98.5,1,1,0,15825.661855243961,55079.0,7098.0,0,False,no_candidate_within_1deg,False,,,,,,
103413,2017-05-31T00:00:00Z,10.6,-99.7,1,1,0,15610.689561545918,55146.0,7098.0,0,False,no_candidate_within_1deg,False,,,,,,
103413,2017-05-31T03:00:00Z,9.1,-98.3,1,1,0,15765.110618495775,55215.0,7098.0,0,False,no_candidate_within_1deg,False,,,,,,
103413,2017-05-31T06:00:00Z,12.7,-98.0,1,1,0,15389.984391932114,55280.0,7098.0,0,False,no_candidate_within_1deg,False,,,,,,
103413,2017-05-31T09:00:00Z,13.3,-97.2,0,0,0,,,,0,False,no_candidate_within_1deg,False,,,,,,
103418,2017-06-22T21:00:00Z,13.4,-90.3,0,0,0,,,,0,False,no_candidate_within_1deg,False,,,,,,
103418,2017-06-23T00:00:00Z,15.4,-93.3,0,0,0,,,,0,False,no_candidate_within_1deg,False,,,,,,
103418,2017-06-23T03:00:00Z,15.5,-93.3,0,0,0,,,,0,False,no_candidate_within_1deg,False,,,,,,
103418,2017-06-23T06:00:00Z,14.9,-95.3,0,0,0,,,,0,False,no_candidate_within_1deg,False,,,,,,
103418,2017-06-23T09:00:00Z,12.6,-98.6,0,0,0,,,,0,False,no_candidate_within_1deg,False,,,,,,
103418,2017-06-23T12:00:00Z,13.4,-96.6,0,0,0,,,,0,False,no_candidate_within_1deg,False,,,,,,
103418,2017-06-23T15:00:00Z,14.0,-96.0,0,0,0,,,,0,False,no_candidate_within_1deg,False,,,,,,
103418,2017-06-23T18:00:00Z,14.6,-95.3,0,0,0,,,,0,False,no_candidate_within_1deg,False,,,,,,
103418,2017-06-23T21:00:00Z,10.8,-96.0,0,0,0,,,,0,False,no_candidate_within_1deg,False,,,,,,
103420,2017-07-04T09:00:00Z,7.8,-36.5,1,1,0,12614.049300882325,68222.0,7117.0,0,False,no_candidate_within_1deg,False,,,,,,
103420,2017-07-04T12:00:00Z,8.3,-36.5,1,1,0,12635.903912874179,68265.0,7117.0,0,False,no_candidate_within_1deg,False,,,,,,
103420,2017-07-04T15:00:00Z,8.9,-36.4,2,2,0,12573.231480067328,68308.0,7117.0,0,False,no_candidate_within_1deg,False,,,,,,
103420,2017-07-04T18:00:00Z,9.4,-36.4,2,2,0,12447.247097458494,68363.0,7117.0,0,False,no_candidate_within_1deg,False,,,,,,
103420,2017-07-04T21:00:00Z,9.7,-36.5,2,2,0,12367.470605654844,68418.0,7117.0,0,False,no_candidate_within_1deg,False,,,,,,
103420,2017-07-05T00:00:00Z,10.0,-36.5,2,2,0,12332.975518256831,68472.0,7117.0,0,False,no_candidate_within_1deg,False,,,,,,
103420,2017-07-05T03:00:00Z,10.3,-36.6,2,1,1,12337.708931123041,68528.0,7117.0,0,False,no_candidate_within_1deg,False,,,,,,
103420,2017-07-05T06:00:00Z,10.8,-36.8,2,1,1,12329.843144844719,68583.0,7117.0,0,False,no_candidate_within_1deg,False,,,,,,
103420,2017-07-05T09:00:00Z,11.3,-37.1,2,1,1,12306.662418948043,68638.0,7117.0,0,False,no_candidate_within_1deg,False,,,,,,
103422,2017-07-10T15:00:00Z,14.6,-104.2,1,1,0,15450.16069493653,70671.0,7123.0,0,False,no_candidate_within_1deg,False,,,,,,
103422,2017-07-10T18:00:00Z,14.5,-105.4,1,1,0,15430.29601667731,70718.0,7123.0,0,False,no_candidate_within_1deg,False,,,,,,
103422,2017-07-10T21:00:00Z,13.6,-105.7,2,1,1,15485.585822795738,70771.0,7129.0,0,False,no_candidate_within_1deg,False,,,,,,
103422,2017-07-11T00:00:00Z,12.6,-105.9,2,1,1,15613.1447018633,70832.0,7129.0,0,False,no_candidate_within_1deg,False,,,,,,
103422,2017-07-11T03:00:00Z,12.9,-106.3,2,1,1,15585.865580522814,70893.0,7129.0,0,False,no_candidate_within_1deg,False,,,,,,
103422,2017-07-11T06:00:00Z,13.1,-106.8,2,1,1,15560.566959731179,70949.0,7123.0,0,False,no_candidate_within_1deg,False,,,,,,
103422,2017-07-11T09:00:00Z,13.5,-106.9,2,1,1,15513.183817622024,71002.0,7123.0,0,False,no_candidate_within_1deg,False,,,,,,
103422,2017-07-11T12:00:00Z,13.2,-107.8,2,1,1,15532.868246095271,71056.0,7129.0,0,False,no_candidate_within_1deg,False,,,,,,
103422,2017-07-11T15:00:00Z,14.0,-108.3,1,1,0,15451.448291881725,71112.0,7129.0,0,False,no_candidate_within_1deg,False,,,,,,
103426,2017-07-16T09:00:00Z,10.6,-107.7,4,3,1,16189.47469863845,73166.0,7144.0,0,False,no_candidate_within_1deg,False,,,,,,
103426,2017-07-16T12:00:00Z,11.0,-106.5,3,3,0,16163.6701015552,73226.0,7144.0,0,False,no_candidate_within_1deg,False,,,,,,
103426,2017-07-16T15:00:00Z,10.6,-104.6,3,2,1,16241.992538945327,73277.0,7142.0,0,False,no_candidate_within_1deg,False,,,,,,
103426,2017-07-16T18:00:00Z,10.2,-102.8,3,1,2,16257.490297165989,73327.0,7142.0,0,False,no_candidate_within_1deg,False,,,,,,
103426,2017-07-16T21:00:00Z,11.0,-103.0,3,2,1,16203.494124121367,73380.0,7142.0,0,False,no_candidate_within_1deg,False,,,,,,
103426,2017-07-17T00:00:00Z,11.7,-103.1,3,2,1,16193.896940293029,73428.0,7142.0,0,False,no_candidate_within_1deg,False,,,,,,
103426,2017-07-17T03:00:00Z,12.5,-103.3,3,2,1,16109.94667051701,73478.0,7142.0,0,False,no_candidate_within_1deg,False,,,,,,
103426,2017-07-17T06:00:00Z,12.2,-103.2,3,1,2,16483.46258358867,73514.0,7145.0,0,False,no_candidate_within_1deg,False,,,,,,
103426,2017-07-17T09:00:00Z,12.6,-103.6,3,2,1,16099.94657183834,73566.0,7142.0,0,False,no_candidate_within_1deg,False,,,,,,
103428,2017-07-19T06:00:00Z,23.4,-178.5,2,2,0,9540.686612641339,74198.0,7144.0,0,False,no_candidate_within_1deg,False,,,,,,
103428,2017-07-19T09:00:00Z,23.9,-178.2,2,2,0,9501.536791605171,74223.0,7144.0,0,False,no_candidate_within_1deg,False,,,,,,
103428,2017-07-19T12:00:00Z,23.4,-178.6,3,2,1,9494.785041348297,74253.0,7144.0,0,False,no_candidate_within_1deg,False,,,,,,
103428,2017-07-19T15:00:00Z,23.7,-178.0,3,2,1,9510.315162123923,74287.0,7144.0,0,False,no_candidate_within_1deg,False,,,,,,
103428,2017-07-19T18:00:00Z,23.2,-178.0,3,1,2,9520.211378191198,74329.0,7144.0,0,False,no_candidate_within_1deg,False,,,,,,
103428,2017-07-19T21:00:00Z,25.0,179.1,3,1,2,9155.932483970153,74371.0,7144.0,0,False,no_candidate_within_1deg,False,,,,,,
103428,2017-07-20T00:00:00Z,25.6,-179.9,4,3,1,9196.227498131266,74421.0,7144.0,0,False,no_candidate_within_1deg,False,,,,,,
103428,2017-07-20T03:00:00Z,24.5,179.6,4,3,1,9202.484298960972,74475.0,7144.0,0,False,no_candidate_within_1deg,False,,,,,,
103428,2017-07-20T06:00:00Z,24.0,-179.8,3,3,0,9313.442768450443,74522.0,7155.0,0,False,no_candidate_within_1deg,False,,,,,,
103428,2017-07-20T09:00:00Z,24.5,179.9,3,3,0,9182.572383779509,74567.0,7155.0,0,False,no_candidate_within_1deg,False,,,,,,
103428,2017-07-20T12:00:00Z,25.0,-179.7,3,3,0,9169.997948394179,74604.0,7155.0,0,False,no_candidate_within_1deg,False,,,,,,
103428,2017-07-20T15:00:00Z,25.2,177.1,3,3,0,8794.55080712017,74645.0,7155.0,0,False,no_candidate_within_1deg,False,,,,,,
103434,2017-07-26T18:00:00Z,15.3,117.1,2,2,0,3698.457217189665,77025.0,7160.0,0,False,no_candidate_within_1deg,False,,,,,,
103434,2017-07-26T21:00:00Z,15.2,117.6,1,1,0,3792.409408572186,77075.0,7160.0,0,False,no_candidate_within_1deg,False,,,,,,
103434,2017-07-27T00:00:00Z,15.2,118.2,1,1,0,3894.704056804428,77117.0,7160.0,0,False,no_candidate_within_1deg,False,,,,,,
103434,2017-07-27T03:00:00Z,16.6,117.1,1,1,0,3777.078970280779,77161.0,7160.0,0,False,no_candidate_within_1deg,False,,,,,,
103434,2017-07-27T06:00:00Z,16.4,117.5,1,1,0,3900.1818854041076,77200.0,7160.0,0,False,no_candidate_within_1deg,False,,,,,,
103434,2017-07-27T09:00:00Z,15.3,117.4,1,1,0,3991.2589008255504,77241.0,7160.0,0,False,no_candidate_within_1deg,False,,,,,,
103434,2017-07-27T12:00:00Z,15.0,118.1,1,1,0,4118.793013951346,77288.0,7160.0,0,False,no_candidate_within_1deg,False,,,,,,
103434,2017-07-27T15:00:00Z,15.1,117.0,1,1,0,4032.671035809746,77335.0,7160.0,0,False,no_candidate_within_1deg,False,,,,,,
103434,2017-07-27T18:00:00Z,15.2,115.8,1,1,0,3949.724065874786,77380.0,7160.0,0,False,no_candidate_within_1deg,False,,,,,,
103434,2017-07-27T21:00:00Z,17.0,116.5,1,1,0,3992.776571025852,77423.0,7160.0,0,False,no_candidate_within_1deg,False,,,,,,
103437,2017-08-02T21:00:00Z,13.9,-99.4,0,0,0,,,,0,False,no_candidate_within_1deg,False,,,,,,
103437,2017-08-03T00:00:00Z,13.8,-100.5,0,0,0,,,,0,False,no_candidate_within_1deg,False,,,,,,
103437,2017-08-03T03:00:00Z,13.7,-101.6,0,0,0,,,,0,False,no_candidate_within_1deg,False,,,,,,
103437,2017-08-03T06:00:00Z,15.5,-100.7,0,0,0,,,,0,False,no_candidate_within_1deg,False,,,,,,
103437,2017-08-03T09:00:00Z,15.2,-102.1,0,0,0,,,,0,False,no_candidate_within_1deg,False,,,,,,
103437,2017-08-03T12:00:00Z,15.0,-103.5,0,0,0,,,,0,False,no_candidate_within_1deg,False,,,,,,
103437,2017-08-03T15:00:00Z,14.7,-104.9,0,0,0,,,,0,False,no_candidate_within_1deg,False,,,,,,
103437,2017-08-03T18:00:00Z,14.4,-106.3,0,0,0,,,,0,False,no_candidate_within_1deg,False,,,,,,
103437,2017-08-03T21:00:00Z,14.8,-106.7,0,0,0,,,,0,False,no_candidate_within_1deg,False,,,,,,
103439,2017-08-09T06:00:00Z,15.3,176.6,0,0,0,,,,0,False,no_candidate_within_1deg,False,,,,,,
103439,2017-08-09T09:00:00Z,15.3,177.1,0,0,0,,,,0,False,no_candidate_within_1deg,False,,,,,,
103439,2017-08-09T12:00:00Z,14.8,176.5,0,0,0,,,,0,False,no_candidate_within_1deg,False,,,,,,
103439,2017-08-09T15:00:00Z,14.4,177.1,0,0,0,,,,0,False,no_candidate_within_1deg,False,,,,,,
103439,2017-08-09T18:00:00Z,14.8,175.5,0,0,0,,,,0,False,no_candidate_within_1deg,False,,,,,,
103439,2017-08-09T21:00:00Z,15.2,175.0,0,0,0,,,,0,False,no_candidate_within_1deg,False,,,,,,
103439,2017-08-10T00:00:00Z,15.7,174.6,0,0,0,,,,0,False,no_candidate_within_1deg,False,,,,,,
103439,2017-08-10T03:00:00Z,16.1,174.1,0,0,0,,,,0,False,no_candidate_within_1deg,False,,,,,,
103439,2017-08-10T06:00:00Z,16.5,173.6,0,0,0,,,,0,False,no_candidate_within_1deg,False,,,,,,
103439,2017-08-10T09:00:00Z,16.0,172.7,0,0,0,,,,0,False,no_candidate_within_1deg,False,,,,,,
103444,2017-08-19T03:00:00Z,20.1,130.9,3,1,2,4928.831374183819,84954.0,7170.0,0,False,no_candidate_within_1deg,False,,,,,,
103444,2017-08-19T06:00:00Z,21.0,131.0,3,1,2,5056.6160963426755,84993.0,7171.0,0,False,no_candidate_within_1deg,False,,,,,,
103444,2017-08-19T09:00:00Z,20.4,130.5,3,1,2,5132.867430555631,85030.0,7171.0,0,False,no_candidate_within_1deg,False,,,,,,
103444,2017-08-19T12:00:00Z,19.8,129.9,3,2,1,4774.473647229429,85073.0,7170.0,0,False,no_candidate_within_1deg,False,,,,,,
103444,2017-08-19T15:00:00Z,19.2,129.4,1,1,0,5146.417112216661,85120.0,7169.0,0,False,no_candidate_within_1deg,False,,,,,,
103444,2017-08-19T18:00:00Z,21.8,128.6,1,1,0,5070.557993134447,85165.0,7169.0,0,False,no_candidate_within_1deg,False,,,,,,
103444,2017-08-19T21:00:00Z,20.9,127.6,1,1,0,5011.4992472191325,85209.0,7169.0,0,False,no_candidate_within_1deg,False,,,,,,
103444,2017-08-20T00:00:00Z,19.9,126.7,1,0,1,,,,0,False,no_candidate_within_1deg,False,,,,,,
103444,2017-08-20T03:00:00Z,21.4,125.3,1,1,0,4917.341354130732,85297.0,7169.0,0,False,no_candidate_within_1deg,False,,,,,,
103448,2017-08-28T15:00:00Z,9.0,-24.9,3,0,3,,,,0,False,no_candidate_within_1deg,False,,,,,,
103448,2017-08-28T18:00:00Z,10.2,-24.7,3,1,2,10461.09414236904,88085.0,7176.0,0,False,no_candidate_within_1deg,False,,,,,,
103448,2017-08-28T21:00:00Z,11.4,-24.4,3,2,1,10362.100988656437,88121.0,7175.0,0,False,no_candidate_within_1deg,False,,,,,,
103448,2017-08-29T00:00:00Z,12.6,-24.2,3,1,2,10272.666653153448,88165.0,7175.0,0,False,no_candidate_within_1deg,False,,,,,,
103448,2017-08-29T03:00:00Z,13.8,-23.9,3,2,1,10167.76594746185,88219.0,7176.0,0,False,no_candidate_within_1deg,False,,,,,,
103448,2017-08-29T06:00:00Z,14.9,-24.0,3,1,2,10166.433257707613,88265.0,7175.0,0,False,no_candidate_within_1deg,False,,,,,,
103448,2017-08-29T09:00:00Z,15.3,-25.1,3,1,2,10247.663940773353,88304.0,7175.0,0,False,no_candidate_within_1deg,False,,,,,,
103448,2017-08-29T12:00:00Z,15.8,-25.4,2,1,1,10280.69050632507,88339.0,7174.0,0,False,no_candidate_within_1deg,False,,,,,,
103448,2017-08-29T15:00:00Z,16.2,-26.3,2,1,1,10291.73453607974,88375.0,7174.0,0,False,no_candidate_within_1deg,False,,,,,,
103448,2017-08-29T18:00:00Z,15.5,-28.7,2,1,1,10595.284184896984,88409.0,7174.0,0,False,no_candidate_within_1deg,False,,,,,,
103448,2017-08-29T21:00:00Z,15.4,-29.4,2,1,1,10639.474674585796,88439.0,7174.0,0,False,no_candidate_within_1deg,False,,,,,,
103458,2017-09-11T18:00:00Z,9.6,-104.0,0,0,0,,,,0,False,no_candidate_within_1deg,False,,,,,,
103458,2017-09-11T21:00:00Z,9.7,-105.7,0,0,0,,,,0,False,no_candidate_within_1deg,False,,,,,,
103458,2017-09-12T00:00:00Z,9.9,-107.5,0,0,0,,,,0,False,no_candidate_within_1deg,False,,,,,,
103458,2017-09-12T03:00:00Z,9.6,-106.1,0,0,0,,,,0,False,no_candidate_within_1deg,False,,,,,,
103458,2017-09-12T06:00:00Z,9.3,-104.7,0,0,0,,,,0,False,no_candidate_within_1deg,False,,,,,,
103458,2017-09-12T09:00:00Z,10.3,-104.2,0,0,0,,,,0,False,no_candidate_within_1deg,False,,,,,,
103458,2017-09-12T12:00:00Z,11.4,-103.6,0,0,0,,,,0,False,no_candidate_within_1deg,False,,,,,,
103458,2017-09-12T15:00:00Z,12.4,-103.1,0,0,0,,,,0,False,no_candidate_within_1deg,False,,,,,,
103458,2017-09-12T18:00:00Z,12.4,-100.4,0,0,0,,,,0,False,no_candidate_within_1deg,False,,,,,,
103458,2017-09-12T21:00:00Z,12.7,-98.8,0,0,0,,,,0,False,no_candidate_within_1deg,False,,,,,,
103458,2017-09-13T00:00:00Z,12.8,-99.6,0,0,0,,,,0,False,no_candidate_within_1deg,False,,,,,,
103458,2017-09-13T03:00:00Z,12.9,-100.5,0,0,0,,,,0,False,no_candidate_within_1deg,False,,,,,,
103458,2017-09-13T06:00:00Z,13.5,-101.1,0,0,0,,,,0,False,no_candidate_within_1deg,False,,,,,,
103458,2017-09-13T09:00:00Z,14.1,-101.7,0,0,0,,,,0,False,no_candidate_within_1deg,False,,,,,,
103461,2017-09-20T21:00:00Z,14.5,-98.6,1,1,0,15636.628309256539,94813.0,7177.0,0,False,no_candidate_within_1deg,False,,,,,,
103461,2017-09-21T00:00:00Z,14.5,-99.8,1,1,0,15710.2299725628,94870.0,7179.0,0,False,no_candidate_within_1deg,False,,,,,,
103461,2017-09-21T03:00:00Z,14.4,-101.0,1,1,0,15710.66508330886,94921.0,7179.0,0,False,no_candidate_within_1deg,False,,,,,,
103461,2017-09-21T06:00:00Z,14.4,-102.2,1,1,0,15749.426052711273,94971.0,7179.0,0,False,no_candidate_within_1deg,False,,,,,,
103461,2017-09-21T09:00:00Z,16.7,-102.8,1,1,0,15502.33597098721,95015.0,7179.0,0,False,no_candidate_within_1deg,False,,,,,,
103461,2017-09-21T12:00:00Z,16.3,-103.1,1,1,0,15560.099586927156,95055.0,7179.0,0,False,no_candidate_within_1deg,False,,,,,,
103461,2017-09-21T15:00:00Z,17.5,-104.4,1,1,0,15420.644821863281,95094.0,7179.0,0,False,no_candidate_within_1deg,False,,,,,,
103461,2017-09-21T18:00:00Z,18.6,-105.7,1,1,0,15275.968449435111,95136.0,7179.0,0,False,no_candidate_within_1deg,False,,,,,,
103461,2017-09-21T21:00:00Z,18.4,-105.7,1,1,0,15284.202325121174,95182.0,7179.0,0,False,no_candidate_within_1deg,False,,,,,,
103480,2017-12-07T03:00:00Z,14.6,88.2,1,1,0,294.5934827194255,118255.0,7197.0,0,False,no_candidate_within_1deg,False,,,,,,
103480,2017-12-07T06:00:00Z,13.2,86.4,1,1,0,149.0563079750754,118299.0,7197.0,0,False,no_candidate_within_1deg,False,,,,,,
103480,2017-12-07T09:00:00Z,14.8,87.8,1,1,0,216.64614877164553,118351.0,7197.0,0,False,no_candidate_within_1deg,False,,,,,,
103480,2017-12-07T12:00:00Z,15.3,87.7,1,1,0,200.33566899371394,118396.0,7197.0,0,False,no_candidate_within_1deg,False,,,,,,
103480,2017-12-07T15:00:00Z,16.3,87.0,1,1,0,245.4032303182981,118443.0,7197.0,0,False,no_candidate_within_1deg,False,,,,,,
103480,2017-12-07T18:00:00Z,16.9,87.5,1,1,0,293.0118458740768,118485.0,7197.0,0,False,no_candidate_within_1deg,False,,,,,,
103480,2017-12-07T21:00:00Z,17.8,87.9,1,1,0,373.19257529539357,118530.0,7197.0,0,False,no_candidate_within_1deg,False,,,,,,
103480,2017-12-08T00:00:00Z,17.6,87.3,1,1,0,211.63289322716713,118580.0,7197.0,0,False,no_candidate_within_1deg,False,,,,,,
103480,2017-12-08T03:00:00Z,18.2,87.5,1,1,0,214.87952460950834,118634.0,7197.0,0,False,no_candidate_within_1deg,False,,,,,,
103485,2017-12-29T03:00:00Z,-12.8,64.6,0,0,0,,,,0,False,no_candidate_within_1deg,False,,,,,,
103485,2017-12-29T06:00:00Z,-12.2,64.7,0,0,0,,,,0,False,no_candidate_within_1deg,False,,,,,,
103485,2017-12-29T09:00:00Z,-12.7,62.8,0,0,0,,,,0,False,no_candidate_within_1deg,False,,,,,,
103485,2017-12-29T12:00:00Z,-11.5,62.9,0,0,0,,,,0,False,no_candidate_within_1deg,False,,,,,,
103485,2017-12-29T15:00:00Z,-12.3,62.6,0,0,0,,,,0,False,no_candidate_within_1deg,False,,,,,,
103485,2017-12-29T18:00:00Z,-12.4,66.1,0,0,0,,,,0,False,no_candidate_within_1deg,False,,,,,,
103485,2017-12-29T21:00:00Z,-12.0,62.6,0,0,0,,,,0,False,no_candidate_within_1deg,False,,,,,,
103485,2017-12-30T00:00:00Z,-12.0,63.1,0,0,0,,,,0,False,no_candidate_within_1deg,False,,,,,,
103485,2017-12-30T03:00:00Z,-12.0,63.7,0,0,0,,,,0,False,no_candidate_within_1deg,False,,,,,,
103489,2018-01-24T03:00:00Z,-9.9,77.7,0,0,0,,,,0,False,no_candidate_within_1deg,False,,,,,,
103489,2018-01-24T06:00:00Z,-6.5,78.8,0,0,0,,,,0,False,no_candidate_within_1deg,False,,,,,,
103489,2018-01-24T09:00:00Z,-9.4,77.2,0,0,0,,,,0,False,no_candidate_within_1deg,False,,,,,,
103489,2018-01-24T12:00:00Z,-8.0,78.9,0,0,0,,,,0,False,no_candidate_within_1deg,False,,,,,,
103489,2018-01-24T15:00:00Z,-7.5,78.4,0,0,0,,,,0,False,no_candidate_within_1deg,False,,,,,,
103489,2018-01-24T18:00:00Z,-7.1,78.0,0,0,0,,,,0,False,no_candidate_within_1deg,False,,,,,,
103489,2018-01-24T21:00:00Z,-6.6,77.5,0,0,0,,,,0,False,no_candidate_within_1deg,False,,,,,,
103489,2018-01-25T00:00:00Z,-9.9,77.2,0,0,0,,,,0,False,no_candidate_within_1deg,False,,,,,,
103489,2018-01-25T03:00:00Z,-9.9,78.2,0,0,0,,,,0,False,no_candidate_within_1deg,False,,,,,,
103491,2018-02-06T03:00:00Z,-9.4,166.4,0,0,0,,,,0,False,no_candidate_within_1deg,False,,,,,,
103491,2018-02-06T06:00:00Z,-7.7,167.0,0,0,0,,,,0,False,no_candidate_within_1deg,False,,,,,,
103491,2018-02-06T09:00:00Z,-9.7,167.2,0,0,0,,,,0,False,no_candidate_within_1deg,False,,,,,,
103491,2018-02-06T12:00:00Z,-11.7,167.5,0,0,0,,,,0,False,no_candidate_within_1deg,False,,,,,,
103491,2018-02-06T15:00:00Z,-13.4,168.8,0,0,0,,,,0,False,no_candidate_within_1deg,False,,,,,,
103491,2018-02-06T18:00:00Z,-13.8,169.3,0,0,0,,,,0,False,no_candidate_within_1deg,False,,,,,,
103491,2018-02-06T21:00:00Z,-14.2,169.8,0,0,0,,,,0,False,no_candidate_within_1deg,False,,,,,,
103491,2018-02-07T00:00:00Z,-14.6,170.3,0,0,0,,,,0,False,no_candidate_within_1deg,False,,,,,,
103491,2018-02-07T03:00:00Z,-15.0,170.8,0,0,0,,,,0,False,no_candidate_within_1deg,False,,,,,,
103492,2018-02-07T03:00:00Z,8.4,152.3,0,0,0,,,,0,False,no_candidate_within_1deg,False,,,,,,
103492,2018-02-07T06:00:00Z,9.2,151.7,0,0,0,,,,0,False,no_candidate_within_1deg,False,,,,,,
103492,2018-02-07T09:00:00Z,10.3,151.7,0,0,0,,,,0,False,no_candidate_within_1deg,False,,,,,,
103492,2018-02-07T12:00:00Z,10.2,152.4,0,0,0,,,,0,False,no_candidate_within_1deg,False,,,,,,
103492,2018-02-07T15:00:00Z,10.0,153.1,0,0,0,,,,0,False,no_candidate_within_1deg,False,,,,,,
103492,2018-02-07T18:00:00Z,11.3,153.4,0,0,0,,,,0,False,no_candidate_within_1deg,False,,,,,,
103492,2018-02-07T21:00:00Z,9.2,149.9,0,0,0,,,,0,False,no_candidate_within_1deg,False,,,,,,
103492,2018-02-08T00:00:00Z,10.2,150.3,0,0,0,,,,0,False,no_candidate_within_1deg,False,,,,,,
103492,2018-02-08T03:00:00Z,10.9,150.6,0,0,0,,,,0,False,no_candidate_within_1deg,False,,,,,,
103500,2018-03-22T03:00:00Z,2.4,145.9,0,0,0,,,,0,False,no_candidate_within_1deg,False,,,,,,
103500,2018-03-22T06:00:00Z,5.4,147.3,0,0,0,,,,0,False,no_candidate_within_1deg,False,,,,,,
103500,2018-03-22T09:00:00Z,5.7,147.9,0,0,0,,,,0,False,no_candidate_within_1deg,False,,,,,,
103500,2018-03-22T12:00:00Z,5.9,148.5,0,0,0,,,,0,False,no_candidate_within_1deg,False,,,,,,
103500,2018-03-22T15:00:00Z,4.5,145.0,0,0,0,,,,0,False,no_candidate_within_1deg,False,,,,,,
103500,2018-03-22T18:00:00Z,6.6,147.7,0,0,0,,,,0,False,no_candidate_within_1deg,False,,,,,,
103500,2018-03-22T21:00:00Z,6.0,150.0,0,0,0,,,,0,False,no_candidate_within_1deg,False,,,,,,
103500,2018-03-23T00:00:00Z,5.4,152.2,0,0,0,,,,0,False,no_candidate_within_1deg,False,,,,,,
103500,2018-03-23T03:00:00Z,6.4,149.3,0,0,0,,,,0,False,no_candidate_within_1deg,False,,,,,,
103502,2018-03-29T03:00:00Z,-19.5,167.1,0,0,0,,,,0,False,no_candidate_within_1deg,False,,,,,,
103502,2018-03-29T06:00:00Z,-19.6,168.1,0,0,0,,,,0,False,no_candidate_within_1deg,False,,,,,,
103502,2018-03-29T09:00:00Z,-19.8,169.1,0,0,0,,,,0,False,no_candidate_within_1deg,False,,,,,,
103502,2018-03-29T12:00:00Z,-19.9,170.1,0,0,0,,,,0,False,no_candidate_within_1deg,False,,,,,,
103502,2018-03-29T15:00:00Z,-20.0,171.1,0,0,0,,,,0,False,no_candidate_within_1deg,False,,,,,,
103502,2018-03-29T18:00:00Z,-20.1,171.5,0,0,0,,,,0,False,no_candidate_within_1deg,False,,,,,,
103502,2018-03-29T21:00:00Z,-19.2,172.8,0,0,0,,,,0,False,no_candidate_within_1deg,False,,,,,,
103502,2018-03-30T00:00:00Z,-19.0,173.4,0,0,0,,,,0,False,no_candidate_within_1deg,False,,,,,,
103502,2018-03-30T03:00:00Z,-18.5,173.8,0,0,0,,,,0,False,no_candidate_within_1deg,False,,,,,,
103504,2018-04-20T09:00:00Z,-10.3,53.2,0,0,0,,,,0,False,no_candidate_within_1deg,False,,,,,,
103504,2018-04-20T12:00:00Z,-9.5,52.5,0,0,0,,,,0,False,no_candidate_within_1deg,False,,,,,,
103504,2018-04-20T15:00:00Z,-8.6,51.8,0,0,0,,,,0,False,no_candidate_within_1deg,False,,,,,,
103504,2018-04-20T18:00:00Z,-7.8,51.1,0,0,0,,,,0,False,no_candidate_within_1deg,False,,,,,,
103504,2018-04-20T21:00:00Z,-9.2,51.8,0,0,0,,,,0,False,no_candidate_within_1deg,False,,,,,,
103504,2018-04-21T00:00:00Z,-10.5,52.6,0,0,0,,,,0,False,no_candidate_within_1deg,False,,,,,,
103504,2018-04-21T03:00:00Z,-8.3,51.4,0,0,0,,,,0,False,no_candidate_within_1deg,False,,,,,,
103504,2018-04-21T06:00:00Z,-9.6,52.1,0,0,0,,,,0,False,no_candidate_within_1deg,False,,,,,,
103504,2018-04-21T09:00:00Z,-9.7,51.7,0,0,0,,,,0,False,no_candidate_within_1deg,False,,,,,,
103515,2018-06-11T21:00:00Z,22.0,122.8,1,1,0,3245.497625798516,61536.0,7206.0,0,False,no_candidate_within_1deg,False,,,,,,
103515,2018-06-12T00:00:00Z,20.3,122.1,1,1,0,3216.2833950732315,61579.0,7206.0,0,False,no_candidate_within_1deg,False,,,,,,
103515,2018-06-12T03:00:00Z,20.2,120.9,1,1,0,3079.5363288058884,61618.0,7206.0,0,False,no_candidate_within_1deg,False,,,,,,
103515,2018-06-12T06:00:00Z,19.8,120.4,1,1,0,2996.9089263911783,61660.0,7206.0,0,False,no_candidate_within_1deg,False,,,,,,
103515,2018-06-12T09:00:00Z,19.4,120.0,1,1,0,2912.1899501914054,61707.0,7206.0,0,False,no_candidate_within_1deg,False,,,,,,
103515,2018-06-12T12:00:00Z,19.0,119.5,1,1,0,2850.105741074229,61746.0,7206.0,0,False,no_candidate_within_1deg,False,,,,,,
103515,2018-06-12T15:00:00Z,19.0,119.5,1,1,0,2833.5017128013155,61791.0,7206.0,0,False,no_candidate_within_1deg,False,,,,,,
103515,2018-06-12T18:00:00Z,19.8,120.6,1,1,0,2901.2790190008054,61845.0,7206.0,0,False,no_candidate_within_1deg,False,,,,,,
103515,2018-06-12T21:00:00Z,20.6,121.6,1,1,0,2969.652992946221,61904.0,7206.0,0,False,no_candidate_within_1deg,False,,,,,,
103529,2018-07-21T21:00:00Z,11.9,138.0,1,1,0,5528.093322609488,77335.0,7247.0,0,False,no_candidate_within_1deg,False,,,,,,
103529,2018-07-22T00:00:00Z,11.9,136.9,1,1,0,5414.26361912318,77372.0,7247.0,0,False,no_candidate_within_1deg,False,,,,,,
103529,2018-07-22T03:00:00Z,12.0,135.8,1,1,0,5301.369104364927,77417.0,7247.0,0,False,no_candidate_within_1deg,False,,,,,,
103529,2018-07-22T06:00:00Z,12.3,135.0,1,1,0,5232.4959401062715,77466.0,7247.0,0,False,no_candidate_within_1deg,False,,,,,,
103529,2018-07-22T09:00:00Z,13.1,135.4,1,1,0,5262.938803095217,77515.0,7247.0,0,False,no_candidate_within_1deg,False,,,,,,
103529,2018-07-22T12:00:00Z,13.9,134.5,1,1,0,5208.856781029884,77558.0,7247.0,0,False,no_candidate_within_1deg,False,,,,,,
103529,2018-07-22T15:00:00Z,14.7,135.2,1,1,0,5281.137932743383,77597.0,7247.0,0,False,no_candidate_within_1deg,False,,,,,,
103529,2018-07-22T18:00:00Z,15.5,135.9,1,1,0,5336.7911276102095,77640.0,7247.0,0,False,no_candidate_within_1deg,False,,,,,,
103529,2018-07-22T21:00:00Z,16.4,137.0,1,1,0,5463.019509842245,77678.0,7247.0,0,False,no_candidate_within_1deg,False,,,,,,
103528,2018-07-20T03:00:00Z,17.1,165.6,1,1,0,8175.649179190525,76695.0,7247.0,0,False,no_candidate_within_1deg,False,,,,,,
103528,2018-07-20T06:00:00Z,17.4,164.8,1,1,0,8099.0821458975815,76759.0,7247.0,0,False,no_candidate_within_1deg,False,,,,,,
103528,2018-07-20T09:00:00Z,17.8,163.9,1,1,0,7970.342473827827,76814.0,7247.0,0,False,no_candidate_within_1deg,False,,,,,,
103528,2018-07-20T12:00:00Z,18.1,163.0,1,1,0,7842.21398167242,76860.0,7247.0,0,False,no_candidate_within_1deg,False,,,,,,
103528,2018-07-20T15:00:00Z,19.2,163.4,1,1,0,7876.039289052572,76910.0,7247.0,0,False,no_candidate_within_1deg,False,,,,,,
103528,2018-07-20T18:00:00Z,19.0,161.9,1,1,0,7746.814132183814,76953.0,7247.0,0,False,no_candidate_within_1deg,False,,,,,,
103528,2018-07-20T21:00:00Z,18.7,160.5,1,1,0,7604.992778507476,76997.0,7247.0,0,False,no_candidate_within_1deg,False,,,,,,
103528,2018-07-21T00:00:00Z,18.8,160.1,1,1,0,7523.001304376637,77042.0,7247.0,0,False,no_candidate_within_1deg,False,,,,,,
103528,2018-07-21T03:00:00Z,18.6,161.8,1,1,0,7693.060569122225,77080.0,7247.0,0,False,no_candidate_within_1deg,False,,,,,,
103531,2018-07-24T18:00:00Z,14.1,-111.4,3,1,2,15466.79646824365,78443.0,7252.0,0,False,no_candidate_within_1deg,False,,,,,,
103531,2018-07-24T21:00:00Z,11.9,-108.8,3,1,2,15794.841590506576,78500.0,7252.0,0,False,no_candidate_within_1deg,False,,,,,,
103531,2018-07-25T00:00:00Z,13.1,-109.0,3,1,2,15657.410057937183,78553.0,7247.0,0,False,no_candidate_within_1deg,False,,,,,,
103531,2018-07-25T03:00:00Z,12.5,-111.7,3,1,2,15667.206699064525,78614.0,7247.0,0,False,no_candidate_within_1deg,False,,,,,,
103531,2018-07-25T06:00:00Z,12.7,-112.2,4,2,2,15366.622147041917,78689.0,7253.0,0,False,no_candidate_within_1deg,False,,,,,,
103531,2018-07-25T09:00:00Z,12.9,-111.7,4,1,3,15656.762300010407,78736.0,7247.0,0,False,no_candidate_within_1deg,False,,,,,,
103531,2018-07-25T12:00:00Z,12.9,-114.6,3,1,2,15483.542580873142,78790.0,7247.0,0,False,no_candidate_within_1deg,False,,,,,,
103531,2018-07-25T15:00:00Z,12.5,-114.7,3,1,2,15514.644920173252,78848.0,7252.0,0,False,no_candidate_within_1deg,False,,,,,,
103531,2018-07-25T18:00:00Z,12.7,-115.4,3,1,2,15449.796628032065,78898.0,7252.0,0,False,no_candidate_within_1deg,False,,,,,,
103531,2018-07-25T21:00:00Z,13.0,-118.6,3,1,2,15255.76394431488,78959.0,7252.0,0,False,no_candidate_within_1deg,False,,,,,,
103531,2018-07-26T00:00:00Z,13.3,-118.3,3,2,1,14994.910766206325,79031.0,7253.0,0,False,no_candidate_within_1deg,False,,,,,,
103531,2018-07-26T03:00:00Z,12.7,-119.0,3,1,2,15237.442478639987,79083.0,7252.0,0,False,no_candidate_within_1deg,False,,,,,,
103531,2018-07-26T06:00:00Z,13.4,-119.9,3,1,2,15120.795313805786,79134.0,7252.0,0,False,no_candidate_within_1deg,False,,,,,,
103531,2018-07-26T09:00:00Z,13.9,-120.9,3,1,2,15007.108437621991,79191.0,7252.0,0,False,no_candidate_within_1deg,False,,,,,,
103533,2018-07-30T00:00:00Z,12.0,-109.2,2,1,1,15604.471107923597,80608.0,7254.0,0,False,no_candidate_within_1deg,False,,,,,,
103533,2018-07-30T03:00:00Z,11.5,-109.9,1,1,0,15630.389738730863,80659.0,7253.0,0,False,no_candidate_within_1deg,False,,,,,,
103533,2018-07-30T06:00:00Z,11.1,-111.5,1,1,0,15609.20125576187,80707.0,7253.0,0,False,no_candidate_within_1deg,False,,,,,,
103533,2018-07-30T09:00:00Z,10.8,-110.1,1,1,0,15680.403599008541,80754.0,7253.0,0,False,no_candidate_within_1deg,False,,,,,,
103533,2018-07-30T12:00:00Z,12.0,-110.6,2,2,0,15585.16472662408,80804.0,7253.0,0,False,no_candidate_within_1deg,False,,,,,,
103533,2018-07-30T15:00:00Z,13.2,-111.1,2,2,0,15450.70942467212,80854.0,7253.0,0,False,no_candidate_within_1deg,False,,,,,,
103533,2018-07-30T18:00:00Z,14.4,-111.3,2,2,0,15305.263785997418,80903.0,7253.0,0,False,no_candidate_within_1deg,False,,,,,,
103533,2018-07-30T21:00:00Z,11.5,-111.8,2,2,0,15592.704811792566,80955.0,7253.0,0,False,no_candidate_within_1deg,False,,,,,,
103533,2018-07-31T00:00:00Z,12.0,-113.5,2,2,0,15471.257321846078,81015.0,7253.0,0,False,no_candidate_within_1deg,False,,,,,,
103533,2018-07-31T03:00:00Z,12.8,-114.1,2,2,0,15373.35489483209,81076.0,7253.0,0,False,no_candidate_within_1deg,False,,,,,,
103533,2018-07-31T06:00:00Z,12.9,-115.2,2,2,0,15318.301318792834,81132.0,7253.0,0,False,no_candidate_within_1deg,False,,,,,,
103533,2018-07-31T09:00:00Z,12.6,-116.1,2,2,0,15299.141141103159,81183.0,7253.0,0,False,no_candidate_within_1deg,False,,,,,,
103534,2018-07-31T21:00:00Z,14.7,150.7,2,2,0,6394.405301517746,81364.0,7255.0,0,False,no_candidate_within_1deg,False,,,,,,
103534,2018-08-01T00:00:00Z,14.6,149.6,2,2,0,6266.793528002099,81410.0,7255.0,0,False,no_candidate_within_1deg,False,,,,,,
103534,2018-08-01T03:00:00Z,15.6,150.8,2,2,0,6359.58431852563,81457.0,7255.0,0,False,no_candidate_within_1deg,False,,,,,,
103534,2018-08-01T06:00:00Z,16.6,152.0,2,2,0,6440.88873700386,81502.0,7255.0,0,False,no_candidate_within_1deg,False,,,,,,
103534,2018-08-01T09:00:00Z,17.6,153.2,2,2,0,6508.940349053385,81545.0,7255.0,0,False,no_candidate_within_1deg,False,,,,,,
103534,2018-08-01T12:00:00Z,16.7,150.8,2,2,0,6319.698975381393,81594.0,7255.0,0,False,no_candidate_within_1deg,False,,,,,,
103534,2018-08-01T15:00:00Z,16.0,151.0,2,2,0,6360.260651742836,81645.0,7255.0,0,False,no_candidate_within_1deg,False,,,,,,
103534,2018-08-01T18:00:00Z,18.1,153.3,2,2,0,6524.064840086428,81696.0,7255.0,0,False,no_candidate_within_1deg,False,,,,,,
103534,2018-08-01T21:00:00Z,17.9,152.7,2,2,0,6469.978270843601,81745.0,7255.0,0,False,no_candidate_within_1deg,False,,,,,,
103541,2018-08-08T21:00:00Z,15.0,152.2,1,1,0,7403.531844937092,83829.0,7257.0,0,False,no_candidate_within_1deg,False,,,,,,
103541,2018-08-09T00:00:00Z,15.6,152.3,1,0,1,,,,0,False,no_candidate_within_1deg,False,,,,,,
103541,2018-08-09T03:00:00Z,16.5,152.2,1,1,0,7369.475632875581,83920.0,7257.0,0,False,no_candidate_within_1deg,False,,,,,,
103541,2018-08-09T06:00:00Z,17.2,151.6,1,1,0,7285.937329285274,83976.0,7257.0,0,False,no_candidate_within_1deg,False,,,,,,
103541,2018-08-09T09:00:00Z,16.8,150.7,1,0,1,,,,0,False,no_candidate_within_1deg,False,,,,,,
103541,2018-08-09T12:00:00Z,16.4,149.9,1,0,1,,,,0,False,no_candidate_within_1deg,False,,,,,,
103541,2018-08-09T15:00:00Z,16.0,149.0,1,1,0,7020.7942606160905,84128.0,7257.0,0,False,no_candidate_within_1deg,False,,,,,,
103541,2018-08-09T18:00:00Z,16.2,149.1,0,0,0,,,,0,False,no_candidate_within_1deg,False,,,,,,
103541,2018-08-09T21:00:00Z,15.9,148.7,0,0,0,,,,0,False,no_candidate_within_1deg,False,,,,,,
103556,2018-09-06T03:00:00Z,10.4,-19.3,1,1,0,11303.737808911597,93584.0,7276.0,0,False,no_candidate_within_1deg,False,,,,,,
103556,2018-09-06T06:00:00Z,10.0,-17.5,1,1,0,11095.326125860525,93619.0,7276.0,0,False,no_candidate_within_1deg,False,,,,,,
103556,2018-09-06T09:00:00Z,9.8,-21.1,1,1,0,11419.416227180605,93652.0,7276.0,0,False,no_candidate_within_1deg,False,,,,,,
103556,2018-09-06T12:00:00Z,9.8,-20.3,1,1,0,11307.07945293301,93685.0,7276.0,0,False,no_candidate_within_1deg,False,,,,,,
103556,2018-09-06T15:00:00Z,9.7,-19.6,1,1,0,11192.937319124478,93713.0,7276.0,0,False,no_candidate_within_1deg,False,,,,,,
103556,2018-09-06T18:00:00Z,10.6,-18.9,1,1,0,11036.08804250648,93747.0,7276.0,0,False,no_candidate_within_1deg,False,,,,,,
103556,2018-09-06T21:00:00Z,11.5,-18.1,1,1,0,10853.385427975089,93779.0,7276.0,0,False,no_candidate_within_1deg,False,,,,,,
103556,2018-09-07T00:00:00Z,12.4,-17.4,1,1,0,10656.70220127776,93816.0,7276.0,0,False,no_candidate_within_1deg,False,,,,,,
103556,2018-09-07T03:00:00Z,12.7,-17.7,1,1,0,10567.985777587244,93858.0,7276.0,0,False,no_candidate_within_1deg,False,,,,,,
103556,2018-09-07T06:00:00Z,12.9,-17.8,1,1,0,10487.806577252086,93895.0,7276.0,0,False,no_candidate_within_1deg,False,,,,,,
103556,2018-09-07T09:00:00Z,13.2,-19.8,1,1,0,10604.956572282214,93928.0,7276.0,0,False,no_candidate_within_1deg,False,,,,,,
103560,2018-09-12T03:00:00Z,-7.6,78.9,0,0,0,,,,0,False,no_candidate_within_1deg,False,,,,,,
103560,2018-09-12T06:00:00Z,-7.0,78.0,0,0,0,,,,0,False,no_candidate_within_1deg,False,,,,,,
103560,2018-09-12T09:00:00Z,-5.8,78.2,0,0,0,,,,0,False,no_candidate_within_1deg,False,,,,,,
103560,2018-09-12T12:00:00Z,-4.6,77.0,0,0,0,,,,0,False,no_candidate_within_1deg,False,,,,,,
103560,2018-09-12T15:00:00Z,-4.7,77.0,0,0,0,,,,0,False,no_candidate_within_1deg,False,,,,,,
103560,2018-09-12T18:00:00Z,-4.8,76.9,0,0,0,,,,0,False,no_candidate_within_1deg,False,,,,,,
103560,2018-09-12T21:00:00Z,-6.9,76.2,0,0,0,,,,0,False,no_candidate_within_1deg,False,,,,,,
103560,2018-09-13T00:00:00Z,-9.0,75.4,0,0,0,,,,0,False,no_candidate_within_1deg,False,,,,,,
103560,2018-09-13T03:00:00Z,-9.2,76.0,0,0,0,,,,0,False,no_candidate_within_1deg,False,,,,,,
103561,2018-09-19T03:00:00Z,9.3,147.3,2,2,0,6057.972823329381,97321.0,7278.0,0,False,no_candidate_within_1deg,False,,,,,,
103561,2018-09-19T06:00:00Z,10.3,147.7,2,2,0,6128.568562166548,97354.0,7278.0,0,False,no_candidate_within_1deg,False,,,,,,
103561,2018-09-19T09:00:00Z,11.3,148.0,2,2,0,6195.8640106825,97389.0,7278.0,0,False,no_candidate_within_1deg,False,,,,,,
103561,2018-09-19T12:00:00Z,11.1,147.7,2,2,0,6246.80367869397,97427.0,7278.0,0,False,no_candidate_within_1deg,False,,,,,,
103561,2018-09-19T15:00:00Z,10.8,147.5,2,2,0,6343.119518378517,97468.0,7278.0,0,False,no_candidate_within_1deg,False,,,,,,
103561,2018-09-19T18:00:00Z,10.6,147.2,2,2,0,6249.969107480457,97513.0,7277.0,0,False,no_candidate_within_1deg,False,,,,,,
103561,2018-09-19T21:00:00Z,10.7,146.0,2,1,1,6339.9738496518785,97562.0,7278.0,0,False,no_candidate_within_1deg,False,,,,,,
103561,2018-09-20T00:00:00Z,10.8,144.7,2,1,1,6258.314746190395,97597.0,7278.0,0,False,no_candidate_within_1deg,False,,,,,,
103561,2018-09-20T03:00:00Z,10.8,143.7,2,2,0,5850.91830580366,97630.0,7277.0,0,False,no_candidate_within_1deg,False,,,,,,
103568,2018-09-24T03:00:00Z,20.7,162.9,1,1,0,8610.000149985579,98749.0,7278.0,0,False,no_candidate_within_1deg,False,,,,,,
103568,2018-09-24T06:00:00Z,21.4,161.7,1,1,0,8419.813761141175,98797.0,7278.0,0,False,no_candidate_within_1deg,False,,,,,,
103568,2018-09-24T09:00:00Z,22.1,160.5,1,1,0,8246.610636913894,98845.0,7278.0,0,False,no_candidate_within_1deg,False,,,,,,
103568,2018-09-24T12:00:00Z,21.1,160.5,1,1,0,8270.485030832026,98891.0,7278.0,0,False,no_candidate_within_1deg,False,,,,,,
103568,2018-09-24T15:00:00Z,20.7,157.3,1,1,0,7962.857239736953,98943.0,7278.0,0,False,no_candidate_within_1deg,False,,,,,,
103568,2018-09-24T18:00:00Z,23.3,160.5,1,1,0,8137.242884900369,99000.0,7278.0,0,False,no_candidate_within_1deg,False,,,,,,
103568,2018-09-24T21:00:00Z,22.4,158.2,1,1,0,7974.170393732242,99051.0,7278.0,0,False,no_candidate_within_1deg,False,,,,,,
103568,2018-09-25T00:00:00Z,23.6,158.6,1,1,0,7925.791475254724,99104.0,7278.0,0,False,no_candidate_within_1deg,False,,,,,,
103568,2018-09-25T03:00:00Z,24.8,157.4,1,1,0,7756.43594892365,99157.0,7278.0,0,False,no_candidate_within_1deg,False,,,,,,
103580,2018-10-19T15:00:00Z,11.4,162.3,0,0,0,,,,0,False,no_candidate_within_1deg,False,,,,,,
103580,2018-10-19T18:00:00Z,10.2,162.0,0,0,0,,,,0,False,no_candidate_within_1deg,False,,,,,,
103580,2018-10-19T21:00:00Z,10.7,160.2,0,0,0,,,,0,False,no_candidate_within_1deg,False,,,,,,
103580,2018-10-20T00:00:00Z,11.1,158.4,0,0,0,,,,0,False,no_candidate_within_1deg,False,,,,,,
103580,2018-10-20T03:00:00Z,9.7,157.5,0,0,0,,,,0,False,no_candidate_within_1deg,False,,,,,,
103580,2018-10-20T06:00:00Z,8.9,157.6,0,0,0,,,,0,False,no_candidate_within_1deg,False,,,,,,
103580,2018-10-20T09:00:00Z,8.1,157.6,0,0,0,,,,0,False,no_candidate_within_1deg,False,,,,,,
103580,2018-10-20T12:00:00Z,7.3,157.7,0,0,0,,,,0,False,no_candidate_within_1deg,False,,,,,,
103580,2018-10-20T15:00:00Z,6.5,157.7,0,0,0,,,,0,False,no_candidate_within_1deg,False,,,,,,
103587,2018-11-15T15:00:00Z,8.6,114.2,0,0,0,,,,0,False,no_candidate_within_1deg,False,,,,,,
103587,2018-11-15T18:00:00Z,8.8,113.2,0,0,0,,,,0,False,no_candidate_within_1deg,False,,,,,,
103587,2018-11-15T21:00:00Z,9.9,113.5,0,0,0,,,,0,False,no_candidate_within_1deg,False,,,,,,
103587,2018-11-16T00:00:00Z,11.0,113.9,0,0,0,,,,0,False,no_candidate_within_1deg,False,,,,,,
103587,2018-11-16T03:00:00Z,11.6,113.9,0,0,0,,,,0,False,no_candidate_within_1deg,False,,,,,,
103587,2018-11-16T06:00:00Z,12.2,113.8,0,0,0,,,,0,False,no_candidate_within_1deg,False,,,,,,
103587,2018-11-16T09:00:00Z,12.1,114.5,0,0,0,,,,0,False,no_candidate_within_1deg,False,,,,,,
103587,2018-11-16T12:00:00Z,12.2,114.2,0,0,0,,,,0,False,no_candidate_within_1deg,False,,,,,,
103587,2018-11-16T15:00:00Z,12.4,114.1,0,0,0,,,,0,False,no_candidate_within_1deg,False,,,,,,
103588,2018-11-18T18:00:00Z,3.0,154.1,0,0,0,,,,0,False,no_candidate_within_1deg,False,,,,,,
103588,2018-11-18T21:00:00Z,1.7,153.4,0,0,0,,,,0,False,no_candidate_within_1deg,False,,,,,,
103588,2018-11-19T00:00:00Z,0.5,152.6,0,0,0,,,,0,False,no_candidate_within_1deg,False,,,,,,
103588,2018-11-19T03:00:00Z,1.9,154.2,0,0,0,,,,0,False,no_candidate_within_1deg,False,,,,,,
103588,2018-11-19T06:00:00Z,3.3,155.9,0,0,0,,,,0,False,no_candidate_within_1deg,False,,,,,,
103588,2018-11-19T09:00:00Z,3.5,155.3,0,0,0,,,,0,False,no_candidate_within_1deg,False,,,,,,
103588,2018-11-19T12:00:00Z,3.6,154.6,0,0,0,,,,0,False,no_candidate_within_1deg,False,,,,,,
103588,2018-11-19T15:00:00Z,1.8,151.6,0,0,0,,,,0,False,no_candidate_within_1deg,False,,,,,,
103588,2018-11-19T18:00:00Z,4.5,150.1,0,0,0,,,,0,False,no_candidate_within_1deg,False,,,,,,
103588,2018-11-19T21:00:00Z,3.3,150.5,0,0,0,,,,0,False,no_candidate_within_1deg,False,,,,,,
103588,2018-11-20T00:00:00Z,3.8,152.1,0,0,0,,,,0,False,no_candidate_within_1deg,False,,,,,,
103588,2018-11-20T03:00:00Z,7.0,152.7,0,0,0,,,,0,False,no_candidate_within_1deg,False,,,,,,
